all_notes,target_description
"['aldehydes', 'green notes', 'honeysuckle', 'bergamot', 'peach', 'lemon', 'rose', 'iris', 'geranium', 'ylang-ylang', 'lily-of-the-valley', 'jasmine', 'magnolia', 'gardenia', 'oakmoss', 'tahitian vetiver', 'musk', 'sandalwood', 'tonka bean', 'amber']","It smells like citrus peel and green notes at first, then bergamot and honeysuckle, finally settling into warm resin, dry wood, and skin."
"['aldehydes', 'ylang-ylang', 'neroli', 'jasmine', 'rose', 'vanilla', 'sandalwood', 'vetiver']","It smells like dry wood, warm vanilla, and a hint of damp soil."
"['aldehydes', 'orange', 'honey', 'geranium', 'musk', 'patchouli', 'amber']","It smells like warm honey and orange zest at first, then settles into a sweet blend of wet leaves and skin."
"['aldehydes', 'grapefruit', 'freesia', 'jasmine', 'lily-of-the-valley', 'orange', 'orchid', 'musk', 'sandalwood']","It smells like grapefruit and freesia at first, then becomes a blend of dry wood, orange, and musk."
"['aldehydes', 'bulgarian rose', 'jasmine', 'amber', 'musk', 'vanilla']","It smells like warm resin, slightly sweet plastic, and vanilla."
"['aldehydes', 'neroli', 'bergamot', 'jasmine', 'rose', 'rosemary', 'iris', 'vanilla', 'amber', 'woody notes']","It smells like warm resin, slightly sweet plastic, and dry wood."
"['aldehydes', 'bergamot', 'heliotrope', 'jasmine', 'white musk', 'cashmeran']","It smells like sweet bergamot and floral jasmine at first, then warm resin and dry wood, finishing with a subtle skin musk."
"['aldehydes', 'bergamot', 'bourbon geranium', 'ylang-ylang', 'tuberose', 'rose', 'jasmine', 'olibanum', 'iris', 'vanilla', 'vetiver', 'sandalwood', 'styrax', 'patchouli']","It smells like warm resin, slightly sweet plastic, and dry wood."
"['yellow mandarin', 'aldehydes', 'cardamom', 'mimosa absolute', 'solar notes', 'violet leaf', 'beeswax', 'musk', 'cedar']","It smells like a combination of sweet citrus and floral notes, followed by a subtle blend of warm resin and dry wood, finishing with a sensual hint of skin and fabric."
"['aldehydes', 'african orange flower', 'bergamot', 'carnation', 'ylang-ylang', 'jasmine', 'rose', 'iris', 'sandalwood', 'vanille', 'amber']","It smells like warm resin, slightly sweet plastic, and dry wood."
"['aldehydes', 'rose', 'orange blossom', 'hawthorn', 'musk', 'sandalwood']","It smells like rose petals, orange blossom, and hawthorn at first, then settles into warm resin and dry wood."
"['aldehydes', 'ylang-ylang', 'neroli', 'lemon', 'bergamot', 'rose', 'iris', 'jasmine', 'orris root', 'lily-of-the-valley', 'civet', 'amber', 'sandalwood', 'musk', 'vanilla', 'oakmoss', 'patchouli', 'vetiver']","It smells like citrus peel, warm resin, and slightly sweet plastic, then dries down to dry wood and skin."
"['aldehydes', 'bulgarian rose', 'ylang-ylang', 'jasmine', 'may rose', 'amber', 'liatris', 'vetiver']","It smells like warm resin, slightly sweet plastic, and dry wood."
"['aldehydes', 'jasmine', 'rose', 'iris', 'vanilla', 'woodsy notes']","It smells like warm resin, dry wood, and skin, with subtle hints of rose and jasmine."
"['aldehydes', 'green leaves', 'raspberry', 'jasmine', 'lily-of-the-valley', 'rose', 'violet', 'orris root', 'geranium', 'musk', 'tonka bean', 'sandalwood', 'oakmoss', 'cedar', 'amber']","It smells like green leaves, sweet raspberry, and fresh lily-of-the-valley at first, then warm resin, dry wood, and skin."
"['aldehydes', 'heliotrope', 'rose', 'orange blossom', 'tonka bean', 'woody notes']","It smells like rose petals and orange blossom at first, then warm resin and dry wood."
"['aldehydes', 'rose', 'oakmoss']","It smells like rose petals and warm resin, with a hint of damp earth and dry wood."
"['aldehydes', 'violet leaves', 'bergamot', 'osmanthus', 'lily-of-the-valley', 'rose', 'tonka bean', 'cypriol oil or nagarmotha', 'patchouli']","It smells like warm resin, slightly sweet plastic, and dry wood, with hints of violet leaves and rose."
"['aldehydes', 'hyacinth', 'rose', 'jasmine', 'musk', 'sandalwood', 'cedar', 'amber']","It smells like warm resin, slightly sweet plastic, and dry wood."
"['aldehydes', 'white peach', 'tea', 'bergamot', 'osmanthus', 'jasmine', 'magnolia', 'musk', 'vanilla', 'sandalwood', 'amber', 'myrrh']","It smells like white peach and tea at first, then bergamot and osmanthus emerge, followed by dry wood and slightly sweet plastic."
"['aldehydes', 'neroli', 'bergamot', 'mimosa', 'basil', 'mandarin orange', 'jasmine', 'patchouli', 'coriander', 'ginger', 'carnation', 'ylang-ylang', 'rose', 'cyclamen', 'orris root', 'african orange flower', 'oak moss', 'virginia cedar', 'musk', 'sandalwood', 'amber', 'french labdanum']","It smells like citrus peel, warm resin, and dry wood."
"['aldehydes', 'damask rose', 'turkish rose', 'geranium', 'violet', 'violet leaf', 'ambrette (musk mallow)', 'sandalwood']","It smells like dry wood, slightly sweet plastic, and skin."
"['aldehydes', 'neroli', 'jasmine', 'may rose', 'woody notes']","It smells like warm resin, slightly sweet plastic, and dry wood."
"['aldehydes', 'ylang-ylang', 'jasmine', 'musk', 'vetiver']","It smells like a sweet blend of aldehydes and ylang-ylang, with a subtle musk and dry vetiver undertones."
"['orange oil', 'pink pepper', 'peach', 'floral notes', 'solar notes', 'amber']","It smells like peach and floral notes at first, then warm resin and slightly sweet plastic."
"['aldehydes', 'citruses', 'plum', 'peach', 'cinnamon', 'rose', 'african orange flower', 'violet', 'lavender', 'spices', 'oak moss', 'woodsy notes', 'musk', 'vanille']","It smells like sweet citrus, ripe plum, and warm cinnamon at first, then settles into a blend of fresh lavender, soft musk, and dry wood."
"['aldehydes', 'neroli', 'sorbet', 'white tea', 'litchi', 'jasmine', 'white musk']","It smells like a mix of sweet litchi and jasmine at first, then a subtle sorbet freshness, followed by a dry white tea and a hint of skin-like musk."
"['violet', 'jasmine', 'narcissus', 'lily-of-the-valley', 'rose', 'bergamot', 'peach', 'aldehydes', 'rosemary', 'tuberose', 'musk', 'vetiver', 'civetta', 'bamboo', 'tonka bean', 'amber', 'sandalwood']","It smells like a combination of sweet rose and lily-of-the-valley at first, then bergamot and peach emerge, followed by dry wood and slightly sweet plastic."
"['aldehydes', 'pink pepper', 'jasmine', 'ylang-ylang', 'labdanum', 'rose', 'benzoin', 'musk', 'praline', 'vanilla', 'patchouli']","It smells like warm resin, slightly sweet plastic, and dry wood."
"['champagne', 'aldehydes', 'orange', 'black pepper', 'black violet', 'pineapple', 'fir', 'acácia', 'lavender', 'bamboo', 'cashmere wood', 'amber', 'papyrus']","It smells like champagne, fresh orange, and black pepper at first, then warm resin and dry wood take over."
"['aldehydes', 'pear', 'lily-of-the-valley', 'orange blossom', 'rose', 'iris', 'white musk', 'ambrette (musk mallow)', 'indonesian patchouli leaf']","It smells like orange blossom and rose at first, then settles into a sweet blend of warm resin and dry wood."
"['aldehydes', 'blood mandarin', 'syringa', 'may rose', 'lily-of-the-valley', 'ylang-ylang', 'oakmoss', 'musk']","It smells like warm resin, dry wood, and skin."
"['mandarin orange', 'soap', 'prosecco']","It smells like a combination of sweet mandarin orange, followed by a splash of soap, finishing with a hint of bubbly prosecco."
"['pistachio', 'pear', 'mandarin orange', 'almond', 'orange blossom', 'magnolia', 'almond milk', 'tonka bean', 'cashmeran', 'patchouli']","It smells like a sweet combination of warm resin and freshly cut grass, with a subtle hint of skin and fabric."
"['citruses', 'orange blossom', 'rosemary', 'bitter orange', 'almond', 'tonka bean', 'leather', 'cedar', 'vetiver']","It smells like citrus peel, orange blossom, and warm resin, with a subtle hint of damp soil and dry wood."
"['heliotrope', 'cumin', 'bergamot', 'bitter almond', 'lavender', 'jasmine', 'vanilla', 'sandalwood', 'amber']","It smells like warm resin, slightly sweet plastic, and dry wood."
"['amaretto', 'bitter almond', 'gardenia', 'neroli', 'cedar', 'iris', 'musk', 'jasmine', 'rose', 'vetiver', 'patchouli', 'benzoin', 'amber', 'cedar', 'dark chocolate', 'caramel']","It smells like warm resin, slightly sweet plastic, and dark chocolate."
"['almond', 'fruity notes', 'musk', 'rose', 'jasmine', 'vanilla', 'resin', 'amber']","It smells like sweet almond and fruity notes at first, then warm resin and slightly sweet plastic, finishing with a subtle hint of skin and fabric."
"['magnolia', 'calabrian bergamot', 'orange blossom', 'green almond', 'vanilla']","It smells like a sweet combination of orange blossom and green almond, with a subtle hint of warm vanilla and a background of dry wood."
"['almond', 'brazilian rosewood', 'rose', 'geranium', 'plum', 'virginia cedar', 'celery', 'heliotrope', 'tonka bean', 'musk']","It smells like sweet rose and geranium at first, then warm resin and slightly sweet plastic, finally ending with skin and clean laundry."
"['almond milk', 'bergamot', 'pink pepper', 'heliotrope', 'jasmine sambac', 'carnation', 'sandalwood', 'cashmere wood', 'benzoin']","It smells like a sweet blend of citrusy bergamot and floral jasmine sambac, with a subtle dry wood and warm resin undertone."
"['almond', 'cinnamon', 'mimosa', 'honey', 'heliotrope', 'black rose', 'labdanum', 'vanilla', 'cacao pod', 'white musk', 'peru balsam', 'agarwood (oud)']","It smells like warm honey, fresh-cut grass, and dry wood, with a subtle hint of gasoline and skin."
"['orange blossom', 'jasmine sambac', 'almond milk', 'heliotrope', 'iris', 'suede', 'leather', 'incense', 'patchouli']","It smells like sweet orange blossom, followed by the earthy scent of wet leaves and dry wood, finishing with a subtle hint of leather."
"['amaretto', 'amber', 'hibiscus', 'bulgarian rose', 'vanilla', 'amber', 'white pepper', 'white flowers', 'cherry', 'almond', 'tonka bean', 'styrax', 'cedar']","It smells like warm resin, slightly sweet plastic, and cherry."
"['narcissus', 'night blooming jasmine', 'almond', 'sandalwood']","It smells like sweet almond and fresh narcissus at first, then dry wood and slightly sweet plastic, finally finishing with a subtle hint of clean laundry."
"['almond', 'orange blossom', 'petitgrain', 'bergamot', 'heliotrope', 'iris', 'ylang-ylang', 'jasmine', 'rose', 'vanilla', 'tonka bean', 'tolu balsam', 'peru balsam', 'musk']","It smells like a sweet blend of orange blossom, warm vanilla, and fresh iris, with subtle hints of dry wood and skin."
"['violet leaf', 'cardamom', 'red currant', 'almond', 'lily-of-the-valley', 'jasmine', 'heliotrope', 'musk', 'benzoin']","It smells like sweet lily-of-the-valley and fresh red currant at first, then warm resin and dry wood, finally ending with a subtle skin and fabric musk."
"['damask rose', 'sour cherry', 'almond milk', 'madagascar vanilla', 'woodsy notes']","It smells like a sweet combination of ripe sour cherries and warm almond milk, with a hint of dry wood and a subtle touch of Madagascar vanilla."
"['almond', 'lemon', 'virginia cedar', 'vanilla', 'musk']","It smells like sweet vanilla, fresh lemon, and warm musk."
"['pink pepper', 'bergamot', 'indian mandarin', 'rose', 'heliotrope', 'almond']","It smells like sweet citrus, warm rose, and a hint of dusty old books."
"['almond', 'peach', 'almond blossom', 'white flowers', 'tonka bean', 'white musk', 'amber']","It smells like a sweet and juicy peach, followed by the delicate scent of almond blossom, and finishing with a warm, slightly sweet note of tonka bean and white musk."
"['orchid', 'heliotrope', 'tangerine', 'almond', 'coconut', 'sandalwood']","It smells like tangerine and heliotrope at first, then coconut and almond, finishing with dry sandalwood and a hint of warm resin."
"['almond', 'almond blossom', 'lemon', 'caramel', 'jasmine sambac', 'vanilla', 'sandalwood']","It smells like sweet citrus and floral notes at first, then warm caramel and dry wood, finishing with a subtle hint of skin."
"['orange blossom', 'jasmine sambac', 'almond milk', 'heliotrope', 'iris', 'suede', 'incense', 'patchouli']","It smells like citrus peel, warm resin, and damp soil."
"['cacao', 'ambergris', 'bitter almond']","It smells like warm resin, slightly sweet plastic, and dry wood."
"['bitter almond', 'orange blossom', 'vanilla absolute']","It smells like warm vanilla absolute and sweet orange blossom, with a hint of bitter almond."
"['blackberry blossom', 'litchi', 'brazilian rosewood', 'almond', 'rose', 'peach', 'orange blossom', 'freesia', 'praline', 'vanilla', 'sandalowood', 'jasmine', 'musk']","It smells like a sweet blend of peach and orange blossom, with a subtle hint of dry wood and skin."
"['jasmine', 'lemon zest', 'candied almond', 'rose', 'sandalwood']","It smells like citrus peel, sweet rose petals, and warm dry wood."
"['almond', 'orange blossom', 'cyclamen', 'lily-of-the-valley', 'vanilla', 'musk', 'patchouli', 'cedar']","It smells like dry wood, warm resin, and sweet vanilla."
"['heliotrope', 'bergamot', 'cumin', 'almond', 'jasmine', 'lavender', 'vanilla', 'amber', 'sandalwood']","It smells like warm almond and sweet jasmine at first, then bergamot and lavender blend with a hint of dry wood."
"['cumin', 'heliotrope', 'bergamot', 'bitter almond', 'lavender', 'jasmine', 'vanilla', 'sandalwood', 'amber']","It smells like warm resin, dry wood, and slightly sweet plastic, with hints of lavender and vanilla."
"['almond', 'neroli', 'nectarine', 'galbanum', 'heliotrope', 'white tea', 'tonka bean', 'sandalwood', 'jasmine']","It smells like warm resin, slightly sweet plastic, and dry wood."
"['sweet almond', 'rose mallow', 'rose', 'tonka bean', 'white musk']","It smells like sweet almond and rose mallow at first, then settles into warm resin and dry wood."
"['bergamot', 'mandarin orange', 'almond', 'iris', 'tonka bean', 'virginia cedar']","It smells like citrus peel and sweet almond, with a subtle dry wood and skin undertone."
"['almond', 'cinnamon', 'tonka bean', 'cedar', 'tonka bean', 'sandalwood', 'musk']","It smells like warm resin, slightly sweet plastic, and dry wood."
"['sour cherry', 'apricot', 'mandarin orange', 'black tea', 'almond', 'rose', 'patchouli', 'white musk']","It smells like sweet cherry and warm almond at first, then a hint of wet leaves and dry wood lingers."
"['orange blossom', 'bergamot', 'orange', 'mandarin orange', 'lemon', 'almond', 'milk', 'praline', 'musk', 'iris', 'vanilla']","It smells like a sweet and tangy mix of citrus peel, orange blossoms, and creamy vanilla, with a subtle dry wood and skin undertone."
"['cherry blossom', 'magnolia', 'heliotrope', 'almond', 'vanilla']","It smells like sweet almond and vanilla at first, then warm resin and dry wood."
"['bergamot', 'orange', 'petitgrain', 'almond', 'orange blossom', 'magnolia', 'milk', 'musk', 'tonka bean']","It smells like bright citrus, sweet orange blossom, and creamy milk at first, then warm resin and dry wood."
"['mandarin orange', 'pink pepper', 'cardamom', 'violet leaf', 'almond', 'white heliotrope', 'benzoin', 'jasmine', 'tonka bean', 'white musk', 'white cedar extract', 'patchouli']","It smells like a sweet combination of mandarin orange and pink pepper, with a subtle hint of warm resin and dry wood."
"['pear', 'almond blossom', 'bergamot', 'almond', 'iris', 'peony', 'musk', 'amber', 'woodsy notes']","It smells like a sweet pear and bergamot opening, then warm resin and slightly sweet plastic, finally settling into dry wood and skin."
"['orange blossom', 'jasmine', 'almond', 'heliotrope', 'incense', 'patchouli']","It smells like warm resin, slightly sweet plastic, and dry wood."
"['amaretto', 'almond', 'gardenia', 'neroli', 'cedar', 'iris', 'rose', 'jasmine', 'musk', 'dark chocolate', 'amber', 'caramel', 'vetiver', 'benzoin', 'patchouli']","It smells like dark chocolate and caramel at first, then warm resin and slightly sweet plastic, finally dry wood and skin."
"['orange', 'bergamot', 'petitgrain', 'almond', 'orange blossom', 'magnolia', 'milk', 'tonka bean', 'musk']","It smells like a combination of sweet orange and creamy milk, with subtle hints of warm resin and dry wood."
"['almond', 'floral notes', 'almond cream', 'vanilla']","It smells like almond cream, with notes of warm vanilla and a hint of floral sweetness."
"['amaretto', 'bitter almond', 'bergamot', 'sour cherry', 'liquor', 'nutmeg', 'tonka bean', 'vanilla', 'cardamom', 'sandalwood']","It smells like a combination of sweet almond, warm resin, and dry wood."
"['artemisia', 'citron', 'bergamot', 'mint', 'lavender', 'heliotrope', 'cinnamon', 'geranium', 'almond', 'vanilla absolute', 'hazelnut', 'indonesian myrrh', 'atlas cedar', 'musk']","It smells like citrus peel and warm resin, with hints of dry wood and skin."
"['almond', 'red fruits', 'apple', 'pineapple', 'milk', 'white flowers', 'heliotrope', 'vanilla', 'chocolate', 'cacao', 'musk', 'sandalwood']","It smells like a mix of sweet almond and ripe pineapple, with a subtle hint of dry wood and skin."
"['frangipani', 'almond milk', 'melon', 'benzoin', 'sequoia']","It smells like sweet melon and creamy almond milk at first, then warm resin and dry wood."
"['amaretto', 'orange blossom', 'tonka bean']","It smells like sweet almond and bright orange blossoms at first, then warm resin and slightly sweet plastic."
"['almond', 'tomato leaf', 'bergamot', 'grapefruit', 'cyclamen', 'lily-of-the-valley', 'rose', 'orange blossom', 'musk', 'patchouli', 'vanilla', 'cedar']","It smells like sweet orange blossom, followed by the freshness of tomato leaf and the warmth of musk."
"['almond milk', 'black currant', 'mandarin orange', 'orange', 'heliotrope', 'rose', 'jasmine', 'vanilla', 'musk', 'iris', 'ambergris']","It smells like a sweet and creamy almond milk, followed by a subtle orange and a hint of warm resin."
"['peony', 'almond', 'vanilla']","It smells like sweet vanilla and juicy peony at first, then warm almond and slightly sweet plastic."
"['guatemalan cardamom', 'gooseberry', 'bergamot', 'italian mandarin', 'almond', 'java vetiver oil', 'benzoin', 'driftwood', 'madagascar vanilla', 'musk', 'peru balsam', 'ambergris', 'indonesian patchouli leaf']","It smells like a combination of sweet citrus, fresh berries, and warm spices, with a subtle undertone of damp soil and dry wood."
"['vanilla', 'vanilla', 'biscuit', 'sandalwood', 'almond', 'vanilla', 'styrax']","It smells like dry wood, slightly sweet plastic, and warm vanilla."
"['heliotrope', 'bergamot', 'cumin', 'bitter almond', 'lavender', 'jasmine', 'vanilla', 'sandalwood', 'amber']","It smells like warm resin, slightly sweet plastic, and dry wood."
"['heliotrope', 'cardamom', 'red pepper', 'bergamot', 'almond', 'lavender', 'jasmine', 'geranium', 'sandalwood', 'guaiac wood', 'vanilla', 'ambergris']","It smells like warm resin, slightly sweet plastic, and dry wood."
"['almond', 'magnolia', 'tonka bean']","It smells like sweet almond, followed by a floral hint of magnolia, and finishing with a warm, slightly sweet plastic note."
"['caramel', 'vanilla', 'amaretto', 'almond', 'cacao', 'honey', 'agarwood (oud)']","It smells like warm caramel and sweet vanilla at first, then honey and almond, finishing with a subtle dry wood and skin."
"['calabrian bergamot', 'water notes', 'grapefruit', 'fig leaf', 'ambroxan', 'black pepper', 'patchouli', 'violet leaf', 'papyrus', 'incense', 'musk', 'tonka bean', 'saffron']","It smells like a blend of citrusy grapefruit and sweet fig leaf, with hints of warm amber and earthy patchouli."
"['bulgarian rose', 'coriander', 'peach', 'jasmine', 'mandarin orange', 'cloves', 'rose', 'orange blossom', 'mimosa', 'clover', 'amber', 'sandalwood', 'tonka bean', 'opoponax', 'civet', 'vanilla', 'labdanum']","It smells like a warm blend of citrus peel, sweet peach, and rose petals at first, then settles into a subtle mix of dry wood, slightly sweet plastic, and skin."
"['vanilla', 'basil', 'bergamot', 'mandarin orange', 'green notes', 'peach', 'lemon', 'spices', 'sandalwood', 'coriander', 'oakmoss', 'cedar', 'orange blossom', 'jasmine', 'rose', 'amber', 'incense', 'vanilla', 'civet', 'musk', 'vetiver']","It smells like warm resin, dry wood, and citrus peel, with subtle hints of skin and fabric."
"['oregano', 'pepper', 'bergamot', 'incense', 'opoponax', 'amber', 'labdanum', 'agarwood (oud)', 'leather', 'sandalwood', 'patchouli']","It smells like warm resin, slightly sweet plastic, and dry wood."
"['mandarin orange', 'bergamot', 'lily-of-the-valley', 'myrhh', 'jasmine', 'opoponax', 'amber', 'patchouli', 'vanille']","It smells like citrus peel and warm resin, with notes of wet leaves and slightly sweet fabric."
"['jasmine', 'cashmere wood', 'orris root', 'vanilla pod', 'white amber', 'myrrh', 'incense']","It smells like warm resin, slightly sweet plastic, and dry wood."
"['blackberry', 'olibanum', 'orange', 'labdanum', 'coriander', 'tarragon', 'honey', 'guaiac wood', 'cinnamon', 'bay leaf', 'clove', 'rose', 'orchid', 'celery seeds', 'opoponax', 'agarwood (oud)', 'myrrh', 'patchouli', 'cedar', 'ambergris', 'musk', 'immortelle', 'oakmoss']","It smells like warm resin, tree sap, and slightly sweet plastic, with hints of dry wood and forest floor."
"['black pepper', 'tobacco', 'pineapple', 'patchouli', 'coffee', 'iris', 'vanilla', 'amber', 'dry wood', 'benzoin', 'labdanum']","It smells like warm vanilla, dry wood, and slightly sweet plastic."
"['bergamot', 'angelica', 'patchouli', 'coumarin', 'amber', 'musk']","It smells like warm resin, slightly sweet plastic, and wet leaves."
"['cardamom', 'green apple', 'green mandarin', 'nutmeg', 'lavender', 'orange blossom', 'tonka bean', 'amber', 'leather']","It smells like green apple and green mandarin at first, then warm resin and slightly sweet plastic, finishing with a hint of leather."
"['aldehydes', 'incense', 'clove', 'fruity notes', 'basil', 'green notes', 'bergamot', 'mandarin orange', 'narcissus', 'lily', 'jasmine', 'tuberose', 'mimosa', 'orris root', 'lily-of-the-valley', 'rose', 'orange blossom', 'benzoin', 'myrrh', 'amber', 'sandalwood', 'oakmoss', 'vanilla', 'cedar', 'musk', 'patchouli']","It smells like a blend of sweet citrus, fresh green notes, and warm resin, with hints of dry wood and slightly sweet fabric."
"['lavender', 'myrrh', 'tonka bean', 'vanilla', 'almond']","It smells like warm vanilla and sweet almond at first, then dry wood and slightly sweet plastic, finishing with a hint of dusty fabric."
"['leather', 'bergamot', 'amalfi lemon', 'holly', 'rosemary', 'tea', 'styrax', 'lily-of-the-valley', 'tonka bean', 'incense', 'benzoin', 'almond', 'amber']","It smells like warm resin, slightly sweet plastic, and dry wood."
"['cinnamon', 'honey', 'osmanthus', 'benzoin', 'ambergris', 'labdanum', 'artemisia', 'tonka bean', 'vanila', 'patchouli', 'musk']","It smells like warm resin, slightly sweet plastic, and dry wood."
"['marigold', 'ginger', 'grapefruit', 'bergamot', 'incense', 'walnut', 'immortelle', 'kiwi', 'honey', 'opoponax', 'coffee', 'sandalwood', 'rose', 'orange blossom', 'jasmine', 'leather', 'benzoin', 'agarwood (oud)', 'amber', 'sandalwood', 'tonka bean', 'oakmoss', 'vanilla', 'musk']","It smells like warm resin, slightly sweet plastic, and dry wood."
"['violet', 'pink pepper', 'caraway', 'bergamot', 'verbena', 'tuscan iris', 'bulgarian rose', 'black pepper', 'nutmeg', 'geranium', 'clary sage', 'indonesian patchouli leaf', 'amber', 'vanilla', 'civet', 'leather', 'opoponax', 'benzoin', 'vetiver', 'styrax']","It smells like warm resin, slightly sweet plastic, and dry wood."
"['bergamot', 'incense', 'jasmine', 'vanilla', 'benzoin', 'woodsy notes', 'ambroxan']","It smells like warm resin, slightly sweet plastic, and dry wood."
"['jasmine', 'peach', 'rose', 'amber', 'patchouli']","It smells like warm resin, slightly sweet plastic, and wet leaves."
"['pink grapefruit', 'mint', 'sicilian bergamot', 'black currant', 'hiacynth', 'carnation', 'jasmine', 'rose', 'lily-of-the-valley', 'myrrh', 'amber', 'vanilla', 'sandalwood', 'oakmoss', 'singapore patchouli', 'civet', 'musk']","It smells like a sweet and tangy pink grapefruit, followed by a refreshing mint, and finally settles into a warm resin and dry wood."
"['lavender', 'mandarin orange', 'bergamot', 'geranium', 'hedione', 'violet', 'jasmine', 'coriander', 'cinnamon', 'ambroxan', 'amberwood', 'musk', 'balsam fir', 'clearwood']","It smells like citrus peel and light florals at first, then shifts into dry wood, slightly sweet plastic, and skin."
"['mandarin orange', 'turkish rose', 'bulgarian rose', 'amber', 'patchouli', 'vanilla']","It smells like warm resin, slightly sweet plastic, and vanilla."
"['cardamom', 'mandarin orange', 'mandarin leaf', 'myrtle', 'myrrh', 'opoponax', 'incense', 'madagascar vanilla', 'australian sandalwood', 'patchouli']","It smells like mandarin orange zest, followed by warm resin and dry wood, finishing with a hint of wet leaves."
"['pink pepper', 'olibanum', 'saffron', 'nutmeg', 'cardamom', 'caraway', 'myrtle', 'mace', 'myrrh', 'geranium', 'incense', 'agarwood (oud)', 'leather', 'castoreum', 'patchouli', 'cedar', 'sandalowood', 'styrax', 'musk']","It smells like warm resin, slightly sweet plastic, and dry wood."
"['yuzu', 'bergamot', 'sweet orange', 'mandarin orange', 'nutmeg', 'lotus', 'cinnamon', 'cardamom', 'saffron', 'incense', 'papyrus', 'ambergris', 'benzoin', 'amber']","It smells like warm resin, slightly sweet plastic, and citrus peel."
"['eucalyptus', 'incense', 'chinese cedar', 'clary sage', 'benzoin']","It smells like damp earth and warm resin, with subtle hints of dry wood and skin."
"['bitter orange', 'citruses', 'neroli', 'patchouli', 'orris root', 'rose', 'jasmine', 'white chocolate', 'benzoin', 'amber', 'olibanum', 'incense', 'woody notes', 'musk']","It smells like a blend of citrus peel, wet leaves, and warm resin, with a subtle hint of skin and fabric."
"['pink pepper', 'ylang-ylang', 'angelica', 'palisander rosewood', 'artemisia', 'may rose', 'geranium', 'tuberose', 'jasmine', 'osmanthus', 'incense', 'myrhh', 'patchouli', 'amber', 'sandalwood', 'musk', 'french labdanum']","It smells like warm resin, slightly sweet plastic, and dry wood."
"['amalfi lemon', 'mandarin orange', 'violet', 'virginia cedar', 'coriander', 'amber', 'leather', 'benzoin', 'french labdanum', 'styrax']","It smells like warm resin, slightly sweet plastic, and dry wood."
"['saffron', 'bitter orange', 'coriander', 'praline', 'jasmine', 'amber', 'moss', 'musk']","It smells like warm resin, slightly sweet plastic, and skin."
"['green mandarin', 'coconut nectar', 'amber']","It smells like a sweet and tangy green mandarin, followed by a drizzle of warm coconut nectar and finishing with a rich amber."
"['mandarin orange', 'patchouli', 'agarwood (oud)', 'myrhh', 'french labdanum']","It smells like warm resin, slightly sweet plastic, and dry wood."
"['cardamom', 'cinnamon', 'pink pepper', 'woodsy notes', 'ambergris', 'styrax', 'cedar', 'green notes', 'tahitian vanilla', 'peru balsam', 'musk']","It smells like warm resin, slightly sweet plastic, and dry wood."
"['ylang-ylang', 'rose', 'tarragon', 'lemon', 'incense', 'rose', 'labdanum', 'artemisia', 'myrrh', 'amber', 'patchouli', 'vetiver', 'musk']","It smells like warm resin, slightly sweet plastic, and dry wood."
"['lily-of-the-valley', 'rose', 'incense', 'incense', 'jasmine', 'orris root', 'myrrh', 'labdanum', 'civet', 'musk', 'sandalwood', 'amber', 'cedar', 'oakmoss', 'ambergris', 'patchouli']","It smells like warm resin, slightly sweet plastic, and dry wood."
"['spices', 'exotic floral notes', 'carnation', 'lily-of-the-valley', 'amber', 'vanilla', 'musk']","It smells like exotic floral notes and warm resin at first, then a hint of skin and fabric, finishing with a sweet and slightly sweet plastic."
"['water notes', 'calabrian bergamot', 'sicilian lemon', 'sage', 'sea notes', 'ambergris', 'apple', 'benzoin', 'amberwood', 'vetiver', 'patchouli', 'sandalwood']","It smells like warm resin, slightly sweet plastic, and dry wood."
"['incense', 'spices', 'cannabis', 'labdanum', 'woody notes', 'patchouli leaf', 'amber', 'guaiac wood', 'vanilla pod', 'white musk']","It smells like warm resin, slightly sweet plastic, and wet leaves."
"['raspberry', 'orange blossom', 'peach', 'bergamot', 'heliotrope', 'orris root', 'ylang-ylang', 'rose', 'jasmine', 'lilac', 'leather', 'benzoin', 'vanilla', 'amber', 'oakmoss', 'musk', 'cedar']","It smells like sweet orange and ripe peach, with hints of warm vanilla and smooth leather."
"['pepperwood\x99', 'galbanum', 'black currant', 'geosmin', 'rose oil', 'olibanum', 'ambroxan', 'patchouli', 'calypsone', 'vetiver']","It smells like damp soil, warm resin, and black currant."
"['iris', 'cypress', 'juniper berries', 'myrhh', 'patchouli', 'woodsy notes', 'honey', 'vanilla', 'amber', 'resins', 'musk', 'leather']","It smells like dry wood, warm resin, and slightly sweet plastic, with hints of honey and vanilla."
"['violet leaf', 'rosemary', 'bergamot', 'orris', 'olibanum', 'myrhh', 'labdanum', 'amber', 'vanilla', 'leather', 'agarwood (oud)', 'sandalwood', 'patchouli', 'cedar']","It smells like warm resin, slightly sweet plastic, and dry wood."
"['pepper', 'apple', 'incense', 'neroli', 'rose', 'lily-of-the-valley', 'cedar', 'vetiver', 'musk']","It smells like a sweet apple and fresh rose at first, then a subtle hint of damp soil and warm resin."
"['labdanum', 'cypress', 'bitter orange', 'calamus', 'incense', 'beeswax', 'cinnamon', 'papyrus', 'moroccan rose', 'egyptian jasmine', 'egyptian balsam', 'amber', 'labdanum', 'benzoin', 'agarwood (oud)', 'cedar', 'vanilla']","It smells like warm resin, slightly sweet plastic, and dry wood."
"['red apple', 'mandarin orange', 'whiskey', 'leather', 'violet', 'amber', 'oak', 'vanilla', 'labdanum']","It smells like a ripe red apple, followed by warm vanilla and smooth leather, finishing with a subtle hint of dry oak."
"['lemon', 'black pepper', 'bergamot', 'orange blossom', 'artemisia', 'violet leaf', 'ambergris', 'woody notes', 'benzoin', 'leather', 'suede', 'cedar']","It smells like a combination of citrus peel, warm resin, and dry wood."
"['citruses', 'amalfi lemon', 'patchouli', 'rose', 'amber', 'opoponax', 'vanille']","It smells like a sweet and tangy lemon, followed by the warmth of vanilla and the earthy scent of wet leaves."
"['yellow plum', 'mirabelle', 'blood mandarin', 'bergamot', 'ylang-ylang', 'white peach', 'turkish rose', 'indian jasmine', 'patchouli', 'benzoin', 'amber', 'vanilla', 'sandalwood', 'cedar']","It smells like warm resin, slightly sweet plastic, and dry wood."
"['nutmeg', 'thyme', 'patchouli', 'sandalwood', 'rose', 'geranium', 'cedar', 'vetiver', 'amber', 'vanilla', 'benzoin', 'tonka bean', 'musk']","It smells like warm resin, dry wood, and skin."
"['mandarin orange', 'grapes', 'black currant', 'almond', 'heliotrope', 'peony', 'amber', 'sandalwood', 'musk']","It smells like a sweet and tangy mandarin orange, followed by the floral notes of peony and heliotrope, with a subtle dry wood and skin undertone."
"['blackberry', 'ginger', 'pomelo', 'freesia', 'orchid', 'jasmine', 'iris', 'incense', 'patchouli', 'myrhh', 'amber', 'vetiver']","It smells like warm resin, slightly sweet plastic, and dry wood."
"['bergamot', 'lemon', 'labdanum', 'amber', 'patchouli', 'madagascar vanilla', 'musk', 'sandalwood']","It smells like warm resin, slightly sweet plastic, and dry wood."
"['pepper', 'pink pepper', 'juniper', 'bergamot', 'beeswax', 'lavender', 'cardamom', 'nutmeg', 'tobacco', 'benzoin', 'amber', 'vetiver']","It smells like warm resin, slightly sweet plastic, and dry wood."
"['ginger', 'pepper', 'black basil', 'cedar', 'sage', 'vetiver', 'amber', 'agarwood (oud)', 'patchouli', 'myrrh', 'labdanum']","It smells like warm resin, slightly sweet plastic, and damp soil."
"['pink pepper', 'sage', 'myrrh oil', 'tuberose', 'incense', 'frangipani', 'benzoin', 'ambergris', 'tonka bean', 'cedar']","It smells like warm resin, slightly sweet plastic, and dry wood."
"['citruses', 'patchouli', 'amber', 'french labdanum', 'geranium', 'rose', 'vanille', 'musk']","It smells like warm resin, wet leaves, and skin."
"['incense', 'amyl salicylate', 'pink pepper', 'ink', 'sea salt', 'opoponax', 'ambergris', 'benzoin', 'musk']","It smells like warm resin, slightly sweet plastic, and skin."
"['vodka', 'champagne', 'cinnamon', 'russian leather', 'tea', 'coriander', 'birch', 'juniper', 'amber', 'incense', 'musk']","It smells like warm resin, slightly sweet plastic, and dry wood."
"['pepper', 'angelica', 'neroli', 'bergamot', 'saffron', 'cardamom', 'tobacco', 'amber', 'cashmere wood', 'labdanum']","It smells like warm resin, slightly sweet plastic, and dry wood."
"['raspberry', 'neroli', 'bergamot', 'lemon', 'brazilian rosewood', 'ylang-ylang', 'orris', 'jasmine', 'palmarosa', 'opoponax', 'incense', 'leather', 'vanilla', 'musk', 'cedar']","It smells like sweet citrus, followed by a floral bouquet, then a subtle blend of dry wood, pencil shavings, and slightly sweet plastic."
"['labdanum', 'sichuan pepper', 'violet leaf', 'rose', 'patchouli', 'orange blossom', 'musk', 'amber', 'benzoin', 'vanilla']","It smells like warm resin, slightly sweet plastic, and wet leaves."
"['galbanum', 'aldehydes', 'labdanum', 'clementine', 'hyacinth', 'lavender', 'sage', 'plum', 'rose', 'iris', 'jasmine', 'gardenia', 'tolu balsam', 'oakmoss', 'castoreum', 'benzoin', 'immortelle', 'vanilla', 'leather', 'styrax', 'costus']","It smells like damp earth, dry wood, and slightly sweet plastic."
"['honey', 'angelica', 'calabrian bergamot', 'sicilian lemon', 'benzoin', 'fig', 'heliotrope', 'egyptian jasmine', 'madagascar vanilla', 'peru balsam', 'australian sandalwood', 'musk']","It smells like sweet honey, warm fig, and dry wood at first, then shifts into a subtle blend of skin, laundry, and slightly sweet plastic."
"['pine needles', 'olibanum', 'benzoin', 'incense', 'atlas cedar', 'himalayan cedar', 'virginia cedar']","It smells like dry wood, warm resin, and slightly sweet plastic."
"['black tea', 'incense', 'tonka bean']","It smells like dry wood, slightly sweet plastic, and a hint of incense."
"['incense', 'iris', 'pink pepper', 'benzoin', 'guaiac wood', 'coriander', 'copahu balm', 'patchouli', 'white musk']","It smells like dry wood, slightly sweet plastic, and wet leaves."
"['peppermint', 'cardamom', 'cinnamon', 'pink pepper', 'olibanum', 'patchouli', 'vetiver', 'rose', 'amber xtreme', 'leather', 'labdanum']","It smells like warm resin, slightly sweet plastic, and dry wood, with notes of wet leaves and damp soil."
"['saffron', 'oregano', 'honeysuckle', 'turkish rose', 'myrrh', 'styrax', 'lavender', 'olibanum', 'labdanum', 'ambergris', 'musk']","It smells like warm resin, slightly sweet plastic, and dry wood."
"['angelica', 'thyme', 'mint', 'cinnamon', 'pepper', 'gentiana', 'rose', 'amber', 'cashmere wood', 'patchouli', 'musk']","It smells like warm resin, slightly sweet plastic, and dry wood."
"['caramel', 'raspberry', 'orange', 'rose', 'olibanum', 'patchouli', 'violet', 'jasmine', 'amber', 'vanilla', 'musk']","It smells like caramel, orange, and rose at first, then warm resin and slightly sweet plastic."
"['lemon', 'calabrian bergamot', 'cardamom', 'lavender', 'cypriol oil or nagarmotha', 'atlas cedar', 'tonka bean', 'ambroxan', 'benzoin', 'patchouli']","It smells like citrus peel and warm resin, then dries into dry wood and slightly sweet plastic."
"['pink pepper', 'bergamot', 'amber', 'tonka bean', 'vanilla', 'benzoin', 'woodsy notes']","It smells like warm resin, slightly sweet plastic, and dry wood."
"['bourbon vanilla', 'amber', 'jasmine', 'benzoin']","It smells like warm resin, slightly sweet plastic, and dry wood."
"['iris', 'labdanum', 'egyptian jasmine', 'leather', 'tolu balsam', 'benzoin', 'styrax', 'incense', 'vanilla', 'tonka bean']","It smells like warm resin, slightly sweet plastic, and dry wood."
"['grapefruit', 'woody notes', 'frankincense', 'vanilla', 'amber xtreme']","It smells like a sweet and tangy grapefruit, with warm resin and slightly sweet plastic undertones, followed by a subtle hint of dry wood and skin."
"['bergamot', 'lemon', 'orange', 'brazilian rosewood', 'ylang-ylang', 'jasmine', 'rose', 'opoponax', 'benzoin', 'vanilla', 'amber', 'sandalwood', 'patchouli']","It smells like citrus peel, warm resin, and dry wood."
"['olibanum', 'anise', 'elemi resin', 'cardamom', 'basil', 'bergamot', 'tobacco', 'licorice', 'fenugreek', 'prunol', 'lavender', 'osmanthus', 'orange blossom', 'rose', 'olibanum', 'bourbon vanilla', 'myrrh', 'birch tar', 'benzoin', 'agarwood (oud)', 'labdanum', 'guaiac wood', 'peru balsam', 'tonka bean', 'vetiver', 'musk']","It smells like citrus peel, warm resin, and dry wood."
"['dried fruits', 'dates', 'olibanum', 'rose', 'myrhh', 'incense', 'amber', 'cinnamon', 'cedar', 'jasmine', 'orange blossom', 'civet', 'agarwood (oud)', 'musk', 'sandalwood', 'vanilla', 'vetiver', 'tonka bean']","It smells like warm resin, dry wood, and slightly sweet plastic with hints of citrus peel and light florals."
"['clary sage', 'geranium', 'carrot seeds', 'leather', 'labdanum', 'jasmine', 'myrrh', 'vetiver', 'tonka bean', 'sandalwood']","It smells like dry wood, warm resin, and slightly sweet plastic with hints of damp soil and skin."
"['bergamot', 'lemon', 'mandarin orange', 'cedar', 'iris', 'vetiver', 'patchouli', 'jasmine', 'rose', 'leather', 'vanilla', 'incense', 'opoponax', 'benzoin', 'sandalwood', 'civet', 'peru balsam', 'musk']","It smells like citrus peel, warm resin, and dry wood."
"['incense', 'west indian bay', 'sichuan pepper', 'cypriol oil or nagarmotha', 'patchouli', 'silk vine or milk broom', 'amber', 'labdanum', 'sandalwood']","It smells like warm resin, dry wood, and slightly sweet plastic with notes of wet leaves and forest floor."
"['lemon', 'dyer\x92s greenweed', 'jasmine', 'amber', 'cedar']","It smells like warm resin, slightly sweet plastic, and dry wood."
"['amber', 'incense', 'labdanum', 'vanilla', 'styrax', 'benzoin', 'iris', 'leather', 'vanilla', 'patchouli', 'geranium']","It smells like warm resin, slightly sweet plastic, and dry wood."
"['bergamot', 'incense', 'woody notes', 'agarwood (oud)', 'amber']","It smells like warm resin, slightly sweet plastic, and dry wood."
"['pink pepper', 'mandarin orange', 'cardamom', 'orchid', 'violet leaf', 'vetiver', 'amber', 'sandalwood', 'musk', 'patchouli']","It smells like mandarin orange and pink pepper at first, then warm resin and slightly sweet plastic, finally settling into dry wood and skin."
"['cumin', 'saffron', 'wormwood', 'ginger', 'mandarin orange', 'incense', 'immortelle', 'copahu balm', 'olibanum', 'labdanum', 'rose', 'licorice', 'labdanum', 'sandalwood', 'cedar', 'musk', 'tonka bean']","It smells like warm resin, slightly sweet plastic, and dry wood, with a hint of skin and fabric."
"['mandarin orange', 'fig leaf', 'orange blossom', 'lily', 'pepper', 'rose', 'benzoin', 'tolu balsam', 'labdanum', 'cedar']","It smells like a mix of sweet citrus and floral notes, followed by a warm resin and dry wood."
"['tea', 'cinnamon', 'apple', 'bergamot', 'hibiscus', 'jasmine', 'davana', 'crystal amber', 'amber', 'patchouli', 'sandalwood', 'leather', 'olibanum']","It smells like warm resin, slightly sweet plastic, and dry wood."
"['coriander', 'rose', 'bergamot', 'violet', 'birch', 'patchouli', 'benzoin', 'labdanum', 'bourbon vanilla']","It smells like warm resin, slightly sweet plastic, and dry wood."
"['orange blossom', 'black pepper', 'whiskey', 'laurels', 'amber', 'ambergris', 'salt']","It smells like warm resin, slightly sweet plastic, and citrus peel."
"['opoponax', 'cognac', 'labdanum', 'violet', 'geranium', 'vanilla', 'patchouli', 'incense']","It smells like warm resin, forest floor, and slightly sweet plastic at first, then settles into a sweet and creamy vanilla."
"['saffron', 'olibanum', 'apple', 'woody notes', 'rose', 'myrhh', 'caramel', 'ambergris']","It smells like warm caramel and sweet apple, with subtle hints of woody notes and a dry, resinous undertone."
"['elemi', 'patchouli', 'madagascar vanilla', 'benzoin', 'tonka bean', 'incense', 'labdanum', 'guaiac wood', 'agarwood (oud)', 'osmanthus']","It smells like warm resin, slightly sweet plastic, and dry wood with hints of wet leaves and forest floor."
"['bulgarian rose', 'clementine', 'cardamom', 'bergamot', 'castoreum', 'orris root', 'incense', 'myrrh', 'resins', 'texas cedar', 'labdanum', 'vetiver', 'patchouli']","It smells like citrus peel, warm resin, and damp soil."
"['pear', 'orchid', 'jasmine', 'rose', 'amber', 'cashmere wood']","It smells like a sweet rose and fresh pear at first, then warm resin and slightly sweet plastic, with a dry wood undertone."
"['spicy notes', 'black pepper', 'lavender', 'grapefruit', 'orris root', 'carnation', 'bulgarian rose', 'leather', 'castoreum', 'ambergris', 'peru balsam', 'tolu balsam', 'musk', 'sandalwood', 'vanilla', 'oakmoss', 'costus', 'tonka bean']","It smells like warm resin, slightly sweet plastic, and dry wood."
"['milk', 'amber', 'saffron', 'cashmere wood', 'orange blossom', 'caraway', 'pepper', 'labdanum', 'oakmoss', 'bergamot', 'patchouli', 'vanilla', 'tonka bean', 'clary sage', 'musk', 'cedar', 'vetiver']","It smells like warm resin, slightly sweet plastic, and dry wood."
"['orange', 'lemon', 'bergamot', 'myrhh', 'cinnamon', 'patchouli', 'citron', 'petitgrain', 'myrhh', 'incense', 'labdanum', 'honey', 'musk']","It smells like citrus peel, warm resin, and dry wood."
"['pink pepper', 'calabrian bergamot', 'wallflower', 'gardenia', 'jasmine', 'amber', 'guaiac wood', 'incense']","It smells like warm resin, slightly sweet plastic, and gardenia at first, then dry wood and skin."
"['oregano', 'pimento', 'bergamot', 'olibanum', 'opoponax', 'amber', 'labdanum', 'agarwood (oud)', 'leather', 'sandalwood', 'patchouli']","It smells like warm resin, slightly sweet plastic, and dry wood."
"['cinnamon', 'iris', 'iso e super', 'amber', 'patchouli', 'musk', 'vanilla absolute', 'tonka bean', 'labdanum', 'castoreum', 'civet', 'cetalox']","It smells like warm resin, slightly sweet plastic, and wet leaves."
"['rhubarb', 'raspberry', 'amyl salicylate', 'rose', 'leather', 'animal notes', 'oakmoss', 'cedar']","It smells like damp earth, rose petals, and worn leather."
"['animal notes', 'woody notes', 'violet', 'leather', 'incense', 'cade oil', 'labdanum', 'cedar', 'patchouli', 'vanilla']","It smells like dry wood, warm resin, and slightly sweet leather."
"['artemisia', 'basil', 'tangerine', 'bergamot', 'amalfi lemon', 'white honey', 'rose', 'jasmine', 'peach', 'pepper', 'civetta', 'oak moss', 'leather', 'patchouli', 'woodsy notes', 'virginia cedar']","It smells like citrusy tangerine and sweet rose at first, then bergamot and white honey emerge, followed by dry wood and a hint of leather."
"['ambergris', 'cardamom', 'coriander', 'cinnamon', 'peach', 'ylang-ylang', 'orange blossom', 'leather', 'woodsy notes']","It smells like warm resin, slightly sweet plastic, and dry wood, with hints of peach and orange blossom."
"['jasmine', 'camelia', 'black pepper', 'beeswax', 'leather', 'guaiac wood', 'civet', 'ambergris', 'vetiver']","It smells like dry wood, slightly sweet plastic, and warm resin."
"['agarwood (oud)', 'aldehydes', 'bergamot', 'amber', 'rose', 'civetta', 'leather', 'patchouli', 'musk']","It smells like warm resin, slightly sweet plastic, and skin."
"['peach', 'bergamot', 'aldehydes', 'cambodian oud', 'carnation', 'patchouli', 'angelica', 'russian leather', 'musk', 'amber', 'oakmoss', 'patchouli']","It smells like warm resin, slightly sweet plastic, and wet leaves."
"['grass', 'violet leaf', 'citruses', 'nutmeg', 'vetiver', 'saffron', 'jasmine', 'animal notes', 'vanilla', 'sandalwood']","It smells like citrus peel, warm vanilla, and damp soil."
"['black pepper', 'coriander', 'leather', 'carrot seeds', 'jasmine', 'civetta', 'olibanum', 'musk']","It smells like warm resin, slightly sweet plastic, and dry wood."
"['saffron', 'ylang-ylang', 'cardamom', 'geranium', 'leather', 'egyptian jasmine', 'labdanum', 'animal notes', 'patchouli']","It smells like warm resin, slightly sweet plastic, and wet leaves."
"['coriander', 'geranium', 'pink pepper', 'jasmine', 'rose', 'violet', 'ylang-ylang', 'animal notes', 'leather', 'musk']","It smells like coriander, pink pepper, and leather at first, then settles into a warm resin and skin."
"['beeswax', 'birch', 'cloves', 'cardamom', 'leather', 'turkish rose', 'orange blossom', 'jasmine', 'civet', 'beeswax', 'agarwood (oud)', 'sandalwood', 'amber', 'cedar', 'patchouli', 'vetiver', 'cypriol oil or nagarmotha', 'musk']","It smells like warm resin, dry wood, and slightly sweet plastic, with a subtle hint of skin and fabric."
"['turkish rose', 'indian oud', 'woodsy notes', 'exotic spices', 'cambodian oud', 'amber', 'rose', 'animal notes', 'musk', 'powdery notes']","It smells like warm resin, slightly sweet plastic, and dry wood."
"['thyme', 'rose petals', 'ylang-ylang', 'cumin', 'labdanum', 'sweat', 'animal notes', 'sandalwood']","It smells like dry wood, warm resin, and slightly sweet plastic."
"['animal notes', 'animal notes', 'animal notes']",It smells like animal fur and damp earth.
"['lemon', 'sweet orange', 'rose', 'lime', 'absinthe', 'beeswax', 'orange blossom', 'peach', 'jasmine', 'bulgarian rose', 'musk', 'civet', 'animal notes', 'sandalwood', 'patchouli', 'siam benzoin', 'ambergris', 'opoponax', 'incense']","It smells like citrus peel, warm resin, and dry wood."
"['tobacco', 'cacao', 'vanilla', 'osmanthus', 'benzoin', 'dried fruits', 'kopi luwak coffee', 'almond', 'coffee', 'leather', 'immortelle', 'whiskey', 'black elder', 'jasmine sambac', 'marigold', 'rose', 'castoreum', 'patchouli', 'ambergris', 'civet', 'spices', 'woody notes', 'muskrat', 'hyrax', 'musk', 'propolis']","It smells like warm resin, slightly sweet plastic, and dry wood."
"['leather', 'tobacco', 'cardamom', 'labdanum', 'singapore patchouli', 'violet leaves', 'jasmine sambac', 'musk', 'cambodian oud', 'indian oud', 'ambergris', 'oakmoss']","It smells like warm resin, slightly sweet plastic, and wet leaves."
"['star anise', 'pomelo', 'black pepper', 'geranium', 'iris', 'incense', 'patchouli', 'haitian vetiver', 'benzoin']","It smells like warm resin, damp soil, and slightly sweet plastic."
"['star anise', 'tobacco', 'amber', 'leather']","It smells like warm resin, slightly sweet plastic, and dry wood."
"['star anise', 'bergamot', 'brazilian rosewood', 'caraway', 'fennel', 'iris', 'jasmine', 'vanilla', 'musk', 'amber']","It smells like warm resin, slightly sweet plastic, and citrus peel."
"['star anise', 'bergamot', 'agarwood (oud)', 'vetiver', 'myrhh', 'iris']","It smells like warm resin, slightly sweet plastic, and dry wood."
"['star anise', 'peach', 'mandarin orange', 'orange blossom', 'heliotrope', 'jasmine', 'freesia', 'lily-of-the-valley', 'benzoin', 'amber', 'sandalwood', 'musk']","It smells like warm resin, slightly sweet plastic, and dry wood, with hints of citrus peel and light florals."
"['mandarin orange', 'neroli', 'bergamot', 'star anise', 'olive blossom', 'tarragon', 'tonka bean', 'tobacco', 'guaiac wood', 'cedar']","It smells like a combination of citrusy mandarin orange, sweet olive blossom, and slightly spicy tarragon at first, then dries down to a warm, woody scent with hints of cedar and tonka bean."
"['smoke', 'camphor', 'mimosa', 'anise', 'cedar', 'ambrette (musk mallow)', 'juniper']","It smells like smoke, warm resin, and dry wood."
"['anise', 'spices', 'melon', 'eucalyptus', 'woodsy notes', 'musk']","It smells like sweet melon and warm spices at first, then dry wood and musk."
"['star anise', 'rose', 'ginger', 'african orange flower', 'vanilla', 'amber']","It smells like warm resin, slightly sweet plastic, and a hint of rose."
"['grapefruit', 'neroli', 'mandarin orange', 'petitgrain', 'water notes', 'seaweed', 'rosemary', 'virginia cedar', 'amber']","It smells like mandarin orange zest and neroli blossoms at first, then dries down to warm resin and slightly sweet plastic."
"['green notes', 'bergamot', 'pink pepper', 'watery notes', 'rain notes', 'turkish rose', 'jasmine', 'pine tree', 'moss', 'patchouli']","It smells like a combination of wet leaves, moss, and pine tree, with subtle hints of Turkish rose and jasmine."
"['cucumber', 'mandarin orange', 'cassia', 'water hyacinth', 'carrot', 'white woods', 'sandalwood']","It smells like sweet citrus and fresh carrot, with a subtle hint of damp soil and dry wood."
"['orange oil', 'ginger', 'watery notes', 'tea', 'musk', 'cedar', 'amber', 'patchouli']","It smells like warm resin, tea, and wet leaves."
"['melon', 'brandy', 'pear', 'mastic or lentisque', 'ginger', 'agave', 'salt', 'suede', 'clary sage', 'tonka bean', 'amber', 'vetiver']","It smells like ripe melon, warm brandy, and sweet pear at first, then develops into damp soil, dry wood, and slightly sweet plastic."
"['pear', 'calone', 'tangerine', 'watermelon', 'watery notes', 'strawberry', 'apple', 'sea salt', 'tiare flower', 'hedione', 'rose', 'praline', 'musk', 'amber']","It smells like a combination of sweet strawberry and juicy pear, with a hint of warm resin and slightly sweet plastic, finishing with a subtle skin and fabric note."
"['watery notes', 'grapefruit', 'raspberry', 'peony', 'jasmine', 'iris', 'pink pepper', 'suede', 'cedar', 'amber']","It smells like grapefruit, pink pepper, and suede at first, then warm resin and slightly sweet plastic, finally settling into dry wood and pencil shavings."
"['water notes', 'rosemary', 'cardamom', 'sequoia', 'musk', 'patchouli']",It smells like wet leaves and forest floor with a hint of warm resin and dry wood.
"['watery notes', 'almond', 'spices', 'neroli', 'coumarin', 'vetiver', 'patchouli']","It smells like a mix of citrus peel, warm resin, and damp soil."
"['pear', 'violet leaf', 'water notes', 'lemon', 'basil', 'peony', 'jasmine sambac', 'white musk', 'sandalwood']","It smells like a sweet and tart combination of ripe pears and lemon zest, with subtle hints of damp violet leaves and warm skin."
"['musk', 'hawthorn', 'jasmine', 'water notes', 'violet', 'violet leaf', 'woodsy notes', 'vetyver', 'sandalwood', 'amber']","It smells like warm resin, slightly sweet plastic, and dry wood."
"['rain notes', 'lilac', 'watery notes', 'damask rose', 'ambrox super', 'dreamwood', 'virginia cedar']","It smells like damp soil, lilac, and warm resin, with a subtle hint of skin and fabric."
"['melon', 'mint', 'violet', 'watery notes', 'lily-of-the-valley', 'musk', 'cedar', 'amber']","It smells like a sweet and fruity melon, followed by a hint of mint and then a subtle blend of lily-of-the-valley and warm resin, with a dry wood and slightly sweet plastic undertone."
"['pink pepper', 'citruses', 'water notes', 'geranium', 'vetiver', 'amber', 'patchouli']","It smells like a sweet and tangy mix of pink pepper and citruses, with a subtle undertone of warm resin and slightly sweet plastic."
"['water notes', 'citruses', 'cucumber', 'watermelon', 'water lily', 'musk', 'moss']","It smells like a refreshing blend of citrus peel, sweet watermelon, and a hint of moss, with a subtle undertone of skin and fabric."
"['watermelon', 'litchi', 'citruses', 'lotus', 'magnolia', 'freesia', 'creme brulee', 'iris', 'sandalwood']","It smells like sweet watermelon and litchi at first, then warm resin and dry wood."
"['watery notes', 'tea', 'driftwood']",It smells like tea and driftwood with a hint of watery notes.
"['cucumber', 'lime', 'mint', 'bergamot', 'water notes', 'granny smith apple', 'lotus', 'rosemary', 'driftwood', 'rum', 'sandalwood', 'oak moss']","It smells like a crisp granny smith apple, followed by the freshness of cucumber and the subtle earthiness of oak moss, with a dry wood undertone."
"['grass', 'clementine', 'wild strawberry', 'cypress', 'watery notes', 'sunflower', 'passion flower', 'white orchid', 'musk', 'moss', 'teak wood', 'amber']","It smells like a combination of sun-kissed grass, clementine zest, and moss, with a subtle hint of warm resin and slightly sweet plastic."
"['water notes', 'bergamot', 'ginger', 'violet leaf', 'white pepper', 'basil', 'musk', 'vetiver', 'virginia cedar', 'oak moss']","It smells like a combination of citrus and floral notes at first, followed by a subtle hint of violet leaf, and finally settles into a dry, woody scent with undertones of musk and skin."
"['red apple', 'litchi', 'tomato', 'orange', 'lotus', 'watermelon', 'osmanthus', 'musk', 'sandalwood']","It smells like a sweet and juicy red apple, followed by the warm and slightly sweet scent of orange, and finally finishing with the dry and woody aroma of sandalwood."
"['watery notes', 'seaweed', 'pataqueira', 'sea salt', 'aromatic notes', 'ambergris', 'cedar', 'moss', 'patchouli', 'tonka bean', 'amyris']","It smells like wet leaves, sea salt, and warm resin."
"['orange', 'mangosteen', 'water notes', 'water lily', 'orchid', 'tincture of rose', 'oak moss', 'sandalwood', 'mahogany', 'virginia cedar', 'tonka bean']","It smells like orange peel, water lily, and dry wood."
"['watermelon', 'pear', 'lemon', 'lotus', 'gardenia', 'frangipani', 'musk', 'sandalwood', 'cedar']","It smells like sweet citrus and fresh gardenia at first, then warm resin and dry wood."
"['grapefruit', 'angelica', 'rice', 'basil', 'ginger', 'water lily', 'jasmine sambac', 'violet leaf', 'mimosa', 'orris root', 'rose', 'geranium', 'rain notes', 'cashmeran', 'oakmoss', 'vetiver', 'patchouli', 'benzoin', 'tonka bean']","It smells like a zesty combination of grapefruit and ginger, with hints of damp soil and dry wood."
"['green notes', 'melon', 'orange', 'water notes', 'lily-of-the-valley', 'rose', 'jasmine', 'musk']","It smells like green notes, followed by water notes and then a sweet lily-of-the-valley, with a subtle musk undertone."
"['melon', 'green apple', 'lime', 'ginger', 'orange', 'pomegranate', 'water notes', 'sea salt', 'iris', 'tulip', 'patchouli', 'vanilla']","It smells like sweet melon and green apple at first, then warm vanilla and wet leaves, with a hint of sea salt."
"['watery notes', 'grapefruit', 'lemon', 'rhubarb', 'watermelon', 'eucalyptus', 'peach', 'white woods', 'ambroxan']","It smells like a combination of juicy watermelon and sweet peach, with a hint of eucalyptus and a dry wood undertone."
"['pear', 'cascalone', 'ambrette (musk mallow)', 'egyptian jasmine', 'narcissus', 'ylang-ylang', 'patchouli', 'moss']","It smells like ripe pears, warm resin, and dry wood."
"['citron', 'watery notes', 'mint', 'watery notes', 'lavender', 'black pepper', 'ginger', 'violet leaf', 'pink pepper', 'cedar', 'musk', 'amber']","It smells like a combination of citrusy citron and sweet lavender, with a subtle hint of warm resin and slightly sweet plastic."
"['rosemary', 'melon', 'galbanum', 'watery notes', 'violet', 'cyclamen', 'musk', 'moss', 'vetiver']","It smells like mossy forest floor, followed by sweet melon and a hint of damp soil."
"['grapefruit', 'pear', 'seaweed', 'water notes', 'virginia cedar', 'sandalwood']","It smells like a combination of tart grapefruit, sweet pear, and a hint of salty seaweed, with a subtle dry wood and skin undertone."
"['watery notes', 'citruses', 'pink pepper', 'blackberry', 'mint', 'cyclamen', 'orange blossom', 'coriander', 'raspberry', 'musk', 'cedar', 'amber']","It smells like a combination of fresh citrus and sweet pink pepper, with a subtle hint of warm resin and slightly sweet fabric."
"['watermelon', 'lily-of-the-valley', 'pear', 'freesia', 'violet leaf', 'jasmine', 'rose', 'virginia cedar', 'musk', 'sandalwood']","It smells like sweet watermelon and ripe pear, with a subtle hint of dry wood and skin."
"['mandarin orange', 'melon', 'lotus', 'white peach', 'jasmine', 'white musk', 'cedar']","It smells like sweet citrus and juicy melon, with subtle hints of fresh lotus and warm white peach."
"['water lily', 'cucumber', 'lime', 'jasmine', 'wild orchid', 'sea notes', 'musk', 'ambroxan', 'cedar']","It smells like a combination of fresh lime and sweet cucumber, followed by a subtle hint of skin and fabric."
"['amalfi lemon', 'mint', 'seaweed', 'water notes', 'vetiver', 'amber']","It smells like a bright, citrusy burst of Amalfi lemon followed by a subtle hint of damp soil and a sweet, warm resin."
"['watery notes', 'red fruits', 'fruity notes', 'seaweed', 'peach', 'pataqueira', 'water notes', 'jasmine sambac', 'ylang-ylang', 'musk', 'cashmeran', 'cedar', 'amber', 'sandalwood']","It smells like a mix of fruity notes and peach, with a subtle hint of warm resin and dry wood."
"['watery notes', 'lotus', 'hyacinth', 'jasmine sambac', 'white musk', 'white woods']","It smells like a mix of watery notes and lotus, with a subtle sweetness from jasmine sambac and a dry, woody undertone from white woods."
"['watermelon', 'water notes', 'green notes', 'lotus', 'peony', 'gardenia', 'violet', 'musk', 'woodsy notes', 'sandalwood', 'amber']","It smells like sweet green notes and fresh gardenia at first, then warm resin and slightly sweet plastic, finally dry wood and skin."
"['calypsone', 'black pepper', 'white pepper', 'ambroxan', 'cedar', 'sandalwood', 'cosmone', 'styrax']","It smells like warm resin, slightly sweet plastic, and dry wood."
"['watermelon', 'yuzu', 'violet leaf', 'water lily', 'gardenia', 'gustavia flower', 'cupcake', 'tonka']","It smells like sweet watermelon and fresh violet leaf at first, then warm resin and dry wood."
"['water notes', 'oakmoss', 'birch', 'woody notes']","It smells like damp earth and woody notes, with subtle hints of water and a dry, slightly sweet finish."
"['fig', 'melon', 'green tangerine', 'coconut water', 'lotus', 'water lily', 'jasmine', 'ambroxan', 'musk', 'sandalwood', 'vanilla']","It smells like sweet coconut water, followed by a subtle blend of jasmine and green tangerine, finishing with dry sandalwood and a hint of skin-like musk."
"['water notes', 'green leaves', 'pear', 'ambergris', 'lichen', 'lavender', 'thyme', 'cedarmoss', 'sandalowood']","It smells like warm resin, slightly sweet plastic, and dry wood."
"['water notes', 'violet', 'apple', 'orange', 'star anise', 'orchid', 'jasmine', 'geranium', 'rose', 'musk', 'oak moss', 'sandalwood', 'amber']","It smells like fresh apple and sweet violet at first, then warm resin and dry wood, finishing with a hint of skin and fabric."
"['lemon zest', 'cardamom', 'watery notes', 'ice', 'mint', 'lavender', 'haitian vetiver']","It smells like a burst of citrusy freshness, followed by a subtle sweetness and a dry, woody undertone."
"['watermelon', 'pear', 'mandarin orange', 'bergamot', 'cardamon', 'freesia', 'cedar', 'musk', 'patchouli']","It smells like sweet watermelon and juicy pear, with a hint of warm resin and dry wood."
"['water notes', 'pear', 'rose', 'peony', 'carnation', 'osmanthus', 'woodsy notes']","It smells like a bouquet of rose and peony, with hints of warm resin and dry wood."
"['bergamot', 'lemon', 'fruity notes', 'water notes', 'jasmine', 'oakmoss', 'cedar', 'musk', 'floral notes']","It smells like citrusy bergamot and sweet floral notes at first, then warm resin and dry wood."
"['goji berries', 'pear', 'almond blossom', 'watermelon', 'violet', 'cyclamen', 'jasmine', 'peony', 'cashmeran', 'ambergris', 'cedar']","It smells like sweet watermelon and fresh pear, with a subtle hint of warm resin and dry wood."
"['green leaves', 'apple', 'water notes', 'musk', 'amber', 'moss']","It smells like green leaves and moss at first, then warm resin and slightly sweet plastic, finishing with a hint of apple."
"['water notes', 'pear', 'rose', 'peony', 'carnation', 'osmanthus', 'woodsy notes']","It smells like fresh water and rose petals at first, then a subtle hint of dry wood and slightly sweet plastic."
"['lavender', 'mint', 'mandarin orange', 'water notes', 'green notes', 'cardamom', 'nutmeg', 'musk', 'amber', 'leather']","It smells like a blend of citrusy mandarin orange and sweet lavender, with subtle notes of warm resin and dry wood."
"['watermelon', 'mandarin orange', 'grapefruit', 'water notes', 'jasmine', 'guaiac wood', 'musk', 'oakmoss', 'amber']","It smells like sweet watermelon and juicy mandarin orange, with a subtle hint of warm resin and slightly sweet plastic."
"['bergamot', 'watery notes', 'musk', 'patchouli']","It smells like bergamot and wet leaves, with a subtle hint of skin."
"['watery notes', 'lavender', 'bergamot', 'bay leaf', 'jasmine', 'amber', 'sandalwood', 'patchouli']","It smells like a combination of citrus peel, lavender, and bergamot, with notes of warm resin and dry wood lingering in the background."
"['bergamot', 'mandarin orange', 'water notes', 'violet leaf', 'cardamom', 'birch', 'vetiver', 'amber']","It smells like bergamot and mandarin orange at first, then warm resin and slightly sweet plastic, finishing with damp soil and dry wood."
"['mandarin orange', 'mint', 'lavender', 'calypsone', 'patchouli']","It smells like a combination of sweet mandarin orange, fresh mint, and subtle lavender at first, with a dry, earthy patchouli undertone that deepens over time."
"['sea notes', 'seaweed', 'basil', 'black currant', 'white pepper', 'watermelon', 'melon', 'green notes', 'bamboo', 'papaya', 'amber', 'cashmere wood']","It smells like a sweet and tangy combination of sea notes and watermelon, with a subtle hint of warm resin and dry wood."
"['water notes', 'pear', 'amalfi lemon', 'freesia', 'gardenia', 'peony', 'rose', 'musk', 'virginia cedar', 'patchouli']","It smells like a combination of sweet water notes, fresh pear, and a hint of wet leaves, with a subtle dry wood and skin undertone."
"['citruses', 'black currant', 'plum', 'water notes', 'lavender', 'green notes', 'juniper berries', 'geranium', 'musk', 'sandalwood', 'oak moss']","It smells like a mix of citrus peel and sweet lavender at first, then warm resin and dry wood notes take over."
"['watery notes', 'fruity notes', 'ivy', 'mandarin orange', 'rose water', 'water lily', 'cyclamen', 'white musk', 'sandalwood', 'cedar']","It smells like mandarin orange, water lily, and rose water at first, then cyclamen and sandalwood emerge, finishing with a subtle hint of white musk."
"['watery notes', 'cloves', 'melon', 'nutmeg', 'cinnamon', 'vanilla', 'woody notes', 'amber']","It smells like warm resin, melon, and slightly sweet plastic."
"['watermelon', 'sea water', 'pear', 'mandarin orange', 'bergamot', 'lavender', 'cardamom', 'woodsy notes', 'virginia cedar', 'musk', 'suede', 'amber']","It smells like a sweet and juicy watermelon, with hints of bergamot and lavender, and a subtle dry wood note."
"['water notes', 'salt', 'metallic notes', 'leather', 'cedar', 'tobacco']","It smells like water notes, followed by a hint of salt and dry leather, with subtle undertones of metallic notes and a touch of cedar."
"['mineral notes', 'violet leaves', 'quince', 'lotus', 'violet', 'jasmine', 'seaweed', 'musk', 'sandalwood']","It smells like dry wood, skin, and slightly sweet plastic."
"['mandarin orange', 'lime', 'orange', 'sea notes', 'watery notes', 'pepper', 'nutmeg', 'cedar', 'vetiver']","It smells like a combination of juicy mandarin orange, sweet lime, and warm nutmeg, with subtle hints of damp soil and dry wood."
"['watery notes', 'water fruit', 'lemon', 'floral notes', 'musk', 'driftwood', 'amber']","It smells like a mix of citrusy lemon and sweet water fruit, with subtle notes of warm resin and dry wood."
"['melon', 'watermelon', 'bergamot', 'watery notes', 'white flowers', 'sandalwood', 'musk']","It smells like sweet melon and fresh watermelon at first, then dry wood and skin."
"['water notes', 'bergamot', 'pear', 'water lily', 'jasmine', 'iris', 'musk', 'amber', 'sandalwood']","It smells like warm resin, dry wood, and skin, with subtle hints of pear and water lily."
"['water notes', 'amalfi lemon', 'mint', 'pepper', 'geranium', 'oak moss', 'virginia cedar']","It smells like a combination of citrusy water and sweet mint, with a subtle dry wood and slightly sweet fabric undertones."
"['water notes', 'fruity notes', 'blue lotus', 'musk']","It smells like water notes with a hint of fruity sweetness, followed by the subtle aroma of blue lotus and a sensual musk."
"['lotus', 'lemon', 'watery notes', 'orange blossom', 'white musk', 'cedar']","It smells like a combination of citrusy lemon and sweet orange blossom, with subtle notes of watery freshness and a soft, musky dry down."
"['watermelon', 'pear', 'white peach', 'watery notes', 'magnolia', 'white rose', 'white musk', 'palisander rosewood', 'sandalwood']","It smells like sweet watermelon and ripe pear, with hints of warm resin and dry wood."
"['melon', 'mint', 'watery notes', 'lily-of-the-valley', 'violet', 'cedar', 'musk', 'amber']","It smells like sweet melon and fresh mint at first, then warm resin and slightly sweet plastic, finishing with a subtle hint of skin and fabric."
"['water notes', 'water lily', 'lilac', 'apricot', 'rose', 'jasmine', 'violet', 'vetiver', 'moss', 'sandalwood']","It smells like water lily and rose at first, then dry wood and moss."
"['watery notes', 'bergamot', 'grapefruit blossom', 'ginger', 'blue lotus', 'magnolia', 'cedar', 'white musk', 'ambergris']","It smells like a combination of citrusy grapefruit and sweet magnolia, with a subtle warmth from cedar and ambergris, and a dry, earthy note from ginger."
"['pear', 'lemon', 'green leaves', 'watery notes', 'marigold', 'lavender', 'rose', 'cedar', 'amber', 'musk']","It smells like ripe pears and citrusy lemons at first, then warm resin and slightly sweet plastic, finishing with a dry wood and skin-like musk."
"['watermelon', 'sea notes', 'violet', 'lily-of-the-valley', 'jasmine', 'sinfonide', 'amber']","It smells like warm resin, slightly sweet plastic, and fresh violet."
"['italian lemon', 'watery notes', 'woody notes', 'leather']","It smells like a combination of Italian lemon and warm resin, with subtle notes of damp soil and dry wood."
"['pear', 'violet leaf', 'citrus', 'cedarwood', 'sandalwood', 'vetiver', 'musk', 'moss']","It smells like ripe pear and citrus, with mossy undertones and a hint of damp soil."
"['watery notes', 'bergamot', 'mandarin orange', 'sand', 'ylang-ylang', 'orange blossom', 'salt', 'vanilla', 'sandalwood', 'amber', 'musk']","It smells like a combination of citrus peel, warm resin, and orange blossom at first, then settles into dry wood and skin."
"['cucumber', 'mandarin orange', 'melon', 'sea notes', 'orange blossom', 'freesia', 'musk', 'raspberry']","It smells like a sweet and tangy mix of fresh cucumber and ripe orange, with hints of warm skin and dry wood."
"['fruity notes', 'spicy notes', 'watery notes', 'woody notes', 'spicy notes', 'woody notes', 'amber', 'musk']","It smells like warm resin, slightly sweet plastic, and skin."
"['watermelon', 'melon', 'raspberry', 'black currant', 'mandarin orange', 'pink pepper', 'water notes', 'green notes', 'violet', 'lily-of-the-valley', 'musk', 'sandalwood', 'amber']","It smells like sweet watermelon and ripe mandarin orange at first, then warm resin and dry wood, finishing with subtle skin and fabric notes."
"['pink grapefruit', 'litchi', 'watery notes', 'flowers', 'guava', 'passionfruit', 'exotic woods', 'vanilla']","It smells like pink grapefruit, followed by sweet flowers and a hint of exotic woods, finishing with a subtle vanilla note."
"['water notes', 'vetiver', 'driftwood']","It smells like water notes and driftwood, with a hint of damp soil."
"['water notes', 'aldehydes', 'coconut', 'geosmin', 'sea water', 'tuberose', 'violet leaf', 'jasmine', 'cashmeran', 'costus', 'moss', 'ambroxan']","It smells like fresh coconut, sea water, and moss, with subtle hints of violet leaf and cashmeran."
"['melon', 'camphor', 'cucumber', 'mint', 'metallic notes', 'salt', 'watery notes', 'rose', 'oysters', 'civet', 'resins', 'benzoin']","It smells like sweet melon and cucumber at first, then dry wood and slightly sweet plastic, finishing with a hint of skin and fabric."
"['water notes', 'milk', 'white flowers', 'white musk', 'iris', 'white amber']","It smells like fresh milk and white flowers at first, then subtle notes of warm resin and slightly sweet fabric."
"['rose', 'jasmine', 'vanilla']","It smells like warm vanilla, followed by the sweetness of fresh jasmine, and finishing with a soft, powdery rose."
"['mandarin orange', 'red currant', 'bergamot', 'dew drop', 'violet', 'magnolia', 'peach', 'pink jasmine', 'musk', 'sandalwood', 'amber']","It smells like a sweet and tangy combination of citrusy mandarin orange and juicy peach, with subtle hints of warm resin and dry wood."
"['watery notes', 'bergamot', 'sea salt', 'narcissus', 'musk', 'woodsy notes', 'amber']","It smells like a combination of citrus peel, sea salt, and narcissus at first, then settles into warm resin and slightly sweet plastic."
"['watery notes', 'bergamot', 'mandarin orange', 'violet leaf', 'galbanum', 'watermelon', 'bamboo', 'jasmine', 'amber', 'vetiver']","It smells like a combination of citrus peel and sweet watermelon, with subtle hints of damp soil and warm resin."
"['lavender', 'watermelon', 'basil', 'water notes', 'floral notes', 'virginia cedar', 'oak moss', 'musk']","It smells like sweet watermelon and fresh lavender at first, then dries down to warm skin and clean laundry."
"['mandarin orange', 'water notes', 'lotus', 'lotus leaf', 'violet leaf', 'cedar']","It smells like a sweet and tangy mandarin orange, with a subtle hint of water notes, followed by a dry and earthy lotus leaf and a slightly sweet violet leaf."
"['violet leaf', 'watery notes', 'nutmeg', 'virginia cedar']","It smells like a combination of watery notes and nutmeg, with a subtle hint of virginia cedar in the background."
"['watery notes', 'cyclamen', 'watermelon', 'melon', 'maltol', 'musk']","It smells like watermelon and cyclamen at first, then watery notes and skin."
"['watery notes', 'vetiver', 'herbal notes', 'geranium', 'musk', 'amber']","It smells like damp soil, geranium, and skin at first, then warm resin and slightly sweet plastic."
"['cardamom', 'lavender', 'virginia cedar', 'bergamot', 'vetiver', 'caraway']","It smells like a warm blend of citrus peel, lavender, and caraway, with subtle hints of damp soil and dry wood."
"['lavender', 'mint', 'cardamom', 'bergamot', 'artemisia', 'cinnamon', 'orange blossom', 'caraway', 'vanilla', 'tonka bean', 'amber', 'sandalwood', 'cedar']","It smells like a subtle blend of lavender and mint, with a hint of warm resin and dry wood."
"['sea water', 'lavender', 'mint', 'green notes', 'rosemary', 'calone', 'coriander', 'sandalwood', 'neroli', 'geranium', 'jasmine', 'musk', 'oakmoss', 'tobacco', 'cedar', 'ambergris']","It smells like sea water, dry wood, and warm resin."
"['apple', 'ginger', 'bergamot', 'sage', 'juniper berries', 'geranium', 'amberwood', 'tonka bean', 'cedar', 'vetiver', 'olibanum']","It smells like warm resin, slightly sweet plastic, and damp soil."
"['amalfi lemon', 'mint', 'water jasmine', 'virginia cedar', 'brown sugar', 'french labdanum']","It smells like a sweet and tangy citrus, followed by a floral bouquet, and then settles into a warm, resinous scent with hints of dry wood and skin."
"['sea notes', 'bergamot', 'rosemary', 'sage', 'geranium', 'incense', 'patchouli']","It smells like a combination of citrus peel, warm resin, and wet leaves."
"['amalfi lemon', 'tagetes', 'black currant', 'bergamot', 'african orange flower', 'violet', 'cyclamen', 'jasmine', 'vetiver', 'musk', 'amber', 'virginia cedar']","It smells like a sweet and tangy citrus, followed by a floral bouquet, and finally settles into a warm resin and slightly sweet plastic."
"['lavender', 'rosemary', 'neroli', 'petitgrain', 'geranium', 'clary sage', 'galbanum', 'jasmine', 'oakmoss', 'vetiver', 'cedar', 'sandalwood', 'amber']","It smells like lavender fields and rosemary bushes at first, then warm resin and slightly sweet plastic, finally finishing with damp soil and dry wood."
"['mandarin orange', 'mint', 'cypress', 'sage', 'pepper', 'tonka bean', 'musk', 'sandalwood', 'cedar']","It smells like sweet mandarin orange and fresh mint at first, then warm cedar and dry sandalwood."
"['grapefruit', 'mandarin orange', 'sea water', 'juniper', 'musk', 'amberwood']","It smells like a sweet and tangy grapefruit, followed by the warm resin of amberwood and the subtle musk of clean laundry."
"['citruses', 'bergamot', 'juniper', 'anise', 'brazilian rosewood', 'basil', 'lavender', 'rose', 'carnation', 'jasmine', 'heliotrope', 'geranium', 'sage', 'fir', 'lily-of-the-valley', 'vanilla', 'tonka bean', 'sandalwood', 'iris', 'musk', 'amber', 'cedar', 'patchouli', 'vetiver']","It smells like citrus peel, warm vanilla, and damp soil."
"['bergamot', 'lemon', 'mandarin orange', 'orange blossom', 'white nerium oleander', 'fig leaf', 'cypress', 'red cedar', 'juniper', 'pistachio', 'musk']","It smells like a burst of citrus, followed by sweet orange blossom and a hint of fresh fig leaf, with a subtle dry wood undertone."
"['lavender', 'clary sage', 'leather', 'bitter almond', 'vanilla', 'orris', 'leather', 'tonka bean', 'cashmeran', 'white woods', 'amber']","It smells like warm resin, slightly sweet plastic, and dry wood."
"['mint', 'rose', 'carnation', 'cannabis', 'vetiver', 'amber']","It smells like a refreshing blend of mint and rose, with subtle hints of damp soil and warm resin."
"['chamomile', 'aldehydes', 'clary sage', 'coriander', 'geranium', 'lemon verbena', 'brazilian rosewood', 'bergamot', 'carnation', 'rose', 'ylang-ylang', 'orris root', 'jasmine', 'tuberose', 'orange blossom', 'oakmoss', 'patchouli', 'incense', 'vetiver', 'sandalwood', 'musk']","It smells like dry wood, warm resin, and slightly sweet plastic at first, then shifts into damp soil and forest floor."
"['lavender', 'lemon', 'bergamot', 'rosemary', 'mint', 'lemon verbena', 'basil', 'artemisia', 'juniper', 'coriander', 'cinnamon', 'carnation', 'wormwood', 'angelica', 'jasmine', 'oakmoss', 'pine tree needles', 'leather', 'fir', 'sandalwood', 'vetiver', 'patchouli', 'cedar', 'amber', 'resins']","It smells like warm resin, slightly sweet plastic, and dry wood."
"['lavender', 'lemon', 'caraway', 'basil', 'bergamot', 'clary sage', 'iris', 'star anise', 'vetiver', 'sandalwood', 'patchouli', 'cedar', 'juniper berries', 'cardamom', 'oakmoss', 'leather', 'amber', 'musk', 'tonka bean']","It smells like warm resin, slightly sweet plastic, and dry wood."
"['bergamot', 'tobacco', 'lemon', 'nutmeg', 'neroli', 'coriander', 'mandarin orange', 'vetiver', 'pepper', 'carnation', 'sage', 'orris root', 'sandalwood', 'vetiver', 'oakmoss', 'leather', 'myrrh', 'civet', 'tonka bean', 'amber']","It smells like citrus peel, warm resin, and dry wood."
"['bitter orange', 'caraway', 'birch', 'bergamot', 'coriander', 'mandarin orange', 'neroli', 'artemisia', 'guatemalan cardamom', 'pepper', 'ginger', 'iris', 'juniper', 'cinnamon', 'orris root', 'jasmine', 'tahitian vetiver', 'tea', 'cedar', 'leather', 'oakmoss', 'amber']","It smells like citrus peel and warm resin, with hints of damp soil and dry wood."
"['lemon', 'bergamot', 'basil', 'rosemary', 'caraway', 'fruity notes', 'jasmine', 'coriander', 'carnation', 'patchouli', 'orris root', 'sandalwood', 'rose', 'lavender', 'hedione', 'oakmoss', 'vetiver', 'musk', 'amber']","It smells like citrus peel and light florals at first, then shifts into warm resin, forest floor, and dry wood."
"['lavender', 'lemon', 'bergamot', 'mandarin orange', 'sage', 'juniper berries', 'basil', 'geranium', 'jasmine', 'coriander', 'orange blossom', 'lily-of-the-valley', 'lily', 'sandalwood', 'musk', 'vetiver', 'brazilian rosewood', 'amber']","It smells like warm resin, dry wood, and slightly sweet fabric."
"['myrhh', 'clary sage', 'coriander', 'bergamot', 'lime', 'amalfi lemon', 'rose', 'thyme', 'basil', 'jasmine', 'castoreum', 'oakmoss', 'patchouli', 'french labdanum']","It smells like warm resin, slightly sweet plastic, and dry wood."
"['lavender', 'sage', 'mandarin orange', 'tobacco', 'rose', 'carnation', 'geranium', 'tonka bean', 'fir', 'vetiver', 'cedar']","It smells like dry wood, slightly sweet plastic, and damp soil."
"['mint', 'candy apple', 'lemon', 'mandarin orange', 'ambroxan', 'geranium', 'clary sage', 'vanilla', 'cedar', 'sandalwood', 'bitter orange', 'patchouli', 'leather']","It smells like a sweet and tangy mix of citrus peel and candy apple, with a dry wood and pencil shavings dry down."
"['aldehydes', 'basil', 'citruses', 'ivy', 'mandarin orange', 'freesia', 'bergamot', 'carnation', 'marigold', 'coriander', 'orange blossom', 'lily', 'jasmine', 'bulgarian rose', 'lily-of-the-valley', 'sandalwood', 'vanilla', 'musk', 'tonka bean']","It smells like citrus peel, warm resin, and dry wood."
"['green apple', 'mint', 'lavender', 'grapefruit', 'basil', 'sage', 'geranium', 'carnation', 'jasmine', 'fir', 'cedar', 'patchouli']","It smells like a mix of crisp green apple and sweet mint at first, then dries down to a subtle blend of wet leaves and dry wood."
"['passionfruit', 'lime', 'pepper', 'ginger', 'vodka', 'gin', 'mint', 'spices', 'amber', 'leather', 'woodsy notes']","It smells like passionfruit, lime, and ginger at first, then warm resin and dry wood."
"['lavender', 'bitter orange', 'mint', 'clary sage', 'ambrette (musk mallow)', 'ambroxan']","It smells like dry wood and slightly sweet plastic at first, then warm resin and skin, finishing with a subtle hint of damp soil."
"['aldehydes', 'angelica', 'tea', 'mandarin orange', 'mate', 'ink', 'magnolia', 'nutmeg', 'west indian bay', 'coriander', 'caraway', 'cinnamon', 'incense', 'patchouli', 'cedar', 'vetiver', 'amber', 'labdanum']","It smells like warm resin, slightly sweet plastic, and dry wood."
"['lemon', 'ginger', 'lavender', 'mint', 'apple', 'juniper', 'guatemalan cardamom', 'geranium', 'tonka bean', 'amberwood', 'haitian vetiver']","It smells like a burst of citrusy lemon, followed by a sweet and spicy blend of ginger and warm amberwood, finishing with a subtle hint of damp soil and dry wood."
"['sicilian lemon', 'lavender', 'dark chocolate', 'pelargonium leaf', 'lily-of-the-valley', 'honeysuckle', 'magnolia', 'musk', 'cashmere wood', 'teak wood', 'vetiver', 'amber']","It smells like a combination of sweet citrus, warm honey, and damp soil, with subtle hints of skin and dry wood."
"['melon', 'bergamot', 'mint', 'black currant', 'sea water', 'green apple', 'cappuccino', 'cardamom', 'nutmeg', 'amber', 'woodsy notes']",It smells like a sweet and tangy green apple with a hint of warm resin and dry wood.
"['aldehydes', 'myrrh', 'artemisia', 'thyme', 'clover', 'bergamot', 'gardenia', 'patchouli', 'sage', 'jasmine', 'cardamom', 'orris root', 'leather', 'oakmoss', 'musk', 'vetiver', 'sandalwood', 'amber', 'coconut']","It smells like warm resin, dry wood, and slightly sweet plastic, with hints of citrus peel and light florals."
"['apple', 'aldehydes', 'grapefruit', 'ginger', 'sage', 'lavender', 'geranium', 'tonka bean', 'cedar', 'olibanum', 'patchouli']","It smells like a sweet and tangy apple, followed by a warm resin aroma and a hint of dry wood."
"['bergamot', 'pink pepper', 'artemisia', 'lavender', 'iris', 'sage', 'suede', 'saffron', 'musk', 'caramel', 'haitian vetiver', 'patchouli']","It smells like bergamot and lavender at first, then suede and caramel, finally finishing with haitian vetiver and musk."
"['fir', 'lemon', 'orange', 'petitgrain', 'cardamom', 'sea notes', 'rosemary', 'lily-of-the-valley', 'jasmine', 'rose', 'sage', 'musk', 'vetiver', 'oakmoss', 'brazilian rosewood', 'sandalwood']","It smells like citrus peel, followed by a subtle sweetness of lily-of-the-valley, and finally settles into a dry wood and skin accord."
"['neroli', 'bergamot', 'black pepper', 'petitgrain', 'black pepper', 'lavender', 'cardamom', 'juniper berries', 'sage', 'vetiver', 'oakmoss', 'iris', 'leather', 'agarwood (oud)']","It smells like citrus peel and warm resin, then dry wood and slightly sweet plastic, with a subtle hint of damp soil and skin."
"['aldehydes', 'bergamot', 'ginger', 'mint', 'lemon', 'apple', 'violet leaf', 'pineapple', 'sage', 'geranium', 'ambergris', 'musk', 'cedar', 'balsam fir', 'incense', 'vetiver']","It smells like citrus peel, warm resin, and dry wood."
"['rosemary', 'clary sage', 'brazilian rosewood', 'lavender', 'geranium', 'tonka bean', 'oakmoss', 'honey', 'musk', 'amber', 'tobacco']","It smells like dry wood, slightly sweet plastic, and warm skin."
"['sea notes', 'bergamot', 'pear', 'apple', 'grapefruit', 'lemon', 'lavender', 'rosemary', 'geranium', 'woody notes', 'tonka bean', 'amberwood', 'patchouli', 'labdanum']","It smells like a combination of citrusy sea notes, warm resin, and slightly sweet plastic, with a subtle hint of wet leaves and dry wood."
"['wormwood', 'mint', 'basil', 'incense', 'lavender', 'rose', 'tobacco', 'leather', 'sandalwood', 'guaiac wood', 'vetiver', 'oak moss', 'amber', 'vanille', 'musk']","It smells like warm resin, dry wood, and skin."
"['lavender', 'lemon', 'bergamot', 'clary sage', 'tarragon', 'mandarin orange', 'orange', 'neroli', 'pepper', 'cinnamon', 'coriander', 'geranium', 'violet', 'jasmine', 'rose', 'tobacco', 'tonka bean', 'sandalwood', 'musk', 'cedar', 'amber', 'coumarin', 'iris']","It smells like a mix of citrusy lemon and sweet orange, with a subtle hint of warm resin and dry wood."
"['aldehydes', 'galbanum', 'clary sage', 'gardenia', 'bergamot', 'narcissus', 'iris', 'carnation', 'orris root', 'lily-of-the-valley', 'jasmine', 'rose', 'neroli', 'oakmoss', 'leather', 'vetiver', 'patchouli', 'labdanum', 'sandalwood', 'amber']","It smells like warm resin, slightly sweet plastic, and dry wood."
"['pink pepper', 'peppermint', 'bergamot', 'lemon', 'absinthe', 'orange', 'lavender', 'bulgarian rose', 'clove', 'allspice', 'orris root', 'jasmine', 'vetiver', 'cedar', 'white musk', 'tonka bean']","It smells like sweet citrus and floral notes at first, followed by warm resin, slightly sweet plastic, and dry wood."
"['galbanum', 'tagetes', 'narcissus', 'hiacynth', 'orange', 'black currant', 'mandarin orange', 'cassis', 'narcissus', 'orris root', 'rosemary', 'rose', 'italian jasmine', 'orange blossom', 'vetiver', 'amber', 'sandalwood', 'cedar', 'patchouli']","It smells like citrus peel, warm resin, and dry wood."
"['pear', 'kumquat', 'bergamot', 'lavender', 'grapefruit', 'cardamom', 'geranium', 'coriander', 'ambergris', 'suede', 'amberwood', 'haitian vetiver']","It smells like warm resin, slightly sweet plastic, and grapefruit."
"['melon', 'chamomile', 'marigold', 'tagetes', 'hiacynth', 'apricot', 'oakmoss', 'apple', 'coriander', 'mandarin orange', 'ylang-ylang', 'litchi', 'black currant', 'cassia', 'peach', 'lily-of-the-valley', 'carnation', 'rose', 'jasmine', 'cloves', 'oakmoss', 'musk', 'sandalwood', 'amber', 'vetiver', 'cedar', 'vanilla']","It smells like warm resin, sweet citrus, and a hint of damp soil."
"['sea notes', 'fern', 'clary sage', 'mandarin orange', 'white tea', 'white iris', 'mate', 'exotic woods', 'ambrette (musk mallow)', 'tonka bean', 'amber']","It smells like mandarin orange, followed by dry wood and warm resin, with a subtle hint of skin."
"['lavender extract', 'lavender', 'rosemary', 'oakmoss', 'mint', 'basil', 'geranium', 'patchouli', 'amber']","It smells like warm resin, slightly sweet plastic, and dry wood."
"['lavender', 'water notes', 'basil', 'geranium', 'marigold', 'tobacco', 'hay', 'clary sage', 'moepel accord', 'bran', 'sandalwood', 'cypress', 'musk', 'amber', 'labdanum']","It smells like warm resin, slightly sweet plastic, and dry wood."
"['juniper berries', 'citruses', 'blood orange', 'sicilian lemon', 'pimento', 'lavender', 'clary sage', 'geranium', 'vetiver', 'cedar', 'patchouli']","It smells like citrus peel, followed by a subtle hint of damp soil and dry wood, finishing with a sweet and earthy aroma of wet leaves."
"['red apple', 'cardamom', 'calabrian bergamot', 'lavender', 'bourbon geranium', 'clary sage', 'tobacco leaf', 'patchouli', 'haitian vetiver']","It smells like a sweet and tangy red apple, followed by the earthy aroma of wet leaves and forest floor, finishing with a subtle hint of damp soil."
"['bergamot', 'cassia', 'tomato leaf', 'tangerine', 'rose', 'pepper', 'sandalwood', 'patchouli']","It smells like citrus peel and warm resin, then earthy notes of wet leaves and dry wood."
"['rosemary', 'bergamot', 'lemon', 'mandarin orange', 'lavender', 'tonka bean', 'orris root', 'basil', 'jasmine', 'vanilla', 'leather', 'spices', 'benzoin', 'sandalwood', 'amber', 'brazilian rosewood']","It smells like citrus peel, warm resin, and dry wood."
"['mint', 'lavender', 'bergamot', 'thyme', 'cedar', 'sandalwood', 'geranium', 'jasmine', 'oakmoss', 'musk', 'vanilla', 'amber']","It smells like minty freshness, followed by a subtle hint of warm resin and dry wood."
"['juniper berries', 'coriander', 'ginger', 'rosemary', 'bergamot', 'mandarin orange', 'sandalwood', 'lavender', 'orange blossom', 'geranium', 'tonka bean', 'musk', 'cedar', 'oakmoss']","It smells like warm resin, dry wood, and citrus peel."
"['myrtle', 'lemon', 'bergamot', 'basil', 'sea notes', 'jasmine', 'rose', 'juniper', 'cedar', 'mastic or lentisque', 'amber']","It smells like warm resin, slightly sweet plastic, and citrus peel."
"['rhubarb', 'quince', 'pepper', 'wormwood', 'basil', 'fennel', 'cinnamon', 'juniper berries', 'lavender', 'green leaves', 'orris root', 'jasmine', 'tobacco', 'suede', 'balsam fir', 'tonka bean', 'woody notes', 'oakmoss', 'patchouli']","It smells like damp earth, warm resin, and slightly sweet plastic."
"['bergamot', 'citron', 'petitgrain', 'vetiver', 'lavender', 'hedione', 'myrrh', 'oakmoss', 'patchouli']","It smells like citrus peel and light florals at first, then shifts into damp soil, warm resin, and dry wood."
"['cardamom', 'mint', 'bergamot', 'mandarin orange', 'lavender', 'amber', 'patchouli', 'musk']","It smells like warm resin, slightly sweet plastic, and dry wood."
"['lavender', 'pink pepper', 'plum', 'geranium', 'vetiver', 'truffle', 'cedar', 'oak']","It smells like dry wood, warm resin, and slightly sweet plastic, with hints of damp soil and plum."
"['aldehydes', 'galbanum', 'artemisia', 'bergamot', 'neroli', 'gardenia', 'ylang-ylang', 'orange', 'carnation', 'jasmine', 'violet root', 'tuberose', 'rose', 'oakmoss', 'leather', 'civet', 'vetiver', 'patchouli', 'myrrh', 'musk', 'amber', 'coconut']","It smells like warm resin, slightly sweet plastic, and dry wood."
"['apple', 'bergamot', 'ginger', 'lavender', 'sage', 'juniper berries', 'geranium', 'tonka bean', 'amberwood', 'cedar', 'vetiver']","It smells like citrus peel and light florals at first, then shifts into warm resin, dry wood, and skin."
"['sicilian lemon', 'petitgrain', 'neroli', 'cardamom', 'ginger', 'coriander', 'basil', 'oakmoss', 'vetiver', 'cedar']","It smells like a combination of citrus peel and sweet basil, with a subtle hint of damp soil and dry wood."
"['marine notes', 'bergamot', 'rosemary', 'clary sage', 'geranium', 'olibanum', 'patchouli']","It smells like dry leaves, warm resin, and slightly sweet plastic."
"['kumquat', 'aldehydes', 'coriander', 'brazilian rosewood', 'cyclamen', 'cinnamon', 'clary sage', 'labdanum', 'musk', 'ambergris', 'cedar', 'wormwood']","It smells like sweet citrus peel and warm cinnamon, with subtle notes of dry wood and skin."
"['sea notes', 'green mandarin', 'clary sage', 'lavender', 'geranium', 'mineral notes', 'vetiver', 'patchouli']","It smells like green mandarin, damp soil, and wet leaves."
"['mint', 'lemon', 'basil', 'thyme', 'black currant', 'rosemary', 'lavender', 'jasmine', 'lemon verbena', 'musk']","It smells like a burst of citrus, followed by a subtle blend of fresh mint and sweet black currant, finishing with a dry, woody note that's reminiscent of old books."
"['lemon', 'tomato leaf', 'cacao pod', 'cedar', 'white musk', 'vetiver']","It smells like a burst of citrusy freshness, followed by the earthy sweetness of cedar and the subtle muskiness of skin."
"['blood orange', 'juniper berries', 'pimento', 'lemon', 'sicilian lemon', 'cardamom', 'fig nectar', 'lavender', 'geranium', 'clary sage', 'cedar', 'patchouli', 'vetiver', 'cypriol oil or nagarmotha']","It smells like a combination of citrus peel, warm resin, and damp soil, with notes of wet leaves and dry wood."
"['absinthe', 'anise', 'fennel', 'lavender', 'black vanilla husk', 'musk']","It smells like anise and black vanilla husk at first, then sweet lavender and fennel come together like a warm cup of tea."
"['leather', 'tomato leaf', 'vanilla', 'tomato leaf', 'galbanum', 'labdanum', 'orris root', 'clary sage', 'leather', 'vanilla absolute', 'benzoin', 'tolu balsam', 'myrrh', 'opoponax', 'sandalwood', 'musk']","It smells like leather, warm resin, and dry wood."
"['aldehydes', 'mint', 'lavender', 'bergamot', 'mandarin orange', 'lemon', 'artemisia', 'neroli', 'seagrass', 'ginger', 'geranium', 'jasmine', 'cyclamen', 'brazilian rosewood', 'rose', 'musk', 'sandalwood', 'cedar', 'guaiac wood', 'amber']","It smells like citrus peel and light florals at first, then shifts into warm resin and dry wood."
"['bergamot', 'rosemary', 'mint', 'lemon', 'tarragon', 'mandarin orange', 'juniper', 'brazilian rosewood', 'sage', 'bourbon geranium', 'coriander', 'sandalwood', 'musk', 'oakmoss', 'cedar', 'vanilla', 'patchouli', 'ambergris']","It smells like citrus peel and sweet fabric, with notes of dry wood and slightly sweet plastic."
"['juniper', 'bergamot', 'mandarin orange', 'orange blossom', 'woody notes', 'pimento', 'lily-of-the-valley', 'sage', 'musk', 'cardamom']","It smells like citrus peel, followed by a sweet and floral bouquet, and finally settles into a warm, resinous scent with notes of dry wood and skin."
"['cannabis', 'grapefruit', 'black pepper', 'geranium', 'leather', 'vetiver']","It smells like citrusy grapefruit and sweet leather at first, then develops into damp soil and dry wood."
"['star anise', 'rosemary', 'bergamot', 'lavender', 'geranium', 'cloves', 'coumarin', 'patchouli', 'oakmoss', 'vetiver', 'guaiac wood']","It smells like warm resin, damp soil, and dry wood."
"['citron', 'bergamot', 'lavender', 'haitian vetiver', 'elemi']","It smells like citrus peel and sweet lavender, with hints of damp soil and dry wood."
"['lavender', 'brandy', 'immortelle', 'orange', 'juniper berries', 'clary sage', 'bergamot', 'tonka bean', 'vanilla', 'cedar']","It smells like dry wood, warm resin, and slightly sweet plastic, with hints of citrus peel and light florals."
"['juniper berries', 'orange', 'angelica', 'cinnamon', 'pepper', 'cardamom', 'leather', 'orris root', 'vetiver', 'sugar', 'cherry', 'amber']","It smells like warm resin, slightly sweet plastic, and cherry."
"['sicilian mandarin', 'rosemary', 'amyris', 'iris', 'milk chocolate', 'coconut', 'coffee', 'tonka bean', 'agarwood (oud)']","It smells like a sweet and tangy blend of citrus and creamy milk chocolate, with subtle hints of dry wood and warm resin."
"['sage', 'bergamot', 'cardamom', 'lemon', 'mandarin orange', 'carnation', 'patchouli', 'cedar', 'basil', 'orris root', 'jasmine', 'leather', 'oakmoss', 'styrax', 'vetiver', 'amber', 'vanilla', 'coconut']","It smells like warm resin, slightly sweet plastic, and citrus peel."
"['cardamom', 'sage', 'french narcissus', 'haitian vetiver', 'madagascar vetiver', 'vanilla', 'palo santo', 'cedar']","It smells like warm vanilla and sweet French narcissus at first, then dries down to damp soil and dry wood."
"['coriander', 'aldehydes', 'cardamon', 'rhubarb', 'lily-of-the-valley', 'pink rose', 'ambroxan', 'oak moss', 'sandalwood']","It smells like coriander and cardamon at first, then warm resin and dry wood."
"['driftwood', 'seaweed', 'agarwood (oud)', 'ambrette (musk mallow)', 'cardamom', 'celery seeds', 'lemon', 'cypress', 'lavender', 'yellow mandarin', 'myrtle', 'artemisia', 'incense', 'vetiver', 'oak', 'olibanum', 'mastic or lentisque', 'vanilla']","It smells like warm resin, slightly sweet plastic, and dry wood."
"['orange blossom', 'lemon', 'lavender', 'cardamom', 'nutmeg', 'coriander', 'rosemary', 'geranium', 'litchi', 'tonka bean', 'teak wood', 'vetiver']","It smells like a sweet blend of citrus peel, floral notes, and warm resin, with hints of damp soil and dry wood."
"['lemon', 'lavender', 'rosemary', 'neroli', 'cloves', 'geranium', 'clover', 'tobacco', 'sandalwood', 'ambergris']","It smells like citrusy lemon and sweet rosemary at first, then warm resin and dry wood."
"['fern', 'wild berries', 'chamomile', 'leather', 'narcissus', 'lily', 'birch', 'vetiver', 'patchouli']","It smells like damp earth, wild berries, and a hint of warm resin."
"['cypress', 'lemon', 'bergamot', 'green notes', 'basil', 'gardenia', 'cinnamon', 'vetiver', 'patchouli', 'cedar', 'coriander', 'geranium', 'jasmine', 'leather', 'oakmoss', 'benzoin', 'musk', 'amber', 'tonka bean']","It smells like citrus peel and light florals at first, then shifts into damp soil, wet leaves, and slightly sweet plastic."
"['green notes', 'lavender', 'artemisia', 'rosemary', 'bergamot', 'coriander', 'cinnamon', 'neroli', 'pine tree', 'juniper berries', 'carnation', 'tarragon', 'geranium', 'caraway', 'jasmine', 'rose', 'orris root', 'lily-of-the-valley', 'oakmoss', 'leather', 'cedar', 'patchouli', 'sandalwood', 'vetiver', 'musk', 'amber', 'tonka bean', 'coconut']","It smells like citrus peel and light florals at first, then shifts into damp soil, warm resin, and dry wood."
"['absinthe', 'grapefruit', 'mint', 'lavender', 'cypress', 'patchouli']","It smells like dry wood and warm resin at first, then a hint of wet leaves and forest floor."
"['lavender', 'bergamot', 'aldehydes', 'coriander', 'artemisia', 'green notes', 'neroli', 'lemon', 'tarragon', 'carnation', 'cinnamon', 'rose', 'jasmine', 'cyclamen', 'leather', 'oakmoss', 'sandalwood', 'cedar', 'musk', 'patchouli', 'amber']","It smells like warm resin, dry wood, and slightly sweet plastic with a hint of citrus peel and light florals."
"['mint', 'mojito', 'rhuburb', 'rum', 'geranium', 'floral notes', 'vetiver', 'virginia cedar', 'patchouli']","It smells like minty freshness with hints of floral notes and damp soil, then dries down to wet leaves and slightly sweet plastic."
"['geranium', 'tonka bean', 'sandalwood']",It smells like warm spices and dry wood.
"['sea notes', 'bergamot', 'cardamom', 'basil', 'verbena', 'clary sage', 'orris', 'suede', 'woodsy notes', 'vetiver', 'patchouli']","It smells like citrus peel and light florals at first, then shifts into damp soil, wet leaves, and dry wood."
"['green mandarin', 'pepper', 'gin', 'mint', 'juniper berries', 'madagascar vanilla', 'musk']","It smells like a burst of citrusy green mandarin, followed by a subtle hint of warm resin and dry wood, finishing with a sweet and creamy note of Madagascar vanilla."
"['ginger', 'juniper berries', 'bergamot', 'sage', 'lavender', 'geranium', 'vetiver', 'patchouli', 'cedar']","It smells like dry wood, warm resin, and slightly sweet plastic, with hints of ginger and lavender."
"['pineapple', 'lavender', 'lemon', 'juniper berries', 'neroli', 'bergamot', 'cactus', 'ginger', 'sage', 'cardamom', 'violet', 'coriander', 'musk', 'sandalwood', 'mahogany', 'cedar', 'pepper', 'amber', 'vetiver']","It smells like warm pineapple, followed by a blend of citrus peel, lavender, and dry wood, finishing with a subtle hint of skin and fabric."
"['artemisia', 'juniper', 'bergamot', 'lemon', 'green apple', 'caraway', 'basil', 'grapefruit', 'honey', 'lavender', 'rose', 'jasmine', 'sage', 'geranium', 'lily-of-the-valley', 'orris root', 'tobacco', 'oakmoss', 'patchouli', 'sandalwood', 'musk', 'amber', 'cinnamon', 'cedar']","It smells like a combination of citrus peel, warm resin, and dry wood."
"['mint', 'sage', 'geranium', 'patchouli', 'chocolate', 'tonka bean', 'vanilla', 'coffee']","It smells like a combination of fresh mint, wet leaves, and dry wood, with a hint of warm chocolate and a subtle sweetness."
"['lavender', 'asphalt', 'cedar', 'leather']","It smells like dry wood, slightly sweet plastic, and clean laundry."
"['mate', 'black pepper', 'pink pepper', 'cardamom', 'bergamot', 'water lily', 'magnolia', 'rose', 'violet', 'osmanthus', 'jasmine', 'copaiba balm', 'breu-branco', 'myrrh', 'patchouli', 'benzoin', 'olibanum', 'vetiver', 'labdanum', 'coumarin', 'vanilla', 'carrot']","It smells like damp soil, warm resin, and slightly sweet plastic."
"['elemi', 'mandarin orange', 'pink pepper', 'bergamot', 'immortelle', 'heliotrope', 'jasmine', 'iris', 'peru balsam', 'labdanum', 'patchouli', 'musk']","It smells like sweet citrus and floral notes at first, then bergamot and immortelle blend together with a hint of damp earth and forest floor, finishing with warm skin and clean laundry."
"['ylang-ylang', 'rose', 'bergamot', 'orris root', 'jasmine', 'peru balsam']","It smells like citrus peel and light florals at first, then shifts into warm resin and dry wood."
"['jasmine sambac', 'pink grapefruit', 'vanilla flower', 'pink lotus', 'white lotus', 'dragon blood resin', 'sandalwood', 'siam benzoin']","It smells like sweet citrus and jasmine at first, then settles into a warm, slightly sweet plastic and dry wood."
"['absinthe', 'bergamot', 'lemon', 'peru balsam', 'orange blossom', 'spices', 'carnation', 'musk']","It smells like a sweet and tangy citrus, followed by a subtle hint of warm resin and dry wood."
"['cloves', 'pink pepper', 'orange blossom', 'chestnut', 'guaiac wood', 'juniper', 'vanilla', 'peru balsam', 'cashmeran']","It smells like warm resin, slightly sweet plastic, and dry wood."
"['solar notes', 'nectarine', 'yellow freesia', 'mandarin orange', 'grapefruit', 'mirabelle', 'jasmine', 'lily-of-the-valley', 'beeswax', 'vanilla', 'musk', 'cedar', 'neroli']","It smells like citrus peel, warm resin, and dry wood."
"['mandarin orange', 'coffee', 'osmanthus', 'cacao', 'tonka bean']","It smells like a sweet and tangy mandarin orange, followed by the deep, rich aroma of coffee and the floral, slightly sweet scent of osmanthus."
"['orange', 'cacao', 'carambola (star fruit)', 'vanilla']","It smells like sweet orange, followed by the creamy richness of vanilla, and finally, a hint of carambola's tartness."
"['watermelon', 'rose', 'black currant', 'grapefruit', 'dark chocolate', 'cacao', 'coconut', 'musk', 'sandalwood']","It smells like sweet watermelon, followed by a hint of dry wood and a subtle skin-like musk."
"['vanilla', 'vanilla orchid', 'cacao pod', 'rum']","It smells like sweet vanilla, followed by the subtle scent of a cacao pod, and finishing with a hint of rum."
"['lavender', 'mint', 'syringa', 'cacao pod', 'cedar', 'myrrh', 'wheat']","It smells like a mix of fresh mint and sweet lavender, with a subtle hint of dry cedar and warm myrrh."
"['apple', 'peach', 'grapefruit', 'magnolia', 'floral notes', 'lily', 'white chocolate truffle', 'cacao', 'australian sandalwood', 'woody notes', 'musk']","It smells like sweet white chocolate truffle, followed by a subtle floral note and a dry wood finish."
"['black currant', 'rose', 'cacao', 'patchouli']","It smells like sweet black currant and rose petals at first, then earthy patchouli and dry wood notes emerge."
"['cacao', 'dark chocolate', 'tobacco', 'tonka bean', 'musk', 'woodsy notes']","It smells like dark chocolate, warm resin, and dry wood."
"['pink pepper', 'lavender', 'cacao']","It smells like sweet cacao, followed by a subtle hint of dry lavender and a subtle pepperiness."
"['cherry', 'pink pepper', 'cardamom', 'pomelo', 'bergamot', 'mandarin orange', 'black pepper', 'blackberry', 'apricot', 'lotus', 'cacao', 'musk', 'sandalowood', 'amber']","It smells like sweet cherries and warm pomelo, with a hint of dry wood and slightly sweet plastic."
"['apple', 'cassis', 'pineapple', 'cacao', 'iris', 'egyptian jasmine', 'patchouli', 'amber', 'vanilla', 'musk', 'sandalwood']","It smells like sweet pineapple, followed by warm resin and dry wood, finishing with a subtle hint of skin and fabric."
"['cacao', 'milk', 'liquor', 'cacao', 'jasmine', 'lily-of-the-valley', 'coumarin', 'musk', 'cedar']","It smells like warm chocolate, sweet milk, and a hint of cedar."
"['bergamot', 'neroli', 'cacao', 'coconut', 'agarwood (oud)', 'musk']","It smells like a sweet and tangy citrus, followed by a subtle coconut and a dry, woody agarwood, finishing with a sensual musk and a hint of warm cacao."
"['cacao', 'olibanum', 'bergamot', 'nutmeg', 'jasmine', 'anise', 'benzoin', 'madagascar pepper', 'labdanum', 'tobacco', 'cedar', 'haitian vetiver']","It smells like warm resin, slightly sweet plastic, and dry wood."
"['wormwood', 'pink pepper', 'grapefruit', 'tuberose', 'champaca', 'cacao', 'patchouli', 'amber', 'tonka bean', 'vanille']","It smells like warm resin, slightly sweet plastic, and dry wood."
"['cacao', 'dark chocolate', 'hazelnut', 'hazelnut', 'tonka bean']","It smells like rich chocolate, hazelnut, and warm resin."
"['turkish rose', 'cacao pod', 'tonka bean', 'madagascar vanilla', 'dark chocolate', 'agarwood (oud)', 'patchouli', 'sandalwood']","It smells like warm resin, dry wood, and slightly sweet chocolate."
"['hazelnut', 'milk', 'sugar', 'cacao', 'floral notes', 'vanilla']","It smells like warm milk and sweet hazelnut at first, then floral notes and vanilla emerge, finishing with a subtle dry wood."
"['orange', 'marshmallow', 'apple', 'iris', 'jasmine', 'caramel', 'tonka bean', 'sandalwood', 'cacao', 'woody notes', 'amber', 'vanilla', 'musk']","It smells like caramel, orange, and marshmallow at first, then dry wood and slightly sweet plastic, finally finishing with skin and fabric."
"['gardenia', 'cacao', 'vanilla']","It smells like sweet gardenia, followed by the creamy richness of vanilla and the deep, earthy aroma of cacao."
"['cranberry', 'hazelnut', 'jasmine', 'cacao pod', 'amber']","It smells like tart cranberry and warm cacao pod at first, then dry wood and slightly sweet plastic."
"['red fruits', 'red apple', 'orange blossom', 'jasmine', 'cacao', 'vanilla', 'sandalwood', 'musk']","It smells like a combination of sweet red apple and juicy cacao, with hints of warm vanilla and dry sandalwood."
"['caramel', 'powdery notes', 'musk', 'benzoin', 'vanilla']","It smells like warm caramel, powdery notes, and skin."
"['peach', 'mandarin orange', 'orange', 'caramel', 'orange blossom', 'jasmine', 'amber', 'sandalwood', 'guaiac wood', 'cedar']","It smells like juicy peach, sweet mandarin orange, and warm caramel at first, then dries down to dry wood and slightly sweet plastic."
"['violet', 'orange', 'bergamot', 'coffee', 'pear', 'iris', 'orange blossom', 'rose', 'caramel', 'vanilla', 'patchouli']","It smells like a sweet blend of caramel, vanilla, and orange blossom, with undertones of dry wood and wet leaves."
"['wild berries', 'gardenia', 'lily of the valley', 'honeysuckle', 'jasmine sambac', 'vanilla orchid', 'caramel', 'vanilla', 'sandalwood', 'praline']","It smells like sweet berries, followed by warm caramel and a hint of dry wood."
"['mandarin orange', 'clary sage', 'caramel', 'tonka bean', 'vetiver']","It smells like sweet caramel and juicy mandarin orange at first, then dry wood and earthy tonka bean emerge."
"['litchi', 'mandarin orange', 'lily-of-the-valley', 'bergamot', 'tuberose', 'caramel', 'vanila', 'amber', 'sandalwood']","It smells like sweet litchi, followed by the warmth of caramel and vanilla, with a subtle dry wood and slightly sweet plastic undertone."
"['citruses', 'sweet pea', 'caramel', 'benzoin', 'white musk']","It smells like sweet citrus and creamy caramel, with a subtle hint of dry wood and skin."
"['cardamom', 'pimento', 'caramel', 'salt', 'vanilla', 'tobacco', 'cashmeran']","It smells like sweet caramel and vanilla at first, then warm resin and dry wood, with a hint of tobacco and cashmeran."
"['jasmine', 'caramel', 'salt', 'vanilla']","It smells like sweet jasmine and creamy caramel, with a hint of dry salt and a smooth vanilla finish."
"['red apple', 'apricot', 'mandarin orange', 'cinnamon', 'jasmine', 'caramel', 'vanilla', 'sandalwood']","It smells like a sweet and juicy red apple, followed by a hint of warm caramel and a subtle dry wood note."
"['gardenia', 'carnation', 'jasmine', 'patchouli', 'flowers', 'sandalwood', 'sea notes', 'caramel', 'coffee']","It smells like wet leaves, dry wood, and a hint of caramel."
"['caramel', 'bulgarian rose', 'australian sandalwood', 'musk', 'himalayan cedar']","It smells like warm caramel, followed by a subtle hint of dry wood and a sweet, floral musk."
"['pink pepper', 'litchi', 'co2 extracts', 'sicilian bergamot', 'jasmine sambac', 'rose', 'magnolia', 'popcorn', 'caramel', 'cacao', 'salt', 'labdanum']","It smells like sweet rose and litchi at first, then dry wood and warm caramel."
"['orange', 'floral notes', 'violet', 'caramel', 'vanilla', 'moss']","It smells like a sweet combination of caramel and vanilla, with subtle hints of moss and floral notes in the background."
"['sea salt', 'lemon', 'pink pepper', 'jasmine', 'seagrass', 'bay leaf', 'salt', 'caramel', 'brown sugar', 'cedar']","It smells like sea salt, followed by a hint of citrusy lemon, and then a subtle sweetness from caramel and brown sugar."
"['mandarin orange', 'incense', 'bergamot', 'ylang-ylang', 'jasmine', 'iris', 'caramel', 'amber', 'musk', 'vetiver']","It smells like citrusy peel, sweet caramel, and warm resin, with a subtle hint of damp soil."
"['caramel', 'vanilla', 'patchouli']","It smells like caramel and vanilla at first, then warm resin and slightly sweet plastic."
"['caramel', 'milk', 'smoke', 'caramel', 'hinoki incense', 'leather', 'toffee', 'hinoki incense']","It smells like caramel, warm leather, and dry wood, with hints of smoke and hinoki incense."
"['pineapple', 'lime', 'floral notes', 'caramel']","It smells like a sweet and tangy pineapple, followed by a hint of floral notes and a subtle caramel warmth."
"['peach', 'grapefruit', 'bamboo leaf', 'iris', 'orange blossom', 'peony', 'caramel', 'patchouli', 'musk']","It smells like sweet orange blossom and fresh peony at first, then warm caramel and patchouli wet leaves emerge, finishing with a subtle musk skin note."
"['plum', 'mandarin orange', 'lemon', 'pear', 'caramel', 'jasmine', 'salt', 'black orchid', 'coffee blossom', 'orange blossom', 'vanilla', 'amber', 'musk', 'cedar', 'patchouli']","It smells like a sweet and tangy plum, followed by a burst of citrusy lemon and a hint of warm caramel, finishing with a subtle dry wood and skin-like musk."
"['black pepper', 'mandarin orange', 'bergamot', 'heliotrope', 'rose', 'orris', 'caramel', 'moss', 'musk']","It smells like a sweet and tangy combination of citrus peel and marmalade, with subtle hints of moss and skin."
"['apple', 'raspberry', 'passionfruit', 'cherry', 'lily-of-the-valley', 'magnolia', 'rose', 'apricot', 'caramel', 'amber', 'peach', 'musk']","It smells like a mix of sweet cherry and ripe peach at first, then warm resin and slightly sweet plastic, finishing with skin and clean laundry."
"['pistachio', 'coconut water', 'peach blossom', 'black currant', 'caramel', 'salt']","It smells like sweet caramel and juicy peach blossom at first, then warm resin and dry wood."
"['citruses', 'caramel', 'sandalwood']",It smells like citrus peel and caramel.
"['citruses', 'caramel', 'sandalwood']","It smells like a sweet and tangy citrus, followed by a deep caramel note, finishing with a dry and woody scent reminiscent of sandalwood."
"['nutmeg', 'mandarin orange', 'herbal notes', 'pink pepper', 'cardamom', 'caramel', 'cinnamon', 'coffee', 'lily-of-the-valley', 'transparent flowers', 'amber', 'musk', 'sandalwood', 'cacao', 'vanilla', 'tonka bean']","It smells like warm resin, slightly sweet plastic, and dry wood with notes of citrus peel, caramel, and skin."
"['freesia', 'mandarin orange', 'lily', 'peach', 'bergamot', 'magnolia', 'damask rose', 'patchouli', 'lily', 'cedar', 'caramel', 'vanilla', 'musk', 'sandalwood', 'benzoin', 'amber']","It smells like a sweet and tangy combination of citrus peel, warm caramel, and slightly sweet plastic, with a dry wood and pencil shavings dry down."
"['popcorn', 'bergamot', 'caramel', 'chestnut', 'orchid', 'vanilla absolute', 'benzoin', 'virginia cedar']","It smells like caramel, popcorn, and vanilla absolute at first, then dry wood and slightly sweet plastic."
"['bitter orange', 'tangerine', 'stephanotis', 'caramel', 'lemon verbena', 'orchid', 'rose', 'patchouli', 'vanilla', 'mahogany', 'saffron']","It smells like a combination of citrus peel, warm resin, and dry wood."
"['chinotto', 'orange blossom', 'caramel', 'vanilla']","It smells like sweet orange blossom, followed by a drizzle of caramel, and finishing with a warm, dry wood note."
"['coconut', 'fruits', 'bergamot', 'frangipani', 'gardenia', 'white flowers', 'caramel', 'amber']","It smells like sweet caramel, warm resin, and tropical white flowers."
"['floral notes', 'cassia', 'rose', 'caramel', 'tonka bean']","It smells like floral notes and rose, with a sweet caramel and tonka bean lingering in the background."
"['litchi', 'peach', 'freesia', 'orange', 'melon', 'jasmine', 'lily', 'heliotrope', 'orange blossom', 'magnolia', 'caramel', 'vanilla', 'sandalwood', 'patchouli', 'musk', 'vetiver', 'moss']","It smells like juicy peach and sweet orange blossom at first, then dries down to damp soil, wet leaves, and dry wood."
"['caramel', 'peach', 'rose', 'violet', 'vanilla', 'musk']","It smells like sweet caramel, ripe peach, and warm vanilla, with hints of dry wood and skin."
"['pomegranate', 'blackberry blossom', 'jasmine', 'caramel']","It smells like sweet caramel and juicy blackberries at first, then warm resin and dry wood."
"['pear', 'apple', 'mandarin orange', 'sandalwood', 'violet', 'freesia', 'caramel', 'musk', 'ambergris']","It smells like caramel and mandarin orange at first, then dry wood and skin."
"['caramel', 'green apple', 'lily']","It smells like sweet caramel and fresh green apple at first, then settles into a subtle lily note."
"['wild berries', 'freesia', 'bergamot', 'orchid', 'orange blossom', 'jasmine', 'caramel', 'musk', 'vanilla absolute', 'patchouli']","It smells like sweet orange blossom and juicy wild berries at first, then warm caramel and musky skin, finally settling into a dry wood and forest floor."
"['pink pepper', 'citruses', 'davana', 'rum', 'blackberry', 'caramel', 'white flowers', 'osmanthus', 'cherry blossom', 'evernyl', 'amber', 'oakmoss']","It smells like sweet cherry blossom and white flowers at first, then warm resin and slightly sweet plastic, finishing with a hint of dry wood."
"['nutmeg', 'caramel', 'vanilla', 'spices', 'incense', 'tobacco blossom', 'white musk']","It smells like warm resin, slightly sweet plastic, and dry wood."
"['blackberry', 'pink grapefruit', 'pink pepper', 'champagne', 'jasmine sambac', 'orange blossom', 'musk', 'vetiver']","It smells like blackberry and pink grapefruit at first, then warm resin and dry wood."
"['champagne', 'apricot', 'black orchid', 'pepper', 'whipped cream', 'mahogany', 'sandalwood']","It smells like champagne and apricot initially, with a subtle dry wood and pencil shavings undertone that deepens into a warm resin and slightly sweet plastic."
"['bitter almond', 'black cherry', 'cherry liqueur', 'sour cherry', 'plum', 'turkish rose', 'jasmine sambac', 'vanilla', 'tonka bean', 'cinnamon', 'peru balsam', 'benzoin', 'sandalwood', 'cloves', 'cedar', 'patchouli', 'vetiver']","It smells like warm cherry liqueur, followed by damp soil and dry wood, with a hint of skin and slightly sweet plastic."
"['rose', 'green notes', 'jasmine', 'sour cherry', 'apple', 'orange blossom', 'black currant', 'white musk', 'patchouli', 'white amber']","It smells like a combination of sweet rose and sour cherry, with a subtle hint of warm resin and dry wood."
"['cherry', 'pink pepper', 'bergamot', 'violet', 'freesia', 'jasmine', 'tonka bean', 'vanilla', 'amber', 'sandalwood']","It smells like cherry and warm vanilla at first, then bergamot and freesia, finishing with dry wood and slightly sweet plastic."
"['sour cherry', 'saffron', 'leather', 'olive', 'chinese osmanthus', 'apricot', 'smoke', 'woody notes', 'cypriol oil or nagarmotha']","It smells like sour cherry and leather initially, with notes of smoke and woody dryness emerging later."
"['cherry', 'almond', 'pink pepper', 'cherry blossom', 'violet', 'magnolia', 'vanilla', 'tonka bean', 'sandalwood']","It smells like cherry blossom and vanilla at first, then sweet tonka bean and dry sandalwood."
"['cherry', 'pink pepper', 'bergamot', 'violet', 'jasmine', 'freesia', 'tonka bean', 'amber', 'sandalwood', 'musk']","It smells like cherry and pink pepper at first, then warm resin and dry wood, with a subtle hint of skin."
"['cherry', 'spices', 'coffee', 'white tobacco', 'patchouli', 'atlas cedar', 'rose', 'tonka bean', 'amber', 'musk']","It smells like sweet cherry, warm spices, and freshly brewed coffee."
"['cherry', 'sour cherry', 'almond', 'rum', 'black pepper', 'bergamot', 'ink', 'red wine', 'myrrh', 'damask rose', 'cinnamon', 'mimosa', 'jasmine', 'lily-of-the-valley', 'tonka bean', 'musk', 'vanilla bean', 'benzoin', 'precious woods', 'amber', 'patchouli', 'agarwood (oud)']","It smells like cherry and warm resin at first, then bergamot and lily-of-the-valley, finally settling into dry wood and slightly sweet plastic."
"['maraschino cherry', 'coffee', 'musk', 'woody notes']","It smells like a sweet and tangy maraschino cherry, followed by a strong cup of coffee, and finishing with a sensual musk and woody notes that evoke a warm, dry forest floor."
"['blackberry', 'bitter orange', 'neroli', 'bergamot', 'cherry', 'jasmine', 'orange blossom', 'gardenia', 'peony', 'vanilla', 'almond', 'sandalowood', 'amber', 'patchouli']","It smells like sweet cherry and warm vanilla at first, then bergamot and orange blossom unfold, finishing with dry wood and slightly sweet plastic."
"['black cherry', 'raspberry', 'jasmine', 'rose', 'mimosa', 'vanilla', 'birch', 'vetiver']","It smells like sweet cherry and ripe raspberry at first, then warm vanilla and dry wood emerge, finishing with a subtle hint of damp soil."
"['sicilian lemon', 'jasmine', 'orange', 'black cherry', 'heliotrope', 'amber', 'woody notes']","It smells like a balance of bright citrus and sweet orange, with underlying notes of warm resin and dry wood."
"['cherry', 'violet leaves', 'chamomile', 'geranium', 'rose', 'mimosa', 'amber', 'blonde woods', 'cedarwood']","It smells like warm resin, slightly sweet plastic, and dry wood."
"['cherry', 'pepper', 'lactones', 'oud', 'incense', 'benzoin', 'cypriol oil or nagarmotha', 'labdanum', 'moss']","It smells like sweet cherry and warm resin, with hints of damp moss and dry wood."
"['cherry', 'pepper', 'incense', 'agarwood (oud)', 'patchouli', 'moss', 'benzoin']","It smells like sweet cherry and damp moss at first, then warm incense and dry wood emerge, with a subtle hint of skin and fabric lingering in the background."
"['cherry', 'watermelon', 'bergamot', 'violet', 'sandalwood', 'rose', 'violet leaf', 'amber', 'musk', 'virginia cedar']","It smells like warm resin, dry wood, and skin."
"['cherry', 'saffron', 'black pepper', 'black leather', 'violet', 'jasmine', 'tonka bean', 'palo santo', 'patchouli', 'heliotrope']","It smells like sweet cherry and fresh violet at first, then warm resin and slightly sweet plastic, finishing with dry wood and skin."
"['cherry', 'rum', 'saffron', 'nutmeg', 'cinnamon', 'rose', 'jasmine', 'vanilla', 'tonka bean', 'ambroxan', 'sandalwood', 'oak', 'benzoin', 'patchouli', 'cypress']","It smells like sweet cherry and warm cinnamon at first, then a dry wood and slightly sweet plastic, finishing with a hint of skin and fabric."
"['sour cherry', 'wheat', 'red apple', 'jasmine', 'beeswax', 'lavender', 'cherry', 'heliotrope', 'musk', 'ambergris']","It smells like sweet cherry and warm wheat, with a hint of dry beeswax and a subtle muskiness like clean laundry."
"['cherry', 'tuberose', 'pomegranate', 'rose', 'powdery notes']","It smells like sweet cherry and juicy pomegranate at first, then powdery rose petals and subtle tuberose notes emerge."
"['cherry', 'almond', 'bergamot', 'smoke', 'rose', 'tea', 'iris', 'leather', 'patchouli', 'tonka bean']","It smells like cherry and rose at first, then dries down to leather and wet leaves."
"['pink pepper', 'bergamot', 'mandarin orange', 'rose', 'jasmine', 'lily-of-the-valley', 'musk', 'amber', 'cherry liqueur']","It smells like a sweet blend of mandarin orange and rose at first, followed by a subtle hint of lily-of-the-valley and a warm, resinous dry wood."
"['cherry', 'bitter almond', 'liquor', 'plum', 'almond', 'peru balsam', 'damask rose', 'jasmine', 'cherry', 'vanilla', 'cedar', 'sandalwood', 'patchouli']","It smells like sweet cherry and ripe plum at first, then warm vanilla and dry wood emerge, finishing with a subtle hint of wet leaves."
"['cherry', 'cherry blossom', 'musk', 'woody notes']","It smells like cherry blossoms, sweet and floral, with a subtle hint of skin and clean laundry."
"['milk', 'cacao', 'almond', 'cloves', 'lime', 'cherry', 'raspberry', 'jasmine', 'vanilla', 'amber']","It smells like warm milk, sweet cherries, and a hint of dry wood."
"['maraschino cherry', 'pink pepper', 'mandarin orange', 'gardenia', 'amaryllis', 'jasmine', 'vanilla', 'musk', 'sandalwood']","It smells like maraschino cherry, warm resin, and dry wood."
"['cherry', 'bitter almond', 'rose', 'pistachio', 'cherry blossom', 'heliotrope', 'vanilla', 'musk', 'sandalwood', 'tonka bean', 'cedar']","It smells like cherry blossom, dry wood, and skin."
"['green tea', 'bergamot', 'cherry', 'lilac', 'jasmine', 'powdery notes']","It smells like green tea and cherry initially, with powdery notes in the background, then lilac and jasmine emerge, finishing with a subtle dry wood and skin undertone."
"['sour cherry', 'cherry', 'pistachio', 'cherry blossom', 'almond', 'sandalwood', 'musk']","It smells like sweet cherry and tart cherry blossom at first, then dry wood and skin."
"['cherry', 'rose petals', 'musk']","It smells like sweet cherry and rose petals at first, then settles into a subtle musk."
"['cherry', 'strawberry', 'heliotrope', 'iris', 'cedar', 'hay', 'rose', 'olibanum', 'agarwood (oud)', 'sandalwood']","It smells like sweet cherry and fresh hay at first, then dry wood and slightly sweet plastic."
"['black cherry', 'sour cherry', 'cherry liqueur', 'almond', 'raspberry', 'plum', 'damask rose', 'jasmine sambac', 'cloves', 'patchouli', 'vanilla', 'vetiver', 'cedar']","It smells like sweet cherry and warm vanilla at first, then a hint of damp soil and dry wood emerges, finishing with a subtle skin note."
"['neroli', 'coconut', 'peach', 'cherry', 'dark chocolate', 'jasmine', 'sandalwood', 'musk']","It smells like sweet peach and creamy coconut at first, then warm resin and dry wood emerge, finishing with a subtle hint of skin."
"['cherry extract', 'liquor', 'bitter almond', 'sour cherry', 'turkish rose', 'jasmine sambac', 'tonka bean', 'peru balsam', 'sandalwood', 'vetiver', 'cedar']","It smells like cherry extract, warm resin, and dry wood."
"['bergamot', 'cherry', 'rose', 'cassis', 'guarana', 'iris', 'black vanilla husk', 'patchouli', 'amber', 'white musk']","It smells like citrusy cherry and sweet rose at first, then warm resin and slightly sweet plastic, finishing with skin and fabric."
"['peach', 'black currant', 'mandarin orange', 'bergamot', 'dark chocolate', 'rose', 'violet', 'vanilla', 'white musk', 'cedar']","It smells like sweet peach and mandarin orange at first, then bergamot and dark chocolate notes emerge, followed by subtle hints of skin and dry wood."
"['dark chocolate', 'jasmine', 'teak wood', 'cedar', 'chocolate', 'milk', 'vanilla', 'musk']","It smells like dark chocolate and milk at first, then warm resin and slightly sweet plastic, finishing with skin and clean laundry."
"['mandarin orange', 'chocolate', 'chocolate flower', 'vanilla']","It smells like sweet citrus and creamy vanilla, with a hint of warm chocolate and a subtle dry wood note."
"['milk chocolate', 'green apple', 'mandarin orange', 'dark chocolate', 'vanilla flower', 'sandalwood', 'white musk', 'praline']","It smells like milk chocolate, green apple, and praline with notes of dry wood and skin."
"['watermelon', 'mandarin orange', 'bergamot', 'lotus', 'jasmine', 'rose', 'mexican chocolate', 'rice', 'patchouli']","It smells like sweet watermelon and juicy mandarin orange, with hints of damp wet leaves and dry wood."
"['chocolate', 'plum', 'bergamot', 'iris', 'ambrette (musk mallow)', 'osmanthus', 'jasmine', 'rose', 'oakmoss', 'vanilla', 'amber', 'musk', 'leather', 'patchouli']","It smells like warm chocolate, followed by the sweetness of vanilla and the subtle earthiness of oakmoss, with a dry leather finish."
"['blood orange', 'calabrian bergamot', 'dark chocolate', 'coffee', 'madagascar vanilla', 'pancake', 'maple sap']","It smells like a combination of sweet maple sap, dark chocolate, and a hint of freshly brewed coffee."
"['dark chocolate', 'italian mandarin', 'brazilian orange', 'hazelnut', 'amberwood', 'tahitian vanilla', 'musk', 'ambergris']","It smells like rich dark chocolate and sweet Italian mandarin, with hints of warm amberwood and a subtle musk."
"['peach', 'citruses', 'plum', 'bergamot', 'mandarin orange', 'cinnamon', 'jasmine', 'lily-of-the-valley', 'vanille', 'sandalwood', 'amber', 'musk']","It smells like a sweet peach and citrusy mandarin orange at first, then warm resin and slightly sweet plastic, finishing with dry wood and skin."
"['cinnamon', 'tangerine', 'plum', 'mimosa', 'amber', 'patchouli']","It smells like warm resin, slightly sweet plastic, and dry wood."
"['bergamot', 'cinnamon', 'juniper berries', 'incense']","It smells like citrusy orange peel and warm cinnamon at first, then bergamot and juniper berries blend together like a sweet and earthy forest floor."
"['cinnamon', 'pomelo', 'neroli', 'tobacco']",It smells like warm resin and slightly sweet plastic with a hint of citrus peel.
"['apple', 'violet leaf', 'bergamot', 'cinnamon', 'pink pepper', 'geranium', 'musk', 'cedar', 'amber']","It smells like a sweet and tangy combination of apple and bergamot, with hints of warm resin and dry wood."
"['bergamot', 'lavender', 'cinnamon', 'leather', 'mimosa', 'guaiac wood', 'tobacco', 'opoponax', 'oakmoss']","It smells like citrus peel and warm resin, followed by dry wood and slightly sweet fabric."
"['mandarin orange', 'patchouli', 'bergamot', 'cinnamon', 'amber', 'virginia cedar', 'leather', 'musk', 'woodsy notes']","It smells like warm resin, slightly sweet plastic, and dry wood."
"['sicilian lemon', 'apple', 'cedar', 'bellflower', 'bamboo', 'jasmine', 'white rose', 'cedar', 'musk', 'amber']","It smells like a sweet and tangy Sicilian lemon, followed by a subtle hint of warm resin and slightly sweet plastic, with a dry wood and pencil shavings dry down."
"['orange', 'mandarin orange', 'bergamot', 'orange blossom', 'turkish rose', 'jasmine', 'mimosa', 'ylang-ylang', 'patchouli', 'white musk', 'vanilla', 'vetiver', 'tonka bean', 'opoponax']","It smells like a combination of citrus peel, warm resin, and dry wood, with notes of wet leaves and skin."
"['orange', 'grapefruit', 'pepper', 'pelargonium', 'flint', 'vetiver', 'cedar', 'patchouli', 'benzoin']","It smells like citrus peel, wet leaves, and dry wood."
"['lime', 'lemon', 'bergamot', 'jasmine', 'orange', 'mandarin orange', 'neroli', 'sea notes', 'jasmine', 'calone', 'rosemary', 'peach', 'freesia', 'hiacynth', 'cyclamen', 'violet', 'coriander', 'rose', 'nutmeg', 'mignonette', 'white musk', 'cedar', 'oakmoss', 'patchouli', 'amber']","It smells like citrusy orange and sweet jasmine at first, then warm resin and dry wood, finishing with a subtle hint of skin and fabric."
"['grapefruit', 'lemon', 'mint', 'pink pepper', 'ginger', 'nutmeg', 'jasmine', 'iso e super', 'incense', 'vetiver', 'cedar', 'sandalwood', 'patchouli', 'labdanum', 'white musk']","It smells like a combination of citrus peel, damp soil, and fresh mint at first, then dries down to warm resin and dry wood."
"['lemon', 'green notes', 'bergamot', 'mandarin orange', 'pineapple', 'cardamom', 'papaya', 'lily-of-the-valley', 'jasmine', 'violet', 'rose', 'nutmeg', 'orris root', 'freesia', 'green accord', 'musk', 'cedar', 'sandalwood', 'oakmoss', 'green tea', 'amber']","It smells like citrus peel and warm resin, then bergamot and green tea, finally settling into dry wood and skin."
"['lemon', 'pineapple', 'bergamot', 'black currant', 'apple', 'birch', 'jasmine', 'rose', 'musk', 'ambergris', 'patchouli', 'vanilla']","It smells like a combination of citrusy lemon and sweet vanilla, with subtle notes of warm resin and dry wood."
"['citruses', 'bergamot', 'lemon', 'cedar', 'mandarin orange', 'iris', 'patchouli', 'vetiver', 'jasmine', 'rose', 'vanilla', 'incense', 'leather', 'opoponax', 'civet', 'sandalwood', 'tonka bean', 'musk']","It smells like citrus peel, wet leaves, and dry wood."
"['lemon', 'bergamot', 'neroli', 'rose de mai', 'hyacinth', 'cedar', 'clary sage', 'geranium', 'tonka bean', 'musk', 'amber']","It smells like citrus peel, warm resin, and slightly sweet fabric."
"['yuzu', 'lemon', 'bergamot', 'lemon verbena', 'mandarin orange', 'cypress', 'calone', 'coriander', 'tarragon', 'sage', 'blue lotus', 'nutmeg', 'lily-of-the-valley', 'bourbon geranium', 'saffron', 'ceylon cinnamon', 'mignonette', 'tahitian vetiver', 'musk', 'cedar', 'sandalwood', 'amber', 'tobacco']","It smells like citrus peel, warm resin, and dry wood."
"['amalfi lemon', 'lime', 'granny smith apple', 'praline', 'peony', 'datura', 'apple tree', 'musk', 'virginia cedar']","It smells like a burst of citrus, followed by a sweet and slightly tart granny smith apple, and finishing with warm musk and dry wood."
"['italian orange', 'jasmine', 'bitter orange', 'jasmine', 'orange blossom', 'ginger', 'honey', 'vanilla', 'sandalwood']","It smells like a combination of sweet orange and honey at first, followed by a subtle jasmine and a dry wood note that lingers."
"['grapefruit', 'lemon', 'mint', 'pink pepper', 'bergamot', 'aldehydes', 'coriander', 'ginger', 'nutmeg', 'jasmine', 'melon', 'incense', 'amber', 'cedar', 'sandalwood', 'patchouli', 'amberwood', 'labdanum']","It smells like a combination of zesty grapefruit, warm resin, and dry wood, with a subtle hint of wet leaves in the background."
"['lemon', 'bergamot', 'carambola (star fruit)', 'cardamom', 'brazilian rosewood', 'cedar', 'tarragon', 'sage', 'pepper', 'musk', 'woodsy notes', 'saffron', 'amber', 'sycamore']","It smells like a burst of citrus, followed by a subtle sweetness from star fruit and a hint of warm resin from cedar and amber."
"['black currant', 'orange', 'mandarin orange', 'grapefruit', 'cassia', 'bergamot', 'rose', 'apricot', 'jasmine', 'lily', 'lily-of-the-valley', 'vanilla', 'tonka bean', 'musk', 'amber', 'virginia cedar']","It smells like sweet citrus and fresh florals at first, then warm resin and slightly sweet plastic, finishing with a hint of dry wood."
"['lemon', 'bergamot', 'mint', 'orange peel', 'rhubarb', 'jasmine', 'oakmoss', 'musk', 'fennel', 'carnation', 'white amber', 'green tea', 'jasmine', 'oakmoss', 'musk', 'celery seeds', 'caraway', 'cloves', 'amber']","It smells like citrusy orange peel, followed by a subtle blend of warm resin and slightly sweet fabric, finishing with a dry wood and pencil shavings note."
"['grapefruit', 'green mango', 'tomato', 'carrot', 'lotus', 'bulrush', 'orange', 'hiacynth', 'peony', 'musk', 'iris', 'incense', 'labdanum', 'cinnamon']","It smells like a combination of sweet orange and tart grapefruit, followed by a subtle hint of dry wood and a lingering whisper of skin."
"['orange', 'sea notes', 'aldehydes', 'blood mandarin', 'pepper', 'neroli', 'cedar', 'vanilla', 'tonka bean', 'white musk', 'amber', 'vetiver', 'elemi resin']","It smells like a combination of citrus peel, warm resin, and dry wood, with hints of skin and slightly sweet plastic."
"['grapefruit', 'orange', 'lemon', 'red currant', 'sugar cane', 'bulrush', 'lily-of-the-valley', 'tea rose', 'cinnamon', 'musk', 'cedar', 'thanaka wood']","It smells like a sweet and tangy grapefruit, followed by a subtle hint of warm resin and dry wood, finishing with a gentle whisper of skin and fabric."
"['sea notes', 'grapefruit', 'mandarin orange', 'bay leaf', 'jasmine', 'ambergris', 'guaiac wood', 'oakmoss', 'patchouli']","It smells like a combination of citrusy grapefruit and sweet mandarin orange, with a subtle hint of damp forest floor and warm resin."
"['lemon', 'bergamot', 'star anise', 'olive blossom', 'guaiac wood', 'leather', 'tonka bean', 'tobacco']","It smells like citrus peel, warm resin, and dry wood."
"['bergamot', 'citruses', 'green mandarin', 'fig', 'pear', 'cardamom', 'lily', 'jasmine', 'narcissus', 'virginia cedar', 'musk', 'olive tree', 'sandalwood']","It smells like citrus peel, green mandarin, and fig initially, then bergamot and cardamom emerge, followed by dry wood and skin."
"['mandarin orange', 'madagascar pepper', 'lemon', 'chinotto', 'rosemary', 'geranium', 'rose', 'pepperwood\x99', 'vanilla', 'tonka bean', 'sandalwood', 'texas cedar', 'patchouli', 'oakmoss']","It smells like a combination of sweet mandarin orange, warm vanilla, and earthy patchouli, with hints of dry wood and forest floor."
"['lemon verbena', 'iris', 'violet leaf', 'ambergris', 'sandalwood']","It smells like warm resin, dry wood, and slightly sweet plastic, with a hint of citrus peel and light florals."
"['bergamot', 'mandarin orange', 'green tea', 'black currant', 'musk', 'sandalwood', 'petitgrain', 'galbanum']","It smells like citrusy bergamot and sweet mandarin orange, then a hint of green tea, followed by a dry wood and musky skin."
"['mandarin orange', 'orange', 'petitgrain', 'seaweed', 'lavender', 'cotton flower', 'virginia cedar', 'woodsy notes', 'patchouli', 'clary sage', 'amber']","It smells like a combination of juicy mandarin orange and sweet cotton flower at first, then dries down to warm resin and slightly sweet plastic."
"['green notes', 'grapefruit', 'spices', 'bergamot', 'lavender', 'petitgrain', 'ginger', 'violet', 'gardenia', 'sage', 'musk', 'sandalwood', 'incense', 'vetiver', 'guaiac wood', 'labdanum']","It smells like citrus peel and light florals at first, then shifts into damp soil, dry wood, and slightly sweet plastic."
"['orange', 'blood grapefruit', 'indian mandarin', 'bergamot', 'apple', 'plum', 'lily-of-the-valley', 'freesia', 'orchid', 'rose', 'mimosa', 'lily', 'magnolia', 'musk', 'amber']","It smells like a combination of citrus peel, sweet orange, and fresh apple, with a subtle hint of warm resin and slightly sweet plastic."
"['pink grapefruit', 'sicilian bergamot', 'red currant leaf', 'cactus', 'orchid', 'vanilla', 'red cedar', 'amber']","It smells like pink grapefruit, followed by warm resin and slightly sweet plastic, finishing with dry wood and pencil shavings."
"['blood orange', 'bergamot', 'lavender', 'cinnamon', 'licorice', 'jasmine', 'caramel', 'vanille', 'musk']","It smells like blood orange, followed by lavender and caramel, then a sweet and musky skin note."
"['blood orange', 'black currant', 'clementine', 'pear', 'mandarin orange', 'ginger', 'ginger flower', 'tuberose', 'freesia', 'hibiscus seed', 'vanilla', 'sandalwood', 'musk', 'california cedar']","It smells like a combination of sweet citrus, like a clementine, and slightly tart black currant, with a subtle hint of dry wood and warm resin."
"['clementine', 'bitter orange', 'orange blossom', 'green tea', 'ivy', 'mandarin orange', 'basil', 'chamomile', 'peony', 'sandalwood', 'amber']","It smells like citrus peel, warm resin, and dry wood."
"['coconut', 'lime', 'white bergamot', 'sicilian mandarin', 'ginger', 'ylang-ylang', 'indian jasmine', 'hibiscus', 'white rum', 'sugar cane', 'musk']","It smells like sweet citrus, tropical flowers, and creamy coconut at first, then warm resin and dry wood, finishing with a subtle hint of skin."
"['bitter orange', 'red currant', 'pink pepper', 'green tea', 'peony', 'jasmine', 'violet', 'cedar', 'musk', 'oakmoss', 'amber']","It smells like warm resin, tree sap, and slightly sweet plastic at first, then shifts into damp soil and green tea."
"['bergamot', 'mandarin orange', 'lemon', 'bitter orange', 'lavender', 'rosemary', 'myrtle', 'african orange flower', 'neroli', 'jasmine', 'pitosporum', 'amber', 'angelica', 'ambrette (musk mallow)']","It smells like a combination of citrus peel, warm resin, and slightly sweet plastic, with a subtle hint of dry wood."
"['apple tree blossom', 'mandarin orange', 'camelia', 'black currant', 'lemon', 'honeysuckle', 'grapefruit', 'rose', 'lily', 'mint', 'violet', 'magnolia', 'jasmine', 'cedar', 'sandalwood', 'leather']","It smells like a sweet combination of citrusy lemon and floral rose, with a subtle hint of dry wood and warm resin."
"['orange', 'grapefruit', 'flint', 'woodsy notes', 'oak moss', 'benzoin']","It smells like a combination of juicy orange and tart grapefruit, with a subtle hint of damp earth and dry wood."
"['lemon', 'rosemary', 'bergamot', 'neroli', 'pineapple', 'jasmine', 'oakmoss', 'cyclamen', 'coriander', 'musk', 'oakmoss', 'cedar', 'sandalwood', 'cardamom', 'brazilian rosewood', 'tonka bean']","It smells like a mix of citrusy lemon and sweet rosemary, with a subtle hint of warm cedar and dry wood."
"['grapefruit', 'bergamot', 'sicilian mandarin', 'juniper', 'pepper', 'rosemary', 'brazilian rosewood', 'musk', 'incense', 'oakmoss']","It smells like a combination of tart grapefruit and sweet sicilian mandarin, with a subtle undertone of dry wood and a hint of skin."
"['grapefruit', 'bergamot', 'citron', 'lemon', 'fig nectar', 'jasmine', 'pink pepper', 'fig tree', 'cedar', 'benzoin']","It smells like a sweet and tangy citrus blend, followed by a subtle floral hint, and finally settles into a warm, resinous dry wood."
"['lemon', 'peach', 'ginger', 'mandarin orange', 'lavender', 'bergamot', 'pepper', 'cedar', 'patchouli', 'vetiver', 'brazilian rosewood', 'rose', 'jasmine', 'gardenia', 'freesia', 'anise', 'vanilla', 'tonka bean', 'sandalwood', 'coconut', 'amber', 'benzoin', 'musk', 'leather', 'oakmoss']","It smells like citrus peel, warm resin, and dry wood."
"['amalfi lemon', 'pear', 'bergamot', 'neroli', 'mimosa', 'freesia', 'water lily', 'african orange flower', 'musk', 'guaiac wood', 'amber']","It smells like a combination of citrusy Amalfi lemon, sweet pear, and slightly sweet African orange flower, with a subtle dry wood and warm resin undertone."
"['aldehydes', 'lemon', 'neroli', 'mandarin orange', 'bergamot', 'orange', 'lime', 'ylang-ylang', 'jasmine', 'may rose', 'white musk', 'orris root', 'cedar', 'vanila']","It smells like a blend of citrusy lemon and sweet mandarin orange, with hints of warm vanilla and soft musk."
"['lemon', 'mandarin orange', 'peach', 'passionfruit', 'bergamot', 'honeysuckle', 'jasmine', 'magnolia', 'freesia', 'water lily', 'orange blossom', 'peony', 'may rose', 'vanilla', 'sandalwood', 'amber', 'vetiver', 'patchouli']","It smells like citrus peel, warm resin, and dry wood."
"['fruity notes', 'yuzu', 'amalfi lemon', 'jasmine', 'african orange flower', 'lotus', 'vanille', 'sandalwood', 'patchouli', 'virginia cedar']","It smells like a combination of sweet citrus, like a burst of Amalfi lemon, followed by a subtle floral note, like the delicate petals of jasmine, and finally settles into a warm, dry wood scent, reminiscent of sandalwood."
"['orange', 'bergamot', 'grapefruit', 'litchi', 'rose', 'italian jasmine', 'patchouli', 'tahitian vetiver', 'bourbon vanilla', 'white musk']","It smells like a combination of juicy orange and sweet grapefruit, with subtle hints of damp soil and forest floor."
"['calabrian bergamot', 'grapefruit blossom', 'musk']","It smells like a sweet and tangy citrus, followed by a subtle musk and a hint of dry wood."
"['grapefruit', 'bergamot', 'pink pepper', 'water notes', 'lavender', 'cardamom', 'white musk', 'white woods', 'cashmere wood', 'oakmoss']","It smells like a combination of citrusy grapefruit and sweet lavender at first, followed by a subtle dry wood and a hint of cashmere softness."
"['grapefruit', 'lemon', 'watery notes', 'white flowers', 'gardenia', 'green notes', 'sweet pea', 'musk', 'woody notes']","It smells like sweet grapefruit and white flowers at first, then dries down to musky skin and dry wood."
"['bergamot', 'ginger', 'mandarin orange', 'cardamom', 'lily', 'jasmine', 'violet leaf', 'pink pepper', 'rose', 'peony', 'black currant', 'woody notes', 'oakmoss', 'white musk', 'palisander rosewood', 'amber', 'vanilla', 'praline']","It smells like bergamot and mandarin orange at first, then warm resin and slightly sweet plastic, finishing with dry wood and skin."
"['grapefruit', 'pineapple', 'bergamot', 'orange', 'rose', 'freesia', 'red apple', 'lotus', 'hyacinth', 'gardenia', 'lily-of-the-valley', 'violet', 'orris', 'patchouli', 'cedar', 'musk', 'amber', 'incense', 'pine']","It smells like a combination of citrusy orange, sweet pineapple, and tart grapefruit, with a subtle undertone of warm resin and slightly sweet plastic."
"['amalfi lemon', 'bergamot', 'neroli', 'magnolia', 'jasmine', 'iris', 'musk']","It smells like citrus peel, followed by sweet magnolia and a subtle hint of skin, with a dry wood undertone."
"['neroli', 'bergamot', 'petitgrain', 'african orange flower', 'musk']","It smells like a combination of citrusy bergamot and sweet African orange flower, with a subtle muskiness that evokes clean laundry, followed by a dry, woody undertone reminiscent of pencil shavings."
"['sicilian mandarin', 'watery notes', 'neroli', 'olibanum', 'indonesian patchouli leaf']","It smells like a sweet and tangy Sicilian mandarin, followed by a hint of neroli and a dry, woody undertone of olibanum, with a subtle earthy depth of Indonesian patchouli leaf."
"['sicilian orange', 'calabrian bergamot', 'lemon', 'rose', 'fruity notes', 'jasmine', 'patchouli', 'madagascar vanilla', 'tonka bean', 'white musk', 'labdanum']","It smells like a combination of sweet citrus, like a Sicilian orange, and a hint of warm vanilla, with a subtle undertone of damp soil and forest floor."
"['lavender', 'lemon zest', 'amalfi lemon', 'lavender', 'earthy notes', 'apple', 'smoke', 'patchouli', 'vanilla', 'lavender', 'vetiver']","It smells like lavender and lemon zest at first, then earthy notes and dry wood, finishing with warm resin and slightly sweet vanilla."
"['mandarin orange', 'lime', 'sea notes', 'lemon', 'green notes', 'freesia', 'jasmine', 'lily-of-the-valley', 'rose', 'cypress', 'musk', 'cedar', 'guaiac wood']","It smells like citrus peel, followed by a sweet floral bouquet, and finally settles into a dry wood and clean fabric scent."
"['pink pepper', 'mandarin orange', 'cardamom', 'bergamot', 'tea', 'iris', 'bellflower', 'white musk', 'vetiver', 'cedar']","It smells like a sweet combination of mandarin orange and pink pepper, with subtle notes of dry wood and skin."
"['lemon', 'orange', 'grapefruit', 'bergamot', 'pear', 'green notes', 'rose', 'magnolia', 'false jasmine', 'jasmine', 'honeysuckle', 'lily-of-the-valley', 'musk', 'patchouli', 'amber']","It smells like citrusy lemon, followed by sweet rose and lily-of-the-valley, then warm resin and slightly sweet plastic."
"['lemon', 'granny smith apple', 'jasmine', 'marigold', 'musk', 'amberwood']","It smells like a bright citrus, followed by a subtle floral sweetness, and finally a warm resin and dry wood."
"['bergamot', 'mandarin orange', 'jasmine', 'grasse rose', 'peach', 'cassis', 'white musk', 'sandalwood', 'cedar', 'patchouli', 'benzoin']","It smells like a sweet blend of citrus peel and floral notes, with a subtle hint of warm resin and dry wood."
"['sicilian lemon', 'pomegranate', 'calabrian bergamot', 'lemon blossom', 'jasmine sambac', 'jasmine', 'peony', 'musk', 'ambroxan', 'woodsy notes', 'sandalwood']","It smells like a burst of citrus and sweet florals, followed by a subtle musk and dry wood notes."
"['grapefruit', 'freesia', 'orange', 'bergamot', 'pomegranate', 'lotus', 'watermelon', 'pineapple', 'lily-of-the-valley', 'white musk', 'cedar', 'sandalwood']","It smells like a sweet and tangy combination of citrus peel, followed by a subtle hint of lily-of-the-valley and a dry wood undertone."
"['citruses', 'bergamot', 'neroli', 'mandarin orange', 'lavender', 'sage', 'pepper', 'tobacco', 'tonka bean', 'cedar']","It smells like citrus peel, warm resin, and dry wood."
"['lemon', 'brazilian rosewood', 'orange', 'bergamot', 'lime', 'tangerine', 'basil', 'rose', 'carnation', 'sandalwood', 'cinnamon', 'patchouli', 'jasmine', 'cedar', 'vanilla', 'leather', 'amber', 'benzoin', 'oakmoss', 'labdanum']","It smells like citrus peel, followed by warm resin and slightly sweet plastic, finishing with dry wood and pencil shavings."
"['grapefruit', 'bergamot', 'cassia', 'petitgrain', 'neroli', 'patchouli', 'vanilla']","It smells like a sweet and tangy citrus, followed by a subtle blend of warm resin and slightly sweet plastic, finishing with a dry, woody note reminiscent of pencil shavings."
"['grapefruit', 'orange', 'bergamot', 'pink pepper', 'almond', 'neroli', 'vetiver', 'white musk']","It smells like a sweet and tangy grapefruit, followed by a subtle hint of damp soil and a soft, musky skin."
"['sicilian lemon', 'bergamot', 'hiacynth', 'brazilian rosewood', 'honeysuckle', 'jasmine', 'oakmoss', 'vetiver']","It smells like a mix of sweet honeysuckle and bright citrus, with a subtle dry wood and damp soil undertone."
"['lemon', 'green apple', 'bergamot', 'tagetes', 'peach blossom', 'jasmine', 'cedar', 'musk', 'amber']","It smells like a mix of citrusy lemon and sweet peach blossom, with a subtle hint of warm resin and dry wood."
"['bergamot', 'grapefruit', 'orange', 'neroli', 'iris', 'hyacinth', 'jasmine', 'freesia', 'rose', 'lily-of-the-valley', 'vanille', 'tonka bean']","It smells like citrus peel, fresh rose, and warm vanilla."
"['bergamot', 'mandarin orange', 'elemi', 'sandalwood', 'olibanum', 'tonka bean', 'vanilla']","It smells like citrus peel, followed by warm resin and dry wood, finishing with a sweet and creamy vanilla."
"['bergamot', 'tea', 'tunisian neroli', 'lemon', 'lime', 'orange', 'tiare flower', 'orange blossom', 'heliotrope', 'pepper', 'ylang-ylang', 'white amber', 'cashmeran', 'vanilla', 'sandalwood', 'white musk']","It smells like a sweet and tangy citrus blend of lemon and orange, followed by a floral bouquet of tiare flower and orange blossom, and finishing with a warm, dry wood and slightly sweet plastic note."
"['calabrian bergamot', 'bergamot', 'tunisian orange blossom', 'ambrofix\x99', 'patchouli']","It smells like citrusy peel, warm resin, and slightly sweet plastic, with notes of wet leaves and dry wood."
"['blood orange', 'grapefruit', 'citruses', 'jasmine', 'white musk', 'vetiver', 'cedar', 'iris']","It smells like blood orange, grapefruit, and jasmine at first, then dries down to warm resin and dry wood."
"['pink pepper', 'bay leaf', 'orange', 'green mandarin', 'black currant', 'magnolia', 'peony', 'iris', 'lily-of-the-valley', 'vanilla', 'white sandalwood', 'amber', 'musk', 'virginia cedar']","It smells like warm resin, slightly sweet plastic, and dry wood, with hints of citrus peel and green mandarin."
"['blood orange', 'bitter orange', 'blood mandarin', 'african geranium', 'egyptian jasmine', 'madagascar pepper', 'sandalwood', 'amber', 'tonka bean', 'texas cedar']","It smells like warm resin, dry wood, and citrus peel."
"['grapefruit', 'lemon', 'bergamot', 'lime', 'thyme', 'artemisia', 'galbanum', 'vetiver', 'juniper berries', 'black currant', 'apple', 'pink pepper', 'cedar', 'cypriol oil or nagarmotha', 'lily-of-the-valley', 'rose', 'jasmine', 'ambergris', 'leather', 'vanilla', 'benzoin', 'labdanum']","It smells like a combination of citrus peel, warm resin, and slightly sweet plastic, with notes of dry wood and skin in the background."
"['lemon', 'bergamot', 'mandarin orange', 'orange blossom', 'jasmine sambac', 'indian vanilla', 'tahitian vanilla', 'white musk']","It smells like a blend of citrusy lemon and sweet orange blossom, with a subtle hint of warm vanilla and soft musk."
"['lemon', 'anise', 'bergamot', 'grapefruit', 'jasmine', 'cacao', 'patchouli', 'sandalwood', 'tea', 'cedar', 'lavender', 'natural musk', 'hibiscus seed', 'elemi resin']","It smells like citrus peel, wet leaves, and dry wood."
"['clementine', 'mandarin orange', 'lemon', 'bergamot', 'thyme', 'marjoram', 'petitgrain', 'ginger', 'woody notes', 'musk', 'orris root', 'amber']","It smells like a sweet and tangy clementine, followed by a hint of warm resin and slightly sweet plastic, finishing with a subtle skin and fabric note."
"['lavender', 'amalfi lemon', 'african orange flower', 'virginia cedar', 'patchouli', 'vanilla']","It smells like a blend of citrusy amalfi lemon and sweet vanilla, with subtle hints of dry wood and forest floor."
"['citron', 'grapefruit', 'bergamot', 'aldehydes', 'peach', 'rose', 'rose water', 'violet', 'peony', 'lily-of-the-valley', 'freesia', 'magnolia', 'jasmine', 'patchouli', 'cedar', 'oakmoss', 'white musk', 'amber', 'labdanum']","It smells like citrus peel, sweet rose water, and warm resin."
"['tea leaf', 'cranberry', 'lemon', 'grapefruit', 'orange', 'jasmine sambac', 'peony', 'water lily', 'rose', 'hedione', 'white musk', 'white woods', 'patchouli', 'amberwood', 'vanilla']","It smells like a combination of citrus peel, sweet tea, and warm resin, with a subtle hint of wet leaves and dry wood."
"['bitter orange', 'neroli', 'bergamot', 'citron', 'pistachio', 'petitgrain', 'cardamom', 'pink pepper', 'caraway', 'tuberose', 'tunisian orange blossom', 'ylang-ylang', 'jasmine', 'galbanum', 'coconut', 'vanilla', 'tonka bean', 'amber', 'benzoin']","It smells like warm resin, slightly sweet plastic, and citrus peel."
"['mandarin orange', 'bergamot', 'ginger', 'orange blossom', 'gardenia', 'vanilla', 'tonka bean', 'musk', 'sandalwood', 'oakmoss']","It smells like sweet orange peel and warm vanilla at first, then bergamot and gardenia flowers, followed by dry wood and a hint of skin."
"['bergamot', 'black currant', 'lemon', 'lime', 'violet leaf', 'ginger', 'rose', 'iris', 'jasmine', 'ambroxan', 'musk', 'sandalwood', 'cedar']","It smells like citrus peel and bergamot, with a hint of warm resin and dry wood."
"['lemon', 'bergamot', 'sandalwood', 'woody notes', 'madagascar vanilla', 'vetiver']","It smells like a sweet and tangy lemon, followed by a warm and creamy Madagascar vanilla, finishing with a dry and woody sandalwood."
"['lemon', 'bergamot', 'aldehydes', 'elemi', 'pink pepper', 'woody notes', 'olibanum', 'amber']","It smells like a burst of citrusy lemon, followed by a sweet and woody elemi, and finishing with a dry, resinous amber."
"['pink pepper', 'blood orange', 'sweet orange', 'mandarin orange', 'calabrian bergamot', 'lemon', 'grasse rose', 'damask rose', 'jasmine leaf', 'patchouli', 'palisander rosewood']","It smells like a sweet and tangy mix of citrus fruits, with a subtle hint of wet leaves and forest floor."
"['lime', 'bergamot', 'mandarin orange', 'basil', 'thyme', 'iris', 'lilac', 'vetiver', 'patchouli']","It smells like citrus peel and light florals at first, then shifts into damp soil and wet leaves."
"['amalfi lemon', 'basil', 'tangerine', 'tincture of rose', 'ylang-ylang', 'musk', 'ambrette (musk mallow)', 'tonka bean']","It smells like a burst of citrus, followed by a subtle sweetness of fresh basil and the warmth of tangerine, with a dry, woody undertone and a hint of skin-like musk."
"['bergamot', 'orange', 'mandarin orange', 'litsea cubeba', 'oolong tea', 'nutmeg', 'fig', 'musk']","It smells like a sweet and tangy citrus mix of bergamot and orange, with a hint of musk and warm resin."
"['amalfi lemon', 'grapefruit', 'bergamot', 'elemi resin', 'ginger', 'vetiver', 'virginia cedar', 'lavender', 'rosemary', 'sandalwood']","It smells like a combination of citrus peel, warm resin, and dry wood, with hints of ginger and lavender."
"['yuzu', 'lemon', 'green pepper', 'water notes', 'lotus', 'water mint', 'green notes', 'white musk', 'cedar']","It smells like zesty citrus and sweet green pepper, with subtle notes of damp soil and skin."
"['ginger', 'mandarin orange', 'bergamot', 'maninka', 'lavender', 'leather', 'woody notes']","It smells like ginger, mandarin orange, and bergamot at first, then leather and woody notes emerge, with a subtle hint of lavender."
"['cranberry', 'grapefruit', 'italian lemon', 'saffron', 'sage', 'amber', 'coffee', 'woodsy notes']","It smells like tart citrus and sweet grapefruit at first, then warm resin and dry wood."
"['lemon', 'mint', 'bergamot', 'grapefruit', 'mandarin orange', 'lavender', 'rosemary', 'geranium', 'olibanum', 'ambroxan', 'sandalowood', 'cashmeran', 'vetiver', 'cedar', 'patchouli']","It smells like citrus peel, warm resin, and dry wood."
"['orange', 'citruses', 'water notes', 'geranium', 'woody notes', 'cedar', 'patchouli']","It smells like a combination of juicy orange, damp forest floor, and dry wood."
"['grapefruit', 'bergamot', 'ozonic notes', 'violet leaf', 'java vetiver oil', 'white musk', 'patchouli']","It smells like a sweet and tangy grapefruit, followed by a subtle dryness like wet leaves and a hint of damp soil."
"['orange', 'lemongrass', 'lavender', 'pine tree', 'lemon', 'cassis', 'patchouli', 'fir resin', 'elemi', 'cinnamon']","It smells like a combination of citrusy orange and sweet lemon, with a subtle hint of warm cinnamon and a dry, woody undertone."
"['coca-cola', 'lime', 'cinnamon', 'apple', 'nutmeg', 'cedar', 'amberwood']","It smells like sweet apple and warm cinnamon at first, then settles into dry wood and slightly sweet plastic."
"['coca-cola', 'lime', 'nutmeg', 'cinnamon', 'cedar', 'vanilla']","It smells like sweet vanilla, followed by a hint of warm cinnamon and a subtle touch of dry cedar."
"['raspberry', 'granny smith apple', 'lime', 'sweet notes', 'peony', 'magnolia', 'coca-cola']","It smells like sweet and tart raspberry, followed by a hint of lime and a floral sweetness, finishing with a subtle dry wood and pencil shavings."
"['coca-cola', 'rum', 'lime', 'black pepper', 'birch', 'davana', 'vanilla', 'white musk', 'amber']","It smells like a zesty lime and sweet vanilla at first, then warm resin and slightly sweet plastic, finishing with a subtle hint of skin and fabric."
"['pear', 'mandarin orange', 'neroli', 'coca-cola', 'rhubarb', 'orange blossom', 'vanilla', 'amber', 'violet']","It smells like a sweet and tangy combination of ripe pears and mandarin oranges, with a subtle hint of warm resin and tree sap."
"['coca-cola', 'grapefruit', 'cassis', 'rose', 'jasmine', 'lily-of-the-valley', 'vanilla', 'musk', 'cedar']","It smells like sweet vanilla, followed by a subtle hint of lily-of-the-valley and a dry, woody cedar."
"['coca-cola', 'mandarin orange', 'jasmine', 'tuberose', 'tonka bean', 'sandalwood', 'amber']","It smells like a sweet and tangy mandarin orange, with subtle hints of warm resin and dry wood."
"['bergamot', 'coconut', 'tonka bean']","It smells like a sweet and creamy bergamot, followed by a tropical coconut and a hint of warm, slightly sweet tonka bean."
"['coconut nectar', 'bergamot', 'water fruit', 'freesia', 'sandalwood', 'tonka bean']","It smells like sweet coconut and citrusy bergamot at first, then tropical fruit and creamy freesia unfold, finishing with a warm, woody dryness and a hint of nutty tonka bean."
"['coconut', 'red apple', 'mandarin orange', 'jasmine', 'freesia', 'magnolia', 'cotton flower', 'sandalwood']","It smells like a sweet and tangy red apple at first, then warm resin and dry wood emerge, finishing with a subtle hint of skin."
"['coconut nectar', 'boysenberry', 'pomegranate', 'butterfly orchid', 'honeysuckle', 'magnolia', 'amber', 'musk', 'white woods']","It smells like a sweet and tangy combination of boysenberry and pomegranate, with notes of warm resin and skin that linger in the background."
"['bergamot', 'mandarin orange', 'tiare flower', 'myrhh', 'jasmine', 'african orange flower', 'magnolia', 'coconut', 'caramel', 'sandalwood', 'amber', 'vetiver']","It smells like citrus peel, warm caramel, and dry wood."
"['palm leaf', 'gardenia', 'coconut', 'sea salt', 'vanilla', 'sandalwood', 'virginia cedar', 'benzoin']","It smells like coconut and vanilla at first, then sea salt and sandalwood emerge, finishing with a subtle hint of dry wood and skin."
"['bergamot', 'coconut', 'vanilla', 'praline']","It smells like a sweet and creamy coconut, with notes of warm vanilla and a hint of caramelized praline."
"['cyclamen', 'ginger', 'coconut', 'tiare flower', 'jasmine', 'musk']","It smells like sweet coconut and fresh jasmine at first, then warm resin and slightly sweet fabric."
"['bergamot', 'hibiscus', 'cardamom', 'lemon', 'coconut', 'gardenia', 'green notes', 'jasmine', 'ambroxan', 'woodsy notes', 'heliotrope', 'vanilla orchid']","It smells like citrus peel, warm resin, and dry wood."
"['mandarin orange', 'sicilian bergamot', 'gardenia', 'magnolia', 'myrrh', 'orange blossom', 'jasmine', 'coconut', 'caramel', 'sandalwood', 'amber', 'vetiver']","It smells like a sweet and tangy citrus burst, followed by a floral bouquet, and finally settles into a dry wood and slightly sweet plastic scent."
"['pineapple', 'orange', 'green notes', 'african orange flower', 'lily-of-the-valley', 'coconut', 'woodsy notes', 'musk', 'amber']","It smells like a sweet and tangy pineapple, followed by a hint of coconut and a subtle warmth of warm resin."
"['coconut nectar', 'magnolia', 'white musk']","It smells like a sweet, tropical drink with a hint of fresh magnolia flowers and a subtle skin-like warmth."
"['solar notes', 'lavender', 'litsea cubeba', 'coconut milk', 'water lily', 'benzoin', 'musk', 'amber', 'cedar']","It smells like warm resin, slightly sweet plastic, and dry wood."
"['bergamot', 'coconut milk', 'musk', 'woody notes']","It smells like a sweet citrus peel, followed by a creamy coconut milk, and finally a warm musk with woody notes."
"['coconut nectar', 'sea notes', 'coconut milk', 'solar notes', 'floral notes', 'musk', 'vanilla']","It smells like coconut nectar, followed by floral notes and a hint of skin, finishing with a sweet and creamy vanilla."
"['vanillin', 'cedar', 'coconut', 'co2 extracts', 'vanilla absolute', 'sandalwood', 'ambretone']","It smells like sweet vanilla, followed by the warmth of dry wood and the subtle freshness of coconut."
"['coconut nectar', 'neroli', 'bergamot', 'mandarin orange', 'monoi oil', 'ylang-ylang', 'orange blossom', 'jasmine', 'coconut milk', 'musk', 'ambrette (musk mallow)']","It smells like a sweet and tangy combination of citrus peel and creamy coconut, with subtle hints of warm skin and dry wood."
"['coconut nectar', 'frangipani', 'musk']","It smells like sweet coconut nectar, followed by the subtle scent of frangipani and a hint of skin."
"['lime', 'ozonic notes', 'coconut', 'peppermint', 'cappuccino', 'skin', 'ambergris', 'driftwood', 'patchouli']","It smells like a combination of zesty lime, fresh coconut, and cool peppermint at first, then warm cappuccino and skin notes emerge, finishing with a subtle blend of wet leaves and dry wood."
"['solar notes', 'bergamot', 'peach', 'heliotrope', 'lily-of-the-valley', 'coconut', 'musk', 'cedar']","It smells like warm coconut and sweet peach at first, then bergamot and lily-of-the-valley, finishing with musk and dry cedar."
"['coconut nectar', 'fruity notes', 'pink lotus', 'sand', 'vanilla', 'white musk']","It smells like sweet coconut and fruity notes at first, then settles into a warm, slightly sweet vanilla and soft white musk."
"['coconut nectar', 'lemon zest', 'lotus', 'wild orchid', 'jasmine sambac', 'sea notes', 'vanilla', 'amber']","It smells like a sweet blend of coconut nectar and vanilla, with a subtle hint of warm resin and sea notes."
"['lemon', 'coconut nectar', 'tiare flower', 'musk', 'vanilla']","It smells like a zesty lemon and sweet coconut nectar at first, then settles into a subtle musk and dry vanilla."
"['aqual', 'lavender', 'ambrette', 'lime', 'salt', 'coconut water', 'peony', 'black currant', 'sandalwood']","It smells like a sweet blend of lime and coconut water at first, then dries down to reveal warm resin and dry wood."
"['black currant', 'orange', 'bergamot', 'mandarin orange', 'jasmine', 'lily-of-the-valley', 'coconut nectar', 'rum', 'vanilla', 'patchouli']","It smells like sweet orange and juicy mandarin orange, with hints of damp earth and wet leaves."
"['sicilian lemon', 'mandarin orange', 'coconut', 'woodsy notes', 'floral notes']","It smells like a burst of citrusy freshness, followed by sweet coconut and a hint of warm resin, with a dry wood finish."
"['coconut', 'pineapple', 'lime', 'apple', 'bergamot', 'orange', 'cedar', 'geranium', 'grapefruit', 'oakmoss', 'cedar', 'patchouli']","It smells like a combination of sweet coconut, juicy pineapple, and zesty lime, with hints of warm cedar and earthy patchouli."
"['coconut', 'pink grapefruit', 'cardamom', 'orange blossom', 'fig', 'rosemary', 'ambroxan', 'cedar', 'patchouli']","It smells like a combination of sweet coconut, tangy pink grapefruit, and earthy rosemary, with a subtle hint of warm resin and dry wood."
"['apple', 'coconut', 'cedar']","It smells like sweet apple and coconut at first, then dries down to dry wood and slightly sweet plastic."
"['coconut', 'coconut', 'white wood', 'musk', 'vanilla']","It smells like a sweet and creamy coconut opening, followed by a subtle dry wood and a hint of skin."
"['cotton flower', 'lemon', 'pineapple', 'coconut nectar', 'gardenia', 'apple', 'cyclamen', 'coconut', 'vanilla', 'musk']","It smells like a sweet and tangy combination of citrusy lemon and tropical pineapple, with subtle notes of coconut and vanilla."
"['violet', 'piña colada', 'woody notes', 'incense']","It smells like a sweet and fruity piña colada, with hints of woody notes and incense."
"['coconut', 'tiare flower', 'lotus', 'white musk']","It smells like tropical coconut and sweet tiare flower at first, then dries down to a subtle skin and fabric musk."
"['coconut', 'bitter orange', 'tuberose', 'ylang-ylang', 'palm leaf', 'vanille', 'tonka bean', 'virginia cedar']","It smells like sweet coconut and warm vanilla at first, then dries down to dry wood and slightly sweet plastic."
"['bergamot', 'saffron', 'mandarin orange', 'tuberose', 'coconut nectar', 'ozonic notes', 'sandalwood', 'musk', 'tonka bean', 'amber']","It smells like citrusy mandarin orange and floral tuberose at first, then coconut nectar and warm amber, finishing with dry sandalwood and skin-like musk."
"['coconut', 'sea water', 'lime', 'mint', 'tiare flower', 'fruits', 'woody notes', 'musk']","It smells like a blend of coconut and sea water at first, with hints of lime and mint, then dry wood and musk."
"['fruity notes', 'bergamot', 'violet', 'lily of the valley', 'coconut milk', 'amber', 'siam benzoin']","It smells like a sweet and creamy coconut milk opening, followed by a warm and slightly sweet amber, and finishing with a subtle violet and lily of the valley."
"['bergamot', 'coconut', 'madagascar vanilla', 'white musk']","It smells like sweet citrus and creamy coconut at first, then bergamot and white musk blend together, evoking the scent of clean laundry and skin."
"['coconut', 'palm leaf', 'sea notes', 'citruses', 'coconut milk', 'passion flower', 'nectarine', 'driftwood', 'musk']","It smells like a combination of fresh coconut and citrusy nectarine, with subtle hints of driftwood and skin."
"['coconut milk', 'tiare flower', 'sugar cane', 'vanilla', 'musk']","It smells like sweet coconut milk, warm skin, and slightly sweet plastic."
"['lavender', 'bergamot', 'cappuccino', 'raspberry', 'jasmine', 'virginia cedar', 'lily-of-the-valley', 'vanille', 'amber', 'sandalwood', 'patchouli']","It smells like warm resin, dry wood, and slightly sweet plastic, with a hint of lavender and bergamot."
"['mandarin orange', 'bergamot', 'coffee', 'pink pepper', 'amyris', 'tonka bean', 'patchouli', 'vetyver', 'french labdanum']","It smells like a sweet and tangy citrus, followed by a dry, earthy patchouli and a subtle hint of warm resin."
"['coffee', 'turkey red rose', 'roasted coffee beans', 'french rose', 'woodsy notes', 'vanilla', 'caramel', 'white musk', 'amber']","It smells like roasted coffee beans, caramel, and skin."
"['lavender', 'bergamot', 'green leaves', 'coffee', 'cedar', 'vanilla', 'patchouli', 'tonka bean', 'amber']","It smells like warm resin, slightly sweet plastic, and dry wood."
"['absinthe', 'boysenberry', 'coffee', 'jasmine sambac', 'orange blossom', 'vanilla', 'licorice', 'sandalwood']","It smells like warm resin, dry wood, and a hint of orange blossom."
"['passion flower', 'pink pepper', 'bergamot', 'neroli', 'coffee', 'heliotrope', 'freesia', 'amber', 'musk', 'teak wood']","It smells like warm resin, slightly sweet plastic, and dry wood."
"['black currant', 'bergamot', 'peach', 'coffee', 'amber', 'floral notes', 'woody notes', 'sweet notes', 'white musk']","It smells like ripe peach and warm coffee at first, then bergamot and floral notes emerge, followed by sweet notes and a subtle skin-like musk."
"['neroli', 'pink pepper', 'bergamot', 'coffee', 'rose', 'hazelnut', 'orange blossom', 'jasmine', 'vanilla', 'amberwood', 'ambroxan', 'musk']","It smells like citrusy orange blossom, followed by warm resin and slightly sweet vanilla, finishing with a subtle skin-like musk."
"['sichuan pepper', 'rose', 'tangerine', 'ylang-ylang', 'patchouli', 'tiramisu', 'jasmine', 'coffee', 'cacao', 'whipped cream', 'guaiac wood']","It smells like warm resin, dry wood, and citrus peel."
"['angelica', 'pink pepper', 'passionfruit', 'violet leaf', 'bergamot', 'coffee', 'vanilla', 'jasmine', 'cappuccino', 'iris petals', 'cashmere wood', 'sandalwood']","It smells like sweet coffee and creamy vanilla at first, then bergamot and pink pepper burst forth, followed by a dry wood and subtle skin notes."
"['lavender', 'citruses', 'cappuccino', 'cedar', 'vanilla']","It smells like a sweet blend of citrus peel and vanilla, with hints of dry wood and warm resin."
"['floral notes', 'coffee', 'bulgarian rose', 'vanilla', 'white musk', 'amber']","It smells like floral notes and coffee at first, then warm resin and slightly sweet plastic."
"['grapefruit', 'cardamom', 'lavender', 'absinthe', 'coffee', 'vetiver']","It smells like a sweet and tangy grapefruit, with subtle hints of damp soil and warm resin."
"['apple', 'sea notes', 'mint', 'coffee', 'milk', 'amber', 'leather', 'cedar', 'sandalwood', 'ambergris', 'musk']","It smells like warm resin, dry wood, and slightly sweet plastic with notes of fresh milk and a hint of skin."
"['coffee', 'bergamot', 'lemon', 'coffee', 'sandalwood', 'lily-of-the-valley', 'cedar', 'amber', 'musk']","It smells like a strong cup of coffee, followed by a sweet and citrusy bergamot, and finishing with a dry wood and slightly sweet plastic."
"['cappuccino', 'coffee', 'sweet notes', 'coffee', 'caramel', 'almond', 'vanilla', 'resin', 'amber']","It smells like sweet coffee, followed by warm vanilla and a hint of resinous amber."
"['mandarin orange', 'nashi pear', 'pink pepper', 'coffee', 'almond', 'orange blossom', 'jasmine', 'amber', 'vanilla', 'patchouli', 'cedar']","It smells like a blend of juicy mandarin orange and sweet vanilla, with subtle hints of warm resin and dry wood."
"['brandy', 'anise', 'cabreuva', 'coffee', 'orange blossom', 'jasmine', 'vanilla', 'patchouli', 'musk']","It smells like warm resin, dry wood, and skin."
"['coffee', 'tobacco', 'melon', 'kiwi', 'mint', 'tea']","It smells like freshly brewed coffee and sweet mint, with a hint of dry wood and slightly sweet plastic."
"['roasted coffee beans', 'tobacco', 'vetiver']","It smells like roasted coffee beans, damp soil, and a hint of tobacco."
"['black currant', 'pink pepper', 'tuberose', 'magnolia', 'coffee', 'tonka bean', 'sandalwood']","It smells like a sweet and tart black currant, followed by a subtle dry wood and a hint of warm skin."
"['saffron', 'black rose', 'truffle', 'floral notes', 'patchouli', 'vanilla', 'agarwood (oud)', 'oakmoss']","It smells like warm resin, slightly sweet plastic, and dry wood."
"['bergamot', 'rose', 'jasmine', 'citruses', 'peach', 'ylang-ylang', 'rose', 'lilac', 'jasmine', 'oakmoss', 'spices', 'vetiver', 'cinnamon', 'amber']","It smells like citrus peel and light florals at first, then shifts into warm resin and slightly sweet plastic."
"['truffle', 'plum', 'rum', 'ylang-ylang', 'black orchid', 'patchouli']","It smells like truffle and plum at first, then warm resin and dry wood."
"['truffle', 'peach', 'bergamot', 'madagascar vanilla', 'tuberose', 'italian jasmine', 'patchouli', 'oakmoss', 'cedar']","It smells like sweet truffle and juicy peach at first, then warm vanilla and soft jasmine, finally settling into dry wood and earthy patchouli."
"['mandarin orange', 'melon', 'jasmine', 'peach', 'ylang-ylang', 'oakmoss', 'vetiver']","It smells like a sweet and juicy mandarin orange, followed by the freshness of a just-cut peach, and finishing with a dry and earthy oakmoss."
"['geranium', 'lemon', 'pink pepper', 'animal notes', 'vetiver', 'sandalwood', 'earthy notes', 'labdanum', 'guaiac wood']","It smells like dry wood, warm resin, and slightly sweet plastic, with a hint of damp soil."
"['citron', 'calamansi', 'vetiver', 'orris', 'earthy notes', 'styrax']","It smells like citrus peel, dry earth, and warm resin."
"['apple', 'tea', 'ozonic notes', 'mandarin orange', 'osmanthus', 'magnolia', 'lily', 'earthy notes', 'patchouli', 'jasmine', 'amber', 'orris', 'bamboo', 'musk', 'civet', 'sandalwood', 'vanilla']","It smells like a combination of juicy mandarin orange, wet leaves, and dry wood, with subtle hints of skin and slightly sweet plastic."
"['fennel', 'mint', 'green notes', 'clary sage', 'oakmoss', 'fern', 'angelica', 'clover', 'galbanum', 'violet leaf', 'mastic or lentisque', 'oakmoss', 'soil tincture', 'boletus edulis', 'chestnut', 'vetiver', 'resins', 'pine tree needles', 'labdanum', 'leather']","It smells like damp soil, warm resin, and dry wood."
"['aldehydes', 'coriander', 'gardenia', 'green notes', 'lemon', 'carnation', 'narcissus', 'orris root', 'rose', 'jasmine', 'lily-of-the-valley', 'leather', 'oakmoss', 'vetiver', 'patchouli', 'amber', 'coconut', 'tonka bean']","It smells like a combination of citrus peel, green notes, and jasmine at first, then it develops into a warm resin and slightly sweet plastic, with a subtle hint of leather and damp soil."
"['pepper', 'truffle', 'lily-of-the-valley', 'pink pepper', 'oakmoss', 'patchouli', 'musk', 'ambrette (musk mallow)']","It smells like warm resin, slightly sweet plastic, and dry wood."
"['galbanum', 'aldehydes', 'caraway', 'gardenia', 'bergamot', 'carnation', 'rose', 'narcissus', 'iris', 'jasmine', 'oakmoss', 'leather', 'vetiver', 'patchouli', 'amber', 'coconut']","It smells like citrusy aldehydes, followed by a mix of damp soil, wet leaves, and slightly sweet plastic."
"['honey', 'cassis', 'neroli', 'orris', 'carnation', 'tuberose', 'rose', 'jasmine', 'moss', 'patchouli', 'amber', 'musk']","It smells like warm resin, slightly sweet plastic, and dry wood."
"['black pepper', 'sage', 'truffle', 'woodsy notes', 'vanila', 'frankincense']","It smells like warm resin, slightly sweet plastic, and dry wood."
"['truffle', 'blackberry', 'grapefruit', 'orchid', 'gardenia', 'lily-of-the-valley', 'mexican chocolate', 'incense', 'amber']","It smells like warm resin, slightly sweet plastic, and dry wood."
"['peach', 'bergamot', 'orange', 'lemon', 'bulgarian rose', 'iris flower', 'jasmine', 'white flowers', 'oakmoss', 'patchouli', 'vetiver', 'musk', 'ambroxan', 'benzoin', 'vanilla']","It smells like sweet citrus and fresh flowers at first, then warm resin and slightly sweet plastic, finally dry wood and skin."
"['bergamot', 'spices', 'white flowers', 'iris', 'pink pepper', 'oak moss', 'patchouli']","It smells like a sweet citrus peel and white flowers at first, then bergamot and pink pepper emerge, followed by the earthy scent of oak moss and patchouli, like wet leaves."
"['galbanum', 'aldehydes', 'caraway', 'gardenia', 'bergamot', 'rose', 'carnation', 'iris', 'narcissus', 'jasmine', 'oakmoss', 'leather', 'vetiver', 'amber', 'patchouli', 'coconut']","It smells like citrus peel and light florals at first, then shifts into damp soil, warm resin, and dry wood."
"['bergamot', 'peach', 'may rose', 'jasmine', 'spices', 'roots', 'vetiver']","It smells like a sweet blend of peach and bergamot, with subtle hints of damp soil and warm resin."
"['citruses', 'basil', 'jasmine', 'artemisia', 'vetiver', 'rose', 'oakmoss', 'patchouli', 'amber']","It smells like warm resin, slightly sweet plastic, and dry wood."
"['hyacinth', 'bergamot', 'rose', 'iris', 'jasmine', 'lily-of-the-valley', 'leather', 'oak moss', 'vetiver', 'musk', 'patchouli']","It smells like a bouquet of rose, lily-of-the-valley, and jasmine, with hints of warm leather and damp oak moss."
"['angelica', 'bourbon vetiver', 'haitian vetiver', 'italian orris root', 'clove', 'ambrette (musk mallow)']","It smells like damp soil, warm resin, and slightly sweet plastic."
"['carrot', 'cinnamon', 'bergamot', 'agarwood (oud)', 'dry wood', 'cedar', 'tobacco', 'earthy notes', 'leather', 'styrax']","It smells like warm resin, slightly sweet plastic, and dry wood."
"['grapefruit', 'cucumber', 'guava', 'rhubarb', 'pink pepper', 'honeysuckle', 'pear', 'orange', 'moss', 'magnolia', 'passion flower', 'soil tincture', 'patchouli', 'mushroom', 'cedar']","It smells like a combination of tart grapefruit, sweet pear, and warm cedar."
"['bergamot', 'aldehydes', 'green notes', 'lavender', 'jasmine', 'leather', 'patchouli', 'oakmoss']","It smells like a blend of citrus peel, lavender, and green notes at first, then dries down to a warm resin and dry wood with subtle hints of leather and skin."
"['wormwood', 'cannabis', 'absinthe', 'lantana leaves', 'tuberose', 'boletus edulis', 'cypriol oil or nagarmotha', 'papyrus', 'turnera diffusa (damiana)', 'pepper', 'precious woods', 'soil tincture', 'leather']","It smells like damp earth, worn leather, and slightly sweet plastic."
"['bergamot', 'lemon', 'patchouli', 'rose', 'jasmine', 'oakmoss', 'amber']","It smells like citrus peel and warm resin, with notes of wet leaves and dry wood."
"['bergamot', 'basil', 'spices', 'rose', 'jasmine', 'oakmoss', 'vetiver', 'patchouli', 'vanilla']","It smells like citrus peel, rose petals, and damp soil."
"['green notes', 'citruses', 'jasmine', 'artemisia', 'rose', 'nutmeg', 'oakmoss', 'vetiver', 'cedar']","It smells like green notes, citrus peel, and jasmine at first, then shifts into damp soil, warm resin, and dry wood."
"['coffee', 'caramel', 'milk', 'almond', 'cambodian oud', 'earthy notes', 'truffle', 'vanilla', 'patchouli', 'tonka bean', 'caramel', 'vanilla flower', 'indian oud', 'cypriol oil or nagarmotha']","It smells like caramel, dry wood, and warm resin."
"['almond', 'cardamom', 'oakmoss', 'earthy notes', 'fern']","It smells like damp soil, warm resin, and dry wood."
"['truffle', 'black pepper', 'lily-of-the-valley', 'pink pepper', 'ambrette (musk mallow)', 'patchouli', 'amber', 'oakmoss', 'white woods']","It smells like damp soil, warm resin, and slightly sweet plastic."
"['mint', 'mandarin orange', 'soil tincture', 'vetiver', 'white musk']","It smells like a combination of sweet mint and tangy mandarin orange at first, then settles into a dry earthy scent with hints of damp soil and skin."
"['patchouli', 'bergamot', 'incense', 'rose', 'violet', 'oakmoss', 'musk', 'vanilla']","It smells like wet leaves, rose petals, and dry wood."
"['rose', 'ylang-ylang', 'freesia', 'gardenia', 'lily', 'plum', 'peach', 'jasmine', 'oak moss', 'patchouli', 'iris', 'tonka bean']","It smells like warm resin, slightly sweet plastic, and dry wood."
"['oakmoss', 'vetiver', 'egyptian jasmine', 'white musk', 'leather', 'patchouli', 'agarwood (oud)']","It smells like damp soil, forest floor, and warm resin."
"['apple', 'tagetes', 'bergamot', 'lime', 'jasmine', 'iris', 'oakmoss', 'musk', 'patchouli', 'leather']","It smells like citrusy apple and sweet jasmine at first, then bergamot and lime unfold, finishing with a dry, woody oakmoss and musky skin."
"['truffle', 'ylang-ylang', 'gardenia', 'cassis', 'jasmine', 'italian lemon', 'bergamot', 'tangerine', 'spicy notes', 'orchid', 'ylang-ylang', 'gardenia', 'jasmine', 'lotus', 'fruity notes', 'patchouli', 'incense', 'white musk', 'amber', 'vanilla', 'chocolate', 'sandalwood', 'vetiver']","It smells like citrus peel, warm resin, and dry wood."
"['verbena', 'sage', 'chamomile', 'rose', 'white flowers', 'geranium', 'moss', 'patchouli', 'vetiver']","It smells like dry wood, warm resin, and slightly sweet plastic."
"['hyacinth', 'iris', 'violet', 'jasmine', 'vetiver', 'coriander', 'rose', 'musk', 'fern', 'patchouli']","It smells like damp soil, warm resin, and dry wood."
"['cinnamon', 'patchouli', 'vanilla', 'earthy notes', 'amber', 'labdanum', 'honey', 'moss', 'musk']","It smells like warm resin, slightly sweet plastic, and dry wood."
"['aldehydes', 'cumin', 'bergamot', 'lemon', 'rose', 'orange blossom', 'pineapple', 'jasmine', 'oakmoss', 'musk', 'patchouli', 'vetiver', 'amber', 'sandalwood']","It smells like warm resin, dry wood, and citrus peel."
"['pink pepper', 'cassis', 'green accord', 'plum', 'mango', 'turkish rose', 'grasse rose', 'lotus', 'orchid', 'patchouli', 'moss', 'amber']","It smells like a sweet blend of ripe mango and juicy plum, with a subtle hint of warm resin and dry wood."
"['aldehydes', 'hyacinth', 'bergamot', 'lemon', 'black currant', 'peach', 'lily-of-the-valley', 'jasmine', 'iris', 'rose', 'ylang-ylang', 'honey', 'carnation', 'oakmoss', 'vetiver', 'musk', 'civet', 'styrax', 'amber', 'cedar', 'benzoin']","It smells like citrus peel, warm resin, and dry wood."
"['soil tincture', 'ginger', 'magnolia', 'licorice', 'tobacco', 'sandalwood', 'moss', 'mimosa', 'water notes', 'juniper']","It smells like damp soil, warm resin, and dry wood."
"['soil tincture', 'mushroom', 'ozonic notes', 'green notes', 'grass', 'ivy', 'neroli', 'metallic notes', 'cobblestone', 'ice', 'watery notes', 'pine', 'narcissus', 'soil tincture', 'ozonic notes', 'moss', 'ambergris', 'myrrh']","It smells like damp soil, moss, and warm resin, with notes of green grass and ivy."
"['yuzu', 'pomegranate', 'ice', 'peony', 'lotus', 'magnolia', 'musk', 'mahogany', 'amber']","It smells like a combination of citrusy yuzu and sweet pomegranate, with a hint of warm resin from the mahogany and amber, and a subtle dry wood note from the magnolia."
"['peony', 'litchi', 'freesia', 'rose', 'lily-of-the-valley', 'magnolia', 'virginia cedar', 'amber']","It smells like warm resin, slightly sweet plastic, and fresh peony."
"['tea', 'bergamot', 'osmanthus', 'orchid', 'jasmine', 'rose', 'freesia', 'african orange flower', 'patchouli', 'musk', 'vanilla']","It smells like a sweet blend of citrusy tea and floral notes, with subtle hints of wet leaves and dry wood."
"['quince', 'grapefruit', 'hyacinth', 'jasmine', 'musk', 'iris', 'virginia cedar', 'amber']","It smells like warm resin, slightly sweet plastic, and dry wood."
"['litchi', 'freesia', 'magnolia', 'pepper', 'ginger', 'mandarin orange', 'jasmine', 'jasmine', 'musk', 'amber']","It smells like warm resin, slightly sweet plastic, and mandarin orange."
"['white musk', 'peony', 'freesia', 'green notes', 'peach', 'plum', 'lily', 'lily-of-the-valley', 'green grass', 'jasmine', 'ylang-ylang', 'rose', 'coffee', 'vanilla', 'sandalwood', 'coriander', 'incense', 'tonka bean', 'cedar']","It smells like a sweet blend of ripe peaches and fresh green grass, with a subtle hint of dry wood and clean laundry."
"['almond blossom', 'clementine', 'cyclamen', 'jasmine', 'peony', 'amaryllis', 'vanilla', 'amber', 'benzoin', 'white musk']","It smells like warm resin, slightly sweet plastic, and citrus peel."
"['lotus', 'melon', 'freesia', 'rose water', 'rose', 'calone', 'cyclamen', 'lily-of-the-valley', 'lily', 'water peony', 'carnation', 'musk', 'tuberose', 'exotic woods', 'osmanthus', 'cedar', 'sandalwood', 'amber']","It smells like warm resin, dry wood, and slightly sweet plastic."
"['freesia', 'pepper', 'apple', 'heliotrope', 'violet', 'jasmine', 'hibiscus', 'rose', 'suede', 'sandalwood', 'cedar', 'incense', 'labdanum']","It smells like sweet apple and fresh freesia at first, then warm resin and dry wood, finishing with a subtle hint of skin and fabric."
"['pink pepper', 'mandarin orange', 'bergamot', 'lilac', 'peach', 'geranium', 'jasmine', 'black currant', 'patchouli', 'amber', 'white musk', 'vanilla']","It smells like juicy peach and sweet mandarin orange at first, then warm resin and slightly sweet plastic, finishing with skin and clean laundry."
"['sicilian mandarin', 'pink peony', 'damask rose', 'apricot', 'peach', 'white musk']","It smells like sweet apricot and juicy peach at first, then white musk and skin, finally warm resin and dry wood."
"['lime (linden blossom)', 'lily-of-the-valley', 'lilac', 'magnolia', 'bergamot', 'mandarin orange', 'jasmine', 'tuberose', 'ylang-ylang', 'peach', 'bulgarian rose', 'violet', 'carnation', 'nutmeg', 'musk', 'iris', 'sandalwood', 'amber', 'vanilla', 'cloves']","It smells like a mix of sweet florals, like lily-of-the-valley and lilac, with a hint of warm resin and dry wood, followed by a subtle skin-like musk."
"['green notes', 'freesia', 'pink pepper', 'violet', 'violet leaf', 'tuberose', 'red berries', 'lily-of-the-valley', 'peony', 'lilac', 'lily', 'rose', 'jasmine', 'geranium', 'karo karounde', 'musk', 'cedar', 'sandalwood', 'patchouli']","It smells like a combination of green notes, fresh lily-of-the-valley, and sweet peony at first, then dries down to a subtle blend of dry wood, warm skin, and slightly sweet fabric."
"['reed', 'mint', 'green lilac', 'mandarin orange', 'pink pepper', 'water lily', 'pepper', 'violet', 'white peach', 'amaryllis', 'rose', 'cedar', 'white musk', 'vanilla']","It smells like sweet orange, fresh mint, and dry wood, with subtle hints of skin and slightly sweet plastic."
"['green notes', 'freesia', 'sage', 'citruses', 'mandarin orange', 'carnation', 'lily', 'lily-of-the-valley', 'narcissus', 'marigold', 'violet', 'rose', 'jasmine', 'musk', 'heliotrope', 'sandalwood', 'amber', 'patchouli']","It smells like a mix of green notes, followed by sweet citrus and florals, then dry wood and a hint of wet leaves."
"['mandarin orange', 'red apple', 'bergamot', 'magnolia', 'iris', 'ylang-ylang', 'jasmine', 'white honey', 'vanille', 'amber', 'benzoin', 'musk']","It smells like a sweet and tangy citrus, followed by a floral bouquet, and finally a warm resin and slightly sweet plastic."
"['mignonette', 'mandarin orange', 'sage', 'nectarine', 'blue hyacinth', 'peach blossom', 'rose hip', 'iris', 'red cyclamen', 'violet root', 'musk', 'sandalwood', 'cedar']","It smells like a sweet and tangy combination of citrus and floral notes, followed by the warmth of skin and a hint of dry wood."
"['rum', 'honey', 'mandarin orange', 'bergamot', 'black orchid', 'orchid', 'jasmine', 'heliotrope', 'hyacinth', 'rose oil', 'narcissus', 'magnolia', 'orange blossom', 'vanilla', 'myrrh', 'suede', 'sandalwood', 'peru balsam', 'labdanum']","It smells like warm resin, slightly sweet plastic, and dry wood."
"['melon', 'peach', 'almond', 'violet', 'black currant', 'anise', 'mimosa', 'lilac', 'lily-of-the-valley', 'peony', 'rose', 'almond blossom', 'hibiscus', 'vanilla', 'almond tree', 'sandalwood', 'benzoin', 'cedar']","It smells like sweet peach and juicy melon at first, then dries down to dry wood and slightly sweet plastic."
"['pear', 'melon', 'freesia', 'rose', 'musk', 'patchouli', 'rhuburb', 'amber']","It smells like ripe pear and sweet rose at first, then warm resin and slightly sweet plastic, finishing with dry wood and skin."
"['sweet pea', 'mandarin orange', 'gardenia', 'orchid', 'musk', 'sandalwood', 'woodsy notes', 'vanilla']","It smells like sweet pea and mandarin orange at first, then dry wood and skin."
"['sapodilla', 'ambrette (musk mallow)', 'magnolia', 'violet', 'sandalwood', 'ambergris', 'cedar']","It smells like warm resin, slightly sweet plastic, and dry wood."
"['osmanthus', 'jasmine', 'may rose', 'indian tuberose', 'narcissus', 'amber', 'cedar']","It smells like warm resin, slightly sweet plastic, and dry wood."
"['magnolia', 'pear', 'lotus', 'jasmine', 'tuberose', 'cyclamen', 'musk', 'vanilla', 'white woods', 'sandalwood']","It smells like a sweet combination of ripe pears, white florals, and dry wood, with a subtle hint of skin and fabric."
"['rose', 'mimosa', 'hiacynth', 'geranium', 'green notes', 'nasturtium', 'orange blossom', 'hawthorn', 'cassia', 'bergamot', 'rose', 'violet', 'lily', 'lime blossom', 'ylang-ylang', 'lily-of-the-valley', 'jasmine', 'orris root', 'iris', 'musk', 'heliotrope', 'sandalwood', 'oakmoss', 'amber', 'cedar']","It smells like warm resin, dry wood, and slightly sweet plastic, with hints of citrus peel and light florals."
"['peony', 'citruses', 'mandarin orange', 'osmanthus', 'rose', 'sandalwood', 'pink pepper', 'patchouli']","It smells like a bouquet of peonies and rose petals, with hints of mandarin orange and citruses, then settles into a warm resin and dry wood."
"['rose', 'chamomile', 'ginger', 'lemon', 'yellow freesia', 'lily', 'lotus', 'white violet', 'carnation', 'white musk', 'oakmoss', 'exotic woods', 'patchouli']","It smells like warm resin, slightly sweet plastic, and dry wood."
"['apple leaf', 'italian mandarin', 'japanese osmanthus', 'yellow freesia', 'magnolia', 'boronia', 'musk', 'white iris']","It smells like a sweet and tangy citrus, followed by a floral bouquet, and finally settles into a warm resin and dry wood."
"['bergamot', 'goji berries', 'pomegranate', 'hibiscus', 'water lily', 'musk', 'virginia cedar']","It smells like citrusy bergamot and sweet pomegranate at first, then a hint of floral hibiscus and musky skin, finishing with a dry, woody note of virginia cedar."
"['freesia', 'cyclamen', 'rhuburb', 'pink tulip', 'green notes', 'vetyver', 'woodsy notes']","It smells like damp soil, green notes, and warm resin."
"['coriander', 'orange blossom', 'black currant', 'cassia', 'plum', 'tangerine', 'peach', 'tuberose', 'hiacynth', 'carnation', 'ginger', 'jasmine', 'ylang-ylang', 'freesia', 'iris', 'rose', 'heliotrope', 'violet', 'civet', 'vetiver', 'black currant', 'musk', 'sandalwood', 'cedar', 'amber', 'tonka bean', 'vanilla']","It smells like warm resin, dry wood, and citrus peel."
"['neroli', 'papaya flower', 'water lily', 'narcissus', 'amaryllis', 'musk', 'cashmeran']","It smells like a sweet blend of citrus and floral notes, with a hint of papaya flower, followed by a musky dry down."
"['yuzu', 'bergamot', 'petitgrain', 'brazilian rosewood', 'cyclamen', 'water lily', 'rose', 'violet', 'peony', 'jasmine', 'musk', 'iris', 'vetiver', 'ambergris', 'orchid', 'sandalwood', 'tonka bean', 'vanilla']","It smells like citrus peel, sweet florals, and warm resin."
"['freesia', 'mint', 'bergamot', 'peony', 'white rose', 'white lotus', 'musk', 'heliotrope', 'sandalwood']","It smells like white lotus and mint at first, then bergamot and peony, finally settling into dry wood and skin."
"['red apple', 'peony', 'rose', 'carnation', 'jasmine', 'suede']","It smells like a sweet and juicy red apple, followed by a subtle hint of warm resin and dry wood."
"['peony', 'musk vodka', 'pineapple', 'lemon', 'peach', 'banana leaf', 'violet', 'lily-of-the-valley', 'lily', 'hiacynth', 'jasmine', 'freesia', 'calone', 'ylang-ylang', 'rose', 'musk', 'cedar', 'sandalwood', 'amber', 'styrax']","It smells like warm resin, slightly sweet plastic, and ripe peaches."
"['sweet pea', 'bergamot', 'mandarin orange', 'grapefruit', 'lemon', 'quince', 'freesia', 'geranium', 'peach', 'green notes', 'gardenia', 'passionfruit', 'damask rose', 'rose', 'patchouli', 'musk', 'leather', 'violet']","It smells like sweet citrus and fresh flowers at first, then bergamot and mandarin orange notes emerge, followed by a subtle hint of leather and skin."
"['bitter orange', 'peach', 'freesia', 'jasmine', 'magnolia', 'rose', 'musk', 'virginia cedar', 'amber']","It smells like warm resin, slightly sweet plastic, and dry wood, with a subtle hint of peach and rose."
"['orchid', 'lily-of-the-valley', 'cyclamen', 'tulip', 'peony', 'orchid']","It smells like damp soil, warm resin, and slightly sweet plastic."
"['freesia', 'tangerine', 'black currant', 'bulgarian rose', 'lily', 'jasmine', 'lemon tree', 'apricot', 'amber']","It smells like warm resin, slightly sweet plastic, and citrus peel."
"['champagne rosé', 'pink pepper', 'peach blossom', 'rose', 'white musk', 'woody notes']","It smells like peach blossom and rose at first, then warm resin and slightly sweet plastic, finally settling into skin and fabric."
"['aldehydes', 'cyclamen', 'violet leaf', 'sage', 'bergamot', 'tarragon', 'fig', 'peony', 'turkish rose oil', 'orris root', 'orange blossom', 'peach blossom', 'white musk', 'heliotrope', 'sandalwood', 'incense', 'cedar', 'vanilla', 'guaiac wood']","It smells like sweet orange blossom and fresh peach blossom at first, then warm resin and dry wood, finally finishing with skin and clean laundry."
"['bamboo', 'clover', 'bergamot', 'vetiver', 'lemon', 'patchouli', 'lily', 'peony', 'sandalwood', 'mimosa', 'silkwood blossom', 'blackberry', 'musk', 'vanilla', 'amber']","It smells like citrus peel and light florals at first, then shifts into warm resin, dry wood, and slightly sweet fabric."
"['pomegranate', 'yuzu', 'water notes', 'peony', 'raspberry', 'lotus', 'magnolia', 'musk', 'mahogany', 'amber']","It smells like a sweet and tart combination of pomegranate and yuzu, with subtle hints of warm resin and slightly sweet plastic."
"['rose', 'orange blossom', 'plum', 'violet', 'peach', 'anise', 'honey', 'carnation', 'rose', 'tuberose', 'ylang-ylang', 'jasmine', 'lily', 'lily-of-the-valley', 'freesia', 'orchid', 'sandalwood', 'amber', 'benzoin', 'musk', 'heliotrope', 'vetiver', 'cedar']","It smells like warm resin, dry wood, and skin."
"['peony', 'citruses', 'mandarin orange', 'osmanthus', 'rose', 'sandalwood', 'pink pepper', 'patchouli']","It smells like sweet mandarin orange, followed by the subtle scent of wet leaves and dry wood."
"['galbanum', 'rose', 'lily', 'black currant', 'fruity notes', 'cassia', 'mandarin orange', 'bergamot', 'lemon', 'tuberose', 'carnation', 'marigold', 'mimosa', 'narcissus', 'jasmine', 'ylang-ylang', 'chamomile', 'lily-of-the-valley', 'geranium', 'orange blossom', 'magnolia', 'lilac', 'freesia', 'pink violet', 'sage', 'neroli', 'sandalwood', 'amber', 'vetiver', 'musk', 'cedar', 'vanilla']","It smells like mandarin orange and rose opening, then bergamot and lemon, finally settling into dry wood, skin, and slightly sweet plastic."
"['magnolia', 'neroli', 'mandarin orange', 'coconut', 'frangipani', 'ylang-ylang', 'vanilla absolute', 'almond milk', 'sandalwood']","It smells like a sweet blend of mandarin orange and coconut, with subtle hints of dry wood and skin."
"['bergamot', 'freesia', 'pineapple', 'magnolia', 'peach', 'lily-of-the-valley', 'hiacynth', 'jasmine', 'iris', 'violet', 'rose', 'oakmoss', 'jasmine', 'cedar', 'musk', 'sandalwood']","It smells like citrus peel and light florals at first, then shifts into warm resin, dry wood, and skin."
"['freesia', 'jasmine', 'tincture of rose']","It smells like a sweet blend of bright citrus and floral hints, with a subtle undertone of warm resin and dry wood."
"['aldehydes', 'lemon', 'peach', 'hyacinth', 'carnation', 'lily-of-the-valley', 'rose', 'lilac', 'iris', 'jasmine', 'orris', 'violet', 'ylang-ylang', 'orchid', 'oakmoss', 'vetiver', 'cedar', 'sandalwood', 'benzoin', 'honey', 'amber', 'tonka bean']","It smells like a combination of citrus peel, warm resin, and slightly sweet plastic, followed by dry wood and gasoline notes."
"['aldehydes', 'bergamot', 'black currant', 'peach', 'mandarin orange', 'raspberry', 'narcissus', 'hiacynth', 'jasmine', 'lily-of-the-valley', 'carnation', 'ylang-ylang', 'orris root', 'tuberose', 'turkish rose', 'orchid', 'civet', 'oakmoss', 'honey', 'sandalwood', 'musk', 'amber', 'vetiver', 'tonka bean', 'vanilla']","It smells like warm resin, tree sap, and slightly sweet plastic, with hints of citrus peel and light florals."
"['yellow freesia', 'white pepper', 'pear', 'carnation', 'damask plum', 'ylang-ylang', 'musk', 'sandalwood', 'vanilla orchid', 'cedar']","It smells like a sweet pear and a hint of warm vanilla at first, then dry wood and skin notes emerge, with a subtle undertone of damp soil."
"['peach', 'apricot', 'freesia', 'black currant', 'rose', 'violet', 'lily-of-the-valley', 'water lily', 'ylang-ylang', 'musk', 'vanilla', 'sandalwood']","It smells like a sweet peach opening, followed by a floral bouquet of freesia and rose, with a subtle undertone of dry wood and a hint of skin."
"['red fruits', 'peony', 'floral notes', 'egyptian jasmine', 'ambroxan']","It smells like sweet red fruits, warm resin, and dry wood."
"['lilac', 'guava', 'wisteria', 'black currant', 'dew drop', 'jasmine', 'lotus', 'orchid', 'rhododendron', 'musk', 'cashmere wood', 'bourbon vetiver', 'atlas cedar']","It smells like sweet guava and dew drop at first, then warm resin and dry wood, finally skin and clean laundry."
"['magnolia', 'bergamot', 'carrot seeds', 'frangipani', 'tuberose', 'ylang-ylang', 'iris', 'spices', 'beeswax', 'vanilla', 'vetiver']","It smells like warm resin, slightly sweet plastic, and dry wood."
"['bergamot', 'bitter almond', 'peony', 'ylang-ylang', 'vanilla', 'coumarin']","It smells like sweet citrus peel and warm vanilla, then bergamot and ylang-ylang blend together, finishing with a soft, powdery dryness like peony petals."
"['osmanthus', 'apricot', 'nutmeg', 'jasmine', 'cardamom', 'honey', 'mimosa', 'jasmine sambac', 'cedar', 'tobacco', 'saffron', 'cypriol oil or nagarmotha', 'vanila', 'musk']","It smells like sweet apricot and warm honey at first, then dries into dry wood and slightly sweet plastic, with a subtle hint of skin."
"['mango', 'mandarin orange', 'freesia', 'violet root', 'white cedar extract', 'sandalwood']","It smells like a sweet and tangy mango, followed by the subtle freshness of freesia and the dry, woody scent of sandalwood."
"['pink pepper', 'mandarin orange', 'lilac', 'violet', 'heliotrope', 'amber', 'patchouli']","It smells like mandarin orange and lilac at first, then warm resin and slightly sweet plastic, finishing with wet leaves and forest floor."
"['orange peel', 'magnolia', 'rice', 'narcissus', 'italian jasmine', 'iris', 'bulgarian rose', 'ambergris', 'sandalwood', 'vanille']","It smells like warm resin, slightly sweet plastic, and dry wood, with a subtle hint of citrus peel."
"['grapefruit', 'apricot blossom', 'gardenia', 'floral notes', 'jasmine sambac', 'woody notes', 'oakmoss']","It smells like a combination of citrusy grapefruit and sweet floral notes at first, then a woody oakmoss and dry, earthy notes emerge."
"['apple blossom', 'bergamot', 'jasmine', 'ylang-ylang', 'musk', 'sandalwood', 'vanilla']","It smells like citrus peel and light florals at first, then shifts into sweet vanilla and dry wood."
"['green leaves', 'freesia', 'water violet', 'magnolia', 'jasmine', 'cedar', 'sandalwood', 'amber']","It smells like green leaves, warm resin, and dry wood."
"['cactus flower', 'pink freesia', 'rose', 'jasmine', 'woody notes', 'cedar']","It smells like a sweet cactus flower, followed by a burst of pink freesia and warm resin, finishing with a dry wood and slightly sweet plastic."
"['cyclamen', 'gardenia', 'violet leaf', 'water lily', 'jasmine', 'peach blossom', 'rose', 'musk', 'sandalwood', 'incense', 'cedar', 'amber']","It smells like a bouquet of gardenia and jasmine at first, then warms up to a sweet peach blossom and dry wood, finishing with a subtle hint of skin and fabric."
"['lily', 'peony', 'lily-of-the-valley', 'orchid', 'rose', 'false jasmine', 'eucalyptus', 'lilac', 'jasmine', 'blackberry', 'sandalwood', 'musk', 'tonka bean']","It smells like a mix of sweet lily and peony, with a hint of dry wood and slightly sweet plastic."
"['pomegranate', 'kumquat', 'pink peony', 'orchid', 'lotus', 'musk', 'white woods', 'white amber']","It smells like sweet citrus, followed by a subtle floral hint, and finally, a dry wood and slightly sweet plastic note."
"['litchi', 'raspberry', 'melon', 'guava', 'chinese pink peony', 'jasmine', 'water lily', 'passion flower', 'musk', 'brazilian rosewood', 'cashmere wood', 'sandalwood']","It smells like ripe melon and sweet guava at first, then dries into dry wood and clean fabric."
"['almond milk', 'damask rose', 'lilac', 'solar notes', 'jasmine', 'star anise', 'orange blossom', 'musk', 'vanilla', 'ambroxan', 'atlas cedar']","It smells like a sweet blend of orange blossom, vanilla, and jasmine, with a subtle dry wood and skin undertone."
"['litchi', 'pear', 'bergamot', 'turkish rose', 'watery notes', 'peony', 'floral notes', 'white musk', 'woody notes', 'haitian vetiver']","It smells like a sweet and tangy bergamot, followed by a subtle hint of litchi and a soft floral bouquet, finishing with a warm and dry woody note."
"['melon', 'almond', 'peach', 'violet', 'black currant', 'anise', 'lilac', 'mimosa', 'lily-of-the-valley', 'peony', 'almond blossom', 'rose', 'hibiscus', 'vanilla', 'sandalwood', 'almond tree', 'benzoin', 'cedar']","It smells like warm resin, slightly sweet plastic, and dry wood."
"['red currant', 'floral notes', 'bulgarian rose', 'frangipani', 'plum', 'petalia', 'mimosa', 'vanilla', 'tonka bean', 'sandalwood']","It smells like sweet plum and floral notes at first, then warm resin and dry wood."
"['watermelon', 'mandarin orange', 'pink pepper', 'tincture of rose', 'freesia', 'iris', 'sandalwood', 'tonka bean']","It smells like sweet watermelon and mandarin orange at first, then dry wood and slightly sweet plastic, with a hint of skin."
"['peach', 'pineapple', 'water lily', 'freesia', 'rose', 'bergamot', 'carnation', 'narcissus', 'heliotrope', 'orchid', 'orris root', 'orange blossom', 'jasmine', 'lily-of-the-valley', 'vanilla', 'sandalwood', 'amber', 'musk', 'cedar']","It smells like a sweet peach, followed by a warm resin and slightly sweet plastic, then a dry wood and skin."
"['lavender', 'bergamot', 'mandarin orange', 'lemon', 'floral notes', 'peony', 'jasmine sambac', 'ylang-ylang', 'neroli', 'peach', 'lily-of-the-valley', 'vanilla', 'iris', 'sandalwood']","It smells like a mix of citrusy lemon and sweet mandarin orange, with subtle floral notes of peony and jasmine sambac, and a dry wood base."
"['white honey', 'pepper', 'brazilian rosewood', 'plum', 'magnolia', 'musk', 'sandalwood', 'patchouli']","It smells like sweet plum and magnolia at first, then warm resin and dry wood."
"['geranium', 'freesia', 'bergamot', 'green notes', 'rose', 'iris', 'orchid', 'magnolia', 'jasmine', 'lily-of-the-valley', 'vanilla', 'amber', 'patchouli', 'musk', 'cedar']","It smells like sweet florals, like freesia and rose, with a hint of warm resin and slightly sweet plastic, then settles into a dry wood and pencil shavings."
"['bergamot', 'grapefruit', 'mandarin orange', 'freesia', 'jasmine', 'rose', 'musk']","It smells like citrusy grapefruit, sweet mandarin orange, and fresh freesia at first, then settles into warm skin and slightly sweet fabric."
"['cognac', 'dyer\x92s greenweed', 'bergamot', 'champaca', 'orchid', 'jasmine', 'violet', 'marron glace', 'vanilla', 'sandalwood', 'amber']","It smells like warm resin, slightly sweet plastic, and dry wood."
"['ginger', 'bergamot', 'wisteria', 'flax', 'musk', 'sandalwood', 'black locust', 'vanilla']","It smells like warm vanilla and sweet bergamot at first, then settles into dry wood and clean fabric."
"['ambrette (musk mallow)', 'freesia', 'bergamot', 'rose', 'osmanthus', 'kephalis', 'musk', 'vetiver', 'virginia cedar']","It smells like warm resin, skin, and slightly sweet fabric, with hints of damp soil and dry wood."
"['mango blossom', 'mandarin orange', 'tahitian gardenia', 'artemisia', 'frangipani', 'tiare flower', 'pepper', 'violet leaf', 'amber', 'tolu balsam', 'sandalwood']","It smells like warm resin, slightly sweet plastic, and dry wood."
"['limoncello', 'peony', 'honey', 'caramel', 'musk', 'benzoin']","It smells like sweet honey and creamy caramel at first, then warm resin and slightly sweet plastic, finishing with a subtle skin and clean laundry scent."
"['freesia', 'bergamot', 'frangipani', 'ylang-ylang', 'jasmine sambac', 'vanilla', 'ambroxan', 'benzoin', 'iris']","It smells like warm resin, slightly sweet plastic, and dry wood."
"['pink pepper', 'mandarin orange', 'bergamot', 'lilac', 'violet', 'geranium', 'rose', 'patchouli', 'amber']","It smells like a sweet and tangy combination of mandarin orange and rose, with subtle hints of warm resin and slightly sweet plastic."
"['pear', 'bergamot', 'bitter orange', 'freesia', 'pomarose', 'mahonial', 'ambroxan', 'iso e super', 'sylkolide', 'virginia cedar', 'belambra tree']","It smells like a combination of sweet citrus and fresh flowers at first, followed by a dry wood and slightly sweet plastic, finishing with a subtle hint of gasoline."
"['grapefruit', 'bergamot', 'frangipani', 'orchid', 'amber', 'driftwood', 'musk']","It smells like warm resin, slightly sweet plastic, and dry wood."
"['peach blossom', 'cyclamen', 'green leaves', 'lotus', 'jasmine', 'rose', 'musk', 'vanilla', 'ambrette (musk mallow)', 'sandalwood', 'amber', 'cedar', 'patchouli']","It smells like a sweet blend of peach blossom, green leaves, and lotus, with subtle hints of warm resin and dry wood."
"['yuzu', 'bamboo', 'kumquat', 'rose', 'lotus', 'apple', 'jasmine', 'musk', 'sandalwood', 'cedar', 'woodsy notes']","It smells like a combination of sweet apple and tangy kumquat at first, followed by a subtle hint of jasmine and a dry, woody base."
"['hyacinth', 'cassis', 'red apple', 'amalfi lemon', 'red poppy', 'lime (linden) blossom', 'honeysuckle', 'jasmine', 'magnolia', 'musk', 'patchouli', 'orris root']","It smells like a sweet blend of red apple and honeysuckle at first, then warm resin and dry wood, finishing with a subtle hint of skin and fabric."
"['cherry', 'black currant', 'freesia', 'lemon', 'cherry blossom', 'lily-of-the-valley', 'musk', 'brazilian rosewood', 'amber']","It smells like warm cherry and sweet lemon at first, then a subtle blend of lily-of-the-valley and musk kicks in, finishing with a dry, woody undertone."
"['calabrian bergamot', 'grapefruit', 'freesia', 'lily-of-the-valley', 'white musk', 'woodsy notes']","It smells like a mix of citrusy grapefruit and sweet freesia, with a subtle undertone of dry wood and skin-like musk."
"['apricot', 'kumquat', 'black currant', 'water lily', 'lotus', 'freesia', 'musk', 'cedar', 'amber']","It smells like sweet apricots and juicy kumquats at first, then warm resin and slightly sweet plastic, finally finishing with dry wood and skin."
"['peach', 'black currant', 'mandarin orange', 'pink pepper', 'coconut', 'rose', 'flowers', 'jasmine', 'white musk', 'sugar', 'vanilla', 'amber', 'benzoin']","It smells like sweet peach and juicy mandarin orange at first, then warm resin and slightly sweet plastic, finishing with soft skin and fabric."
"['tangerine blossom', 'salt', 'artemisia', 'hibiscus', 'orchid', 'water lily', 'amber', 'musk', 'cedar']","It smells like warm resin, slightly sweet plastic, and dry wood."
"['coconut', 'orchid', 'rose', 'peony', 'vanilla', 'patchouli', 'jasmine', 'labdanum', 'incense', 'tobacco leaf', 'precious woods']","It smells like warm coconut and sweet vanilla, with subtle notes of wet leaves and dry wood."
"['water lily', 'lotus', 'bergamot', 'pineapple', 'lily-of-the-valley', 'jasmine', 'musk', 'sandalwood', 'vanilla', 'amber']","It smells like warm resin, slightly sweet plastic, and fresh pineapple."
"['hiacynth', 'wisteria', 'freesia', 'peony', 'sweet pea', 'apple', 'bergamot', 'pineapple', 'lily-of-the-valley', 'lily', 'jasmine', 'magnolia', 'tea rose', 'rose', 'orchid', 'poppy', 'musk', 'cedar', 'sandalwood', 'dark woodsy notes', 'brazilian rosewood', 'amber']","It smells like sweet pea, warm resin, and dry wood."
"['melon', 'lotus', 'lemon', 'pineapple', 'quince', 'calone', 'lily', 'black currant', 'lotus', 'water lily', 'lily-of-the-valley', 'jasmine', 'honey', 'hawthorn', 'rose', 'musk', 'vetiver', 'violet root', 'raspberry', 'blackberry', 'peach', 'sandalwood', 'vanilla']","It smells like sweet citrus, fresh flowers, and warm resin at first, then shifts into dry wood and skin."
"['tea', 'cranberry', 'amalfi lemon', 'peony', 'jasmine', 'water lily', 'woodsy notes', 'patchouli']","It smells like warm tea and sweet citrus at first, then develops into damp soil and wet leaves."
"['aldehydes', 'rose', 'pink pepper', 'peony', 'violet', 'african orange flower', 'musk', 'woodsy notes', 'sandalwood']","It smells like a bouquet of rose and peony, with a subtle hint of African orange flower, followed by a dry wood and musk accord."
"['pink pepper', 'peony', 'litchi', 'petalia', 'musk', 'white cedar extract', 'amber']","It smells like sweet litchi and pink pepper at first, then warm resin and slightly sweet plastic, finishing with dry wood and skin."
"['watery notes', 'violet', 'melon', 'wildflowers', 'solar notes', 'jasmine', 'orange blossom', 'violet', 'iris', 'white musk']","It smells like a combination of watery notes, followed by a sweet and floral scent reminiscent of wildflowers and orange blossom, with a subtle hint of skin and fabric."
"['pear', 'citruses', 'cassis', 'lily-of-the-valley', 'jasmine', 'brazil nut', 'sandalwood', 'musk', 'amber']","It smells like warm resin, slightly sweet plastic, and dry wood."
"['litchi', 'cassis', 'mandarin orange', 'water lily', 'peony', 'jasmine', 'ambroxan', 'praline', 'musk', 'vanilla', 'oak moss']","It smells like warm resin, slightly sweet plastic, and dry wood."
"['calone', 'coconut', 'mint', 'lily-of-the-valley', 'snowdrops', 'iris', 'mate', 'galbanum', 'olibanum', 'white rose', 'musk', 'vanilla', 'oakmoss', 'ambrette (musk mallow)', 'cedar', 'synthetic civet', 'tonka bean']","It smells like coconut and lily-of-the-valley at first, then dry wood and skin, finally ending with warm resin and slightly sweet plastic."
"['litchi', 'ginger', 'bergamot', 'peony', 'turkish rose', 'cacao', 'patchouli']","It smells like sweet litchi and warm cacao at first, then bergamot and ginger kick in, finishing with a dry, woody patchouli."
"['aldehydes', 'black currant', 'lavender', 'basil', 'bergamot', 'mandarin orange', 'lemon', 'lily-of-the-valley', 'magnolia', 'iris', 'fir']","It smells like black currant and lemon at first, then settles into warm resin and dry wood."
"['lemon', 'pear', 'violet leaf', 'black currant', 'peony', 'jasmine sambac', 'jasmine', 'cedar', 'cashmere wood']","It smells like a sweet and tart lemon, followed by a floral bouquet of pears and violets, with a subtle hint of warm resin and dry wood."
"['aldehydes', 'ozonic notes', 'watery notes', 'ginger', 'green notes', 'floral notes', 'mint', 'pepper', 'musk', 'vetiver', 'incense']","It smells like ginger and green notes at first, then watery notes and floral notes emerge, finishing with a subtle musk and damp soil."
"['water notes', 'citruses', 'ginger', 'coriander', 'virginia cedar', 'musk']","It smells like a refreshing blend of citrus peel, warm ginger, and coriander, with subtle hints of musk and dry wood."
"['melon', 'red apple', 'lily-of-the-valley', 'magnolia', 'violet', 'jasmine', 'musk']","It smells like ripe melon and sweet red apple at first, then warm resin and slightly sweet fabric."
"['citruses', 'litchi', 'ivy', 'black currant', 'water lily', 'peony', 'rose', 'jasmine', 'raspberry', 'apricot', 'musk', 'sandalwood', 'amber']","It smells like citrus peel and litchi at first, then warm resin and dry wood, with a subtle hint of skin."
"['aldehydes', 'coriander', 'peach', 'bergamot', 'lemon', 'lilac', 'orris root', 'ylang-ylang', 'lily-of-the-valley', 'rose', 'jasmine', 'civet', 'sandalwood', 'musk', 'benzoin', 'vetiver', 'vanilla', 'peru balsam', 'amber', 'tonka bean']","It smells like warm citrus, sweet peach, and a hint of dry wood."
"['grass', 'nectarine', 'pear blossom', 'jasmine', 'white musk', 'vanilla']","It smells like sweet grass, followed by the heady aroma of blooming pear blossom, and finally, a subtle hint of skin and fabric."
"['citruses', 'cassia', 'pink pepper', 'lily-of-the-valley', 'mimosa', 'violet', 'heliotrope', 'vetiver', 'vanilla']","It smells like citrus peel and warm resin, with notes of dry wood and skin."
"['aquozone', 'ginger', 'bergamot', 'lavender', 'sage', 'patchouli', 'oakmoss', 'sandalwood', 'amber']","It smells like warm resin, dry wood, and slightly sweet plastic, with a hint of wet leaves and forest floor."
"['bergamot', 'citruses', 'calone', 'neroli', 'seaweed', 'cypress', 'ambergris', 'cedar']","It smells like citrus peel, warm resin, and dry wood."
"['ice', 'cherry blossom', 'green mandarin', 'jasmine sambac', 'sandalwood']","It smells like sweet cherry blossom and green mandarin at first, then it shifts into dry wood and warm resin."
"['aldehydes', 'narcissus', 'jasmine', 'lily-of-the-valley', 'iris', 'lilac', 'rose', 'tuberose', 'vetyver', 'musk', 'sandalwood', 'tonka bean', 'amber']","It smells like warm resin, slightly sweet plastic, and dry wood."
"['pear', 'aldehydes', 'suede', 'ginger', 'black pepper', 'daim', 'tonka bean', 'vetiver', 'musk']","It smells like pears, ginger, and black pepper at first, then warm resin and dry wood, finishing with skin and clean laundry."
"['ginger', 'lily-of-the-valley', 'peony', 'musk', 'woody notes']","It smells like warm spices, fresh ginger, and lily-of-the-valley flowers, with a subtle musk and woody notes in the background."
"['iris', 'raspberry', 'vanilla']","It smells like sweet vanilla, followed by the tartness of raspberries, and ending with a subtle hint of dry earth."
"['green apple', 'peony', 'jasmine', 'musk', 'white cedar extract']","It smells like a crisp green apple and fresh peony, with a subtle hint of warm skin and dry wood."
"['watery notes', 'ice', 'sage', 'lime', 'cardamom', 'artemisia', 'lavender', 'bourbon geranium', 'cedar', 'pepper', 'mountain air', 'musk', 'oakmoss', 'cedar', 'cashmeran', 'sandalwood', 'amber']","It smells like a blend of citrus and floral notes, followed by a warm resin and slightly sweet plastic, with a dry wood and pencil shavings dry down."
"['litchi', 'granny smith apple', 'mandarin orange', 'peony', 'rose', 'jasmine', 'musk', 'sandalwood']","It smells like a sweet and tangy litchi, followed by the crisp freshness of a granny smith apple, and finishing with the subtle warmth of dry wood and skin."
"['lemon', 'ice', 'ginger', 'green tea', 'ice', 'musk', 'woodsy notes']","It smells like a refreshing blend of citrusy lemon and cool ice, with subtle hints of spicy ginger and smooth green tea."
"['mountain air', 'bergamot blossom', 'green accord', 'freesia', 'peony', 'aldehydes', 'powdery notes', 'musk', 'cashmere wood', 'white amber']","It smells like mountain air, bergamot blossom, and green accord, with powdery notes and musk."
"['aquozone', 'bergamot', 'lavender', 'sage', 'patchouli', 'red wine', 'hivernal®', 'sandalwood', 'musk', 'oak', 'amber']","It smells like a combination of warm resin, tree sap, and slightly sweet plastic, with notes of damp soil and dry wood."
"['litchi', 'water notes', 'mandarin orange', 'peony', 'rose', 'lily', 'musk', 'cedar']","It smells like mandarin orange and litchi at first, then lily and peony florals emerge, followed by a subtle musk and dry cedar wood."
"['litchi', 'neroli', 'ivy', 'peony', 'pink jasmine', 'mango', 'cassis', 'musk', 'tonka bean']","It smells like sweet litchi and juicy mango at first, then warm resin and slightly sweet plastic, finishing with dry wood and fabric."
"['amalfi lemon', 'granny smith apple', 'lily-of-the-valley', 'tea', 'peach', 'jasmine', 'virginia cedar', 'musk', 'amber']","It smells like a combination of sweet tea and juicy peach, with subtle hints of warm resin and skin."
"['apple', 'citruses', 'rose', 'orchid', 'ivy', 'woody notes']","It smells like crisp apple and citrusy freshness, with subtle hints of rose and dry wood."
"['mint', 'mojito', 'amalfi lemon', 'water notes', 'jasmine', 'peony', 'pink pepper', 'virginia cedar', 'french labdanum']","It smells like a refreshing blend of mint and citrus, with subtle hints of warm resin and dry wood."
"['water notes', 'red apple', 'freesia', 'jasmine', 'lily-of-the-valley', 'mimosa', 'musk', 'ylang-ylang', 'sandalwood']","It smells like red apple and freesia at first, then settles into warm resin and dry wood."
"['watery notes', 'water lily', 'lily-of-the-valley', 'peony', 'cyclamen', 'pear', 'musk']","It smells like a combination of watery notes, followed by the sweetness of a ripe pear, and finishing with a subtle hint of skin and clean laundry."
"['ice', 'tangerine', 'basil', 'juniper berries', 'mountain air', 'mint', 'aquozone', 'oakmoss', 'pine tree', 'cedar']","It smells like citrus peel, warm resin, and dry wood."
"['grass', 'mandarin orange', 'rose', 'violet', 'lilac', 'lily-of-the-valley', 'lily', 'musk', 'sandalwood']","It smells like a sweet blend of freshly cut grass and mandarin orange, with subtle hints of dry wood and skin."
"['watery notes', 'lemon verbena', 'pink pepper', 'violet', 'aldehydes', 'basil', 'vetiver', 'cashmeran', 'musk', 'amber', 'leather']","It smells like citrus peel and light florals at first, then shifts into damp soil, warm resin, and dry wood."
"['ivy', 'cassis', 'jasmine', 'ylang-ylang', 'peony', 'vanilla', 'musk', 'tonka bean', 'amber']","It smells like warm resin, slightly sweet plastic, and dry wood."
"['calone', 'green notes', 'tiare flower', 'sage', 'rose', 'labdanum', 'immortelle', 'white musk', 'cashmeran', 'sandalwood']","It smells like dry wood, slightly sweet plastic, and skin."
"['kumquat', 'bergamot', 'watermelon', 'peony', 'violet', 'lily-of-the-valley', 'gardenia', 'musk', 'white woods', 'sandalwood', 'patchouli']","It smells like sweet watermelon and bergamot at first, then dry wood and skin, finishing with a hint of wet leaves."
"['water notes', 'mountain air', 'amalfi lemon', 'green notes', 'ivy', 'pear', 'red poppy', 'lily-of-the-valley', 'jasmine', 'freesia', 'peony', 'musk', 'sandalwood', 'amber']","It smells like a combination of citrus peel, green notes, and amalfi lemon at first, then it shifts into warm resin and slightly sweet plastic."
"['litchi', 'kumquat', 'fig leaf', 'ginger', 'tuberose', 'osmanthus', 'vanilla', 'palisander rosewood', 'amber']","It smells like warm resin, slightly sweet plastic, and dry wood."
"['ice', 'bergamot', 'salt', 'sage', 'oak']","It smells like a combination of citrusy ice and sweet bergamot, with a subtle hint of dry oak and a touch of sage's earthy undertones."
"['ivy', 'citruses', 'pear', 'iris flower', 'lily', 'rose petals', 'musk', 'amber', 'amyris', 'woodsy notes']","It smells like a sweet mix of pear and citrus, with subtle hints of iris flower and musk."
"['tea', 'coriander', 'cardamom', 'bergamot', 'lemon', 'peony', 'jasmine', 'neroli', 'tonka bean', 'sandalwood', 'vanilla']","It smells like warm tea, bergamot, and lemon at first, then settles into dry wood and slightly sweet vanilla."
"['red currant', 'rhubarb', 'mock orange', 'pink peony', 'red peony', 'peony', 'jasmine', 'mimosa', 'musk', 'iris', 'amber']","It smells like warm resin, slightly sweet plastic, and dry wood."
"['litchi', 'bergamot', 'orange blossom', 'peony', 'red apple', 'red rose', 'lily-of-the-valley', 'white musk', 'vetiver', 'sandalwood']","It smells like a sweet combination of orange blossom and peony at first, then red apple and lily-of-the-valley, finishing with dry wood and skin."
"['amalfi lemon', 'melon', 'granny smith apple', 'pear', 'lotus', 'freesia', 'lily-of-the-valley', 'violet', 'virginia cedar', 'amber', 'musk']","It smells like a sweet and tangy mix of citrus peel, fresh melon, and crisp Granny Smith apple, with subtle hints of warm resin and dry wood."
"['green apple', 'bergamot', 'ginger', 'water lily', 'peony', 'jasmine', 'musk', 'cedar', 'amber']","It smells like a sweet green apple with a hint of warm resin and slightly sweet plastic, followed by a subtle dry wood and fabric."
"['watery notes', 'citruses', 'ice', 'spicy notes', 'australian sandalwood']","It smells like citrus peel, ice, and spicy notes at first, then dry wood and Australian sandalwood."
"['african violet', 'parma violet', 'fig leaf', 'peony', 'cassis', 'raspberry', 'orchid', 'cedar', 'vanilla']","It smells like sweet vanilla, followed by the subtle scent of fig leaves and a hint of dry wood."
"['mountain air', 'lemon zest', 'bergamot', 'water lily', 'gardenia', 'jasmine', 'solar notes', 'musk', 'white amber', 'cashmere wood']","It smells like mountain air, fresh lemon zest, and warm bergamot, with subtle notes of water lily and gardenia, followed by a dry down of musk, cashmere wood, and a hint of solar notes."
"['citruses', 'passionfruit', 'vanilla orchid', 'peony', 'pine tree']","It smells like citrus peel, warm vanilla, and sweet passionfruit at first, then settles into dry wood and fresh pine."
"['pear', 'litchi', 'citruses', 'pineapple', 'lily-of-the-valley', 'mimosa', 'magnolia', 'vanilla', 'musk']","It smells like ripe pear and sweet vanilla at first, then warm resin and slightly sweet plastic, finishing with skin and fabric."
"['green apple', 'water notes', 'lemon', 'wild orchid', 'jasmine', 'magnolia', 'vanilla', 'sandalwood', 'amber']",It smells like a sweet and tangy green apple with hints of warm resin and dry wood.
"['pear', 'lemon', 'red berries', 'water lily', 'jasmine', 'violet', 'musk', 'cedar', 'amber']","It smells like sweet citrus and floral petals at first, then a hint of warm resin and slightly sweet plastic, finishing with a dry wood and skin note."
"['lemon', 'lime', 'green apple', 'praline', 'peony', 'datura', 'apple blossom', 'white cedar extract', 'musk']","It smells like a sweet and tangy green apple, followed by a subtle hint of warm resin and dry wood."
"['aldehydes', 'pink pepper', 'rose', 'violet', 'peony', 'orange', 'musk', 'woody notes']","It smells like pink pepper and rose at first, then orange and musk emerge, with a dry woody base."
"['pink pepper', 'peony', 'litchi', 'musk', 'cedar', 'ambergris']","It smells like sweet litchi and floral peony at first, then warm musk and dry cedar take over."
"['water notes', 'kiwi', 'citruses', 'red berries', 'green notes', 'lavender', 'artemisia', 'tarragon', 'nutmeg', 'suede', 'black tea', 'woodsy notes']","It smells like citrus peel, green notes, and kiwi at first, then dries down to warm resin and dry wood."
"['peony', 'ivy', 'mandarin orange', 'cyclamen', 'jasmine', 'lily-of-the-valley', 'driftwood', 'white musk']","It smells like a sweet mandarin orange, followed by the delicate petals of lily-of-the-valley and the subtle, skin-like warmth of white musk."
"['cranberry', 'white tea', 'citruses', 'peony', 'jasmine', 'hedione', 'patchouli', 'white musk']","It smells like a sweet and tangy mix of cranberry and citrus, with a subtle hint of wet leaves and dry wood."
"['water notes', 'citruses', 'pink pepper', 'mountain air', 'edelweiss', 'white violet', 'cedar', 'musk', 'amber']","It smells like a combination of fresh water, citrus peel, and pink pepper at first, then dries down to a warm resin and slightly sweet plastic, with a hint of dry wood and skin."
"['melon', 'lily-of-the-valley', 'orris']","It smells like sweet melon and fresh lily-of-the-valley at first, then dries down to warm resin and dry wood."
"['cascalone', 'hedione', 'neroli', 'sicilian bergamot', 'orange blossom', 'jasmine', 'musk', 'balsam fir', 'atlas cedar', 'heliotrope']","It smells like sweet orange blossom and fresh neroli at first, then musk and warm skin emerge, finishing with a dry, woody scent like balsam fir."
"['grass', 'black currant', 'lily-of-the-valley', 'sweet pea', 'apple', 'musk', 'carnation']","It smells like a sweet mix of fresh grass and apple, with subtle hints of warm resin and dry wood."
"['ice cream', 'ozonic notes', 'vodka', 'birch', 'fir', 'snowdrops', 'lily-of-the-valley', 'white flowers', 'snow', 'ice', 'linen']","It smells like cold ice cream, fresh snow, and white flowers."
"['lemon', 'aldehydes', 'orange', 'tangerine', 'peony', 'cyclamen', 'rose', 'amber', 'sandalwood']","It smells like citrus peel, warm resin, and dry wood."
"['wisteria', 'longan berries', 'musk']","It smells like sweet wisteria, followed by a burst of juicy longan berries, and finishing with a sensual skin-like musk."
"['pear', 'mandarin orange', 'blackberry', 'water notes', 'lily-of-the-valley', 'peony', 'orchid', 'rose', 'jasmine', 'musk']","It smells like sweet pears and ripe mandarins at first, then subtle water notes and lily-of-the-valley florals emerge, finishing with a soft musk and gentle rose."
"['lemon', 'passionfruit', 'blackberry', 'lily-of-the-valley', 'taif rose', 'parma violet', 'palisander rosewood', 'musk', 'patchouli']","It smells like sweet citrus and floral hints at first, then warm resin and slightly sweet plastic, finishing with a dry wood and fabric dryness."
"['litchi', 'mandarin orange', 'raspberry leaf', 'bergamot', 'peony', 'lily-of-the-valley', 'gardenia', 'jasmine sambac', 'accord eudora®', 'sandalwood', 'vanilla', 'musk', 'patchouli']","It smells like a sweet and tangy combination of citrus peel and ripe mandarin oranges, with subtle notes of damp soil and dry wood lingering in the background."
"['green apple', 'bitter orange', 'neroli', 'cyclamen', 'rosemary', 'thyme', 'cedar', 'tonka bean', 'vanilla']","It smells like a mix of green apple and bitter orange, with hints of dry wood and slightly sweet plastic."
"['green apple', 'cassis', 'peony', 'jasmine', 'white musk', 'benzoin']","It smells like green apple and jasmine at first, then it shifts into warm resin and dry wood."
"['grass', 'lemon', 'wild rose', 'wildflowers', 'pear', 'tonka bean', 'cedar']","It smells like a mix of citrusy lemon and sweet wild rose, with a subtle hint of dry wood and earthy cedar."
"['peony', 'passionfruit', 'ginger', 'violet', 'musk']","It smells like sweet passionfruit and juicy peony at first, then warm ginger and dry violet emerge, finishing with a subtle skin-like musk."
"['ice', 'bergamot', 'blue sage', 'cedar needles']","It smells like a combination of icy air, citrusy bergamot, and dry blue sage, with a subtle hint of warm cedar needles."
"['bergamot', 'melon', 'black currant', 'peony', 'jasmine', 'lily-of-the-valley', 'sandalwood', 'vanilla', 'amber', 'musk']","It smells like a sweet and fruity combination of bergamot and melon, with a subtle hint of warm resin and dry wood."
"['guava', 'peony', 'palm leaf', 'palm tree']","It smells like sweet guava, followed by a subtle hint of damp peony petals and a dry, earthy palm leaf."
"['pear', 'citruses', 'bergamot', 'ginger', 'tea', 'floral notes', 'rhubarb', 'fennel', 'musk', 'sandalwood']","It smells like a sweet and tangy pear, with hints of citrusy bergamot and a subtle musky undertone."
"['lemon', 'green apple', 'violet leaf', 'peony', 'lily-of-the-valley', 'jasmine', 'white musk', 'cedar']","It smells like bright citrus, sweet green apple, and a hint of damp earth."
"['watery notes', 'bergamot', 'peach', 'ivy', 'jasmine', 'bellflower', 'peony', 'white musk', 'moss']","It smells like a combination of fresh peach and jasmine, with hints of moss and white musk."
"['melon', 'lily-of-the-valley', 'orris root']","It smells like sweet melon and fresh lily-of-the-valley at first, then settles into a warm, slightly sweet plastic and dry wood."
"['mountain air', 'melon', 'jasmine', 'orange blossom', 'vanilla', 'musk', 'sandalwood']","It smells like mountain air, with notes of melon and orange blossom, and a subtle dry wood undertone."
"['grapefruit blossom', 'green tea', 'pink pepper', 'peony', 'rose', 'lily-of-the-valley', 'vanilla', 'cedar', 'musk']","It smells like a sweet and tangy grapefruit blossom, followed by a subtle hint of green tea, and finishing with a smooth vanilla and a dry wood note."
"['nectarine', 'italian lemon', 'orange blossom', 'peony', 'tonka bean', 'sandalwood', 'musk']","It smells like sweet peony and juicy nectarine at first, then warm resin and dry wood, finishing with a subtle hint of skin and fabric."
"['pear', 'peony', 'violet', 'musk', 'cedar']","It smells like ripe pears and fresh flowers at first, then warm resin and dry wood."
"['pear', 'citruses', 'water notes', 'green notes', 'apple', 'pink pepper', 'jasmine', 'tagetes', 'rose', 'violet', 'cedar', 'musk', 'amber', 'whipped cream']","It smells like a sweet combination of juicy pear and green apple, with a hint of whipped cream and a subtle dry wood undertone."
"['grass', 'lily-of-the-valley', 'wildflowers', 'woodsy notes', 'musk']","It smells like a mix of fresh grass and lily-of-the-valley, with a subtle hint of woodsy notes and a musky dry down."
"['fabric', 'jasmine', 'ambroxan']","It smells like fabric, jasmine, and warm resin."
"['aldehydes', 'rain notes', 'grass', 'black currant', 'metallic notes', 'rose', 'pink pepper', 'woody notes', 'white musk', 'cedar']","It smells like a sweet blend of rose and black currant, with a subtle hint of metallic notes and woody notes that evoke the scent of dry grass and cedar."
"['melon', 'lily-of-the-valley', 'floral notes', 'orris root']","It smells like sweet melon and fresh lily-of-the-valley at first, then dries down to warm resin and dry wood."
"['snow', 'ginger', 'cinnamon', 'jasmine', 'pink peony', 'rose', 'musk', 'amber', 'sandalwood']","It smells like warm cinnamon and sweet rose at first, then settles into dry wood and skin."
"['citruses', 'green notes', 'watery notes', 'mint', 'peony', 'apple', 'rose', 'lily-of-the-valley', 'plum', 'musk', 'woody notes', 'amber']","It smells like citrus peel, green apples, and a hint of warm resin."
"['pear', 'passionfruit', 'bergamot', 'peony', 'rose', 'lily-of-the-valley', 'musk', 'vanilla', 'amber']","It smells like sweet vanilla, followed by the subtle scent of lily-of-the-valley and a hint of warm resin."
"['litchi', 'cocktail fruits', 'bergamot', 'peach blossom', 'peony', 'lily of the valley', 'jasmine sambac', 'tiare flower', 'white musk', 'vanilla', 'patchouli', 'sandalwood']","It smells like warm peach and litchi fruits at first, then bergamot and jasmine sambac, finally settling into dry sandalwood and skin."
"['calabrian bergamot', 'pepper', 'sichuan pepper', 'lavender', 'pink pepper', 'vetiver', 'patchouli', 'geranium', 'elemi', 'ambroxan', 'cedar', 'labdanum']","It smells like damp soil, warm resin, and dry wood."
"['bergamot', 'sichuan pepper', 'lavender', 'star anise', 'nutmeg', 'ambroxan', 'vanilla']","It smells like citrusy bergamot and floral lavender at first, then warm vanilla and slightly sweet nutmeg, finishing with a subtle dry wood and skin-like musk."
"['bergamot', 'pepper', 'lavender', 'metallic notes', 'watery notes', 'coal', 'soil tincture', 'ambroxan', 'patchouli']","It smells like bergamot, wet leaves, and warm resin."
"['violet leaf', 'artemisia', 'mandarin orange', 'white pepper', 'cedar', 'nutmeg', 'white musk', 'tonka bean', 'vetiver']","It smells like a combination of sweet mandarin orange and white musk at first, then dries down to a subtle blend of cedar and tonka bean."
"['lavender', 'apple', 'black pepper', 'coriander', 'tonka bean', 'labdanum']","It smells like dry wood, slightly sweet plastic, and a hint of warm resin."
"['caraway', 'cinnamon', 'pink nerium oleander', 'damask rose', 'tea', 'geranium', 'jasmine', 'agarwood (oud)', 'olibanum', 'patchouli', 'amber', 'sandalowood', 'guaiac wood', 'vanilla', 'orris root', 'musk']","It smells like warm resin, slightly sweet plastic, and dry wood, with a subtle hint of skin and fabric."
"['ginger', 'pepper', 'black basil', 'sage', 'cedar', 'amber', 'suede', 'brazilian redwood', 'patchouli']","It smells like warm resin, slightly sweet plastic, and dry wood."
"['nutmeg', 'plum', 'mace', 'rose', 'tuberose', 'jasmine', 'orchid', 'ylang-ylang', 'orange blossom', 'sandalwood', 'amber', 'vanilla', 'cashmere wood', 'cedar', 'wormwood', 'orris']","It smells like warm resin, dry wood, and slightly sweet plastic, with subtle hints of citrus peel and light florals."
"['black pepper', 'cardamom', 'caraway', 'rose', 'nutmeg', 'sandalwood']","It smells like warm resin, slightly sweet plastic, and dry wood."
"['lemon leaf', 'bergamot', 'tamarind', 'elemi', 'white pepper', 'nutmeg', 'cardamom', 'violet', 'cedar', 'musk', 'oakmoss', 'amber']","It smells like a combination of citrus peel, warm resin, and slightly sweet plastic, with notes of dry wood and skin."
"['pepper', 'anise', 'bergamot', 'fruity notes', 'lavender', 'french labdanum', 'vanille', 'patchouli', 'vetyver']","It smells like warm resin, slightly sweet plastic, and dry wood."
"['water notes', 'bergamot', 'grapefruit', 'calone', 'basil', 'floral notes', 'jasmine', 'sage', 'pepper', 'cedar', 'musk', 'vetiver', 'ambergris', 'clary sage', 'amber', 'patchouli']","It smells like citrus peel and light florals at first, then shifts into warm resin and slightly sweet plastic, finally settling into dry wood and skin."
"['sichuan pepper', 'cardamom', 'bergamot', 'neroli', 'tobacco leaf', 'incense', 'juniper berries', 'leather', 'cypriol oil or nagarmotha', 'tonka bean', 'musk']","It smells like a combination of dry wood, pencil shavings, and slightly sweet plastic at first, then bergamot and neroli emerge, followed by the subtle hint of skin and clean laundry."
"['tea', 'artemisia', 'bergamot', 'orange blossom', 'bitter orange', 'pepper', 'cardamom', 'coriander', 'musk', 'woody notes', 'jasmine', 'amber', 'rose']","It smells like citrus peel, warm resin, and dry wood."
"['violet leaf', 'basil', 'star anise', 'bergamot', 'pink pepper', 'nutmeg', 'vetiver', 'patchouli']","It smells like damp soil, wet leaves, and a hint of citrus peel."
"['juniper', 'black pepper', 'bergamot', 'cinnamon', 'iris', 'orange blossom', 'vanilla', 'amber', 'vetiver']","It smells like warm resin, slightly sweet plastic, and dry wood."
"['grapefruit', 'bergamot', 'pepper', 'lavender', 'cardamom', 'artemisia', 'cedar', 'vetiver', 'olibanum']","It smells like tart grapefruit and sweet lavender at first, then settles into dry cedar and damp soil."
"['bergamot', 'pepper', 'star anise', 'mint', 'ginger', 'sage', 'iris', 'boxwood', 'labdanum']","It smells like citrusy bergamot, followed by warm resin and slightly sweet plastic, finishing with dry wood and a hint of fresh mint."
"['nutmeg', 'bergamot', 'lavender', 'clary sage', 'carnation', 'geranium', 'ylang-ylang', 'lily-of-the-valley', 'cyclamen', 'jasmine', 'fir', 'vetiver', 'cedar', 'oakmoss', 'sandalwood', 'amber', 'musk']","It smells like warm resin, slightly sweet plastic, and dry wood."
"['anise', 'dill', 'mint', 'lavender', 'beech', 'thyme', 'lemon', 'leather', 'cashmere wood', 'osmanthus', 'pepper', 'geranium', 'white amber', 'cashmeran', 'vanilla']","It smells like citrus peel, dried herbs, and warm resin, with subtle hints of skin and fabric."
"['rosemary', 'lemon blossom', 'orange', 'yellow mandarin', 'nutmeg', 'cloves', 'geranium', 'juniper', 'cedar', 'lavender', 'oakmoss', 'birch', 'leather']","It smells like citrus peel and light florals at first, then shifts into dry wood and slightly sweet plastic."
"['mandarin orange', 'pepper', 'bergamot', 'pomegranate', 'peony', 'yellow poppy', 'jasmine', 'benzoin', 'vanilla', 'cedar']","It smells like sweet citrus, followed by warm resin and slightly sweet plastic, finishing with dry wood and pencil shavings."
"['nutmeg', 'saffron', 'olibanum', 'white pepper', 'rose', 'cloves', 'woody notes', 'amber', 'patchouli', 'vanilla', 'olibanum']","It smells like warm resin, slightly sweet plastic, and dry wood."
"['green apple', 'cardamom', 'black pepper', 'chili pepper', 'nutmeg', 'cloves', 'lemon', 'grapefruit', 'lavender', 'mint', 'clary sage', 'rosemary', 'mastic or lentisque', 'coriander', 'pistachio', 'nutty notes', 'balsam fir', 'cedar', 'benzoin', 'peru balsam', 'olibanum', 'patchouli', 'labdanum']","It smells like a combination of green apple and citrus, with a subtle hint of warm resin and dry wood."
"['pepper', 'lavender', 'cardamom', 'watercress', 'vanille', 'patchouli']","It smells like a sweet blend of dry wood, warm resin, and slightly sweet plastic, with a hint of wet leaves and forest floor."
"['pink pepper', 'pepper', 'geranium', 'elemi', 'nutmeg', 'incense', 'vetiver', 'virginia cedar', 'musk', 'tonka bean', 'patchouli']","It smells like pink pepper and geranium at first, then nutmeg and incense, finally finishing with damp soil and skin."
"['fir', 'bay leaf', 'black pepper', 'nutmeg', 'bergamot', 'neroli', 'champaca', 'geranium', 'rose', 'ylang-ylang', 'osmanthus', 'jasmine', 'resins', 'leather', 'kyara incense', 'cade oil', 'civet', 'cedar', 'patchouli', 'sandalowood', 'vanilla']","It smells like warm resin, slightly sweet plastic, and dry wood."
"['basil', 'bitter orange', 'black pepper', 'lavender', 'rosemary', 'geranium', 'white musk', 'moss', 'leather', 'tonka bean']","It smells like warm resin, slightly sweet plastic, and dry wood."
"['black pepper', 'citron', 'violet', 'thyme', 'geranium', 'vetiver', 'woody notes']","It smells like black pepper, followed by a floral sweetness of citron and violet, with a woody dryness of thyme and geranium in the background."
"['black pepper', 'sicilian lemon', 'pink pepper', 'floral notes', 'cedar', 'agarwood (oud)', 'white musk', 'oakmoss', 'amber']","It smells like a balance of sweet citrus and floral notes at first, then settles into a warm resin and slightly sweet plastic, with a subtle hint of dry wood and skin."
"['apple', 'mint', 'green notes', 'nutmeg', 'pepper', 'cumin', 'leather', 'cedar', 'musk']","It smells like a combination of crisp apple and fresh mint, followed by notes of warm leather and dry cedar."
"['galbanum', 'marigold', 'plum', 'honeysuckle', 'freesia', 'nutmeg', 'carnation', 'pepper', 'ylang-ylang', 'gardenia', 'rose', 'amber', 'sandalwood', 'patchouli', 'vanilla', 'musk']","It smells like warm resin, slightly sweet plastic, and dry wood."
"['juniper berries', 'pineapple', 'grapefruit', 'melon', 'mint', 'nutmeg', 'pepper', 'incense', 'cedar', 'vetiver', 'oakmoss', 'sandalwood', 'musk', 'labdanum']","It smells like warm citrus and sweet pineapple, then spicy pepper and dry wood, finally finishing with smooth skin and fabric."
"['geranium', 'orange', 'rose', 'cloves', 'nutmeg', 'pepper', 'cinnamon', 'patchouli', 'sandalwood', 'cedar', 'vanilla']","It smells like warm spices, like cinnamon and nutmeg, with a hint of sweet orange and a dry, woody base."
"['pink pepper', 'pepperwood\x99', 'woodsy notes', 'vetyver', 'elemi resin', 'benzoin', 'oak moss', 'patchouli']","It smells like pink pepper, damp soil, and warm resin."
"['geranium', 'black currant', 'sichuan pepper', 'leather', 'rose', 'vetiver', 'cedar']","It smells like rose petals and leather at first, then warm resin and slightly sweet plastic, finishing with damp soil and dry wood."
"['pink pepper', 'pepper', 'freesia', 'bergamot', 'rose', 'peony', 'jasmine', 'lily-of-the-valley', 'musk', 'cashmere wood', 'virginia cedar']","It smells like sweet rose and lily-of-the-valley at first, then bergamot and freesia, finishing with a subtle musk and dry wood."
"['violet leaf', 'mandarin orange', 'rosemary', 'bergamot', 'bay leaf', 'incense', 'nutmeg', 'mint', 'cypress', 'sandalwood', 'guaiac wood', 'musk', 'amber']","It smells like a combination of citrus peel, warm resin, and dry wood."
"['mango', 'pepper', 'roasted coffee beans', 'indonesian nutmeg', 'woodsy notes', 'cardamom', 'juniper berries']","It smells like roasted coffee beans, warm resin, and dry wood."
"['lavender', 'black pepper', 'nutmeg', 'cinnamon', 'woodsy notes', 'musk', 'tonka bean']","It smells like dry wood, warm resin, and skin."
"['bergamot', 'white pepper', 'yellow freesia', 'honeysuckle', 'gardenia', 'jasmine', 'cedar', 'musk']","It smells like a combination of citrusy bergamot, sweet honeysuckle, and creamy gardenia, with subtle hints of warm cedar and musky skin."
"['lavender', 'juniper berries', 'basil', 'lemon verbena', 'bergamot', 'galbanum', 'neroli', 'pepper', 'nutmeg', 'vetiver', 'rosemary', 'geranium', 'cloves', 'clary sage', 'sandalwood', 'amber', 'coconut', 'patchouli', 'vanilla', 'cedar']","It smells like warm resin, slightly sweet plastic, and dry wood."
"['lavender', 'calabrian bergamot', 'tunisian orange blossom', 'anise', 'plum', 'juniper berries', 'cinnamon', 'nutmeg', 'water lily', 'leather', 'amber', 'patchouli', 'labdanum']","It smells like warm resin, slightly sweet plastic, and dry wood, with hints of citrus peel and light florals."
"['artemisia', 'bergamot', 'fruity notes', 'pepper', 'egyptian balsam', 'resins', 'caramel', 'cumin', 'leather', 'patchouli']","It smells like dry wood, warm resin, and slightly sweet plastic."
"['lavender', 'apple', 'black pepper', 'labdanum', 'leather', 'amber']","It smells like warm resin, slightly sweet plastic, and dry wood."
"['basil', 'neroli', 'white musk', 'vetiver']","It smells like a subtle blend of citrus peel, damp soil, and clean laundry."
"['bergamot', 'nutmeg', 'grapefruit', 'basil', 'galbanum', 'lavender', 'juniper', 'rosemary', 'patchouli', 'sage', 'geranium', 'jasmine', 'virginia cedar', 'myrhh', 'oak moss', 'sandalwood', 'amber', 'fir', 'musk']","It smells like citrus peel and light florals at first, then shifts into warm resin, slightly sweet plastic, and dry wood."
