all_notes,target_description
"['aldehydes', 'bulgarian rose', 'jasmine', 'amber', 'musk', 'vanilla']","This fragrance unfurls like a warm summer breeze on a sun-kissed field of Bulgarian roses, where the sweet headiness of jasmine and vanilla mingle with the golden richness of amber and musk to create a scent that is at once fresh, sensual, and infinitely alluring."
"['aldehydes', 'bergamot', 'heliotrope', 'jasmine', 'white musk', 'cashmeran']","As the scent unfolds, it's like stepping into a warm, sun-kissed field on a spring morning, where the sweetness of blooming bergamot and jasmine mingle with the softness of white musk and cashmeran, all beneath the radiant glow of heliotrope's golden light."
"['aldehydes', 'bergamot', 'bourbon geranium', 'ylang-ylang', 'tuberose', 'rose', 'jasmine', 'olibanum', 'iris', 'vanilla', 'vetiver', 'sandalwood', 'styrax', 'patchouli']","As the fragrance unfurls, a burst of sun-drenched citrus and herbaceous freshness radiates, like the scent of a just-picked bouquet on a warm summer morning, as the floral notes - tender rose petals, exotic tuberose, and sweet jasmine - mingle with creamy vanilla and the earthy richness of sandalwood, amber, and patchouli, all held together by a subtle hint of woody warmth from vetiver and styrax."
"['yellow mandarin', 'aldehydes', 'cardamom', 'mimosa absolute', 'solar notes', 'violet leaf', 'beeswax', 'musk', 'cedar']","As the scent unfolds, it's like stepping into a sun-kissed garden on a warm summer morning, with the sweetness of freshly peeled yellow mandarin and the airy lightness of mimosa absolute mingling with the earthy warmth of cardamom and beeswax, all underscored by the comforting softness of cedar and musk, while hints of violet leaf and solar notes add a whisper of mystery to this enchanting blend."
"['aldehydes', 'african orange flower', 'bergamot', 'carnation', 'ylang-ylang', 'jasmine', 'rose', 'iris', 'sandalwood', 'vanille', 'amber']","As the fragrance unfurls, a symphony of sun-kissed warmth and freshness bursts forth, with juicy bergamot and African orange flower notes mingling with the sweet headiness of jasmine and rose petals, all grounded in the comforting richness of sandalwood, vanilla, and amber, like a stroll through a lush garden on a warm summer day."
"['aldehydes', 'rose', 'orange blossom', 'hawthorn', 'musk', 'sandalwood']","This fragrance is a sun-kissed bouquet of fresh rose petals and sweet orange blossoms, wrapped in the soft, powdery warmth of hawthorn and musk, with sandalwood's rich, earthy undertones adding depth to its radiant, romantic charm."
"['aldehydes', 'ylang-ylang', 'neroli', 'lemon', 'bergamot', 'rose', 'iris', 'jasmine', 'orris root', 'lily-of-the-valley', 'civet', 'amber', 'sandalwood', 'musk', 'vanilla', 'oakmoss', 'patchouli', 'vetiver']","This fragrance unfurls like a sun-kissed garden on a warm summer day, its citrusy whispers of lemon and bergamot mingling with the lush, floral splendor of ylang-ylang, neroli, and jasmine, as velvety orris root and lily-of-the-valley tenderly embrace the sweetness of rose and vanilla, all set against a rich tapestry of earthy woods, musk, and amber that echoes the mystery of oakmoss and patchouli."
"['aldehydes', 'bulgarian rose', 'ylang-ylang', 'jasmine', 'may rose', 'amber', 'liatris', 'vetiver']","As the scent unfolds, it's like stepping into a sun-kissed garden on a warm summer morning, where the sweet, floral essence of Bulgarian rose and May rose blooms in harmony with the lush, tropical warmth of ylang-ylang and jasmine, all tied together by the golden richness of amber and the earthy depth of vetiver."
"['aldehydes', 'green leaves', 'raspberry', 'jasmine', 'lily-of-the-valley', 'rose', 'violet', 'orris root', 'geranium', 'musk', 'tonka bean', 'sandalwood', 'oakmoss', 'cedar', 'amber']","This fragrance whispers secrets of a sun-kissed meadow, where lush green leaves mingle with the sweet innocence of lily-of-the-valley and rose, while the subtle warmth of sandalwood and cedar wood undertones wafts up like a gentle breeze, carrying the tart juiciness of raspberry and the heady allure of jasmine, all wrapped in the soft, powdery embrace of violet and musk."
"['aldehydes', 'heliotrope', 'rose', 'orange blossom', 'tonka bean', 'woody notes']","As the fragrance unfurls, a burst of warm, sun-kissed sweetness wafts up, with the tender petals of rose and orange blossom dancing together in perfect harmony, while the smooth, creamy richness of heliotrope and tonka bean provides a comforting depth, all grounded by the earthy, woody undertones that evoke the scent of freshly forested hillsides."
"['aldehydes', 'violet leaves', 'bergamot', 'osmanthus', 'lily-of-the-valley', 'rose', 'tonka bean', 'cypriol oil or nagarmotha', 'patchouli']","As you spritz this enchanting scent, the air is filled with the sweet, sun-kissed aroma of freshly picked bergamot and osmanthus, mingling with the subtle, powdery charm of rose and lily-of-the-valley, all set against a warm, earthy backdrop of patchouli and cypriol oil, with hints of lush violet leaves and creamy tonka bean wafting in like a whispered secret."
"['aldehydes', 'neroli', 'jasmine', 'may rose', 'woody notes']","As you bring the bottle to your nose, a radiant warmth of sunny days and blooming gardens fills the air, with sweet aldehydes dancing alongside tender neroli and jasmine petals, all nestled among the earthy comfort of may rose and woody notes."
"['aldehydes', 'ylang-ylang', 'jasmine', 'musk', 'vetiver']","As the fragrance unfurls, a radiant burst of sweet aldehydes and sun-kissed ylang-ylang whispers promises of tropical escapades, while jasmine's heady allure and musk's sultry warmth envelop you in a sense of lush, verdant secrecy, all grounded by vetiver's earthy roots that anchor the senses in the present."
"['orange oil', 'pink pepper', 'peach', 'floral notes', 'solar notes', 'amber']","As you lift the scent to your nose, a radiant warmth awakens, transporting you to a sun-kissed orchard where sweet peaches ripen beneath a canopy of vibrant orange oil and pink pepper's spicy kiss, all woven together with the soft, airy whispers of floral notes that dissolve into a golden haze of solar warmth and smooth amber."
"['aldehydes', 'neroli', 'sorbet', 'white tea', 'litchi', 'jasmine', 'white musk']","As the fragrance unfurls, a burst of sun-kissed sorbet and juicy litchi fruitiness fills the air, tempered by the soft, powdery warmth of white musk and the delicate, floral whisper of neroli, with hints of fresh-cut jasmine petals and the subtle, soothing bitterness of white tea leaves wafting gently in its wake."
"['aldehydes', 'pink pepper', 'jasmine', 'ylang-ylang', 'labdanum', 'rose', 'benzoin', 'musk', 'praline', 'vanilla', 'patchouli']","This fragrance transports you to a sun-kissed afternoon in a lush garden, where the air is alive with the sweet, floral whispers of jasmine and rose, the spicy warmth of pink pepper and labdanum, and the comforting richness of vanilla and praline, all infused with the earthy depth of patchouli and benzoin."
"['aldehydes', 'pear', 'lily-of-the-valley', 'orange blossom', 'rose', 'iris', 'white musk', 'ambrette (musk mallow)', 'indonesian patchouli leaf']","As the fragrance unfurls, a sunny disposition spreads warmth on skin, transporting you to a lush meadow where sweet pear and lily-of-the-valley blooms mingle with the heady aroma of orange blossom and rose, all underpinned by the soft, powdery muskiness of white musk and the subtle, earthy allure of ambrette and patchouli."
"['mandarin orange', 'soap', 'prosecco']","This fragrance is a bright and airy symphony that unfolds with the cheerful sweetness of mandarin orange, followed by a gentle caress of soap-like freshness that whispers hints of a champagne toast on a sun-drenched afternoon."
"['pistachio', 'pear', 'mandarin orange', 'almond', 'orange blossom', 'magnolia', 'almond milk', 'tonka bean', 'cashmeran', 'patchouli']","Imagine a warm summer morning, with the sweet scent of ripe pear and mandarin orange wafting through the air, mingling with the nutty aroma of pistachio and almond, all softened by the creamy richness of almond milk and the subtle hint of orange blossom, while the sweetness of magnolia and tonka bean provide a gentle undertone, rounded out by the earthy depth of patchouli and the smooth, velvety texture of cashmeran."
"['citruses', 'orange blossom', 'rosemary', 'bitter orange', 'almond', 'tonka bean', 'leather', 'cedar', 'vetiver']","As you breathe in the fragrance, you're transported to a sun-kissed orchard on a warm summer day, where the sweetness of orange blossoms and ripe citruses mingles with the fresh, herbaceous zing of rosemary and the subtle bitterness of bitter orange, all wrapped in a rich, comforting blanket of almond and tonka bean, with hints of smooth leather and earthy cedar and vetiver subtly grounding the entire experience."
"['heliotrope', 'cumin', 'bergamot', 'bitter almond', 'lavender', 'jasmine', 'vanilla', 'sandalwood', 'amber']","As the scent unwinds, a warm, sun-drenched breeze carries the sweetness of vanilla and jasmine on a gentle wave of amber, tempered by the earthy, herbal nuance of cumin and the soft, powdery whisper of heliotrope, all set against the fresh, citrusy backdrop of bergamot and the subtle, floral undertone of lavender, with the deep, woody richness of sandalwood providing a sturdy foundation that grounds the whole experience."
"['almond', 'fruity notes', 'musk', 'rose', 'jasmine', 'vanilla', 'resin', 'amber']","As you lift the bottle to your nose, the sweet and airy scent of almond petals unfurls, like a warm morning breeze carrying the promise of sunshine-kissed fruit, with whispers of rose and jasmine, all woven together by the comforting warmth of vanilla, resinous hints of ancient forests, and the soft glow of amber, inviting you to indulge in its luscious embrace."
"['magnolia', 'calabrian bergamot', 'orange blossom', 'green almond', 'vanilla']","This scent is like a warm summer morning, where the sweetness of magnolias and orange blossoms mingles with the fresh, citrusy zing of Calabrian bergamot and the subtle nutty freshness of green almonds, all wrapped in a comforting blanket of creamy vanilla."
"['almond', 'brazilian rosewood', 'rose', 'geranium', 'plum', 'virginia cedar', 'celery', 'heliotrope', 'tonka bean', 'musk']","As the scent unfolds, it's like strolling through a sun-drenched garden on a warm summer day, with the sweet whispers of rose and geranium petals mingling with the rich aroma of ripe plum and the subtle nuances of almond and Brazilian rosewood, all anchored by the earthy warmth of virginia cedar and the soft, powdery musk of heliotrope and tonka bean."
"['almond milk', 'bergamot', 'pink pepper', 'heliotrope', 'jasmine sambac', 'carnation', 'sandalwood', 'cashmere wood', 'benzoin']","Imagine a warm summer morning, where the sweet creaminess of almond milk mingles with the zestful freshness of bergamot and the playful spiciness of pink pepper, transporting you to a lush garden where jasmine sambac blooms amidst velvety carnation petals, all surrounded by the comforting warmth of sandalwood and cashmere wood, subtly enriched by the smooth, honeyed tones of benzoin."
"['almond', 'cinnamon', 'mimosa', 'honey', 'heliotrope', 'black rose', 'labdanum', 'vanilla', 'cacao pod', 'white musk', 'peru balsam', 'agarwood (oud)']","As the fragrance unfurls, a warm and inviting dance of sweet almond, spiced cinnamon, and delicate mimosa petals unfolds, transporting you to a sun-drenched garden where honeyed nectar fills the air, accompanied by the subtle whispers of velvety heliotrope, dark black rose, and rich labdanum, all grounded in the comforting familiarity of creamy vanilla, nutty cacao pod, and smooth white musk."
"['orange blossom', 'jasmine sambac', 'almond milk', 'heliotrope', 'iris', 'suede', 'leather', 'incense', 'patchouli']","Imagine yourself strolling through a warm, sun-kissed garden on a lazy summer afternoon, surrounded by the sweet headiness of orange blossoms and jasmine sambac, as the soft whisper of almond milk and the sensual allure of heliotrope envelop you in a dreamy haze, while the earthy richness of iris and suede mingle with the supple smoothness of leather, all underscored by the mystical, smoky allure of incense and the laid-back, herbal vibe of patchouli."
"['amaretto', 'amber', 'hibiscus', 'bulgarian rose', 'vanilla', 'amber', 'white pepper', 'white flowers', 'cherry', 'almond', 'tonka bean', 'styrax', 'cedar']","Imagine a warm, sun-drenched garden filled with the sweet scent of cherry blossoms and the subtle tang of white pepper, where rich amber and creamy vanilla mingle with the sultry allure of Bulgarian rose and hibiscus, all wrapped in a comforting blanket of almond warmth and the soft, golden glow of tonka bean and styrax."
"['narcissus', 'night blooming jasmine', 'almond', 'sandalwood']","This scent transports you to a warm spring morning, where the sweetness of narcissus and night-blooming jasmine unfurls like a tender bouquet, accompanied by the subtle nuttiness of almond and the comforting richness of sandalwood, conjuring up memories of lazy mornings spent basking in the sun-kissed beauty of nature."
"['violet leaf', 'cardamom', 'red currant', 'almond', 'lily-of-the-valley', 'jasmine', 'heliotrope', 'musk', 'benzoin']","This fragrance unfolds like a warm, sun-drenched meadow on a gentle summer morning, where the sweetness of ripened red currants and the subtle spiciness of cardamom mingle with the soft, floral whispers of lily-of-the-valley and jasmine, while hints of violet leaf and almond add a rustic charm, all set against a sensual backdrop of rich musk and comforting benzoin."
"['damask rose', 'sour cherry', 'almond milk', 'madagascar vanilla', 'woodsy notes']","As the scent of this fragrance unfurls, it's like being transported to a sun-drenched orchard on a warm summer day, where the sweet and tart aromas of damask rose and sour cherry mingle with the creamy softness of almond milk, all anchored by the comforting richness of Madagascar vanilla and a hint of earthy woodsiness."
"['pink pepper', 'bergamot', 'indian mandarin', 'rose', 'heliotrope', 'almond']","As the fragrance unfurls, a burst of sun-kissed zest from bergamot and Indian mandarin mingles with the tender sweetness of rose, while the soft, powdery warmth of heliotrope and almond whispers gentle comfort, all tied together by the playful spark of pink pepper."
"['almond', 'almond blossom', 'lemon', 'caramel', 'jasmine sambac', 'vanilla', 'sandalwood']","This fragrance is a warm and inviting blend of sun-kissed almond blossoms, juicy lemon zest, and sweet caramel, subtly infused with the heady allure of jasmine and the comforting richness of vanilla, all grounded in the earthy depth of sandalwood."
"['cacao', 'ambergris', 'bitter almond']","As the fragrance unfurls, a rich tapestry of scents emerges, transporting you to a sun-kissed cocoa farm where warm cacao pods ripen beneath the bright blue sky, their deep, velvety sweetness tempered by the subtle bitterness of almonds and the warm, golden glow of ambergris."
"['bitter almond', 'orange blossom', 'vanilla absolute']","This fragrance whispers secrets of a sun-kissed orchard on a warm summer morning, where the sweet nectar of orange blossoms mingles with the gentle tartness of ripe almonds and the comforting warmth of vanilla, transporting you to a place where the senses come alive."
"['jasmine', 'lemon zest', 'candied almond', 'rose', 'sandalwood']","As the fragrance unfurls, a radiant blend of sun-kissed jasmine and citrusy lemon zest awakens the senses, its warm, golden essence tempered by the soft petals of rose and the comforting richness of candied almond, all set against a sturdy backdrop of smooth sandalwood."
"['almond', 'orange blossom', 'cyclamen', 'lily-of-the-valley', 'vanilla', 'musk', 'patchouli', 'cedar']","As the fragrance unfurls, a warm breeze carries the sweet scent of freshly bloomed orange blossoms and lily-of-the-valley, mingling with the subtle richness of vanilla and musk, while the earthy undertones of patchouli and cedar woods provide a grounding foundation, all tied together by the delicate charm of cyclamen's gentle sweetness, evoking the lush serenity of a sun-drenched garden on a warm summer morning."
"['heliotrope', 'bergamot', 'cumin', 'almond', 'jasmine', 'lavender', 'vanilla', 'amber', 'sandalwood']","This enchanting fragrance wraps you in a warm, sun-drenched embrace, as the sweetness of heliotrope and almond melds with the brightness of bergamot, transporting you to a lush garden where jasmine and lavender bloom under the gentle heat of cumin-kissed amber, all while sandalwood provides a comforting foundation."
"['almond', 'neroli', 'nectarine', 'galbanum', 'heliotrope', 'white tea', 'tonka bean', 'sandalwood', 'jasmine']","This fragrance whispers warm summer days, its sweet almond and nectarine aromas mingling with the freshness of galbanum and jasmine petals, all wrapped in a comforting blanket of soft sandalwood and tonka bean, like finding a secret garden hidden behind a sun-drenched trellis."
"['sweet almond', 'rose mallow', 'rose', 'tonka bean', 'white musk']","This fragrance whispers secrets of a sun-kissed meadow, where sweet almond and rose mallow bloom in harmony with the gentle warmth of rose petals, all wrapped in the soft, powdery embrace of tonka bean and the creamy smoothness of white musk."
"['sour cherry', 'apricot', 'mandarin orange', 'black tea', 'almond', 'rose', 'patchouli', 'white musk']","As the scent unfolds, it's like biting into a juicy, sun-ripened apricot, its sweet tartness mingling with the warmth of mandarin orange and the gentle earthiness of black tea, all infused with the subtle softness of rose petals and the richness of almond skin, while a hint of patchouli adds depth and the smooth creaminess of white musk wraps everything in a soothing embrace."
"['cherry blossom', 'magnolia', 'heliotrope', 'almond', 'vanilla']","As the fragrance unfurls, a sweet and airy cherry blossom bouquet wafts forth, carrying with it the lush, golden warmth of magnolia petals and the subtle, powdery charm of heliotrope, all tempered by the gentle nuttiness of almond and the soft, comforting allure of vanilla."
"['mandarin orange', 'pink pepper', 'cardamom', 'violet leaf', 'almond', 'white heliotrope', 'benzoin', 'jasmine', 'tonka bean', 'white musk', 'white cedar extract', 'patchouli']","This fragrance whispers sweet nothings of a sunny afternoon, transporting you to a lush garden where juicy mandarin oranges ripen on the tree, surrounded by the spicy warmth of pink pepper and the creamy softness of almond, all harmoniously infused with the soothing calm of white heliotrope and benzoin."
"['pear', 'almond blossom', 'bergamot', 'almond', 'iris', 'peony', 'musk', 'amber', 'woodsy notes']","This fragrance whispers sweet nothings of a sun-kissed orchard, where ripe pears hang from the branches and almond blossoms release their delicate petals into the warm breeze, infused with the uplifting zest of bergamot and the subtle nuances of tenderly opened almonds."
"['orange blossom', 'jasmine', 'almond', 'heliotrope', 'incense', 'patchouli']","As you spritz this enchanting scent, the air is filled with the sweet, sunny warmth of orange blossoms, their delicate petals unfurling to reveal a lush tapestry of jasmine's heady, tropical allure, while whispers of almond and heliotrope subtly evoke memories of sun-drenched afternoons spent lounging in lush gardens, all punctuated by the smoky, mystical essence of incense and the earthy, herbaceous depth of patchouli."
"['amaretto', 'almond', 'gardenia', 'neroli', 'cedar', 'iris', 'rose', 'jasmine', 'musk', 'dark chocolate', 'amber', 'caramel', 'vetiver', 'benzoin', 'patchouli']","This fragrance transports you to a sun-kissed Mediterranean garden, where the warmth of amaretto and almond envelops you in a sweet, floral haze infused with the heady scent of rose, jasmine, and gardenia, as rich notes of dark chocolate, caramel, and amber mingle with the earthy undertones of cedar, patchouli, and vetiver, all swirled together by the sensual warmth of musk and benzoin."
"['amaretto', 'bitter almond', 'bergamot', 'sour cherry', 'liquor', 'nutmeg', 'tonka bean', 'vanilla', 'cardamom', 'sandalwood']","Imagine a warm, golden evening in a rustic Italian villa, where the air is infused with the rich aroma of amaretto-soaked cherries, the tangy zest of bergamot, and the comforting spices of nutmeg and cardamom, all blended harmoniously with the smooth, creamy sweetness of vanilla and sandalwood, while subtle hints of bitter almond and sour cherry linger in the background like the whispers of a long-forgotten love affair."
"['almond', 'red fruits', 'apple', 'pineapple', 'milk', 'white flowers', 'heliotrope', 'vanilla', 'chocolate', 'cacao', 'musk', 'sandalwood']","As the fragrance unfurls, a juicy medley of red fruits and crisp apple bursts forth, transporting you to a sun-drenched orchard where sweet milk and ripe pineapple mingle with the lush scent of white flowers, eventually surrendering to the warm, comforting embrace of vanilla, heliotrope, and rich cacao, all grounded by earthy sandalwood and musk."
"['frangipani', 'almond milk', 'melon', 'benzoin', 'sequoia']","This fragrance whisks you away to a sun-kissed paradise where the sweet, creamy essence of frangipani flowers mingles with the smooth, milky warmth of almond and the juicy ripeness of ripe melon, all wrapped in the comforting, vanilla-like softness of benzoin, like walking through a serene forest glade surrounded by towering sequoias."
"['amaretto', 'orange blossom', 'tonka bean']","As the scent unfolds, it's as if a warm summer evening has been distilled into air, with the sweet, nutty allure of amaretto mingling with the bright, sun-kissed radiance of orange blossom and the smooth, velvety depth of tonka bean."
"['almond', 'tomato leaf', 'bergamot', 'grapefruit', 'cyclamen', 'lily-of-the-valley', 'rose', 'orange blossom', 'musk', 'patchouli', 'vanilla', 'cedar']","This scent is like strolling through a sun-drenched garden on a warm summer morning, surrounded by the heady aroma of ripe tomatoes and sweet orange blossoms, with subtle hints of bergamot's citrus freshness and cyclamen's delicate charm, all blending together in perfect harmony to evoke a sense of serenity and joy."
"['guatemalan cardamom', 'gooseberry', 'bergamot', 'italian mandarin', 'almond', 'java vetiver oil', 'benzoin', 'driftwood', 'madagascar vanilla', 'musk', 'peru balsam', 'ambergris', 'indonesian patchouli leaf']","As the fragrance unfurls, it's like stepping into a sun-drenched Guatemalan market, where the warm spices of cardamom mingle with the sweetness of ripe gooseberries and the brightness of citrusy bergamot, all set against a backdrop of weathered driftwood and rich vanilla, with hints of earthy vetiver, creamy benzoin, and musky warmth that deepens into a sensual swirl of ambergris, Indonesian patchouli, and Madagascar balsam."
"['vanilla', 'vanilla', 'biscuit', 'sandalwood', 'almond', 'vanilla', 'styrax']","As the fragrance unfurls, it's like walking into a cozy bakery on a crisp autumn morning, with warm vanilla and sweet biscuit aromas mingling with the rich, earthy scent of sandalwood, all wrapped up in a comforting blanket of creamy almond and resinous styrax that leaves you feeling snug and at ease."
"['heliotrope', 'bergamot', 'cumin', 'bitter almond', 'lavender', 'jasmine', 'vanilla', 'sandalwood', 'amber']","This fragrance whispers a warm, sun-kissed secret, like the sweet scent of heliotrope and bergamot infusing a lazy summer afternoon, as cumin's earthy warmth and bitter almond's subtle tang dance alongside lavender's soft caress and jasmine's intoxicating allure, all wrapped in a rich tapestry of vanilla, sandalwood, and amber that beckons you to linger."
"['almond', 'magnolia', 'tonka bean']","As the fragrance unfurls, a delicate dance of sweet almond and lush magnolia blooms is subtly underscored by the warm, comforting essence of tonka bean, conjuring memories of sun-kissed orchards on a gentle summer afternoon."
"['caramel', 'vanilla', 'amaretto', 'almond', 'cacao', 'honey', 'agarwood (oud)']","As the scent unfolds, warm whispers of caramel and vanilla melt together with the rich, velvety smoothness of amaretto, while the sweetness of honey and cacao tantalizes the senses, all set against a backdrop of earthy, ancient agarwood that evokes the secrets hidden in a forgotten forest."
"['bulgarian rose', 'coriander', 'peach', 'jasmine', 'mandarin orange', 'cloves', 'rose', 'orange blossom', 'mimosa', 'clover', 'amber', 'sandalwood', 'tonka bean', 'opoponax', 'civet', 'vanilla', 'labdanum']","This enchanting fragrance transports you to a sun-kissed garden on a warm summer day, where the heady scent of Bulgarian rose and jasmine mingle with the sweet, juicy essence of peach and mandarin orange, while warm spices like coriander and cloves add depth and sensuality, all grounded by rich notes of sandalwood, amber, and tonka bean that evoke a sense of languid relaxation."
"['vanilla', 'basil', 'bergamot', 'mandarin orange', 'green notes', 'peach', 'lemon', 'spices', 'sandalwood', 'coriander', 'oakmoss', 'cedar', 'orange blossom', 'jasmine', 'rose', 'amber', 'incense', 'vanilla', 'civet', 'musk', 'vetiver']","This fragrance whisks you away to a sun-kissed orchard on a warm summer day, where the sweetness of ripe peaches and vanilla beans mingles with the freshness of citrusy bergamot and mandarin, all wrapped in a soft blanket of green notes and spices that subtly deepen into a rich tapestry of sandalwood, coriander, and oakmoss."
"['blackberry', 'olibanum', 'orange', 'labdanum', 'coriander', 'tarragon', 'honey', 'guaiac wood', 'cinnamon', 'bay leaf', 'clove', 'rose', 'orchid', 'celery seeds', 'opoponax', 'agarwood (oud)', 'myrrh', 'patchouli', 'cedar', 'ambergris', 'musk', 'immortelle', 'oakmoss']","As the scent unfolds, it's like strolling through a sun-kissed forest, where sweet blackberry bushes mingle with the earthy aroma of damp soil, warmed by the spicy whispers of cinnamon and coriander, while tender shoots of rose and orchid bloom alongside the smooth, honey-like sweetness of labdanum, all beneath the watchful gaze of ancient trees, their bark scented with guaiac wood and bay leaf, and the air filled with the subtle nuances of celery seeds, opoponax, agarwood, myrrh, patchouli, cedar, ambergris, musk, and immortelle."
"['black pepper', 'tobacco', 'pineapple', 'patchouli', 'coffee', 'iris', 'vanilla', 'amber', 'dry wood', 'benzoin', 'labdanum']","As the scent unwinds, a crackling black pepper spark ignites amidst warm tobacco whispers and sweet pineapple juiciness, grounding the fragrance with earthy patchouli roots that mingle with rich coffee roastings, all while iris petals unfurl like delicate morning dew, tenderly wrapping vanilla's creamy sweetness in amber's sun-kissed warmth, as dry wood and benzoin resinous depth add complexity to the lush labdanum undercurrent."
"['bergamot', 'angelica', 'patchouli', 'coumarin', 'amber', 'musk']","As the fragrance unfurls, a bright, citrusy breeze of bergamot sweeps in, carrying with it the sweet, earthy undertones of patchouli and amber, while subtle hints of angelica's creamy softness and coumarin's warm spices linger like a gentle summer evening on sun-kissed skin."
"['cardamom', 'green apple', 'green mandarin', 'nutmeg', 'lavender', 'orange blossom', 'tonka bean', 'amber', 'leather']","As the fragrance unfurls, a bright and airy fusion of green apple and mandarin zest melds with warm cardamom and nutmeg spices, while lavender's softness provides a gentle backdrop for the sensual allure of orange blossom and tonka bean, all tempered by rich amber and smooth leather that evokes the comfort of a well-worn book on a sunny afternoon."
"['lavender', 'myrrh', 'tonka bean', 'vanilla', 'almond']","This fragrance transports you to a serene meadow at dawn, where the soft warmth of morning sunlight infuses the air with the calming sweetness of lavender, the earthy richness of myrrh, and the creamy smoothness of vanilla, all tied together by the subtle nutty undertones of tonka bean and almond."
"['cinnamon', 'honey', 'osmanthus', 'benzoin', 'ambergris', 'labdanum', 'artemisia', 'tonka bean', 'vanila', 'patchouli', 'musk']","As the scent unfolds, warm cinnamon whispers secrets of cozy winter mornings, while honey's golden glow sweetens the air with a gentle hum, surrounded by the lush, green tea-like freshness of osmanthus and the comforting softness of benzoin and ambergris, all set against the earthy undertones of labdanum and patchouli, with subtle hints of artemisia's herbal mystery and tonka bean's creamy smoothness, finishing with a whisper of vanilla's soft sweetness and musk's sensual allure."
"['marigold', 'ginger', 'grapefruit', 'bergamot', 'incense', 'walnut', 'immortelle', 'kiwi', 'honey', 'opoponax', 'coffee', 'sandalwood', 'rose', 'orange blossom', 'jasmine', 'leather', 'benzoin', 'agarwood (oud)', 'amber', 'sandalwood', 'tonka bean', 'oakmoss', 'vanilla', 'musk']","Imagine walking through a sun-drenched field on a warm summer day, surrounded by the heady scent of blooming marigolds and the spicy warmth of ginger, with hints of citrusy grapefruit and bergamot wafting in from the nearby orchard, all while being gently enveloped in the sweet, resinous aroma of incense and the earthy richness of walnut, as a subtle buzz of kiwi and honey sweetness hums beneath, punctuated by the smooth, creamy vanilla notes that linger like a gentle caress on your skin."
"['violet', 'pink pepper', 'caraway', 'bergamot', 'verbena', 'tuscan iris', 'bulgarian rose', 'black pepper', 'nutmeg', 'geranium', 'clary sage', 'indonesian patchouli leaf', 'amber', 'vanilla', 'civet', 'leather', 'opoponax', 'benzoin', 'vetiver', 'styrax']","As the fragrance unfurls, a sun-kissed field of violet petals and pink pepper sparks comes alive, mingling with the warmth of caraway seeds and the citrusy zest of bergamot, all under the gentle sway of verbena's soft whispers, while rich notes of Tuscan iris, Bulgarian rose, and geranium weave together like a tapestry, punctuated by the earthy depth of black pepper, nutmeg, and clary sage, with a subtle hint of Indonesian patchouli leaf adding a mystical air, all culminating in a sweetly spiced blend of amber, vanilla, civet, leather, opoponax, benzoin, vetiver, and styrax that's as captivating as a whispered secret on a moonlit night."
"['jasmine', 'peach', 'rose', 'amber', 'patchouli']","This fragrance whisks you away to a lush garden at sunset, where the sweetness of ripe peaches and juicy peach blossoms mingle with the heady allure of jasmine and rose petals, all held together by the warm, earthy richness of patchouli and the golden glow of amber."
"['lavender', 'mandarin orange', 'bergamot', 'geranium', 'hedione', 'violet', 'jasmine', 'coriander', 'cinnamon', 'ambroxan', 'amberwood', 'musk', 'balsam fir', 'clearwood']","As you spritz this enchanting fragrance, a warm breeze carries the sweet whispers of lavender and jasmine, entwined with the effervescent zest of mandarin orange and bergamot, while the richness of geranium and coriander adds depth to the sun-kissed blend, finishing with the smooth allure of amberwood, musk, and balsam fir on a crisp, clearwood foundation."
"['mandarin orange', 'turkish rose', 'bulgarian rose', 'amber', 'patchouli', 'vanilla']","As the scent of this fragrance unfurls, it's like stepping into a sun-kissed orchard on a warm summer morning, where the sweet tang of freshly squeezed mandarin orange mingles with the lush, velvety softness of Turkish and Bulgarian roses, all grounded by the earthy richness of patchouli and the comforting warmth of vanilla amber."
"['cardamom', 'mandarin orange', 'mandarin leaf', 'myrtle', 'myrrh', 'opoponax', 'incense', 'madagascar vanilla', 'australian sandalwood', 'patchouli']","As you lift the lid, a burst of sun-kissed warmth envelops you, transporting you to a fragrant oasis where juicy mandarin oranges mingle with the earthy sweetness of patchouli and the mystical allure of myrrh, all anchored by the woody depth of Australian sandalwood and the comforting creaminess of Madagascar vanilla."
"['pink pepper', 'olibanum', 'saffron', 'nutmeg', 'cardamom', 'caraway', 'myrtle', 'mace', 'myrrh', 'geranium', 'incense', 'agarwood (oud)', 'leather', 'castoreum', 'patchouli', 'cedar', 'sandalowood', 'styrax', 'musk']","This fragrance whispers secrets of a mystical souk, where the air is sweet with the warmth of pink pepper and saffron, the earthy tang of caraway and myrtle, and the smooth richness of leather and agarwood, all swirling together like a mesmerizing dance of spices and incense on a sun-kissed market day."
"['eucalyptus', 'incense', 'chinese cedar', 'clary sage', 'benzoin']","This fragrance whispers secrets of a tranquil forest glade, where the crisp air is infused with the refreshing zip of eucalyptus, the mystical wisps of incense carrying ancient wisdom on warm breezes, and the comforting presence of Chinese cedar's earthy roots, all held together by the soothing calm of clary sage and the sweet, vanilla-like warmth of benzoin."
"['bitter orange', 'citruses', 'neroli', 'patchouli', 'orris root', 'rose', 'jasmine', 'white chocolate', 'benzoin', 'amber', 'olibanum', 'incense', 'woody notes', 'musk']","As the fragrance unfurls, it's like stepping into a sun-drenched garden on a warm summer morning, where the sweetness of rose and jasmine intertwines with the earthy depth of patchouli and amber, while bitter orange and citruses provide a zesty brightness, all beneath a gentle haze of woody notes and musk that whispers incense and orris root secrets to the senses."
"['amalfi lemon', 'mandarin orange', 'violet', 'virginia cedar', 'coriander', 'amber', 'leather', 'benzoin', 'french labdanum', 'styrax']","As the fragrance unfurls, the sun-kissed sweetness of Amalfi lemon and mandarin orange melds with the soft, powdery charm of violet, all while a rugged blend of Virginia cedar, coriander, and leather provides a rich, earthy depth that's tempered by the warm, golden glow of amber, benzoin, French labdanum, and styrax."
"['green mandarin', 'coconut nectar', 'amber']","Imagine walking through a lush orchard on a warm summer morning, where the sweet, sticky scent of ripening fruit mingles with the golden warmth of sun-kissed earth and the tender freshness of newly sprouted leaves, all blending together in a vibrant symphony that's both uplifting and calming."
"['cardamom', 'cinnamon', 'pink pepper', 'woodsy notes', 'ambergris', 'styrax', 'cedar', 'green notes', 'tahitian vanilla', 'peru balsam', 'musk']","As the fragrance unfurls, a warm and inviting aroma emerges, reminiscent of a crackling fire on a crisp autumn evening, with hints of spicy cardamom and cinnamon mingling with the earthy richness of woods and subtle sweetness from Tahitian vanilla and Peru balsam, all wrapped in a sensual blanket of ambergris, musk, and cedar."
"['ylang-ylang', 'rose', 'tarragon', 'lemon', 'incense', 'rose', 'labdanum', 'artemisia', 'myrrh', 'amber', 'patchouli', 'vetiver', 'musk']","As you breathe in, the scent unfurls like a warm summer breeze, carrying the sweet whispers of ylang-ylang and rose petals on its gentle currents, tempered by the citrusy zest of lemon and the subtle wisps of incense smoke, all swirling together in a sensual dance that's equal parts exotic and intimate."
"['lily-of-the-valley', 'rose', 'incense', 'incense', 'jasmine', 'orris root', 'myrrh', 'labdanum', 'civet', 'musk', 'sandalwood', 'amber', 'cedar', 'oakmoss', 'ambergris', 'patchouli']","This fragrance whispers secrets of a mystical forest, where petals of lily-of-the-valley and rose unfold like tender leaves, while the smoky warmth of incense and myrrh wafts through the air, accompanied by the heady allure of jasmine, the earthy depth of orris root and labdanum, and the primal essence of civet and musk, all grounded by the woody richness of sandalwood, amber, cedar, and oakmoss, with a subtle tang of patchouli and a whisper of ambergris."
"['incense', 'spices', 'cannabis', 'labdanum', 'woody notes', 'patchouli leaf', 'amber', 'guaiac wood', 'vanilla pod', 'white musk']","This fragrance transports you to a sacred, sun-kissed courtyard, where the air is thick with the sweet, smoky aroma of incense wafting from ancient rituals, mingling with warm spices and the earthy undertones of patchouli leaf, as woody notes of labdanum and guaiac wood provide a rich foundation, while subtle hints of cannabis and vanilla pod add a seductive depth, all suspended in a sensual cloud of amber and white musk."
"['raspberry', 'orange blossom', 'peach', 'bergamot', 'heliotrope', 'orris root', 'ylang-ylang', 'rose', 'jasmine', 'lilac', 'leather', 'benzoin', 'vanilla', 'amber', 'oakmoss', 'musk', 'cedar']","Imagine a sun-kissed afternoon in a lush garden, where the sweet scent of ripened peaches and juicy raspberries mingles with the heady aroma of orange blossoms, transporting you to a realm of warmth and serenity, as velvety soft petals of rose and jasmine caress your senses, all underlaid by the rich, earthy undertones of leather and moss."
"['iris', 'cypress', 'juniper berries', 'myrhh', 'patchouli', 'woodsy notes', 'honey', 'vanilla', 'amber', 'resins', 'musk', 'leather']","As you lift the fragrance to your nose, the air is filled with the sweet, golden warmth of honey and vanilla, underlaid by the earthy richness of patchouli and the woody depth of cypress and juniper berries, with whispers of myrrh and amber adding a sense of ancient mystery, all anchored by the smooth, supple leather and the subtle, seductive allure of musk."
"['violet leaf', 'rosemary', 'bergamot', 'orris', 'olibanum', 'myrhh', 'labdanum', 'amber', 'vanilla', 'leather', 'agarwood (oud)', 'sandalwood', 'patchouli', 'cedar']","Imagine walking through a sun-drenched garden on a warm summer day, surrounded by the intoxicating scent of fresh violet leaves and rosemary, with hints of citrusy bergamot and herbaceous orris wafting in from the surrounding foliage, as rich and resinous notes of olibanum, myrrh, and labdanum mingle with sweet amber and vanilla, all underscored by earthy undertones of leather, agarwood (oud), sandalwood, patchouli, and cedar."
"['labdanum', 'cypress', 'bitter orange', 'calamus', 'incense', 'beeswax', 'cinnamon', 'papyrus', 'moroccan rose', 'egyptian jasmine', 'egyptian balsam', 'amber', 'labdanum', 'benzoin', 'agarwood (oud)', 'cedar', 'vanilla']","As the fragrance unfurls, it's like walking into a sun-drenched desert oasis, where the warmth of beeswax and cinnamon mingles with the earthy richness of labdanum and incense, surrounded by the sweet whispers of Moroccan rose and Egyptian jasmine, all set against a backdrop of ancient papyrus and cedar, with the subtle hint of bitter orange and cypress adding a touch of mystery to this exotic, amber-hued haven."
"['citruses', 'amalfi lemon', 'patchouli', 'rose', 'amber', 'opoponax', 'vanille']","As the fragrance unfurls, a burst of sun-kissed citruses and zesty Amalfi lemons transports you to a Mediterranean morning, where the warm, herbaceous scent of patchouli mingles with the tender, romantic essence of rose petals, all tied together by the rich, comforting sweetness of amber and vanilla."
"['yellow plum', 'mirabelle', 'blood mandarin', 'bergamot', 'ylang-ylang', 'white peach', 'turkish rose', 'indian jasmine', 'patchouli', 'benzoin', 'amber', 'vanilla', 'sandalwood', 'cedar']","This enchanting fragrance wraps you in a warm embrace of sunshine-kissed orchards, where the sweet aroma of ripened yellow plums and juicy mirabelle mingle with the zesty freshness of blood mandarin and bergamot, all tied together by the luscious petals of Turkish rose and Indian jasmine, as rich notes of patchouli, benzoin, amber, vanilla, sandalwood, and cedar softly linger like a gentle breeze on a summer evening."
"['nutmeg', 'thyme', 'patchouli', 'sandalwood', 'rose', 'geranium', 'cedar', 'vetiver', 'amber', 'vanilla', 'benzoin', 'tonka bean', 'musk']","Imagine walking through a sun-kissed meadow on a warm summer day, surrounded by the earthy sweetness of blooming wildflowers and the gentle warmth of sandalwood, as the spices of nutmeg and thyme subtly mingle with the rich, woody depth of cedar and vetiver, all wrapped in the soft, golden glow of rose and geranium, with hints of smooth vanilla and tonka bean adding a comforting layer of sweetness, while the subtle smokiness of benzoin and musk provides a sensual whisper of mystery."
"['mandarin orange', 'grapes', 'black currant', 'almond', 'heliotrope', 'peony', 'amber', 'sandalwood', 'musk']","As the scent unfolds, it's like stepping into a lush orchard on a warm summer morning, where juicy mandarin oranges and ripe grapes ripen under the sun, their sweetness entwined with the velvety softness of black currant and almond, all wrapped in the comforting warmth of heliotrope and peony, which slowly gives way to the earthy richness of sandalwood and amber, finishing with a whisper of sensual musk that leaves you wanting more."
"['blackberry', 'ginger', 'pomelo', 'freesia', 'orchid', 'jasmine', 'iris', 'incense', 'patchouli', 'myrhh', 'amber', 'vetiver']","As you lift the bottle to your nose, a sweet and tangy blackberry burst awakens, infused with the warm, spicy zip of ginger and the bright, citrusy zing of pomelo, while subtle whispers of freesia and orchid petals unfold like a fragrant bouquet, all set against the rich, incense-scented backdrop of patchouli and myrrh, with amber and vetiver providing a smooth, earthy undertone that feels like a sun-kissed meadow on a warm summer day."
"['bergamot', 'lemon', 'labdanum', 'amber', 'patchouli', 'madagascar vanilla', 'musk', 'sandalwood']","As the fragrance unfurls, it's like stepping into a sun-kissed field on a warm summer morning, where the sweetness of bergamot and lemon zest mingle with the earthy depth of labdanum and patchouli, while rich amber and creamy Madagascar vanilla smooth out the rough edges, all wrapped in a sensual aura of musk and sandalwood that beckons you to linger."
"['pepper', 'pink pepper', 'juniper', 'bergamot', 'beeswax', 'lavender', 'cardamom', 'nutmeg', 'tobacco', 'benzoin', 'amber', 'vetiver']","This fragrance whispers secrets of a sun-kissed meadow, where the air is alive with the warmth of beeswax and the sweetness of lavender, tempered by the crisp freshness of bergamot and juniper, while hints of pepper, pink pepper, and cardamom add a lively zest, all set against the rich, comforting backdrop of tobacco, amber, and benzoin, with vetiver's earthy undertones subtly anchoring the senses."
"['incense', 'amyl salicylate', 'pink pepper', 'ink', 'sea salt', 'opoponax', 'ambergris', 'benzoin', 'musk']","As the fragrance unfurls, a wispy trail of incense smoke mingles with the warm glow of pink pepper, transporting you to a sun-kissed market stall where the scent of old books and sea salt mingle with the sweet allure of opoponax and ambergris, all while musk provides a sensual undertone that whispers secrets in your ear."
"['vodka', 'champagne', 'cinnamon', 'russian leather', 'tea', 'coriander', 'birch', 'juniper', 'amber', 'incense', 'musk']","As you spritz the air, a crisp vodka-fresh accord gives way to a warm champagne sparkle, infused with the comforting aroma of cinnamon and the rustic charm of Russian leather, all swirled together with the soothing calmness of tea-scented mist, subtle hints of coriander's earthy warmth, birch's sweet sap, juniper's piney depth, amber's golden glow, incense's smoky mystery, and a sensual whisper of musk that lingers like a whispered secret."
"['pepper', 'angelica', 'neroli', 'bergamot', 'saffron', 'cardamom', 'tobacco', 'amber', 'cashmere wood', 'labdanum']","As the fragrance unfurls, a warm whisper of pepper and cardamom awakens the senses, while tender angelica and saffron threads weave together in harmony with sweet bergamot and neroli, all set against a rich backdrop of smoky tobacco, golden amber, and the soft, fuzzy warmth of cashmere wood."
"['labdanum', 'sichuan pepper', 'violet leaf', 'rose', 'patchouli', 'orange blossom', 'musk', 'amber', 'benzoin', 'vanilla']","As the scent unfolds, it's like stepping into a secret garden on a warm summer afternoon, where the heady aroma of rose and orange blossom entwines with the earthy sweetness of patchouli and vanilla, while subtle hints of labdanum and sichuan pepper add a mysterious depth, all set against the comforting backdrop of musk and amber."
"['galbanum', 'aldehydes', 'labdanum', 'clementine', 'hyacinth', 'lavender', 'sage', 'plum', 'rose', 'iris', 'jasmine', 'gardenia', 'tolu balsam', 'oakmoss', 'castoreum', 'benzoin', 'immortelle', 'vanilla', 'leather', 'styrax', 'costus']","As you lift the scent to your nose, a burst of crisp galbanum and zesty clementine transport you to a sun-kissed meadow on a warm summer morning, where the sweetness of plums and roses mingles with the earthy richness of sage and leather, all wrapped in a comforting blanket of soft lavender and hyacinth that slowly gives way to the velvety smoothness of vanilla and the whispers of jasmine and gardenia, leaving behind a subtle trail of smoky oakmoss and tolu balsam that adds depth and mystery to this sumptuous, floral tapestry."
"['pine needles', 'olibanum', 'benzoin', 'incense', 'atlas cedar', 'himalayan cedar', 'virginia cedar']","This fragrance whispers secrets of a mystical forest glade on a crisp autumn morning, where the scent of pine needles and wispy incense wafts through the air, mingling with the warm resinous aroma of benzoin and the rich, woody depths of atlas, himalayan, and virginia cedar."
"['black tea', 'incense', 'tonka bean']","As you spritz this enchanting scent, the warm whispers of black tea evoke a cozy afternoon in a sun-drenched library, while the rich, resinous glow of incense and the sweet, creamy allure of tonka bean transport you to a mystical realm where ancient secrets await."
"['peppermint', 'cardamom', 'cinnamon', 'pink pepper', 'olibanum', 'patchouli', 'vetiver', 'rose', 'amber xtreme', 'leather', 'labdanum']","As the fragrance unfurls, a refreshing zing of peppermint and warm spice from cinnamon and cardamom evokes the cozy comfort of a winter morning, while subtle whispers of pink pepper and olivey olibanum add a touch of rustic sophistication, all set against the earthy backdrop of patchouli and vetiver, with the sweetness of rose and amber lingering like a promise in the distance, before the rich leather and labdanum notes swoop in to wrap everything in a comforting blanket of familiarity."
"['saffron', 'oregano', 'honeysuckle', 'turkish rose', 'myrrh', 'styrax', 'lavender', 'olibanum', 'labdanum', 'ambergris', 'musk']","As the fragrance unfurls, it's like stepping into a sun-kissed garden on a warm summer day, where the sweet, honeyed whispers of honeysuckle and Turkish rose mingle with the earthy warmth of saffron and myrrh, all beneath a canopy of lavender's soothing calm, while subtle undertones of oregano, styrax, and labdanum add depth and mystery to the air."
"['caramel', 'raspberry', 'orange', 'rose', 'olibanum', 'patchouli', 'violet', 'jasmine', 'amber', 'vanilla', 'musk']","As the fragrance unfurls, a warm breeze carries the sweetness of caramel and ripe raspberries across a sun-kissed orchard, where blooming orange blossoms mingle with the heady scent of rose petals and the earthy richness of patchouli, all bound together by the soft, golden warmth of amber, vanilla, and musk."
"['pink pepper', 'bergamot', 'amber', 'tonka bean', 'vanilla', 'benzoin', 'woodsy notes']","As the fragrance unfurls, a whirlwind of sun-kissed delights ensues, with pink peppercorns bursting forth in a fresh and playful manner, gradually yielding to the warm, golden glow of bergamot and the rich, comforting essence of amber, which weaves together with the sweet, creamy whispers of tonka bean and vanilla, all while benzoin's gentle hum provides a soothing foundation, anchored by the sturdy, earthy presence of woodsy notes that evoke a cozy forest glade on a warm summer afternoon."
"['bourbon vanilla', 'amber', 'jasmine', 'benzoin']","As the scent unfolds, a warm hug of bourbon vanilla wraps around you, infused with the radiant sweetness of jasmine and the comforting glow of amber, all underpinned by the soothing balm of benzoin."
"['olibanum', 'anise', 'elemi resin', 'cardamom', 'basil', 'bergamot', 'tobacco', 'licorice', 'fenugreek', 'prunol', 'lavender', 'osmanthus', 'orange blossom', 'rose', 'olibanum', 'bourbon vanilla', 'myrrh', 'birch tar', 'benzoin', 'agarwood (oud)', 'labdanum', 'guaiac wood', 'peru balsam', 'tonka bean', 'vetiver', 'musk']","As the fragrance unfurls, a sun-kissed garden of warm basil and sweet orange blossom blooms, with whispers of anise and cardamom carried on the gentle breeze, while rich tobacco and licorice notes mingle with the earthy depth of elemi resin and myrrh, all bound together by the golden threads of olibanum and the smooth, creamy sweetness of bourbon vanilla, culminating in a sensual embrace of rose and musk that lingers like the scent of a secret garden."
"['clary sage', 'geranium', 'carrot seeds', 'leather', 'labdanum', 'jasmine', 'myrrh', 'vetiver', 'tonka bean', 'sandalwood']","This fragrance transports you to a sun-kissed meadow on a warm summer day, where the air is filled with the sweet, herbaceous scent of clary sage and geranium, subtly infused with the earthy richness of carrot seeds, leather, and vetiver, while the velvety smoothness of sandalwood and tonka bean provides a comforting warmth, all tied together by the mysterious, resinous threads of labdanum and myrrh, and punctuated by the lush, floral kiss of jasmine."
"['amber', 'incense', 'labdanum', 'vanilla', 'styrax', 'benzoin', 'iris', 'leather', 'vanilla', 'patchouli', 'geranium']","This scent is like walking into a tranquil, centuries-old apothecary, where the warm glow of candlelight mingles with the comforting aroma of vanilla and rich, leathery undertones, punctuated by wisps of smoky incense and the sweet, powdery essence of iris, all blending together in a soothing, earthy harmony that's as familiar as an old friend."
"['bergamot', 'incense', 'woody notes', 'agarwood (oud)', 'amber']","As the scent unwinds, bergamot's bright, citrusy zip gives way to the warm, mystical essence of incense, which weaves together with rich woody notes and the sensual, honeyed depth of agarwood, all tempered by the golden warmth of amber."
"['coriander', 'rose', 'bergamot', 'violet', 'birch', 'patchouli', 'benzoin', 'labdanum', 'bourbon vanilla']","As the fragrance unfurls, a warm tapestry of sun-kissed rose petals and soft violet hues intertwines with the earthy sweetness of patchouli and the comforting aroma of vanilla, all nestled within a rich framework of spicy coriander and smooth bergamot."
"['orange blossom', 'black pepper', 'whiskey', 'laurels', 'amber', 'ambergris', 'salt']","As the scent unfolds, the warm essence of whiskey and sweet orange blossom harmonize with the earthy depth of laurels and black pepper, while the rich allure of amber and salted ambergris evokes a sense of sun-kissed adventures and cozy nights by the fire."
"['opoponax', 'cognac', 'labdanum', 'violet', 'geranium', 'vanilla', 'patchouli', 'incense']","As the scent unfolds, it's like walking into a warm, golden-lit apothecary, where the sweet, comforting aroma of vanilla and cognac mingle with the earthy richness of patchouli and labdanum, while hints of geranium and violet add a delicate, floral depth, all underpinned by the smooth, sensual warmth of opoponax, like being wrapped in a soft, sun-kissed blanket."
"['elemi', 'patchouli', 'madagascar vanilla', 'benzoin', 'tonka bean', 'incense', 'labdanum', 'guaiac wood', 'agarwood (oud)', 'osmanthus']","This enchanting fragrance is like a warm, sun-kissed forest floor, where the earthy richness of patchouli and labdanum mingle with the sweet, creamy depth of Madagascar vanilla, while hints of elemi and guaiac wood evoke the scent of ancient trees, all wrapped in a subtle veil of tonka bean, benzoin, and agarwood's intoxicating oud, like the whispers of a mystical incense ritual."
"['bulgarian rose', 'clementine', 'cardamom', 'bergamot', 'castoreum', 'orris root', 'incense', 'myrrh', 'resins', 'texas cedar', 'labdanum', 'vetiver', 'patchouli']","As the fragrance unfurls, a sun-drenched Bulgarian rose petal whispers sweet nothings to your senses, its tender warmth subtly tempered by the citrusy zing of clementine and the spicy nuance of cardamom, as the scent's golden light is deepened by the rich, resinous echoes of incense, myrrh, and labdanum, with hints of smoky cedar and earthy patchouli lingering in the shadows like a gentle lover's caress."
"['pear', 'orchid', 'jasmine', 'rose', 'amber', 'cashmere wood']","This enchanting fragrance transports you to a lush garden on a warm summer morning, where the sweet scent of ripened pears and jasmine intertwines with the delicate petals of orchids and roses, all wrapped in a soft, comforting blanket of cashmere woods and golden amber."
"['spicy notes', 'black pepper', 'lavender', 'grapefruit', 'orris root', 'carnation', 'bulgarian rose', 'leather', 'castoreum', 'ambergris', 'peru balsam', 'tolu balsam', 'musk', 'sandalwood', 'vanilla', 'oakmoss', 'costus', 'tonka bean']","This fragrance whispers secrets of a warm, sun-kissed day, where the air is alive with the spicy kick of black pepper and grapefruit's tart zest, while the softness of lavender and orris root bloom like a serene garden, richly infused with the deep, earthy warmth of leather, sandalwood, and vanilla, all underscored by the subtle sweetness of Bulgarian rose and the mysterious allure of musk."
"['milk', 'amber', 'saffron', 'cashmere wood', 'orange blossom', 'caraway', 'pepper', 'labdanum', 'oakmoss', 'bergamot', 'patchouli', 'vanilla', 'tonka bean', 'clary sage', 'musk', 'cedar', 'vetiver']","This fragrance whispers a warm, golden light on sun-kissed skin, where tender milk and sweet orange blossom mingle with the softness of cashmere wood, the subtle spice of caraway, and the earthy depth of patchouli, as if wrapped in a blanket of saffron-hued comfort."
"['pink pepper', 'calabrian bergamot', 'wallflower', 'gardenia', 'jasmine', 'amber', 'guaiac wood', 'incense']","This fragrance transports you to a sun-drenched meadow on a warm summer day, where the sweet innocence of wallflowers and gardenias mingle with the spicy zest of pink pepper and bergamot, their delicate charm subtly enriched by the sultry allure of jasmine and amber, while the earthy depth of guaiac wood and incense grounds the senses in a sense of ancient wisdom."
"['oregano', 'pimento', 'bergamot', 'olibanum', 'opoponax', 'amber', 'labdanum', 'agarwood (oud)', 'leather', 'sandalwood', 'patchouli']","This enchanting scent transports you to a sun-kissed Mediterranean hillside, where the warm aroma of oregano and pimento mingle with the crisp freshness of bergamot, all wrapped in a sensual tapestry of resinous olibanum, sweet opoponax, and rich agarwood, as amber and labdanum provide depth and sandalwood and leather add a rugged, earthy charm, while patchouli whispers subtle secrets on the breeze."
"['cinnamon', 'iris', 'iso e super', 'amber', 'patchouli', 'musk', 'vanilla absolute', 'tonka bean', 'labdanum', 'castoreum', 'civet', 'cetalox']","As the fragrance unfurls, it's like walking into a cozy, rustic cabin on a crisp autumn morning, where the warm scent of cinnamon wafts from the oven, mingling with the sweet, floral aroma of iris and the rich, earthy undertones of patchouli, amber, and musk, all tempered by the comforting vanilla notes that evoke memories of homemade cookies and sun-drenched afternoons."
"['rhubarb', 'raspberry', 'amyl salicylate', 'rose', 'leather', 'animal notes', 'oakmoss', 'cedar']","This fragrance whispers sweet nothings of a sun-kissed meadow, where tart rhubarb and raspberry bushels mingle with the warmth of worn leather saddles, as ancient oak trees stand watch over the earthy scent of hidden forest depths.

(Note: I've avoided technical jargon and focused on evocative, sensory language to capture the essence of the fragrance. The sentence aims to transport the reader to a vivid, idyllic setting that embodies the character of the scent.)"
"['animal notes', 'woody notes', 'violet', 'leather', 'incense', 'cade oil', 'labdanum', 'cedar', 'patchouli', 'vanilla']","This scent envelops you in a sensual, smoky haze of worn leather and animal warmth, infused with the sweet, powdery essence of violet and the earthy depth of patchouli, all tied together by the smooth, woody richness of cedar and vanilla."
"['artemisia', 'basil', 'tangerine', 'bergamot', 'amalfi lemon', 'white honey', 'rose', 'jasmine', 'peach', 'pepper', 'civetta', 'oak moss', 'leather', 'patchouli', 'woodsy notes', 'virginia cedar']","As the fragrance unfurls, it's like stepping into a sun-drenched Mediterranean garden, where the sweetness of tangerine and Amalfi lemon zest mingle with the herbal freshness of artemisia and basil, all wrapped in a warm hug of white honey and rose, while subtle whispers of jasmine, peach, and civetta add depth to the scene, punctuated by the earthy spice of pepper and the rustic charm of oak moss and leather, finished with the rich, woody undertones of patchouli and virginia cedar."
"['jasmine', 'camelia', 'black pepper', 'beeswax', 'leather', 'guaiac wood', 'civet', 'ambergris', 'vetiver']","As the fragrance unfurls, it's as if a warm spring morning has descended upon you, with the sweet, heady allure of jasmine and camellia blooms mingling with the earthy freshness of black pepper, all set against a rich tapestry of smooth beeswax, supple leather, and the rustic charm of guaiac wood, subtly underscored by the deep, sensual thrum of civet, ambergris, and vetiver."
"['peach', 'bergamot', 'aldehydes', 'cambodian oud', 'carnation', 'patchouli', 'angelica', 'russian leather', 'musk', 'amber', 'oakmoss', 'patchouli']","This fragrance transports you to a warm summer afternoon, where the sweetness of ripened peaches and the zesty zip of bergamot mingle with the earthy depth of oud, patchouli, and oakmoss, while the softness of angelica and musk wraps around the richness of Russian leather and amber, creating a sensual, sun-kissed blend that's as inviting as a secret garden hidden behind ancient stone walls."
"['grass', 'violet leaf', 'citruses', 'nutmeg', 'vetiver', 'saffron', 'jasmine', 'animal notes', 'vanilla', 'sandalwood']","This fragrance transports me to a sun-kissed meadow, where the sweet aroma of fresh violet leaves and juicy citruses mingles with the warm spices of nutmeg and the earthy richness of vetiver, all anchored by the comforting presence of vanilla and sandalwood, like a gentle breeze carrying the whispers of jasmine petals and the subtle hint of animal undertones."
"['black pepper', 'coriander', 'leather', 'carrot seeds', 'jasmine', 'civetta', 'olibanum', 'musk']","This fragrance whisks me away to a sun-kissed desert oasis, where the air is alive with the spicy warmth of black pepper and coriander, the supple smoothness of leather, and the sweet, herbaceous tang of carrot seeds, all intertwined with the intoxicating allure of jasmine and civetta, like the first tender breeze on a languid summer morning."
"['coriander', 'geranium', 'pink pepper', 'jasmine', 'rose', 'violet', 'ylang-ylang', 'animal notes', 'leather', 'musk']","This enchanting fragrance whispers sweet nothings of a warm, sun-kissed afternoon, where the spicy zest of coriander and pink pepper mingle with the floral intimacy of jasmine and rose, all nestled among the soft, velvety darkness of violet and ylang-ylang, with subtle hints of leather and animal warmth that beckon you to come closer."
"['turkish rose', 'indian oud', 'woodsy notes', 'exotic spices', 'cambodian oud', 'amber', 'rose', 'animal notes', 'musk', 'powdery notes']","As the scent unfolds, it's like stepping into a sumptuous souk, where the intoxicating aroma of Turkish rose petals mingles with the rich, earthy warmth of Indian oud and exotic spices, transporting you to a mystical realm where ambered sunsets meet powdery whispers and the animalistic undertones leave you breathless."
"['animal notes', 'animal notes', 'animal notes']","This fragrance is a wild and earthy whisper of secrets shared around a campfire on a moonlit night, where the scent of damp forest floors and hidden dens mingles with the warm, primal essence of the animals that call it home."
"['lemon', 'sweet orange', 'rose', 'lime', 'absinthe', 'beeswax', 'orange blossom', 'peach', 'jasmine', 'bulgarian rose', 'musk', 'civet', 'animal notes', 'sandalwood', 'patchouli', 'siam benzoin', 'ambergris', 'opoponax', 'incense']","This fragrance is a sun-kissed bouquet of bright citrus and lush florals, where the tartness of lemon and sweet orange mingles with the heady sweetness of rose and peach, while subtle hints of absinthe and incense add an air of mystique and allure."
"['tobacco', 'cacao', 'vanilla', 'osmanthus', 'benzoin', 'dried fruits', 'kopi luwak coffee', 'almond', 'coffee', 'leather', 'immortelle', 'whiskey', 'black elder', 'jasmine sambac', 'marigold', 'rose', 'castoreum', 'patchouli', 'ambergris', 'civet', 'spices', 'woody notes', 'muskrat', 'hyrax', 'musk', 'propolis']","This fragrance whispers secrets of a warm, sun-drenched afternoon spent lounging in a lush garden, where the sweet scent of ripening fruits and rich spices mingles with the smooth, velvety aroma of tobacco and whiskey, all bound together by the comforting warmth of vanilla and the subtle hint of worn leather."
"['leather', 'tobacco', 'cardamom', 'labdanum', 'singapore patchouli', 'violet leaves', 'jasmine sambac', 'musk', 'cambodian oud', 'indian oud', 'ambergris', 'oakmoss']","This fragrance whispers secrets of a worn, vintage journal room, where the scent of well-loved leather and sweet tobacco blends with the spicy warmth of cardamom, transporting you to a cozy, sun-drenched corner where the earthy richness of patchouli and labdanum meet the lushness of violet leaves and the heady allure of jasmine, all wrapped in a sensual haze of musk, oud, ambergris, and oakmoss."
"['star anise', 'pomelo', 'black pepper', 'geranium', 'iris', 'incense', 'patchouli', 'haitian vetiver', 'benzoin']","As the fragrance unfurls, a warm sun-drenched grove of star anise and pomelo awakens, with the spicy zing of black pepper and the soft whisper of geranium petals rustling in the breeze, while iris and incense threads weave a mystical tapestry, anchored by the earthy depth of patchouli and Haitian vetiver, all rounded out by the sweet warmth of benzoin."
"['star anise', 'tobacco', 'amber', 'leather']","This fragrance transports you to a vintage leather-bound library on a warm, sun-drenched afternoon, where the sweet aroma of star anise wafts through the air, mingling with the rich scent of old tobacco and the smooth, velvety warmth of amber."
"['star anise', 'bergamot', 'brazilian rosewood', 'caraway', 'fennel', 'iris', 'jasmine', 'vanilla', 'musk', 'amber']","As the fragrance unfurls, a warm breeze carries the sweet essence of star anise and bergamot, like the scent of a sunny morning, as the rich aroma of Brazilian rosewood and caraway unfolds, punctuated by the subtle hint of fennel's freshness and the soft, floral whisper of iris, all blending harmoniously with the seductive allure of jasmine, the comforting warmth of vanilla, and the sensual depth of musk and amber."
"['star anise', 'bergamot', 'agarwood (oud)', 'vetiver', 'myrhh', 'iris']","As the scent unwinds, it's like stepping into a sun-drenched garden on a warm summer day, where the sweet, spicy aroma of star anise mingles with the fresh, citrusy zest of bergamot and the rich, earthy depth of agarwood, while subtle whispers of vetiver and myrrh add a sense of ancient wisdom, all culminating in a serene harmony that's as soothing as a gentle breeze on a fragrant iris-filled meadow."
"['star anise', 'peach', 'mandarin orange', 'orange blossom', 'heliotrope', 'jasmine', 'freesia', 'lily-of-the-valley', 'benzoin', 'amber', 'sandalwood', 'musk']","As the fragrance unfurls, the warm, golden glow of star anise and mandarin orange envelops you, like a sunny afternoon in a lush garden, where peach blossoms burst forth with sweet, tender petals, while whispers of jasmine and freesia mingle with the heady allure of lily-of-the-valley, all suspended in a soft, velvety mist that's both earthy (thanks to sandalwood and benzoin) and sensual (with amber and musk), inviting you to bask in its radiant, starlit beauty."
"['mandarin orange', 'neroli', 'bergamot', 'star anise', 'olive blossom', 'tarragon', 'tonka bean', 'tobacco', 'guaiac wood', 'cedar']","This fragrance whispers a warm, sun-drenched morning in a lush garden, where mandarin orange and bergamot zest greet the senses, while neroli's subtle sweetness mingles with the spicy charm of star anise and the herbaceous freshness of tarragon, all unfolding on a backdrop of soft olive blossom and creamy tonka bean, grounded by the earthy richness of guaiac wood and tobacco."
"['smoke', 'camphor', 'mimosa', 'anise', 'cedar', 'ambrette (musk mallow)', 'juniper']","This fragrance conjures the atmosphere of a rustic, sun-kissed forest glade, where wisps of smoky woodsmoke mingle with the sweet, floral freshness of mimosa blossoms, tempered by the earthy warmth of cedar and juniper berries, all wrapped in a subtle veil of anise-infused spices and the soft, powdery sensuality of ambrette."
"['star anise', 'rose', 'ginger', 'african orange flower', 'vanilla', 'amber']","As the fragrance unfurls, a warm and spicy symphony of star anise and ginger awakens, like the crackle of a campfire on a crisp autumn morning, while the tender sweetness of rose and vanilla wafts in, mingling with the golden radiance of African orange flower to create a sensual tapestry that is at once earthy and uplifting."
"['grapefruit', 'neroli', 'mandarin orange', 'petitgrain', 'water notes', 'seaweed', 'rosemary', 'virginia cedar', 'amber']","As the fragrance unfurls, a bright and citrusy burst of grapefruit zest and mandarin orange sunshine mingles with the soft, herbaceous whispers of neroli and rosemary, all suspended in a refreshing mist of water notes that's infused with the subtle saltiness of seaweed, slowly deepening into a warm, woody foundation of petitgrain and virginia cedar that lingers like the golden glow of sunset on amber sand."
"['green notes', 'bergamot', 'pink pepper', 'watery notes', 'rain notes', 'turkish rose', 'jasmine', 'pine tree', 'moss', 'patchouli']","This fragrance whispers secrets of a sun-kissed meadow, where the air is fresh with green notes and bergamot's citrus zing, while pink pepper adds a playful pop of color, all set against a background of gentle raindrops and earthy undertones that blend Turkish rose, jasmine, pine tree, moss, and patchouli into a lush, serene symphony."
"['cucumber', 'mandarin orange', 'cassia', 'water hyacinth', 'carrot', 'white woods', 'sandalwood']","As the fragrance unfurls, a refreshing symphony of cool cucumber and zesty mandarin orange awakens the senses, while warm cassia and sweet water hyacinth add a subtle depth, all set against a tranquil backdrop of white woods and smooth sandalwood that whispers gentle hints of sun-kissed earth."
"['melon', 'brandy', 'pear', 'mastic or lentisque', 'ginger', 'agave', 'salt', 'suede', 'clary sage', 'tonka bean', 'amber', 'vetiver']","Imagine a warm summer evening, where the sweet scent of ripe pear and juicy melon mingle with the rich, velvety smoothness of suede and the subtle spiciness of ginger, all set against a backdrop of dry earthy notes - like mastic or lentisque - that evoke the smell of a forest floor on a crisp autumn day, with whispers of brandy and amber lingering in the air."
"['pear', 'calone', 'tangerine', 'watermelon', 'watery notes', 'strawberry', 'apple', 'sea salt', 'tiare flower', 'hedione', 'rose', 'praline', 'musk', 'amber']","As the scent unwinds, it's like strolling through a sun-kissed orchard on a warm summer day, with juicy pear and sweet strawberry ripening on the trees, surrounded by the crisp freshness of calone and tangerine zest, all tied together with the soothing, aquatic whispers of sea salt and watery notes."
"['water notes', 'rosemary', 'cardamom', 'sequoia', 'musk', 'patchouli']","As you lift the glass stopper, the scent of a sun-kissed forest floor wafts up, with the crisp freshness of water and herbs mingling with the earthy warmth of cardamom and sequoia, punctuated by the herbal punch of rosemary and the subtle, sensual allure of patchouli, all blending seamlessly into a rich tapestry of fragrance that whispers secrets of the great outdoors."
"['musk', 'hawthorn', 'jasmine', 'water notes', 'violet', 'violet leaf', 'woodsy notes', 'vetyver', 'sandalwood', 'amber']","As the scent unfolds, it's like walking into a secret garden on a warm summer morning, where the sweet whispers of jasmine and violet mingle with the earthy essence of sandalwood and musk, while the freshness of hawthorn and water notes provides a sense of dewy tranquility, all wrapped in the comforting warmth of amber and vetiver."
"['rain notes', 'lilac', 'watery notes', 'damask rose', 'ambrox super', 'dreamwood', 'virginia cedar']","As the scent unfolds, a gentle rain shower washes over you, carrying the sweet whispers of lilac and the tender petals of damask rose on its watery mist, which then warms to reveal the rich, golden glow of dreamwood and the smooth, earthy comfort of virginia cedar, all while ambrox super subtly whispers secrets in your ear."
"['pink pepper', 'citruses', 'water notes', 'geranium', 'vetiver', 'amber', 'patchouli']","This fragrance whispers a carefree summer afternoon, with the effervescent zip of pink pepper and citrusy zing mingling with the freshness of water notes, as geranium's subtle sweetness and earthy vetiver add depth, all while warm amber and patchouli provide a cozy, sun-kissed glow."
"['water notes', 'citruses', 'cucumber', 'watermelon', 'water lily', 'musk', 'moss']","This refreshing fragrance is like a revitalizing splash on a warm summer day, with the invigorating zing of citruses and cucumbers mingling with the sweet, sun-kissed charm of watermelon and water lilies, all grounded by the soft, earthy whispers of moss and musk."
"['watery notes', 'tea', 'driftwood']","This fragrance whispers secrets of a misty morning on the coast, where the fresh ocean air mingles with the soothing warmth of steeped tea and the weathered woodiness of driftwood washed smooth by the sea."
"['cucumber', 'lime', 'mint', 'bergamot', 'water notes', 'granny smith apple', 'lotus', 'rosemary', 'driftwood', 'rum', 'sandalwood', 'oak moss']","As the fragrance unfurls, it's like strolling through a sun-drenched orchard on a crisp morning, with the sweet tang of fresh cucumber and bergamot mingling with the invigorating zip of mint, while subtle whispers of granny smith apple and lotus evoke the serene stillness of a hidden pond, all set against a warm driftwood backdrop that's infused with the rustic charm of rum-soaked memories and grounded by the earthy richness of sandalwood and oak moss."
"['grass', 'clementine', 'wild strawberry', 'cypress', 'watery notes', 'sunflower', 'passion flower', 'white orchid', 'musk', 'moss', 'teak wood', 'amber']","As the scent unfolds, it's as if you're strolling through a sun-kissed meadow on a warm summer day, surrounded by the sweet freshness of wild strawberry and clementine zest, with wisps of cypress and moss adding depth and mystery to the air, while amber and musk whisper secrets of a hidden garden, all set against the gentle hum of teak wood and sunflower's golden glow."
"['red apple', 'litchi', 'tomato', 'orange', 'lotus', 'watermelon', 'osmanthus', 'musk', 'sandalwood']","This fragrance whispers a warm, sun-kissed secret of ripened summer fruits - think juicy red apples and succulent orange slices, their sweetness tempered by the dewy freshness of watermelon and the heady allure of ripe litchi and osmanthus blossoms, all set against a rich, velvety backdrop of sandalwood and musk."
"['watery notes', 'seaweed', 'pataqueira', 'sea salt', 'aromatic notes', 'ambergris', 'cedar', 'moss', 'patchouli', 'tonka bean', 'amyris']","As the scent unfolds, a refreshing ocean breeze carries you to a secluded cove, where the air is filled with the sweet, watery essence of seaweed and sea salt, warmed by the gentle touch of pataqueira's subtle spices and the comforting presence of cedar and moss, while hints of patchouli and tonka bean whisper secrets of the forest floor, all beneath a rich, golden ambergris sunset that seems to pulse with the rhythm of the waves."
"['orange', 'mangosteen', 'water notes', 'water lily', 'orchid', 'tincture of rose', 'oak moss', 'sandalwood', 'mahogany', 'virginia cedar', 'tonka bean']","As the fragrance unfurls, a symphony of tropical fruit and floral notes, with the sweet warmth of orange and mangosteen giving way to the cool refreshment of water-lily-dotted ponds on a sun-kissed day, all set against the rich, woody backdrop of sandalwood, mahogany, and cedar."
"['watermelon', 'pear', 'lemon', 'lotus', 'gardenia', 'frangipani', 'musk', 'sandalwood', 'cedar']","As the scent unfolds, a juicy watermelon sweetness and fresh pear ripeness mingle with the bright zing of lemon, all set against a lush backdrop of exotic lotus and gardenia blooms, their tender petals gently caressed by the warm, spicy whispers of frangipani, sandalwood, and cedar, evoking a sultry summer evening spent lounging in a verdant oasis."
"['green notes', 'melon', 'orange', 'water notes', 'lily-of-the-valley', 'rose', 'jasmine', 'musk']","As the scent unwinds, it's like stepping into a lush garden on a warm summer day, where fresh greenery and ripe melon mingle with bursts of juicy orange and dewy lily-of-the-valley, all swirling together with the soft, golden warmth of rose and jasmine petals, grounded by the subtle hint of musky earthiness and the soothing coolness of water notes that seems to quench your senses."
"['melon', 'green apple', 'lime', 'ginger', 'orange', 'pomegranate', 'water notes', 'sea salt', 'iris', 'tulip', 'patchouli', 'vanilla']","This fragrance bursts with the juicy sweetness of fresh summer days, like biting into a crisp slice of watermelon on a sun-drenched patio, where the warmth of ginger and orange zest mingle with the coolness of green apple and lime, all while the subtle earthiness of patchouli and the soft sweetness of pomegranate and vanilla provide a comforting foundation."
"['watery notes', 'grapefruit', 'lemon', 'rhubarb', 'watermelon', 'eucalyptus', 'peach', 'white woods', 'ambroxan']","This fragrance whisks you away to a sun-kissed summer day by the water's edge, where the invigorating zing of citrus and rhubarb harmonizes with the sweetness of peach and watermelon, all wrapped in a refreshing veil of eucalyptus and white woods."
"['citron', 'watery notes', 'mint', 'watery notes', 'lavender', 'black pepper', 'ginger', 'violet leaf', 'pink pepper', 'cedar', 'musk', 'amber']","As you spritz this refreshing scent, the crispness of citron and mint greets your senses, followed by a gentle splash of watery notes that evoke the feeling of a cool morning breeze on a sun-kissed lake shore, where lavender's subtle sweetness and black pepper's spicy warmth mingle with the earthy depth of ginger and violet leaf, all set against a backdrop of cedarwood's rustic charm and the soft glow of musk and amber."
"['watery notes', 'citruses', 'pink pepper', 'blackberry', 'mint', 'cyclamen', 'orange blossom', 'coriander', 'raspberry', 'musk', 'cedar', 'amber']","As the scent unfolds, a refreshing breeze of watery notes and zesty citruses whisks you away to a sun-kissed orchard, where pink pepper berries burst with juicy sweetness, surrounded by the subtle tang of blackberry and the cooling essence of mint, all harmonizing beneath the tender petals of orange blossom and the warm spices of coriander, as the richness of raspberry and musk deepens the aroma, while the dry down reveals a sturdy foundation of cedar and amber that lingers like the gentle warmth of a summer evening."
"['mandarin orange', 'melon', 'lotus', 'white peach', 'jasmine', 'white musk', 'cedar']","As the fragrance unfurls, a bright and airy essence of mandarin orange and sweet melon mingles with the subtle yet alluring whispers of lotus and white peach, transporting you to a warm summer afternoon where jasmine petals gently sway in the breeze, all set against a soft, silky backdrop of white musk and the earthy warmth of cedar."
"['amalfi lemon', 'mint', 'seaweed', 'water notes', 'vetiver', 'amber']","As the scent unfolds, a radiant and refreshing aroma of Amalfi lemons and minty zest greets you, carried on a sea breeze that whispers of oceanic calm, while subtle undertones of vetiver's earthy warmth and amber's golden depth linger in the background like a sunny afternoon spent lounging by the Mediterranean."
"['watery notes', 'lotus', 'hyacinth', 'jasmine sambac', 'white musk', 'white woods']","As you lift the bottle to your nose, a refreshing splash of watery notes mingles with the heady sweetness of lotus and hyacinth, transporting you to a sun-drenched garden where jasmine sambac blooms amidst the soft whispers of white musk and the gentle rustle of white woods."
"['watermelon', 'water notes', 'green notes', 'lotus', 'peony', 'gardenia', 'violet', 'musk', 'woodsy notes', 'sandalwood', 'amber']","As the fragrance unfurls, a juicy slice of summer sunshine bursts forth with the sweetness of ripened watermelon, surrounded by a refreshing mist of green notes and lotus petals that dance on the breeze, while subtle whispers of peony and gardenia add depth to the scent, which gradually deepens into a warm embrace of sandalwood and amber, infused with the earthy mystery of musk and woods."
"['calypsone', 'black pepper', 'white pepper', 'ambroxan', 'cedar', 'sandalwood', 'cosmone', 'styrax']","This fragrance transports you to a sun-kissed beach on a warm summer day, where the sweet, tropical allure of calypsone and cosmone mingle with the spicy freshness of black pepper and white pepper, all anchored by the earthy warmth of cedar and sandalwood, like the gentle lapping of the ocean's waves against the shore."
"['watermelon', 'yuzu', 'violet leaf', 'water lily', 'gardenia', 'gustavia flower', 'cupcake', 'tonka']","This fragrance whisks you away to a sun-kissed afternoon in a lush garden, where the sweetness of ripe watermelon and cupcake melts into the freshness of yuzu and water lily, surrounded by the subtle, herbaceous whispers of violet leaf and gustavia flower."
"['water notes', 'oakmoss', 'birch', 'woody notes']","This fragrance whispers secrets of a misty forest glade on a crisp morning, where the freshness of wet earth and birch sap mingle with the damp, moss-covered stones, all underscored by the warm, rugged scent of woodsmoke."
"['water notes', 'green leaves', 'pear', 'ambergris', 'lichen', 'lavender', 'thyme', 'cedarmoss', 'sandalowood']","As the fragrance unfurls, a refreshing splash of watery serenity mingles with the earthy sweetness of green leaves and ripened pear, subtly warmed by the richness of ambergris, while hints of lichen and lavender evoke a sun-drenched meadow, all grounded by the rustic charm of thyme and cedarmoss, and finished with the smooth, woody depth of sandalwood."
"['water notes', 'violet', 'apple', 'orange', 'star anise', 'orchid', 'jasmine', 'geranium', 'rose', 'musk', 'oak moss', 'sandalwood', 'amber']","This fragrance whispers a tale of a sunny afternoon, with the sweetness of ripened apples and juicy oranges mingling in a refreshing breeze that carries the subtle scent of star anise and violet petals, all set against a warm backdrop of rose and geranium, as the rich aroma of sandalwood and amber wafts up from the earth, like the soft rustle of oak leaves on a forest floor."
"['lemon zest', 'cardamom', 'watery notes', 'ice', 'mint', 'lavender', 'haitian vetiver']","As you lift the cap on this refreshing elixir, a burst of citrusy sunshine greets you, with the zesty tartness of lemon zest mingling with the warm, spicy essence of cardamom, all set against a backdrop of cool, calming mint and a hint of watery freshness that's so crisp it's as if you're standing at the edge of a glacier on a bright summer day."
"['water notes', 'pear', 'rose', 'peony', 'carnation', 'osmanthus', 'woodsy notes']","As the fragrance unfurls, a gentle mist of freshwater whispers sweet nothings to the senses, while ripe pears and sun-kissed peonies burst forth in a lush bouquet, subtly tempered by the soft petals of rose and carnation, all underpinned by the earthy warmth of osmanthus and the rugged charm of woody undertones."
"['green leaves', 'apple', 'water notes', 'musk', 'amber', 'moss']","Imagine walking through a sun-drenched meadow on a crisp autumn morning, surrounded by the fresh scent of green leaves and the sweet aroma of ripe apples, as the misty dew evaporates into the air, leaving behind a subtle trail of warm musk and rich amber, like the soft whisper of moss growing beneath your feet."
"['water notes', 'pear', 'rose', 'peony', 'carnation', 'osmanthus', 'woodsy notes']","As you spritz this scent, the crisp freshness of water whispers secrets to the sweet, juicy ripeness of pear, while a bouquet of rose, peony, and carnation blooms around you, their tender petals infused with the warm, sun-kissed essence of osmanthus, all set against a rich, earthy backdrop of woody notes that ground the experience in the natural world."
"['watermelon', 'mandarin orange', 'grapefruit', 'water notes', 'jasmine', 'guaiac wood', 'musk', 'oakmoss', 'amber']","As the fragrance unfurls, the sweet juiciness of watermelon and the tangy zest of mandarin orange mingle with the crispness of grapefruit, evoking a refreshing summer morning on a sun-drenched porch surrounded by lush greenery, where the subtle warmth of jasmine and guaiac wood lingers in the air like a gentle caress, as the earthy richness of oakmoss and amber deepens the aroma to reveal a sultry, sensual allure that beckons you to linger."
"['bergamot', 'watery notes', 'musk', 'patchouli']","As you lift the bottle to your nose, a burst of sun-kissed citrus - bergamot's bright, uplifting essence - mingles with the refreshing chill of watery notes, gradually deepening into a warm embrace of earthy musk and the rich, herbaceous scent of patchouli, like strolling through a lush meadow on a warm summer morning."
"['mandarin orange', 'mint', 'lavender', 'calypsone', 'patchouli']","As the scent unfolds, it's like strolling through a lush meadow on a warm summer morning, where the sweet tang of mandarin orange and fresh mint mingle with the soft, airy whispers of lavender, all beneath the gentle hum of patchouli's earthy undertones."
"['sea notes', 'seaweed', 'basil', 'black currant', 'white pepper', 'watermelon', 'melon', 'green notes', 'bamboo', 'papaya', 'amber', 'cashmere wood']","Imagine a warm summer day by the ocean, where the scent of fresh seaweed and sea air mingles with the sweetness of ripened watermelon and melon, as the spicy zip of white pepper and the herbaceous nuance of basil dance on your skin, all set against a lush backdrop of greenery and the comforting warmth of cashmere wood, with subtle hints of papaya's tropical juiciness and amber's golden glow."
"['watery notes', 'fruity notes', 'ivy', 'mandarin orange', 'rose water', 'water lily', 'cyclamen', 'white musk', 'sandalwood', 'cedar']","This fragrance whispers a refreshing serenade of sun-kissed days, with watery notes and mandarin orange harmonizing like a gentle breeze on a warm summer morning, surrounded by the sweet, floral nuances of rose water and water lily, while ivy's earthy undertones and cyclamen's subtle tartness provide depth, all wrapped in a soft, creamy white musk that subtly shifts to reveal sandalwood's smooth, woody warmth and cedar's rustic, grounding presence."
"['watery notes', 'cloves', 'melon', 'nutmeg', 'cinnamon', 'vanilla', 'woody notes', 'amber']","As the scent unfolds, a refreshing splash of watery notes tickles the senses, gradually giving way to the warmth of cloves and spices - rich melon sweetness, nutty cinnamon, and comforting vanilla - all nestled within a cozy blanket of woody and amber undertones that evoke a sense of sun-kissed afternoons spent lounging in a lush meadow."
"['mineral notes', 'violet leaves', 'quince', 'lotus', 'violet', 'jasmine', 'seaweed', 'musk', 'sandalwood']","This fragrance transports you to a sun-kissed garden, where the air is alive with the sweet, floral scent of violet leaves and quince, entwined with the fresh, oceanic essence of seaweed and the soft, powdery whispers of mineral notes, all underscored by the warm, sensual presence of sandalwood and the subtle, exotic allure of jasmine and lotus."
"['mandarin orange', 'lime', 'orange', 'sea notes', 'watery notes', 'pepper', 'nutmeg', 'cedar', 'vetiver']","This fragrance whisks you away to a sun-kissed coastal paradise where the freshness of mandarin and lime zest mingle with the warmth of orange, as the air is infused with the subtle whispers of sea and watery notes, punctuated by the spicy nuances of pepper and nutmeg, all grounded in the earthy richness of cedar and vetiver."
"['watery notes', 'water fruit', 'lemon', 'floral notes', 'musk', 'driftwood', 'amber']","As the scent unfolds, it's like walking along a sun-kissed beach on a warm summer day, where the air is filled with the invigorating zest of lemon and succulent water fruit, infused with the gentle lapping of watery notes that harmonize with sweet floral whispers, all underscored by the earthy warmth of driftwood and musk, finishing with a lingering whisper of golden amber."
"['melon', 'watermelon', 'bergamot', 'watery notes', 'white flowers', 'sandalwood', 'musk']","This scent whisks you away to a sun-kissed summer afternoon, where the sweetness of ripe melon and watermelon mingles with the fresh, citrusy zing of bergamot, all set against a backdrop of soft, watery notes that evoke the gentle lapping of waves on a tranquil shore, eventually giving way to the warm, comforting embrace of white flowers and the rich, earthy depth of sandalwood, finishing with a subtle hint of musky warmth."
"['water notes', 'fruity notes', 'blue lotus', 'musk']","As the scent unfolds, a refreshing splash of aquatic vitality mingles with sweet, juicy fruitiness and the subtle allure of exotic blue lotus, all tempered by a warm, sensual musk that wraps around you like a gentle summer breeze on a sun-kissed day."
"['lotus', 'lemon', 'watery notes', 'orange blossom', 'white musk', 'cedar']","As the fragrance unfurls, a sunny morning's freshness bursts forth with the zest of lemon and orange blossom, subtly nuanced by the softness of lotus petals, all set against a backdrop of watery calm that gradually deepens into a smooth, silky warmth reminiscent of white musk, grounded by the rustic, earthy richness of cedar."
"['water notes', 'water lily', 'lilac', 'apricot', 'rose', 'jasmine', 'violet', 'vetiver', 'moss', 'sandalwood']","As you lift the lid, a gentle whisper of water lilies and fresh lilac unfolds, like the first petals of dawn, accompanied by the sweet, ripe allure of apricots and the soft, romantic charm of rose and jasmine, all wrapped in the comforting warmth of moss and sandalwood, with the subtle earthiness of vetiver providing a grounding foundation that invites you to take a deep breath and savor the serenity of this lush, sun-kissed paradise."
"['watermelon', 'sea notes', 'violet', 'lily-of-the-valley', 'jasmine', 'sinfonide', 'amber']","Imagine a warm summer day by the ocean, where the sweet scent of ripe watermelon wafts through the salty air, mingling with the subtle violet hue of a shell-washed shore and the heady aroma of blooming jasmine, all set against a golden amber backdrop that evokes the soft glow of sunset on ripened lily-of-the-valley."
"['italian lemon', 'watery notes', 'woody notes', 'leather']","As you lift the fragrance to your nose, a sunny Italian morning bursts forth, with bright citrus and fresh water notes that evoke the feeling of diving into a crystal-clear lake on a warm summer day, all wrapped in the comforting scent of worn leather and earthy woods."
"['watery notes', 'bergamot', 'mandarin orange', 'sand', 'ylang-ylang', 'orange blossom', 'salt', 'vanilla', 'sandalwood', 'amber', 'musk']","As the scent unwinds, it's like strolling along a sun-kissed beach at dawn, where the freshness of watery notes mingles with the uplifting zest of bergamot and mandarin orange, as warm sand beneath your feet gives way to the lush sweetness of ylang-ylang and orange blossom, while salt air whispers secrets of the sea, all set against a sensual backdrop of vanilla, sandalwood, amber, and musk that lingers like the memory of a perfect summer day."
"['pink grapefruit', 'litchi', 'watery notes', 'flowers', 'guava', 'passionfruit', 'exotic woods', 'vanilla']","As the scent unwinds, a burst of pink grapefruit zestiness mingles with the sweet, tropical flavors of litchi and guava, transporting you to a sun-kissed beach where the air is filled with the heady aroma of blooming flowers, warm vanilla undertones, and the subtle hint of exotic woods, all tempered by a refreshing splash of watery notes that leaves you feeling carefree and invigorated."
"['water notes', 'vetiver', 'driftwood']","As the fragrance unfurls, it's as if a refreshing ocean breeze has swept across a sun-kissed beach, carrying with it the earthy warmth of weathered driftwood and the gentle freshness of water lapping at the shore, where vetiver's subtle dryness mingles with the salty air."
"['water notes', 'milk', 'white flowers', 'white musk', 'iris', 'white amber']","As the fragrance unfurls, a gentle splash of fresh water notes and creamy milk evokes the soft lapping of waves on a sun-kissed shore, while delicate white flowers bloom in harmony with the sweet warmth of white musk, all set against the serene backdrop of iris and subtle white amber."
"['rose', 'jasmine', 'vanilla']","As the fragrance unfurls, a lush bouquet of velvety rose and jasmine petals wafts up, transporting you to a sun-kissed garden on a warm summer day, where the sweet, comforting aroma of vanilla cake baking in the distance whispers promises of relaxation and serenity."
"['mandarin orange', 'red currant', 'bergamot', 'dew drop', 'violet', 'magnolia', 'peach', 'pink jasmine', 'musk', 'sandalwood', 'amber']","As the fragrance unfurls, it's like biting into a sun-kissed peach on a warm summer morning, with the sweetness of mandarin orange and red currant ripeness mingling with the freshness of dewy grass and the soft petal whispers of violet and pink jasmine, all grounded by the comforting warmth of sandalwood and amber."
"['watery notes', 'bergamot', 'sea salt', 'narcissus', 'musk', 'woodsy notes', 'amber']","As the fragrance unwinds, a refreshing breath of sea-scented air carries wisps of bergamot and watery notes, like a sunny morning stroll along the coast, where the sweet scent of narcissus blooms mingle with the rich warmth of musk and woodsy depths, all underscored by a subtle hint of amber's golden glow."
"['watery notes', 'bergamot', 'mandarin orange', 'violet leaf', 'galbanum', 'watermelon', 'bamboo', 'jasmine', 'amber', 'vetiver']","As the fragrance unfurls, a refreshing splash of watery notes mingles with the bright, citrusy zest of bergamot and mandarin orange, transporting you to a sun-drenched meadow where violet leaf and galbanum whisper secrets on the gentle breeze, accompanied by the sweet, ripened aroma of watermelon and the soft rustle of bamboo stalks, all beneath the heady allure of jasmine, tempered by the warm, earthy depth of amber and vetiver."
"['lavender', 'watermelon', 'basil', 'water notes', 'floral notes', 'virginia cedar', 'oak moss', 'musk']","As the fragrance unfurls, a serene blend of sun-kissed lavender and sweet watermelon ripeness mingles with the freshness of basil leaves and the soft lapping of waves against the shore, before settling into a warm embrace of earthy oak moss, sensual musk, and the subtle whisper of cedarwood."
"['mandarin orange', 'water notes', 'lotus', 'lotus leaf', 'violet leaf', 'cedar']","As you spritz this enigmatic scent, a burst of citrusy joy from the mandarin orange greets your senses, followed by the soothing coolness of water notes that transport you to a tranquil oasis, where delicate lotus blooms and the earthy sweetness of violet leaf mingle with the rustic warmth of cedar, evoking the serenity of a hidden glade on a sun-kissed day."
"['watery notes', 'cyclamen', 'watermelon', 'melon', 'maltol', 'musk']","This fragrance whispers a refreshing summer breeze that tickles the nose with watery notes and bursts of sweet cyclamen, like biting into a juicy slice of watermelon on a sun-drenched porch, as warm malted goodness and subtle musk mingle in the air."
"['watery notes', 'vetiver', 'herbal notes', 'geranium', 'musk', 'amber']","As the scent unfolds, a refreshing veil of watery notes lifts, carrying whispers of verdant vetiver and herbaceous undertones that mingle with sweet geranium, all tempered by the warm, golden glow of amber and musk."
"['cardamom', 'lavender', 'virginia cedar', 'bergamot', 'vetiver', 'caraway']","This fragrance whispers secrets of a sun-kissed meadow, where the warm sweetness of bergamot and caraway mingle with the fresh earthiness of cardamom and vetiver, while a soft blanket of lavender and virginia cedar cradles it all in a soothing embrace."
"['apple', 'ginger', 'bergamot', 'sage', 'juniper berries', 'geranium', 'amberwood', 'tonka bean', 'cedar', 'vetiver', 'olibanum']","As you lift the lid, a burst of crisp apple and zesty bergamot greets your senses, quickly followed by the warmth of ginger and sage, transporting you to a sun-drenched orchard on a autumn morning, where juniper berries and geranium add a hint of rustic charm, while amberwood and tonka bean bring depth and comfort, all underlaid with the subtle earthiness of cedar and vetiver, finishing with the soft, golden glow of olibanum."
"['sea notes', 'bergamot', 'rosemary', 'sage', 'geranium', 'incense', 'patchouli']","As the scent unfolds, it's like taking a stroll along a sun-kissed coastline where the salty air mingles with the herbal warmth of rosemary and sage, punctuated by the sweet tang of bergamot and geranium, all tied together with the rich, smoky whispers of incense and patchouli."
"['lavender', 'rosemary', 'neroli', 'petitgrain', 'geranium', 'clary sage', 'galbanum', 'jasmine', 'oakmoss', 'vetiver', 'cedar', 'sandalwood', 'amber']","As the fragrance unfurls, a gentle breeze whispers through a sun-drenched field of lavender and rosemary, carrying the sweet, herbaceous scent of neroli and petitgrain on its warm breath, while geranium's subtle tartness and clary sage's soothing calmness mingle in the air, like a serene morning after the rain, as jasmine's floral charm wafts in, tempered by the earthy richness of oakmoss and vetiver, which gradually surrender to the smooth, woody depth of cedar and sandalwood, all underscored by the golden warmth of amber."
"['grapefruit', 'mandarin orange', 'sea water', 'juniper', 'musk', 'amberwood']","This fragrance whisks you away to a sun-kissed coastal morning, where the zesty sweetness of grapefruit and mandarin orange mingles with the ocean's crisp freshness, while subtle whispers of juniper and musk add depth to the warmth of amberwood, evoking a sense of carefree joy and invigorating relaxation."
"['citruses', 'bergamot', 'juniper', 'anise', 'brazilian rosewood', 'basil', 'lavender', 'rose', 'carnation', 'jasmine', 'heliotrope', 'geranium', 'sage', 'fir', 'lily-of-the-valley', 'vanilla', 'tonka bean', 'sandalwood', 'iris', 'musk', 'amber', 'cedar', 'patchouli', 'vetiver']","This fragrance transports you to a sun-drenched meadow, where the warm scent of bergamot and juniper berries mingle with the sweetness of rose petals and jasmine, all wrapped in a comforting blanket of vanilla and sandalwood, while subtle whispers of anise, patchouli, and cedar add depth and mystery."
"['lavender', 'clary sage', 'leather', 'bitter almond', 'vanilla', 'orris', 'leather', 'tonka bean', 'cashmeran', 'white woods', 'amber']","This fragrance whispers a gentle, sun-kissed warmth, where soft lavender and clary sage petals mingle with the smooth richness of leather and the subtle bitterness of almond, all wrapped in a comforting vanilla haze that deepens into warm orris and tonka bean notes, like the crackling fire of a cozy cabin surrounded by towering white woods and sweet amber."
"['mint', 'rose', 'carnation', 'cannabis', 'vetiver', 'amber']","As the fragrance unfurls, a refreshing minty breeze carries the sweet whispers of rose and carnation petals on a warm summer day, while subtle hints of cannabis and earthy vetiver linger in the background like the scent of a secret garden, all wrapped up in a comforting blanket of golden amber warmth."
"['chamomile', 'aldehydes', 'clary sage', 'coriander', 'geranium', 'lemon verbena', 'brazilian rosewood', 'bergamot', 'carnation', 'rose', 'ylang-ylang', 'orris root', 'jasmine', 'tuberose', 'orange blossom', 'oakmoss', 'patchouli', 'incense', 'vetiver', 'sandalwood', 'musk']","This enchanting fragrance transports you to a serene garden at sunset, where the soft hum of bees and sweet whispers of blooming flowers mingle with the warmth of sandalwood and musk, as bergamot's citrusy freshness and geranium's subtle tartness blend with the comforting presence of chamomile and clary sage, all set against the rich, woody backdrop of Brazilian rosewood and orris root."
"['lavender', 'lemon', 'bergamot', 'rosemary', 'mint', 'lemon verbena', 'basil', 'artemisia', 'juniper', 'coriander', 'cinnamon', 'carnation', 'wormwood', 'angelica', 'jasmine', 'oakmoss', 'pine tree needles', 'leather', 'fir', 'sandalwood', 'vetiver', 'patchouli', 'cedar', 'amber', 'resins']","This fragrance whispers secrets of a sun-drenched Mediterranean hillside, where the air is alive with the freshness of lemon and mint, the earthy warmth of rosemary and coriander, and the sweet, floral sighs of jasmine and carnation, all subtly woven together by the gentle rustle of pine tree needles and the rich, leathery depth of sandalwood and cedar."
"['bergamot', 'tobacco', 'lemon', 'nutmeg', 'neroli', 'coriander', 'mandarin orange', 'vetiver', 'pepper', 'carnation', 'sage', 'orris root', 'sandalwood', 'vetiver', 'oakmoss', 'leather', 'myrrh', 'civet', 'tonka bean', 'amber']","Imagine walking into a rustic, sun-kissed barn on a warm summer morning, where the air is filled with the invigorating scent of freshly picked citrus, the earthy richness of aged leather, and the subtle sweetness of dried hay, all mingling together in perfect harmony."
"['bitter orange', 'caraway', 'birch', 'bergamot', 'coriander', 'mandarin orange', 'neroli', 'artemisia', 'guatemalan cardamom', 'pepper', 'ginger', 'iris', 'juniper', 'cinnamon', 'orris root', 'jasmine', 'tahitian vetiver', 'tea', 'cedar', 'leather', 'oakmoss', 'amber']","As the fragrance unfurls, it's like stepping into a sun-drenched courtyard on a warm summer morning, where the sweet tang of bitter orange and mandarin orange mingle with the earthy whispers of birch and caraway, all tied together by the spicy warmth of coriander, ginger, and cinnamon, as the subtle hints of pepper, iris, and jasmine subtly dance in the air."
"['lemon', 'bergamot', 'basil', 'rosemary', 'caraway', 'fruity notes', 'jasmine', 'coriander', 'carnation', 'patchouli', 'orris root', 'sandalwood', 'rose', 'lavender', 'hedione', 'oakmoss', 'vetiver', 'musk', 'amber']","As the fragrance unfurls, a sun-kissed blend of citrusy freshness from bergamot and lemon, herbaceous vitality from basil and rosemary, and whispers of warmth from caraway and coriander transport you to a lush meadow on a balmy summer morning, where the sweet scent of jasmine and rose petals mingle with the earthy richness of sandalwood and patchouli, all bound together by the subtle tang of orris root and the soft glow of amber."
"['myrhh', 'clary sage', 'coriander', 'bergamot', 'lime', 'amalfi lemon', 'rose', 'thyme', 'basil', 'jasmine', 'castoreum', 'oakmoss', 'patchouli', 'french labdanum']","As the fragrance unfurls, it's like stepping into a sun-kissed Mediterranean garden on a warm summer day, where the sweetness of ripened lemons and bergamot mingles with the earthy warmth of coriander and thyme, while the subtle whispers of jasmine and rose petals dance across your senses, all set against a backdrop of rich, mossy depth and the gentle spiciness of myrrh."
"['lavender', 'sage', 'mandarin orange', 'tobacco', 'rose', 'carnation', 'geranium', 'tonka bean', 'fir', 'vetiver', 'cedar']","As you lift the bottle to your nose, a gentle breeze of sun-kissed lavender and soft sage whispers secrets on the wind, sweet mandarin orange slices bursting with juicy freshness, while rich tobacco and velvety rose petals unfurl like a warm summer evening, all tied together by the earthy threads of geranium, tonka bean, and cedarwood, grounding you in the rustic tranquility of a forest glade."
"['aldehydes', 'basil', 'citruses', 'ivy', 'mandarin orange', 'freesia', 'bergamot', 'carnation', 'marigold', 'coriander', 'orange blossom', 'lily', 'jasmine', 'bulgarian rose', 'lily-of-the-valley', 'sandalwood', 'vanilla', 'musk', 'tonka bean']","As you lift the bottle to your nose, a warm sunbeam wraps around you, transporting you to a lush meadow where sweet basil and mandarin orange mingle with fresh freesia and bergamot, while coriander and sandalwood provide a sensual depth, all held together by the tender whispers of jasmine and Bulgarian rose."
"['lavender', 'bitter orange', 'mint', 'clary sage', 'ambrette (musk mallow)', 'ambroxan']","This fragrance transports you to a sun-kissed meadow on a warm summer day, where the sweetness of blooming lavender and ambrette mingles with the bright, citrusy zing of bitter orange and mint, all underpinned by the soothing calm of clary sage."
"['aldehydes', 'angelica', 'tea', 'mandarin orange', 'mate', 'ink', 'magnolia', 'nutmeg', 'west indian bay', 'coriander', 'caraway', 'cinnamon', 'incense', 'patchouli', 'cedar', 'vetiver', 'amber', 'labdanum']","This fragrance whispers secrets of a mystical forest, where the warmth of golden light seeps through ancient tree bark, releasing a heady blend of sweet magnolia, spicy cinnamon, and earthy patchouli, all wrapped in a veil of smooth amber and smoky incense."
"['lemon', 'ginger', 'lavender', 'mint', 'apple', 'juniper', 'guatemalan cardamom', 'geranium', 'tonka bean', 'amberwood', 'haitian vetiver']","As the fragrance unfurls, a burst of sunny citrus and warm spices - think freshly squeezed lemon and ginger-kissed mornings - mingles with the gentle whisper of lavender and the crisp freshness of mint, all anchored by the sweet, juicy essence of apple and the earthy depth of juniper, before giving way to the exotic, spicy nuance of Guatemalan cardamom and the soft, floral charm of geranium, which slowly gives way to the rich, woody warmth of amberwood and the smooth, leathery comfort of Haitian vetiver."
"['sicilian lemon', 'lavender', 'dark chocolate', 'pelargonium leaf', 'lily-of-the-valley', 'honeysuckle', 'magnolia', 'musk', 'cashmere wood', 'teak wood', 'vetiver', 'amber']","As the fragrance unfurls, a burst of sunny Sicilian lemon zest gives way to a soft, velvety blanket of lavender and dark chocolate, intertwined with the sweet, floral whispers of lily-of-the-valley and honeysuckle, all set against a warm, woody backdrop of cashmere wood and teak wood that deepens into earthy vetiver and musk, with a subtle golden glow of amber and magnolia."
"['aldehydes', 'myrrh', 'artemisia', 'thyme', 'clover', 'bergamot', 'gardenia', 'patchouli', 'sage', 'jasmine', 'cardamom', 'orris root', 'leather', 'oakmoss', 'musk', 'vetiver', 'sandalwood', 'amber', 'coconut']","This fragrance unfolds like a warm, sun-drenched meadow on a lazy summer afternoon, where the sweetness of blooming clover and gardenia mingles with the earthy richness of patchouli and sage, as hints of spicy bergamot, myrrh, and cardamom weave together with the smooth, creamy warmth of coconut, sandalwood, and musk, all underpinned by the subtle tang of thyme, artemisia, and a whisper of mysterious orris root and oakmoss."
"['neroli', 'bergamot', 'black pepper', 'petitgrain', 'black pepper', 'lavender', 'cardamom', 'juniper berries', 'sage', 'vetiver', 'oakmoss', 'iris', 'leather', 'agarwood (oud)']","As the fragrance unfurls, it's as if a warm breeze carries the scent of sun-kissed fields, with neroli's sweet floral whispers mingling with bergamot's citrusy zest, black pepper's spicy kick, and petitgrain's herbaceous freshness, all set against a soft backdrop of lavender's gentle calm, cardamom's creamy depth, and juniper berries' earthy tang, while sage's savory warmth and vetiver's dry woodsiness anchor the scent in the earth, with hints of oakmoss's mossy mystery and iris's subtle powderiness adding an air of sophistication, all culminating in a rich, leathery finish that's both ruggedly rustic and luxurious as agarwood's deep, velvety oud."
"['aldehydes', 'bergamot', 'ginger', 'mint', 'lemon', 'apple', 'violet leaf', 'pineapple', 'sage', 'geranium', 'ambergris', 'musk', 'cedar', 'balsam fir', 'incense', 'vetiver']","As the fragrance unfurls, a symphony of citrusy freshness - bergamot and lemon's bright zing mingling with mint's coolness - is quickly enveloped by the warmth of ginger and apple, as if sunbeams were dancing across a lush meadow, while subtle whispers of violet leaf, sage, and geranium add depth and nuance, all underpinned by the earthy richness of ambergris, cedar, balsam fir, and vetiver, with incense's smoky mystery wafting gently in the background."
"['rosemary', 'clary sage', 'brazilian rosewood', 'lavender', 'geranium', 'tonka bean', 'oakmoss', 'honey', 'musk', 'amber', 'tobacco']","Imagine yourself standing in a sun-drenched meadow on a warm summer morning, surrounded by the earthy scent of rosemary and clary sage wafting up from the dry soil, with hints of sweet Brazilian rosewood and honeyed geranium flowers mingling in the air, as the gentle rustle of lavender leaves whispers subtle sweetness and the rich, mossy undertones evoke memories of a secret forest glade."
"['sea notes', 'bergamot', 'pear', 'apple', 'grapefruit', 'lemon', 'lavender', 'rosemary', 'geranium', 'woody notes', 'tonka bean', 'amberwood', 'patchouli', 'labdanum']","As the scent unfolds, it's like stepping into a sun-kissed meadow on a warm summer day, where the crisp freshness of bergamot and grapefruit mingle with the sweetness of pear and apple, all underlaid by the earthy warmth of rosemary and patchouli, while the smooth woody notes and tonka bean provide a cozy foundation, like lying on a blanket surrounded by the heady aroma of lavender and geranium."
"['wormwood', 'mint', 'basil', 'incense', 'lavender', 'rose', 'tobacco', 'leather', 'sandalwood', 'guaiac wood', 'vetiver', 'oak moss', 'amber', 'vanille', 'musk']","This enchanting fragrance whisks you away to a sun-drenched meadow, where the freshness of mint and basil mingles with the earthy sweetness of rose and lavender, all wrapped in a rich tapestry of leather, tobacco, and warm incense, punctuated by the subtle wisps of sandalwood, guaiac wood, and oak moss that evoke the rustic charm of a forgotten forest glade."
"['aldehydes', 'galbanum', 'clary sage', 'gardenia', 'bergamot', 'narcissus', 'iris', 'carnation', 'orris root', 'lily-of-the-valley', 'jasmine', 'rose', 'neroli', 'oakmoss', 'leather', 'vetiver', 'patchouli', 'labdanum', 'sandalwood', 'amber']","As the fragrance unfurls, a sun-drenched garden awakens, with bergamot's citrusy warmth and narcissus's heady sweetness mingling with earthy undertones of galbanum and oakmoss, as the tender petals of jasmine and rose gently unfold, surrounded by the rich, velvety softness of orris root, sandalwood, and amber."
"['pink pepper', 'peppermint', 'bergamot', 'lemon', 'absinthe', 'orange', 'lavender', 'bulgarian rose', 'clove', 'allspice', 'orris root', 'jasmine', 'vetiver', 'cedar', 'white musk', 'tonka bean']","As the scent unfolds, a burst of fresh pink pepper and zesty citrus notes - bergamot's sunny warmth and lemon's crispness - mingles with the subtle sweetness of absinthe, transporting you to a lush garden on a warm summer morning where lavender blooms and Bulgarian rose petals softly fall, all beneath a canopy of cedarwood and earthy vetiver, rounded out by the soft, powdery charm of white musk and the whispers of jasmine and tonka bean."
"['galbanum', 'tagetes', 'narcissus', 'hiacynth', 'orange', 'black currant', 'mandarin orange', 'cassis', 'narcissus', 'orris root', 'rosemary', 'rose', 'italian jasmine', 'orange blossom', 'vetiver', 'amber', 'sandalwood', 'cedar', 'patchouli']","This fragrance whispers a sun-kissed morning, as the freshness of galbanum and tagetes unfurls like a dewy meadow, where narcissus and hyacinth blooms mingle with juicy orange and black currant sweetness, amidst a herbaceous backdrop of rosemary and subtle cassis hints, all while warm amber, sandalwood, and cedar provide a comforting foundation."
"['sea notes', 'fern', 'clary sage', 'mandarin orange', 'white tea', 'white iris', 'mate', 'exotic woods', 'ambrette (musk mallow)', 'tonka bean', 'amber']","As you lift the fragrance to your nose, a tranquil morning by the sea unfurls before you, with the freshness of salty air mingling with the softness of ferns and the subtle sweetness of mandarin orange, all wrapped in a soothing blanket of white tea and iris, as the earthy whispers of clary sage and mate subtly deepen the scent, while exotic woods provide a sturdy foundation and a hint of musk mallow and tonka bean adds a sensual warmth, finally settling into the comforting glow of amber."
"['lavender extract', 'lavender', 'rosemary', 'oakmoss', 'mint', 'basil', 'geranium', 'patchouli', 'amber']","Imagine a warm summer afternoon spent lounging in a lush meadow, surrounded by the soothing whispers of lavender and rosemary, with hints of crisp mint and basil wafting through the air, as rich oakmoss and geranium provide depth and warmth, all anchored by the earthy sweetness of patchouli and amber."
"['juniper berries', 'citruses', 'blood orange', 'sicilian lemon', 'pimento', 'lavender', 'clary sage', 'geranium', 'vetiver', 'cedar', 'patchouli']","This scent whispers secrets of a sun-kissed forest, where the freshness of juniper berries and citruses melds with the warmth of blood orange and Sicilian lemon, as pimento adds a subtle spice and lavender and clary sage infuse a sense of calming serenity, all grounded by the earthy vetiver, cedar, and patchouli."
"['bergamot', 'cassia', 'tomato leaf', 'tangerine', 'rose', 'pepper', 'sandalwood', 'patchouli']","This fragrance whispers a warm invitation to a sun-kissed garden, where the sweet tang of bergamot and tangerine mingles with the earthy richness of tomato leaf and patchouli, while cassia adds a spicy warmth and rose lends a soft, gentle bloom, all grounded by the smooth, woody depth of sandalwood and a subtle crackle of pepper."
"['rosemary', 'bergamot', 'lemon', 'mandarin orange', 'lavender', 'tonka bean', 'orris root', 'basil', 'jasmine', 'vanilla', 'leather', 'spices', 'benzoin', 'sandalwood', 'amber', 'brazilian rosewood']","As the scent unfolds, it's like walking into a sun-drenched meadow on a warm summer morning, where the crisp freshness of rosemary and citrusy zing of bergamot mingle with the soothing calm of lavender and vanilla, all set against a rich backdrop of smooth leather, spicy warmth, and sweetly seductive whispers of jasmine and tonka bean."
"['mint', 'lavender', 'bergamot', 'thyme', 'cedar', 'sandalwood', 'geranium', 'jasmine', 'oakmoss', 'musk', 'vanilla', 'amber']","As the fragrance unfurls, it's like stepping into a sun-kissed meadow at dawn, where the crisp freshness of mint and bergamot mingle with the soothing warmth of lavender and thyme, grounded by the earthy depth of cedar and sandalwood, with whispers of sweet geranium and jasmine adding a playful touch, all wrapped in the comforting embrace of vanilla and amber."
"['juniper berries', 'coriander', 'ginger', 'rosemary', 'bergamot', 'mandarin orange', 'sandalwood', 'lavender', 'orange blossom', 'geranium', 'tonka bean', 'musk', 'cedar', 'oakmoss']","As the fragrance unfurls, it's like stepping into a sun-drenched meadow on a warm summer morning, where the air is filled with the crisp, herbaceous scent of juniper berries, the spicy warmth of coriander and ginger, and the subtle sweetness of rosemary, mandarin orange, and orange blossom, all set against a rich, woody backdrop of sandalwood, cedar, and oakmoss."
"['rhubarb', 'quince', 'pepper', 'wormwood', 'basil', 'fennel', 'cinnamon', 'juniper berries', 'lavender', 'green leaves', 'orris root', 'jasmine', 'tobacco', 'suede', 'balsam fir', 'tonka bean', 'woody notes', 'oakmoss', 'patchouli']","Imagine walking through a lush meadow on a warm summer day, surrounded by the sweetly tart aroma of fresh rhubarb and quince, with hints of spicy pepper and earthy wormwood carried on the breeze, as the sun-kissed scent of basil and fennel mingles with the cozy warmth of cinnamon and the subtle tang of juniper berries, all set against a backdrop of soft green leaves and the sensual allure of orris root, jasmine, and tobacco."
"['bergamot', 'citron', 'petitgrain', 'vetiver', 'lavender', 'hedione', 'myrrh', 'oakmoss', 'patchouli']","As the scent unfolds, a burst of citrusy freshness, reminiscent of a sunny morning's dew-kissed leaves and bergamot's sweet zest, gives way to the earthy warmth of petitgrain and vetiver, punctuated by whispers of lavender's softness and myrrh's mystical depth, all set against the rich, loamy backdrop of oakmoss and patchouli."
"['cardamom', 'mint', 'bergamot', 'mandarin orange', 'lavender', 'amber', 'patchouli', 'musk']","This fragrance whisks you away to a sun-kissed meadow on a crisp morning, where the sweetness of mandarin and bergamot oranges mingles with the freshness of mint and the spicy warmth of cardamom, all set against a soothing backdrop of lavender and patchouli, with a subtle undertone of golden amber and musk that lingers like the gentle caress of a summer breeze."
"['lavender', 'pink pepper', 'plum', 'geranium', 'vetiver', 'truffle', 'cedar', 'oak']","Imagine strolling through a sun-kissed meadow on a warm summer day, surrounded by the gentle sweetness of lavender, the playful zest of pink peppercorns, and the ripened juiciness of plums, all harmonizing with the earthy richness of vetiver, truffle, and cedar, as the soft breeze whispers secrets through the ancient oak trees."
"['sicilian lemon', 'petitgrain', 'neroli', 'cardamom', 'ginger', 'coriander', 'basil', 'oakmoss', 'vetiver', 'cedar']","As you spritz this fragrance, the air is filled with the bright, sunny scent of Sicilian lemons, their freshness amplified by the warm, herbaceous whispers of petitgrain and neroli, while subtle hints of spicy cardamom and ginger add depth to the citrusy chorus, which is then grounded by the earthy richness of coriander and basil, all set against a backdrop of mossy forest floor and weathered cedar trees."
"['kumquat', 'aldehydes', 'coriander', 'brazilian rosewood', 'cyclamen', 'cinnamon', 'clary sage', 'labdanum', 'musk', 'ambergris', 'cedar', 'wormwood']","As you lift the glass stopper, a burst of sunshine spills forth, transporting you to a lush garden where kumquat sweetness mingles with the spicy warmth of coriander and cinnamon, while the smooth richness of Brazilian rosewood and labdanum provides depth, punctuated by the subtle greenness of cyclamen and the earthy comfort of cedar and clary sage, all underpinned by the sensual allure of musk and ambergris."
"['mint', 'lemon', 'basil', 'thyme', 'black currant', 'rosemary', 'lavender', 'jasmine', 'lemon verbena', 'musk']","This scent whisks you away to a sun-drenched Mediterranean hillside, where the crisp freshness of mint and lemon mingle with the herbaceous warmth of basil and thyme, yielding to the sweet tartness of black currant and the soothing calm of lavender, all underpinned by the subtle sensuality of musk and the heady allure of jasmine."
"['lemon', 'tomato leaf', 'cacao pod', 'cedar', 'white musk', 'vetiver']","As the fragrance unfurls, a bright and airy lemon zest awakens the senses, followed by the warm, earthy aroma of tomato leaves and the rich, velvety sweetness of cacao pods, all grounded in the rustic, woody depth of cedar and the soft, creamy whisper of white musk, finally surrendering to the subtle, smoky allure of vetiver like a gentle sunset on a summer evening."
"['blood orange', 'juniper berries', 'pimento', 'lemon', 'sicilian lemon', 'cardamom', 'fig nectar', 'lavender', 'geranium', 'clary sage', 'cedar', 'patchouli', 'vetiver', 'cypriol oil or nagarmotha']","This fragrance whisks you away to a sun-kissed orchard on a warm summer day, where juicy blood oranges and zesty lemons ripen in the Sicilian lemon trees, their sweet and tangy aroma mingling with the earthy richness of fig nectar, as juniper berries add a subtle tartness and cardamom lends an air of exotic mystery, all set against a backdrop of soothing lavender and geranium, with hints of smoky cedar, patchouli, and cypress forest floor beneath."
"['leather', 'tomato leaf', 'vanilla', 'tomato leaf', 'galbanum', 'labdanum', 'orris root', 'clary sage', 'leather', 'vanilla absolute', 'benzoin', 'tolu balsam', 'myrrh', 'opoponax', 'sandalwood', 'musk']","This scent is like a warm summer afternoon, with the rich aroma of worn leather and sweet vanilla wafting through the air, intertwined with the earthy freshness of galbanum and the subtle, herbaceous hint of clary sage, all wrapped in a comforting blanket of creamy musk."
"['juniper', 'bergamot', 'mandarin orange', 'orange blossom', 'woody notes', 'pimento', 'lily-of-the-valley', 'sage', 'musk', 'cardamom']","This fragrance whisks me away to a sun-kissed grove on a warm summer morning, where the scent of juniper and bergamot mingles with the sweet, citrusy airiness of mandarin orange and orange blossom, while woody notes and pimento add depth and earthiness, tempered by the soft, floral whisper of lily-of-the-valley and the subtle herbaceousness of sage, all underscored by a sensual musk that beckons me to linger beneath its radiant canopy."
"['cannabis', 'grapefruit', 'black pepper', 'geranium', 'leather', 'vetiver']","As the scent unwinds, a sun-kissed morning unfolds, where the freshness of grapefruit and black pepper's spicy zest mingle with the herbal depth of cannabis, while geranium's subtle sweetness and the rich, worn leather tones provide a sensual warmth that slowly gives way to vetiver's earthy, moss-covered calm."
"['citron', 'bergamot', 'lavender', 'haitian vetiver', 'elemi']","As the fragrance unfurls, a burst of zesty citron and sunny bergamot awakens the senses, followed by the soothing serenity of lavender's gentle whispers, which slowly give way to the earthy, mossy depths of Haitian vetiver and elemi, evoking a sense of calm, sun-drenched meadows on a warm summer day."
"['lavender', 'brandy', 'immortelle', 'orange', 'juniper berries', 'clary sage', 'bergamot', 'tonka bean', 'vanilla', 'cedar']","This fragrance whispers a warm, golden hour of sunshine on a lavender field, with the sweet nectar of brandy-soaked immortelle and juicy orange slices mingling with the earthy richness of juniper berries, clary sage's gentle herbalism, bergamot's citrus zest, tonka bean's comforting vanilla undertones, and cedarwood's rustic depth, transporting you to a serene haven where worries fade like morning dew."
"['juniper berries', 'orange', 'angelica', 'cinnamon', 'pepper', 'cardamom', 'leather', 'orris root', 'vetiver', 'sugar', 'cherry', 'amber']","As the scent unfolds, a sprightly juniper berry spark ignites on your senses, like a sun-kissed morning in the forest, where warm cinnamon and spicy pepper mingle with sweet orange zest and the earthy richness of leather and orris root, while subtle whispers of cardamom and vetiver weave a tapestry of depth and nuance, all set against a backdrop of luscious cherry and sugar that leaves you feeling like you're strolling through a lush meadow on a golden afternoon."
"['cardamom', 'sage', 'french narcissus', 'haitian vetiver', 'madagascar vetiver', 'vanilla', 'palo santo', 'cedar']","As the fragrance unfurls, a sun-drenched meadow awakens, with cardamom's warm spices and sage's gentle earthiness conjuring the scent of a freshly mown field, while French narcissus adds a delicate sweetness, Haitian vetiver and Madagascar vetiver provide a rich, woody depth, vanilla provides creamy comfort, and palo santo and cedar add a subtle, rustic charm."
"['coriander', 'aldehydes', 'cardamon', 'rhubarb', 'lily-of-the-valley', 'pink rose', 'ambroxan', 'oak moss', 'sandalwood']","As the fragrance unfurls, a symphony of spices and florals awakens, with coriander's warm, earthy richness mingling with cardamom's sweetly piquant zest, while lily-of-the-valley's delicate charm and pink rose's soft blushiness dance with the tart, slightly sweet essence of rhubarb, all grounded by the smooth, woody depth of sandalwood and the mossy freshness of oak moss."
"['driftwood', 'seaweed', 'agarwood (oud)', 'ambrette (musk mallow)', 'cardamom', 'celery seeds', 'lemon', 'cypress', 'lavender', 'yellow mandarin', 'myrtle', 'artemisia', 'incense', 'vetiver', 'oak', 'olibanum', 'mastic or lentisque', 'vanilla']","As the scent unfolds, it's like walking along a windswept coastline at dawn, where the crisp air is filled with the weathered wood of driftwood, the oceanic freshness of seaweed, and the sweet, earthy warmth of agarwood, all wrapped in a gentle mist of lemon and lavender that whispers hints of cardamom, celery seeds, and vanilla, while the subtle nuances of cypress, myrtle, and artemisia add depth to the air like the shadows of ancient trees."
"['orange blossom', 'lemon', 'lavender', 'cardamom', 'nutmeg', 'coriander', 'rosemary', 'geranium', 'litchi', 'tonka bean', 'teak wood', 'vetiver']","As the fragrance unfurls, a sun-kissed orchard of orange blossom and lemon zest awakens, blending with the gentle hum of lavender and spices - cardamom's warm sweetness, nutmeg's comforting depth, and coriander's earthy whisper - while rosemary's herbaceous freshness and geranium's subtle tartness provide balance, all set against a rich backdrop of litchi's sweet ripeness and tonka bean's creamy smoothness, with the dry down lingering like the scent of weathered teak wood and the earthy undertones of vetiver."
"['lemon', 'lavender', 'rosemary', 'neroli', 'cloves', 'geranium', 'clover', 'tobacco', 'sandalwood', 'ambergris']","As the scent unfolds, it's like stepping into a sun-kissed meadow on a warm summer day, where the sweetness of blooming lavender and rosemary mingles with the brightness of lemon zest, while wisps of smoky cloves and gentle neroli weave together in perfect harmony."
"['fern', 'wild berries', 'chamomile', 'leather', 'narcissus', 'lily', 'birch', 'vetiver', 'patchouli']","Imagine stepping into a secret glade on a warm summer morning, surrounded by the lush scent of ferns and wild berries, as the sweetness of narcissus and lily wafts through the air, while the earthy whispers of leather and patchouli provide a grounding foundation, all tied together with the subtle freshness of birch and the soothing calm of chamomile."
"['cypress', 'lemon', 'bergamot', 'green notes', 'basil', 'gardenia', 'cinnamon', 'vetiver', 'patchouli', 'cedar', 'coriander', 'geranium', 'jasmine', 'leather', 'oakmoss', 'benzoin', 'musk', 'amber', 'tonka bean']","As you spritz the fragrance, a sun-drenched garden bursts forth with fresh citrus and greenery, as cypress and lemon zest mingle with the warmth of cinnamon and the richness of leather, while subtle whispers of jasmine and gardenia dance in the air, all grounded by earthy vetiver, patchouli, and cedar."
"['absinthe', 'grapefruit', 'mint', 'lavender', 'cypress', 'patchouli']","As the scent unfolds, a sprightly blend of crisp absinthe and tart grapefruit zest awakens the senses, while the subtle hint of refreshing mint and the soft whisper of lavender create a calming harmony that's grounded by the earthy depth of cypress and patchouli, evoking the invigorating essence of a sunny forest glade on a warm summer morning."
"['lavender', 'bergamot', 'aldehydes', 'coriander', 'artemisia', 'green notes', 'neroli', 'lemon', 'tarragon', 'carnation', 'cinnamon', 'rose', 'jasmine', 'cyclamen', 'leather', 'oakmoss', 'sandalwood', 'cedar', 'musk', 'patchouli', 'amber']","As the scent unfolds, it's like stepping into a sun-drenched meadow on a warm summer morning, where the air is filled with the sweet, herbaceous whispers of lavender and bergamot, the spicy warmth of coriander and cinnamon, and the lush, floral notes of rose and jasmine, all intertwined with the earthy richness of leather and moss, and the subtle hint of patchouli's mystical mystique."
"['mint', 'mojito', 'rhuburb', 'rum', 'geranium', 'floral notes', 'vetiver', 'virginia cedar', 'patchouli']","As the scent unfolds, a refreshing sprig of mint mingles with the zesty essence of a just-made mojito, transporting you to a sun-kissed afternoon where the sweetness of ripe rhubarb and the warmth of rum barrel notes evoke a sense of laid-back indulgence, all tied together by the subtle charm of geranium's floral whispers, earthy vetiver roots, and the rustic depth of virginia cedar and patchouli, creating a captivating aroma that's as inviting as a warm summer breeze on a lazy afternoon."
"['geranium', 'tonka bean', 'sandalwood']","As the fragrance unfurls, it's as if a sun-kissed meadow comes alive on your skin, with geranium's sweet and slightly tart aroma mingling with the warm, comforting richness of tonka bean, all set against a backdrop of creamy sandalwood that grounds the senses in its soft, velvety smoothness."
"['sea notes', 'bergamot', 'cardamom', 'basil', 'verbena', 'clary sage', 'orris', 'suede', 'woodsy notes', 'vetiver', 'patchouli']","This fragrance whispers of a sunny afternoon by the sea, where the air is filled with the sweet scent of basil and verbena, and the warm breeze carries the spicy essence of cardamom and bergamot, all blending together in perfect harmony with the earthy undertones of orris and vetiver, while suede-like smoothness provides a sensual depth and woodsy notes add a grounding sense of stability."
"['green mandarin', 'pepper', 'gin', 'mint', 'juniper berries', 'madagascar vanilla', 'musk']","As you lift the bottle to your nose, a zesty burst of green mandarin and peppery freshness awakens, like a sunny morning in a citrus grove, infused with the crisp clarity of mint leaves and the subtle warmth of juniper berries, all underpinned by the creamy richness of Madagascar vanilla and the sensual allure of musk."
"['pineapple', 'lavender', 'lemon', 'juniper berries', 'neroli', 'bergamot', 'cactus', 'ginger', 'sage', 'cardamom', 'violet', 'coriander', 'musk', 'sandalwood', 'mahogany', 'cedar', 'pepper', 'amber', 'vetiver']","Imagine a sun-kissed meadow, where the sweetness of ripened pineapple and the softness of lavender mingle with the zesty freshness of lemon zest, as juniper berries and neroli's delicate orange blossom petals dance in the warm breeze, amidst a lush tapestry of spicy ginger, herbaceous sage, and earthy cedar, all woven together by the subtle charm of cardamom, violet, and coriander, with the sensual warmth of musk, sandalwood, mahogany, and amber beneath, like the gentle glow of a crackling campfire on a starry night."
"['artemisia', 'juniper', 'bergamot', 'lemon', 'green apple', 'caraway', 'basil', 'grapefruit', 'honey', 'lavender', 'rose', 'jasmine', 'sage', 'geranium', 'lily-of-the-valley', 'orris root', 'tobacco', 'oakmoss', 'patchouli', 'sandalwood', 'musk', 'amber', 'cinnamon', 'cedar']","As the scent unfolds, it's like stepping into a sun-drenched meadow on a warm summer morning, where the freshness of lemon and green apple mingles with the earthy sweetness of honey and the softness of lavender, surrounded by the whispers of basil and sage."
"['mint', 'sage', 'geranium', 'patchouli', 'chocolate', 'tonka bean', 'vanilla', 'coffee']","This fragrance whispers secrets of a sun-kissed meadow on a warm summer morning, where the freshness of mint and sage mingle with the earthy sweetness of geranium and patchouli, all swirled together in a rich tapestry of velvety chocolate and comforting vanilla, like the scent of a cozy morning cuppa coffee."
"['lavender', 'asphalt', 'cedar', 'leather']","This scent whisks you away to a sun-drenched rural road on a warm summer day, where the air is sweet with the soft, herbaceous charm of lavender fields and the earthy tang of worn leather, tempered by the subtle richness of cedarwood and the faint whisper of urban grit from the asphalt beneath."
"['elemi', 'mandarin orange', 'pink pepper', 'bergamot', 'immortelle', 'heliotrope', 'jasmine', 'iris', 'peru balsam', 'labdanum', 'patchouli', 'musk']","As the scent unwinds, it's like walking into a sun-kissed meadow on a warm summer day, with the sweet, velvety softness of heliotrope and jasmine mingling with the bright, citrusy zing of mandarin orange and bergamot, all grounded by the earthy richness of elemi, patchouli, and labdanum, while pink pepper adds a playful burst of freshness and iris provides a subtle, shimmering depth."
"['jasmine sambac', 'pink grapefruit', 'vanilla flower', 'pink lotus', 'white lotus', 'dragon blood resin', 'sandalwood', 'siam benzoin']","This fragrance whispers sweet nothings, transporting you to a sun-kissed garden where the heady scent of jasmine sambac and pink grapefruit mingle with the creamy warmth of vanilla flower and lotus blooms, while subtle undertones of sandalwood and siam benzoin ground the senses, all underlaid by the mysterious, smoky allure of dragon blood resin."
"['orange', 'cacao', 'carambola (star fruit)', 'vanilla']","As you inhale the scent, a burst of vibrant orange zest and sun-kissed carambola unfold like a tropical paradise, while rich cacao whispers warm hugs and sweet vanilla cream soothes the senses, evoking the comforting aroma of freshly baked cookies on a cozy afternoon."
"['watermelon', 'rose', 'black currant', 'grapefruit', 'dark chocolate', 'cacao', 'coconut', 'musk', 'sandalwood']","This fragrance whispers a sultry summer evening, where the sweetness of ripened watermelon and rose petals mingles with the tartness of grapefruit and black currant, all wrapped in a rich, dark chocolate warmth that's tempered by the creamy smoothness of coconut and the earthy depth of sandalwood, finishing with a sensual allure that lingers like the softest caress of musk."
"['vanilla', 'vanilla orchid', 'cacao pod', 'rum']","As the scent unfolds, it's like walking into a sun-kissed coffee shop on a warm morning, where rich cacao pods and sweet vanilla mingle with the faint hint of exotic vanilla orchid, all tied together by a smooth rum undertone that warms your senses."
"['black currant', 'rose', 'cacao', 'patchouli']","This fragrance whispers sweet nothings of a sun-kissed summer day, where juicy black currants ripen on the vine, entwined with the tender petals of a rose garden, all wrapped in the warm, comforting embrace of rich cacao and the earthy mystique of patchouli."
"['cacao', 'dark chocolate', 'tobacco', 'tonka bean', 'musk', 'woodsy notes']","As the fragrance unwinds, rich cacao and dark chocolate scents melt together like a warm hug on a cozy morning, infused with the comforting smell of old leather and the earthy sweetness of tonka bean, all underpinned by the sensual warmth of musk and the rugged, woody presence of forest floor."
"['pink pepper', 'lavender', 'cacao']","As the fragrance unfurls, a warm whisper of pink pepper awakens, like the gentle rustle of rose petals on a summer morning, mingling with the soft, serene sweetness of lavender and the deep, velvety richness of cacao, conjuring the intimate essence of a cozy afternoon basking in the golden glow of a sun-drenched garden."
"['cherry', 'pink pepper', 'cardamom', 'pomelo', 'bergamot', 'mandarin orange', 'black pepper', 'blackberry', 'apricot', 'lotus', 'cacao', 'musk', 'sandalowood', 'amber']","This fragrance whisks you away to a sun-kissed orchard on a warm summer day, where the sweetness of ripe cherry and blackberry mingle with the spicy zest of pink pepper and bergamot, as cardamom's earthy warmth and pomelo's juicy freshness infuse the air, all while lotus blooms add a subtle softness and cacao's rich undertones provide depth, grounding it with sandalwood and amber's golden glow."
"['apple', 'cassis', 'pineapple', 'cacao', 'iris', 'egyptian jasmine', 'patchouli', 'amber', 'vanilla', 'musk', 'sandalwood']","This fragrance whisks you away to a sun-kissed orchard on a warm summer day, where the sweetness of ripened apples and pineapple mingle with the earthy richness of patchouli and sandalwood, while hints of cacao and vanilla add depth and creamy warmth, all underscored by the heady allure of Egyptian jasmine and the subtle sensuality of iris and musk."
"['bergamot', 'neroli', 'cacao', 'coconut', 'agarwood (oud)', 'musk']","As the scent unfolds, a sun-kissed morning awakens, with bergamot's bright citrus zest and neroli's delicate orange blossoms mingling in a warm embrace, as rich cacao and creamy coconut tenderly soothe the senses, all while the deep, mysterious allure of agarwood (oud) and musk whispers secrets in the shadows."
"['cacao', 'dark chocolate', 'hazelnut', 'hazelnut', 'tonka bean']","Imagine wrapping yourself in the warm, comforting aroma of a freshly baked cacao brownie, infused with the rich, nutty sweetness of hazelnuts and the subtle, creamy depth of tonka beans, like being enveloped by a cozy embrace on a chilly winter morning."
"['hazelnut', 'milk', 'sugar', 'cacao', 'floral notes', 'vanilla']","This fragrance envelops you in a cozy warmth, like snuggling up with a sweet-toothed grandmother who's just pulled fresh-baked cookies from the oven, with rich hazelnut and cacao whispers mingling with creamy milk and sugar-kissed vanilla, all wrapped in a delicate floral shawl that wafts a comforting, sun-drenched sense of serenity."
"['orange', 'marshmallow', 'apple', 'iris', 'jasmine', 'caramel', 'tonka bean', 'sandalwood', 'cacao', 'woody notes', 'amber', 'vanilla', 'musk']","As the scent unfolds, a vibrant tapestry of sun-kissed oranges and plump marshmallows entwines with the crunch of fresh apple and the sweet surrender of jasmine, all nestled within a rich foundation of warm sandalwood, smooth caramel, and comforting vanilla, where whispers of musk and woody notes linger like the gentle caress of a summer breeze."
"['gardenia', 'cacao', 'vanilla']","As the fragrance unfurls, a lush garden of warm, sun-kissed petals blooms, infused with the comforting richness of melted cacao and sweet, creamy whispers of vanilla, evoking the cozy warmth of a summer evening spent lounging in a fragrant flower-filled hammock."
"['cranberry', 'hazelnut', 'jasmine', 'cacao pod', 'amber']","This fragrance whisks you away to a sun-drenched orchard on a crisp autumn morning, where the sweetness of ripe cranberries mingles with the warm, nutty aroma of hazelnuts and the heady floral scent of jasmine, all grounded by the rich, velvety smoothness of cacao pods and the golden warmth of amber."
"['red fruits', 'red apple', 'orange blossom', 'jasmine', 'cacao', 'vanilla', 'sandalwood', 'musk']","As the fragrance unfurls, a juicy medley of red fruits and crisp red apple awakens the senses, sweetly tempered by the warmth of orange blossom and jasmine's heady allure, all beneath a rich blanket of cacao and vanilla that melts into the smooth, woody depths of sandalwood, finished with a subtle whisper of musk."
"['caramel', 'powdery notes', 'musk', 'benzoin', 'vanilla']","This fragrance wraps you in a cozy embrace of golden warmth, like stepping into a sun-kissed bakery where the air is sweet with caramelized sugar and soft vanilla whispers mingle with the gentle caress of musk and powdery notes that evoke the tender scent of freshly laundered linens."
"['wild berries', 'gardenia', 'lily of the valley', 'honeysuckle', 'jasmine sambac', 'vanilla orchid', 'caramel', 'vanilla', 'sandalwood', 'praline']","As you spritz this enchanting scent, the sweetness of wild berries and honeysuckle bursts forth, entwining with the lushness of gardenia and lily of the valley, while the velvety softness of vanilla orchid and caramel creates a comforting warmth, all set against the earthy backdrop of sandalwood, like a sun-drenched meadow on a warm summer day."
"['gardenia', 'carnation', 'jasmine', 'patchouli', 'flowers', 'sandalwood', 'sea notes', 'caramel', 'coffee']","As the fragrance unfurls, it's like stepping into a lush tropical garden on a warm summer morning, where sweet jasmine and heady gardenia flowers mingle with the earthy richness of patchouli and sandalwood, tempered by the invigorating freshness of sea notes and the warmth of caramel-kissed sunlight."
"['caramel', 'bulgarian rose', 'australian sandalwood', 'musk', 'himalayan cedar']","This fragrance whispers sweet nothings of a warm summer evening, as the gentle sweetness of caramel melts into the soft, velvety petals of Bulgarian rose, while Australian sandalwood and Himalayan cedar provide a rich, earthy foundation that's subtly warmed by the tender muskiness of skin."
"['pink pepper', 'litchi', 'co2 extracts', 'sicilian bergamot', 'jasmine sambac', 'rose', 'magnolia', 'popcorn', 'caramel', 'cacao', 'salt', 'labdanum']","As the scent unfolds, it's like stepping into a sun-kissed orchard on a warm summer day, where juicy litchi and sweet rose petals mingle with the tender kiss of pink pepper, all wrapped in a comforting blanket of creamy caramel and rich cacao, punctuated by the bright, citrusy zip of Sicilian bergamot and the soft, powdery whisper of magnolia, while the earthy undertones of labdanum and salt provide a satisfying depth to this indulgent and playful fragrance."
"['orange', 'floral notes', 'violet', 'caramel', 'vanilla', 'moss']","As the fragrance unfurls, it's like stepping into a sun-drenched meadow on a warm summer day, where sweet orange blossoms mingle with the heady aroma of fresh violet petals, all wrapped in the comforting warmth of caramel and vanilla, with the earthy undertone of moss providing a sense of grounding beneath."
"['sea salt', 'lemon', 'pink pepper', 'jasmine', 'seagrass', 'bay leaf', 'salt', 'caramel', 'brown sugar', 'cedar']","As you spritz this fragrance, the air is filled with the invigorating scent of a sun-kissed beach, where sea salt and lemon zest mingle with the subtle sweetness of pink pepper, jasmine's tender petals, and the earthy whispers of seagrass and bay leaf, all bound together by a warm caramel and brown sugar accord that evokes the comforting aroma of a crackling campfire on a crisp autumn evening."
"['caramel', 'vanilla', 'patchouli']","As the scent unwinds, a warm and comforting blend of rich caramel and creamy vanilla swirls together with the earthy, herbal undertones of patchouli, evoking the cozy feeling of a crackling fire on a chilly autumn evening."
"['caramel', 'milk', 'smoke', 'caramel', 'hinoki incense', 'leather', 'toffee', 'hinoki incense']","As the fragrance unfurls, it's like walking into a cozy, sun-kissed library where the sweet scent of caramel and milk lingers on worn leather bindings, mingling with the soft whispers of hinoki incense and the subtle wisps of smoke from a crackling fire, all wrapped in a rich, toffee-like warmth that makes you want to linger forever."
"['pineapple', 'lime', 'floral notes', 'caramel']","As the fragrance unfurls, a zesty tropical breeze carries the sweet whispers of pineapple and lime, harmonizing with lush floral notes that dance on the skin like sun-kissed petals, all tempered by the rich warmth of caramel's golden glow."
"['peach', 'grapefruit', 'bamboo leaf', 'iris', 'orange blossom', 'peony', 'caramel', 'patchouli', 'musk']","Imagine walking through a sun-kissed orchard on a warm summer day, surrounded by the sweet scent of ripening peaches and the tangy zest of freshly squeezed grapefruit, as the gentle rustle of bamboo leaves and the soft fragrance of iris petals mingle with the heady aroma of orange blossoms, all underscored by the rich sweetness of caramel and the earthy depth of patchouli, lingering softly like a whispered secret on your skin."
"['plum', 'mandarin orange', 'lemon', 'pear', 'caramel', 'jasmine', 'salt', 'black orchid', 'coffee blossom', 'orange blossom', 'vanilla', 'amber', 'musk', 'cedar', 'patchouli']","This scent is a lush garden party on a warm summer evening, where juicy plums and sweet caramel mingle with the zest of mandarin orange and lemon, as jasmine's heady charm wafts through the air, punctuated by the earthy richness of patchouli and cedar, all grounded in the subtle saltiness of a secret blooming.

(Note: I've combined the notes to create a vivid description that captures the overall vibe and smell of the fragrance. The sentence aims to evoke a sensory experience, using words like lush, warm, juicy, sweet, earthy, and heady to paint a picture in the reader's mind.)"
"['black pepper', 'mandarin orange', 'bergamot', 'heliotrope', 'rose', 'orris', 'caramel', 'moss', 'musk']","As the scent unfolds, a zesty fusion of black pepper and mandarin orange crackles with energetic warmth, gradually yielding to the sweet, sun-kissed allure of bergamot and heliotrope, as tender rose petals unfurl amidst a mossy undercurrent that's subtly enriched by the deep, velvety smoothness of orris and caramel, all held together by the sensual warmth of musk."
"['apple', 'raspberry', 'passionfruit', 'cherry', 'lily-of-the-valley', 'magnolia', 'rose', 'apricot', 'caramel', 'amber', 'peach', 'musk']","As you lift the fragrance to your nose, a symphony of sweet and tart fruits - juicy apple, luscious raspberry, and succulent passionfruit - mingles with the heady scent of cherry blossoms, like a warm summer day spent picnicking under a blooming tree, where sun-kissed peach flesh and ripe apricot flavors mingle with the rich, velvety smoothness of caramel and amber, all wrapped in the soft, powdery whisper of lily-of-the-valley and magnolia petals, finishing with a subtle musk that whispers secrets to your skin."
"['pistachio', 'coconut water', 'peach blossom', 'black currant', 'caramel', 'salt']","This scent whispers a warm summer afternoon on a sun-kissed beach, where the sweet essence of ripe peaches and peach blossoms mingle with the nutty freshness of pistachio shells, the invigorating coolness of coconut water, the subtle tartness of black currant, and the rich, velvety smoothness of caramel, all balanced by a pinch of salt that heightens the senses."
"['citruses', 'caramel', 'sandalwood']","As the scent unfolds, it's like stepping into a sun-kissed grove on a warm summer day, where juicy citruses ripen on the trees and sweet caramel wafts from the breeze, all anchored by the comforting warmth of sandalwood."
"['nutmeg', 'mandarin orange', 'herbal notes', 'pink pepper', 'cardamom', 'caramel', 'cinnamon', 'coffee', 'lily-of-the-valley', 'transparent flowers', 'amber', 'musk', 'sandalwood', 'cacao', 'vanilla', 'tonka bean']","As the fragrance unfurls, a warm and inviting aroma of caramel-kissed spices - think nutmeg and cinnamon - mingles with the bright, sunny sweetness of mandarin orange, while subtle whispers of herbal freshness, pink pepper's gentle crunch, and cardamom's exotic zing dance around a rich, creamy core infused with the deep comfort of coffee, lily-of-the-valley's sweet innocence, and transparent flowers' delicate charm, all grounded by the smooth, golden warmth of amber, musk, sandalwood, cacao, vanilla, and tonka bean's sensual allure."
"['freesia', 'mandarin orange', 'lily', 'peach', 'bergamot', 'magnolia', 'damask rose', 'patchouli', 'lily', 'cedar', 'caramel', 'vanilla', 'musk', 'sandalwood', 'benzoin', 'amber']","This fragrance whispers sweet nothings of a sun-drenched garden, where freesia and mandarin orange blooms mingle with the heady scent of lily and peach, all wrapped in a warm embrace of bergamot and magnolia, with the softness of damask rose petals and the earthiness of patchouli, cedar, and sandalwood providing depth, while caramelized sweetness from vanilla, musk, benzoin, and amber adds a velvety richness that lingers like a gentle summer breeze."
"['popcorn', 'bergamot', 'caramel', 'chestnut', 'orchid', 'vanilla absolute', 'benzoin', 'virginia cedar']","This scent transports you to a sun-kissed afternoon at the beach, where the sweetness of caramel corn and the freshness of bergamot waft through the air, mingling with the earthy warmth of chestnut and the creamy softness of vanilla absolute, all wrapped in a comforting blanket of benzoin's gentle spices and cedarwood's rustic depth."
"['chinotto', 'orange blossom', 'caramel', 'vanilla']","As you spritz this fragrance, a sun-kissed warmth envelops you, with the sweet scent of ripe oranges and the tender petals of orange blossoms unfolding like a bouquet in your imagination, while hints of rich caramel and creamy vanilla linger in the air, evoking the cozy comfort of a lazy summer afternoon."
"['coconut', 'fruits', 'bergamot', 'frangipani', 'gardenia', 'white flowers', 'caramel', 'amber']","This fragrance transports you to a sun-kissed island, where the sweet aroma of ripe fruits and creamy coconut mingles with the lush scent of frangipani and gardenia blooms, warm caramel undertones adding depth and richness to the radiant, white flower-infused air."
"['floral notes', 'cassia', 'rose', 'caramel', 'tonka bean']","This fragrance transports you to a sun-kissed meadow on a warm summer day, where the sweet scent of rose petals and caramelized honey mingle with the earthy warmth of cassia and tonka bean, all wrapped in a delicate floral bouquet that whispers secrets of lush gardens."
"['litchi', 'peach', 'freesia', 'orange', 'melon', 'jasmine', 'lily', 'heliotrope', 'orange blossom', 'magnolia', 'caramel', 'vanilla', 'sandalwood', 'patchouli', 'musk', 'vetiver', 'moss']","This scent is like a warm summer day, where juicy litchi and ripe peach mingle with the sweet song of freesia and the radiant glow of orange, transporting you to a lush garden filled with the heady aroma of blooming jasmine, while the soft petals of lily and the subtle charm of heliotrope and orange blossom waft through the air, grounded by the rich earthiness of magnolia and the comforting sweetness of caramel and vanilla, all nestled within a cozy embrace of sandalwood, patchouli, and moss."
"['pomegranate', 'blackberry blossom', 'jasmine', 'caramel']","As the scent unwinds, a juicy pomegranate burst of sweetness gives way to the heady allure of blackberry blossoms, their delicate petals unfolding like a warm summer morning, while hints of lush jasmine and rich caramel swirl together in a sumptuous dance that's equal parts luscious and alluring."
"['pear', 'apple', 'mandarin orange', 'sandalwood', 'violet', 'freesia', 'caramel', 'musk', 'ambergris']","As the fragrance unfurls, a symphony of juicy pears and crisp apples mingles with the warm, golden glow of mandarin orange, transporting you to a sun-kissed orchard where the sweet scent of sandalwood wafts through the air, mingling with the soft, floral whispers of violet and freesia, all grounded by the rich, comforting aroma of caramel and the subtle, creamy allure of musk and ambergris."
"['wild berries', 'freesia', 'bergamot', 'orchid', 'orange blossom', 'jasmine', 'caramel', 'musk', 'vanilla absolute', 'patchouli']","This fragrance whisks you away to a sun-drenched meadow on a warm summer day, where the sweetness of juicy wild berries and fresh freesia mingle with the tangy zest of bergamot and the heady allure of orange blossom, all swirled together in a sensual dance of caramel-kissed vanilla and powdery musk, as the earthy undertone of patchouli adds depth to this lush tapestry of scents."
"['pink pepper', 'citruses', 'davana', 'rum', 'blackberry', 'caramel', 'white flowers', 'osmanthus', 'cherry blossom', 'evernyl', 'amber', 'oakmoss']","As the scent unfolds, a lively pink pepper sparkles with juicy citruses, like a warm summer morning in a lush orchard, where sweet rum-infused blackberries ripen beneath sun-kissed white flowers and the soft whispers of cherry blossom petals mingle with the rich, velvety smoothness of caramel, while subtle hints of evernyl's greenery and oakmoss's earthy depth linger, all wrapped in a comforting blanket of amber's golden warmth."
"['blackberry', 'pink grapefruit', 'pink pepper', 'champagne', 'jasmine sambac', 'orange blossom', 'musk', 'vetiver']","As the scent unfolds, it's like a sun-kissed summer day, with juicy blackberries and tart pink grapefruit mingling in a champagne-fueled celebration, as pink pepper adds a pop of sparkle, jasmine sambac whispers sweet nothings, orange blossom petals dance in the breeze, and warm musk and earthy vetiver ground it all with a sense of lush serenity."
"['champagne', 'apricot', 'black orchid', 'pepper', 'whipped cream', 'mahogany', 'sandalwood']","This fragrance whisks you away to a sun-kissed afternoon, where the effervescent sparkle of champagne mingles with the sweet, juicy essence of apricots and the velvety softness of whipped cream, all underscored by the warm, woody depth of mahogany and sandalwood, with the subtle hint of black orchid adding a sense of mystery and the spicy kick of pepper providing a lively, celebratory air."
"['bitter almond', 'black cherry', 'cherry liqueur', 'sour cherry', 'plum', 'turkish rose', 'jasmine sambac', 'vanilla', 'tonka bean', 'cinnamon', 'peru balsam', 'benzoin', 'sandalwood', 'cloves', 'cedar', 'patchouli', 'vetiver']","As the fragrance unfurls, a rich tapestry of flavors and aromas emerges, like a warm summer afternoon spent lounging under a cherry blossom tree, where the sweetness of ripe plums and cherries mingles with the velvety softness of Turkish rose petals, all wrapped in the comforting warmth of vanilla and tonka bean, punctuated by the spicy whispers of cinnamon, cloves, and cedar, and anchored by the earthy depth of sandalwood, patchouli, and vetiver."
"['rose', 'green notes', 'jasmine', 'sour cherry', 'apple', 'orange blossom', 'black currant', 'white musk', 'patchouli', 'white amber']","This fragrance whispers sweet nothings, its rose petals unfolding like a warm summer breeze carrying the freshness of green notes and the heady allure of jasmine, while sour cherry and apple add a tart, juicy zip, all nestled among soft, sun-kissed orange blossom and black currant, which in turn mingle with the creamy warmth of white musk, patchouli's earthy depth, and the gentle glow of white amber."
"['cherry', 'pink pepper', 'bergamot', 'violet', 'freesia', 'jasmine', 'tonka bean', 'vanilla', 'amber', 'sandalwood']","As you lift the bottle to your nose, a sweet and lively aroma of sun-kissed cherry blossoms fills the air, tempered by the gentle warmth of pink pepper and the crisp freshness of bergamot, unfolding into a lush tapestry of floral hues - violet's subtle mystery, freesia's airy innocence, and jasmine's sultry allure - all set against a rich backdrop of creamy tonka bean, smooth vanilla, and golden amber, grounded in the earthy depth of sandalwood."
"['sour cherry', 'saffron', 'leather', 'olive', 'chinese osmanthus', 'apricot', 'smoke', 'woody notes', 'cypriol oil or nagarmotha']","This fragrance whispers secrets of a sun-kissed vintage market, where the tart sweetness of sour cherry and apricot mingle with the earthy warmth of saffron and leather, as wispy tendrils of smoke waft through the air, carrying the essence of ancient olive groves and the heady allure of Chinese osmanthus."
"['cherry', 'almond', 'pink pepper', 'cherry blossom', 'violet', 'magnolia', 'vanilla', 'tonka bean', 'sandalwood']","As the fragrance unfurls, a burst of sweet cherry freshness mingles with the warmth of toasted almond and the gentle prickle of pink pepper, while delicate cherry blossom petals and velvety violet undertones whisper secrets to the lush magnolia, all bound together by the comforting sweetness of vanilla and the earthy richness of sandalwood, evoking the sun-drenched serenity of a secret garden on a warm summer morning."
"['cherry', 'pink pepper', 'bergamot', 'violet', 'jasmine', 'freesia', 'tonka bean', 'amber', 'sandalwood', 'musk']","As the scent unwinds, sweet cherry and sun-kissed pink pepper greet the senses, their bright freshness tempered by whispers of creamy bergamot and soft violet petals, which meld with jasmine's heady allure and freesia's airy lightness to create a sumptuous tapestry of warmth and sensuality, underscored by the comforting richness of tonka bean, amber's golden glow, and sandalwood's smooth mystique, all lingering on the skin like a gentle caress."
"['cherry', 'spices', 'coffee', 'white tobacco', 'patchouli', 'atlas cedar', 'rose', 'tonka bean', 'amber', 'musk']","This fragrance whispers secrets of a warm, sun-kissed afternoon spent lounging in a lush garden, where the sweet charm of cherry blossoms mingles with the earthy warmth of spices, the rich aroma of freshly brewed coffee wafts through the air, and the subtle haze of white tobacco and patchouli adds a sense of laid-back indulgence, all under the watchful gaze of majestic atlas cedar trees, as tender rose petals and creamy tonka bean provide a soft, comforting backdrop for the golden glow of amber and the sultry allure of musk."
"['cherry', 'sour cherry', 'almond', 'rum', 'black pepper', 'bergamot', 'ink', 'red wine', 'myrrh', 'damask rose', 'cinnamon', 'mimosa', 'jasmine', 'lily-of-the-valley', 'tonka bean', 'musk', 'vanilla bean', 'benzoin', 'precious woods', 'amber', 'patchouli', 'agarwood (oud)']","This fragrance whispers secrets of a warm summer evening, where ripe cherry and sour cherry fruit mingle with the sweetness of almond cake and the spicy zing of black pepper, as the tender petals of damask rose and lily-of-the-valley unfurl amidst the rich aroma of red wine and the mystique of precious woods, all woven together by the subtle hints of rum, bergamot, and vanilla bean."
"['maraschino cherry', 'coffee', 'musk', 'woody notes']","This fragrance wraps you in a cozy café atmosphere, where the sweet tang of maraschino cherries and the rich aroma of freshly brewed coffee mingle with the warmth of musk and the earthy depth of woody notes."
"['blackberry', 'bitter orange', 'neroli', 'bergamot', 'cherry', 'jasmine', 'orange blossom', 'gardenia', 'peony', 'vanilla', 'almond', 'sandalowood', 'amber', 'patchouli']","As the scent unwinds, it's like stepping into a lush summer garden at dusk, where sweet blackberry and cherry ripeness mingle with the heady allure of jasmine and orange blossom, all wrapped in a warm blanket of vanilla and almond, while subtle undertones of sandalwood, patchouli, and amber evoke the earthy richness of a forest floor."
"['sicilian lemon', 'jasmine', 'orange', 'black cherry', 'heliotrope', 'amber', 'woody notes']","As the fragrance unfurls, a burst of sun-kissed Sicilian lemon and juicy orange slices greet the senses, followed by a sweet and seductive dance of jasmine petals and black cherry tartness, all anchored in warm heliotrope and rich amber, with whispers of woody notes that evoke the gentle rustle of trees on a summer breeze."
"['cherry', 'violet leaves', 'chamomile', 'geranium', 'rose', 'mimosa', 'amber', 'blonde woods', 'cedarwood']","This fragrance is a lush meadow on a warm summer day, where the sweet scent of ripe cherries and mimosa blooms mingles with the soft, herbal whispers of chamomile and violet leaves, all underpinned by the earthy richness of geranium and rose, tempered by the golden warmth of blonde woods and the subtle, woody depth of cedarwood, finished with a hint of golden amber that sun-kisses the senses."
"['cherry', 'pepper', 'incense', 'agarwood (oud)', 'patchouli', 'moss', 'benzoin']","This enchanting scent whispers secrets of ancient forests and mystic rituals, where cherry's luscious juiciness mingles with the warmth of peppered spice, as the sweetness of agarwood and patchouli unfurls like a verdant moss carpet, all while benzoin's golden amber glow infuses the air with an otherworldly incense that beckons you to follow its mystical trail."
"['cherry', 'watermelon', 'bergamot', 'violet', 'sandalwood', 'rose', 'violet leaf', 'amber', 'musk', 'virginia cedar']","This fragrance whisks you away to a warm summer evening, where the sweetness of ripe cherry and watermelon mingle with the freshness of bergamot, as the tender petals of rose and violet unfold against a backdrop of earthy sandalwood, while whispers of musk and amber evoke the secret gardens of your childhood, all set aglow by the golden light of virginia cedar."
"['cherry', 'rum', 'saffron', 'nutmeg', 'cinnamon', 'rose', 'jasmine', 'vanilla', 'tonka bean', 'ambroxan', 'sandalwood', 'oak', 'benzoin', 'patchouli', 'cypress']","This fragrance whisks you away to a sun-kissed orchard on a warm summer evening, where sweet cherry blossoms mingle with the spicy warmth of rum-infused honey, tempered by the soft, golden glow of saffron and the comforting crunch of nutmeg and cinnamon, all beneath a lush canopy of rose petals and jasmine, with the earthy richness of vanilla and tonka bean providing a sensual foundation, as the scent of sandalwood and oak trees adds depth and complexity, while benzoin's gentle warmth and patchouli's subtle mossiness anchor the fragrance in the natural world, all tied together with the rustic charm of cypress."
"['sour cherry', 'wheat', 'red apple', 'jasmine', 'beeswax', 'lavender', 'cherry', 'heliotrope', 'musk', 'ambergris']","As the scent unfolds, it's like biting into a ripe, juicy cherry on a warm summer day, with the sweetness of fresh-picked red apples and the subtle softness of lavender petals mingling with the earthy richness of wheat fields at sunset, all wrapped in a tender embrace of golden beeswax and the whisper of sweet heliotrope."
"['cherry', 'tuberose', 'pomegranate', 'rose', 'powdery notes']","As the fragrance unfurls, a juicy cherry sweetness is infused with the lush, exotic warmth of tuberose and the luscious tartness of pomegranate, all swirled together with the soft, romantic whisper of rose petals and a subtle dusting of powdery softness."
"['cherry', 'almond', 'bergamot', 'smoke', 'rose', 'tea', 'iris', 'leather', 'patchouli', 'tonka bean']","This fragrance whisks you away to a sun-kissed afternoon, where the sweet tang of cherry and bergamot mingle with the warmth of almond and leather, as subtle whispers of smoke and patchouli add depth and mystery, all while rose petals unfold like a delicate tapestry, infused with the comforting essence of tea and iris, like a cozy cup on a chilly evening."
"['pink pepper', 'bergamot', 'mandarin orange', 'rose', 'jasmine', 'lily-of-the-valley', 'musk', 'amber', 'cherry liqueur']","This scent is a sun-kissed afternoon in a lush garden, where the sweetness of mandarin and rose petals mingles with the freshness of pink pepper and bergamot, while jasmine and lily-of-the-valley add a soft, velvety texture, all tied together with warm amber and the rich, fruity depth of cherry liqueur, leaving you feeling relaxed and carefree."
"['milk', 'cacao', 'almond', 'cloves', 'lime', 'cherry', 'raspberry', 'jasmine', 'vanilla', 'amber']","Imagine sipping a warm, creamy latte on a sunny morning, the sweet aroma of milk and cacao mingling with the fresh zing of lime zest, as the gentle warmth of vanilla and amber beckons you to linger."
"['maraschino cherry', 'pink pepper', 'mandarin orange', 'gardenia', 'amaryllis', 'jasmine', 'vanilla', 'musk', 'sandalwood']","This fragrance whispers sweet nothings, transporting you to a sun-kissed garden where plump maraschino cherries burst with juicy flavor, pink pepper sparks a playful tingle on the senses, and mandarin orange zest mingles with lush gardenia petals and the heady sweetness of amaryllis and jasmine, all wrapped in a warm embrace of creamy vanilla, soft musk, and ancient sandalwood."
"['cherry', 'bitter almond', 'rose', 'pistachio', 'cherry blossom', 'heliotrope', 'vanilla', 'musk', 'sandalwood', 'tonka bean', 'cedar']","This enchanting fragrance whispers sweet nothings of a sun-kissed orchard, where cherry blossoms unfurl like delicate petals, entwining with the heady aroma of bitter almonds and rose petals, as warm sandalwood and cedarwood roots anchor the scent in a rich tapestry of vanilla, musk, and the subtle nuance of pistachio and tonka bean."
"['green tea', 'bergamot', 'cherry', 'lilac', 'jasmine', 'powdery notes']","As you spritz on this alluring fragrance, the bright, citrusy zing of bergamot and sweet cherry burst forth, like a warm spring morning, surrounded by the soft, powdery whispers of lilac petals, while green tea's gentle freshness and jasmine's sultry warmth linger in the background, evoking a sense of carefree joy."
"['sour cherry', 'cherry', 'pistachio', 'cherry blossom', 'almond', 'sandalwood', 'musk']","Imagine a warm summer day where the sweet scent of cherry blossoms and ripe cherries wafts through the air, accompanied by the nutty aroma of toasted pistachios and the subtle hint of almond's gentle warmth, all blending together in harmony with the smooth richness of sandalwood and the whisper of musk, evoking a sense of carefree joy."
"['cherry', 'rose petals', 'musk']","As the fragrance unfurls, a lush cherry sweetness mingles with the soft, velvety warmth of rose petals, subtly infused with the intimate allure of musk, evoking the carefree joy of a summer evening spent lounging in a sun-drenched garden."
"['cherry', 'strawberry', 'heliotrope', 'iris', 'cedar', 'hay', 'rose', 'olibanum', 'agarwood (oud)', 'sandalwood']","As the fragrance unfurls, a sweet cherry breeze whispers through fields of sun-kissed hay, where strawberry petals mingle with the warmth of cedar and sandalwood, while rose and iris add a soft, velvety texture to the scent, rounded out by the subtle, golden glow of heliotrope and the earthy depth of agarwood and olibanum."
"['black cherry', 'sour cherry', 'cherry liqueur', 'almond', 'raspberry', 'plum', 'damask rose', 'jasmine sambac', 'cloves', 'patchouli', 'vanilla', 'vetiver', 'cedar']","This enchanting fragrance whisks me away to a sun-drenched orchard, where the heady sweetness of black cherry and sour cherry blossoms mingle with the warmth of almond and the tartness of raspberry, all under the gentle caress of damask rose and jasmine sambac petals, as a subtle hint of spices - cloves and a touch of patchouli - adds depth to the lush fruitiness, anchored by the comforting richness of vanilla, vetiver, and cedar."
"['neroli', 'coconut', 'peach', 'cherry', 'dark chocolate', 'jasmine', 'sandalwood', 'musk']","Imagine strolling through a lush garden on a warm summer evening, surrounded by the sweet scent of blooming jasmine and ripened peaches, as the subtle hint of dark chocolate mingles with the creamy richness of coconut and the velvety smoothness of musk, all while being gently caressed by the soft, golden light of sunset."
"['cherry extract', 'liquor', 'bitter almond', 'sour cherry', 'turkish rose', 'jasmine sambac', 'tonka bean', 'peru balsam', 'sandalwood', 'vetiver', 'cedar']","This fragrance whispers secrets of a warm summer evening, where the sweetness of ripe cherries and the richness of fine liquor mingle with the subtle bitterness of almond, all wrapped in a soft blanket of Turkish rose petals and the sultry allure of jasmine, while undertones of creamy tonka bean, smooth sandalwood, and earthy cedar provide a grounding depth that's elevated by the warm, spicy whispers of Peru balsam and vetiver."
"['mandarin orange', 'chocolate', 'chocolate flower', 'vanilla']","As the scent unwinds, a radiant mandarin glow bursts forth, carrying the sweet whispers of chocolate-kissed petals and warm vanilla sunshine that envelops you in a comforting hug."
"['watermelon', 'mandarin orange', 'bergamot', 'lotus', 'jasmine', 'rose', 'mexican chocolate', 'rice', 'patchouli']","This fragrance is a sun-kissed oasis, where the sweetness of ripe watermelon and juicy mandarin orange mingles with the citrusy zest of bergamot, all set against a lush backdrop of blooming lotus and jasmine, with hints of velvety Mexican chocolate and warm rice, subtly grounded by the earthy depth of patchouli."
"['chocolate', 'plum', 'bergamot', 'iris', 'ambrette (musk mallow)', 'osmanthus', 'jasmine', 'rose', 'oakmoss', 'vanilla', 'amber', 'musk', 'leather', 'patchouli']","This fragrance is a sumptuous, velvety bouquet that wraps you in the warmth of sun-kissed chocolates and ripe plums, with a burst of citrusy bergamot and a soft whisper of iris petals, all grounded by the earthy richness of oakmoss and the sweet allure of vanilla and amber, as if a lavish garden party had been distilled into a sensual, indulgent scent."
"['blood orange', 'calabrian bergamot', 'dark chocolate', 'coffee', 'madagascar vanilla', 'pancake', 'maple sap']","As the scent unwinds, a burst of vibrant blood orange and Calabrian bergamot zest awakens the senses, while rich dark chocolate and coffee grounds add depth and warmth, slowly giving way to the comforting sweetness of Madagascar vanilla, like the first bite of a fluffy pancake drizzled with maple syrup on a cozy morning."
"['dark chocolate', 'italian mandarin', 'brazilian orange', 'hazelnut', 'amberwood', 'tahitian vanilla', 'musk', 'ambergris']","This fragrance whisks you away to a sun-kissed orchard, where the sweetness of ripe Brazilian oranges and Italian mandarins mingles with the nutty warmth of hazelnut, all wrapped in the comforting richness of dark chocolate, smooth amberwood, and creamy Tahitian vanilla, with a subtle musky undertone that's as alluring as a whispered secret."
"['peach', 'citruses', 'plum', 'bergamot', 'mandarin orange', 'cinnamon', 'jasmine', 'lily-of-the-valley', 'vanille', 'sandalwood', 'amber', 'musk']","As you spritz this captivating fragrance, the sweetness of ripe peaches and juicy plum burst forth, entwining with the bright zing of citrusy bergamot and mandarin orange, while warm cinnamon whispers secrets amidst a floral tapestry of jasmine and lily-of-the-valley, all unfolding on a velvety soft bed of sandalwood, vanilla, amber, and subtle musk that leaves you enveloped in a cozy, sun-kissed embrace."
"['cinnamon', 'tangerine', 'plum', 'mimosa', 'amber', 'patchouli']","As you lift the bottle to your nose, the sweet, sun-kissed scent of tangerine and mimosa unfurls like a warm morning, surrounded by the cozy spice of cinnamon and the luscious ripeness of plum, all wrapped in the rich, earthy embrace of amber and patchouli."
"['bergamot', 'cinnamon', 'juniper berries', 'incense']","This fragrance whisks you away to a sun-drenched forest glade on a crisp autumn morning, where the air is filled with the invigorating zest of fresh bergamot, the warm spice of cinnamon wafting from ancient trees, and the earthy sweetness of juniper berries mingling with the mystical whispers of incense carried on the breeze."
"['cinnamon', 'pomelo', 'neroli', 'tobacco']","This fragrance whispers a warm invitation to curl up with a sun-drenched afternoon, its sweet pomelo essence and delicate neroli petals wafting like the scent of a freshly baked cinnamon treat, while the subtle undertone of smooth tobacco adds a comforting sense of ritual."
"['apple', 'violet leaf', 'bergamot', 'cinnamon', 'pink pepper', 'geranium', 'musk', 'cedar', 'amber']","Imagine biting into a crisp autumn apple, the sweetness exploding on your tongue as the warmth of cinnamon and cedar wood wafts up, carrying the whispers of violet leaves and pink peppercorns on a sun-drenched breeze that settles softly into a cozy blanket of musk and amber."
"['bergamot', 'lavender', 'cinnamon', 'leather', 'mimosa', 'guaiac wood', 'tobacco', 'opoponax', 'oakmoss']","As the fragrance unfurls, a sun-kissed morning dawns, with bergamot's bright freshness mingling with the soft warmth of lavender and cinnamon, like the gentle rustle of leaves on a forest floor, while rich leather and smooth tobacco notes deepen the aroma, punctuated by the sweet floral whisper of mimosa and the earthy whispers of guaiac wood, opoponax, and oakmoss."
"['grapefruit', 'lemon', 'mint', 'pink pepper', 'ginger', 'nutmeg', 'jasmine', 'iso e super', 'incense', 'vetiver', 'cedar', 'sandalwood', 'patchouli', 'labdanum', 'white musk']","As the fragrance unfurls, a zesty blast of citrus and peppery freshness, like a sun-kissed morning in a lush orchard, yields to warm whispers of ginger and nutmeg, inviting you into a cozy haven where jasmine's sweet essence mingles with the smoky allure of incense, anchored by earthy vetiver, cedar, and sandalwood, with subtle undertones of patchouli, labdanum, and white musk."
"['citruses', 'bergamot', 'lemon', 'cedar', 'mandarin orange', 'iris', 'patchouli', 'vetiver', 'jasmine', 'rose', 'vanilla', 'incense', 'leather', 'opoponax', 'civet', 'sandalwood', 'tonka bean', 'musk']","This fragrance whispers secrets of a sun-kissed afternoon, where juicy mandarin and lemon slices mingle with the earthy richness of cedar and patchouli, while sweet vanilla and musk linger in the air like the gentle hum of incense."
"['yuzu', 'lemon', 'bergamot', 'lemon verbena', 'mandarin orange', 'cypress', 'calone', 'coriander', 'tarragon', 'sage', 'blue lotus', 'nutmeg', 'lily-of-the-valley', 'bourbon geranium', 'saffron', 'ceylon cinnamon', 'mignonette', 'tahitian vetiver', 'musk', 'cedar', 'sandalwood', 'amber', 'tobacco']","As the fragrance unfurls, a burst of citrus sunshine radiates from the yuzu and bergamot, transporting you to a sun-drenched orchard where lemon verbena's sweet whispers mingle with the earthy essence of cypress and coriander, all while subtle hints of mandarin orange and tarragon waft in like a gentle breeze on a warm summer day."
"['amalfi lemon', 'lime', 'granny smith apple', 'praline', 'peony', 'datura', 'apple tree', 'musk', 'virginia cedar']","As the fragrance unfurls, a burst of sun-kissed citrus - Amalfi lemon and lime - mingles with the crisp sweetness of Granny Smith apple, while the warmth of praline and peony softens into a lush garden bloom, all wrapped in the soothing scent of datura and the rustic charm of an apple tree's bark, grounded by the earthy depth of Virginia cedar and musk."
"['italian orange', 'jasmine', 'bitter orange', 'jasmine', 'orange blossom', 'ginger', 'honey', 'vanilla', 'sandalwood']","As the scent of Italian sunshine wafts through the air, sweet jasmine and bitter orange dance together in harmony, their warmth tempered by the subtle spice of ginger, while honeyed vanilla and creamy sandalwood provide a comforting foundation, like a gentle breeze on a summer day."
"['grapefruit', 'lemon', 'mint', 'pink pepper', 'bergamot', 'aldehydes', 'coriander', 'ginger', 'nutmeg', 'jasmine', 'melon', 'incense', 'amber', 'cedar', 'sandalwood', 'patchouli', 'amberwood', 'labdanum']","As you lift the bottle to your nose, a burst of citrusy zest - think fresh-squeezed grapefruit and sun-kissed lemon - explodes onto the senses, followed by a cooling whisper of mint and the subtle tang of pink pepper, all set against a warm, inviting backdrop of bergamot sweetness and spices like coriander and ginger that evoke the cozy comfort of a crackling fire on a winter's night."
"['lemon', 'bergamot', 'carambola (star fruit)', 'cardamom', 'brazilian rosewood', 'cedar', 'tarragon', 'sage', 'pepper', 'musk', 'woodsy notes', 'saffron', 'amber', 'sycamore']","As the scent unfolds, a ray of sunshine bursts forth with the zesty freshness of lemon and bergamot, infused with the sweet whispers of star fruit and the warm spices of cardamom, transporting you to a lush forest glade where the earthy richness of cedar, sage, and pepper mingle with the soft muskiness of rosewood and the golden warmth of saffron, all beneath a canopy of woody notes that evoke the ancient wisdom of sycamore and amber trees."
"['black currant', 'orange', 'mandarin orange', 'grapefruit', 'cassia', 'bergamot', 'rose', 'apricot', 'jasmine', 'lily', 'lily-of-the-valley', 'vanilla', 'tonka bean', 'musk', 'amber', 'virginia cedar']","As the fragrance unfurls, it's like stepping into a sun-drenched orchard on a warm summer morning, where sweet black currant and juicy mandarin orange mingle with tart grapefruit and bergamot, releasing a symphony of freshness that's tempered by the soft, floral whispers of rose, apricot, and jasmine, all grounded in the earthy warmth of vanilla, tonka bean, and musk, which slowly yields to the smoky richness of virginia cedar and amber, evoking the sense of a lush, verdant forest floor."
"['grapefruit', 'green mango', 'tomato', 'carrot', 'lotus', 'bulrush', 'orange', 'hiacynth', 'peony', 'musk', 'iris', 'incense', 'labdanum', 'cinnamon']","Imagine a sunny afternoon in a lush orchard, where the tangy sweetness of ripe grapefruit and green mango mingle with the earthy freshness of just-picked vegetables - the scent of this fragrance is like biting into a juicy, sun-drenched slice of life."
"['bergamot', 'citruses', 'green mandarin', 'fig', 'pear', 'cardamom', 'lily', 'jasmine', 'narcissus', 'virginia cedar', 'musk', 'olive tree', 'sandalwood']","This fragrance unfurls like a sunny afternoon in a lush orchard, with the zest of bergamot and green mandarin mingling in a sweet harmony that's both uplifting and calming, as fig sweetness and pear freshness mingle with the subtle warmth of cardamom and sandalwood, while lily and jasmine petals release their gentle charm, all set against a grounding backdrop of cedar and musk, with a hint of olive tree leaves rustling in the breeze."
"['mandarin orange', 'madagascar pepper', 'lemon', 'chinotto', 'rosemary', 'geranium', 'rose', 'pepperwood\x99', 'vanilla', 'tonka bean', 'sandalwood', 'texas cedar', 'patchouli', 'oakmoss']","As the fragrance unfurls, a burst of citrus sunshine - mandarin and lemon zest mingling with the warmth of Madagascar pepper - invites you to step into a sun-drenched garden where rosemary and geranium whispers mingle with the sweetness of chinotto and vanilla, all grounded by the earthy richness of sandalwood, Texas cedar, and patchouli."
"['bergamot', 'mandarin orange', 'green tea', 'black currant', 'musk', 'sandalwood', 'petitgrain', 'galbanum']","As the scent unfolds, it's like a warm morning stroll through a lush orchard, where bergamot and mandarin orange zest mingle with the freshness of green tea and the subtle tartness of black currant, all grounded by the earthy richness of sandalwood and the whisper of musk, as if petitgrain and galbanum leaves were rustling in the gentle breeze."
"['mandarin orange', 'orange', 'petitgrain', 'seaweed', 'lavender', 'cotton flower', 'virginia cedar', 'woodsy notes', 'patchouli', 'clary sage', 'amber']","As you inhale, a radiant burst of sun-kissed citrus, with the sweetness of fresh mandarin and the tanginess of ripe orange, unfolds into a gentle ocean breeze carrying whispers of seaweed and the softness of cotton flower petals, which then deepen into a warm, woody embrace of cedar and patchouli, all tempered by the subtle calm of lavender and clary sage, as rich amber glows like embers in the background."
"['green notes', 'grapefruit', 'spices', 'bergamot', 'lavender', 'petitgrain', 'ginger', 'violet', 'gardenia', 'sage', 'musk', 'sandalwood', 'incense', 'vetiver', 'guaiac wood', 'labdanum']","As the scent unfolds, it's like strolling through a sun-kissed meadow on a warm summer morning, with fresh grapefruit and green notes mingling with the sweetness of lavender and violet, while spices and petitgrain whisper subtle hints of adventure, all grounded by the earthy warmth of sandalwood, vetiver, and guaiac wood, with musk and incense lingering like a gentle breeze on skin."
"['orange', 'blood grapefruit', 'indian mandarin', 'bergamot', 'apple', 'plum', 'lily-of-the-valley', 'freesia', 'orchid', 'rose', 'mimosa', 'lily', 'magnolia', 'musk', 'amber']","This fragrance transports you to a sun-kissed orchard on a warm summer morning, where the sweetness of ripened plums and juicy apples mingles with the freshness of blood grapefruit and the subtle tartness of bergamot, all wrapped in a soft blanket of musky warmth."
"['pink grapefruit', 'sicilian bergamot', 'red currant leaf', 'cactus', 'orchid', 'vanilla', 'red cedar', 'amber']","As the scent unfolds, it's like a bright, sunny morning in a lush orchard, where the sweetness of ripe pink grapefruit and Sicilian bergamot mingle with the freshness of red currant leaves, carried on a gentle breeze that rustles through the cactus trees and is softened by the warmth of vanilla and cedarwood, all blending together to evoke the rich, sun-kissed earthy aroma of amber."
"['clementine', 'bitter orange', 'orange blossom', 'green tea', 'ivy', 'mandarin orange', 'basil', 'chamomile', 'peony', 'sandalwood', 'amber']","As the scent unfolds, it's like stepping into a sun-kissed orchard on a warm summer morning, where the sweet tang of clementine and mandarin oranges mingles with the gentle freshness of green tea, surrounded by the lush verdancy of ivy and the soothing calm of chamomile, all while the subtle warmth of sandalwood and amber provides a cozy foundation for the effervescent joy of orange blossom and peony."
"['coconut', 'lime', 'white bergamot', 'sicilian mandarin', 'ginger', 'ylang-ylang', 'indian jasmine', 'hibiscus', 'white rum', 'sugar cane', 'musk']","This fragrance whisks you away to a sun-kissed beachside paradise, where the sweet essence of coconut and sugar cane mingles with the zesty tang of lime and white bergamot, while warm hints of ginger and white rum evoke a tropical evening, all wrapped in a lush tapestry of ylang-ylang, Indian jasmine, and hibiscus that lingers like a gentle caress."
"['bitter orange', 'red currant', 'pink pepper', 'green tea', 'peony', 'jasmine', 'violet', 'cedar', 'musk', 'oakmoss', 'amber']","As the fragrance unfurls, a burst of bright citrus - like a squeeze of fresh orange juice on a warm summer morning - mingles with the tart sweetness of ripe red currants and the gentle spiciness of pink pepper, transporting you to a sun-kissed meadow where green tea-scented blooms sway in the breeze, amidst the soft, floral whispers of peony and jasmine, all wrapped in a subtle, woody warmth from cedar and oakmoss that deepens into a sensual, golden glow from musk and amber."
"['bergamot', 'mandarin orange', 'lemon', 'bitter orange', 'lavender', 'rosemary', 'myrtle', 'african orange flower', 'neroli', 'jasmine', 'pitosporum', 'amber', 'angelica', 'ambrette (musk mallow)']","As you bring your nose to the scent, a sun-kissed burst of citrus - bergamot's zesty freshness and mandarin orange's sweet juiciness mingling with lemon's tartness - gives way to a herbaceous warmth, as rosemary's piney essence and myrtle's earthy depth intertwine with the tender petals of African orange flower, all held together by the soft, golden glow of amber and the subtle, floral whispers of neroli and jasmine."
"['apple tree blossom', 'mandarin orange', 'camelia', 'black currant', 'lemon', 'honeysuckle', 'grapefruit', 'rose', 'lily', 'mint', 'violet', 'magnolia', 'jasmine', 'cedar', 'sandalwood', 'leather']","As the scent unfolds, it's like stepping into a sun-kissed orchard on a warm summer morning, where the sweet aroma of blooming apple trees and juicy mandarin oranges mingles with the heady, floral whispers of camelia and honeysuckle, all wrapped in a soft blanket of velvety rose petals and the gentle tang of lemon zest."
"['grapefruit', 'bergamot', 'sicilian mandarin', 'juniper', 'pepper', 'rosemary', 'brazilian rosewood', 'musk', 'incense', 'oakmoss']","As the fragrance unfurls, a zesty burst of citrus - think sun-kissed grapefruit and bergamot - mingles with the earthy freshness of juniper and pepper, evoking the invigorating scent of a Mediterranean morning, while subtle whispers of rosemary and Brazilian rosewood add depth and warmth, slowly giving way to the rich, sensual allure of musk, incense, and oakmoss."
"['grapefruit', 'bergamot', 'citron', 'lemon', 'fig nectar', 'jasmine', 'pink pepper', 'fig tree', 'cedar', 'benzoin']","As you spritz the air, a zesty symphony of citrus - think sun-kissed grapefruit, bergamot's bright optimism, and lemon's effervescent cheer - awakens with a burst of freshness, slowly yielding to the luscious sweetness of fig nectar and jasmine's sultry whisper, all set against a warm, woody backdrop of cedar and benzoin's gentle hum."
"['aldehydes', 'lemon', 'neroli', 'mandarin orange', 'bergamot', 'orange', 'lime', 'ylang-ylang', 'jasmine', 'may rose', 'white musk', 'orris root', 'cedar', 'vanila']","As you spritz the fragrance, a burst of citrusy freshness explodes on your skin, like a sun-drenched morning in a lush garden, where sweet bergamot and mandarin orange mingle with the heady scent of neroli and jasmine, all wrapped in a soft, powdery cloud of white musk and vanilla."
"['lemon', 'mandarin orange', 'peach', 'passionfruit', 'bergamot', 'honeysuckle', 'jasmine', 'magnolia', 'freesia', 'water lily', 'orange blossom', 'peony', 'may rose', 'vanilla', 'sandalwood', 'amber', 'vetiver', 'patchouli']","As the scent unfolds, a symphony of sunshine and blooming gardens fills the air, with juicy peaches and sweet orange blossoms mingling with the heady aroma of jasmine and honeysuckle, all set against a backdrop of warm sandalwood and velvety vanilla."
"['fruity notes', 'yuzu', 'amalfi lemon', 'jasmine', 'african orange flower', 'lotus', 'vanille', 'sandalwood', 'patchouli', 'virginia cedar']","This enchanting scent unfolds like a sunny morning in the Mediterranean, where juicy fruit and citrusy zing of yuzu and Amalfi lemon mingle with the heady sweetness of jasmine and African orange flower, all nestled within a warm, creamy vanilla embrace that's grounded by the earthy richness of sandalwood, patchouli, and Virginia cedar."
"['grapefruit', 'bergamot', 'pink pepper', 'water notes', 'lavender', 'cardamom', 'white musk', 'white woods', 'cashmere wood', 'oakmoss']","As the fragrance unfurls, a zesty burst of grapefruit and bergamot sunshine greets the senses, tempered by the soft tickle of pink pepper and the gentle lapping of water notes, before unfolding into a soothing blend of lavender calm and warm spices like cardamom, all wrapped in a comforting embrace of creamy white musk, smooth white woods, and the subtle, earthy depths of cashmere wood and oakmoss."
"['grapefruit', 'lemon', 'watery notes', 'white flowers', 'gardenia', 'green notes', 'sweet pea', 'musk', 'woody notes']","As the scent of this fragrance unfolds, a bright and zesty grapefruit zestiness mingles with the crispness of freshly squeezed lemon juice, transporting you to a sun-drenched morning by a sparkling stream, where delicate white flowers like sweet pea and gardenia sway gently in the breeze amidst the lush greenery, all underlaid with a warm, earthy woody depth that subtly deepens into a sensual muskiness."
"['bergamot', 'ginger', 'mandarin orange', 'cardamom', 'lily', 'jasmine', 'violet leaf', 'pink pepper', 'rose', 'peony', 'black currant', 'woody notes', 'oakmoss', 'white musk', 'palisander rosewood', 'amber', 'vanilla', 'praline']","As the fragrance unfurls, a sun-kissed breeze carries the bright, citrusy zing of bergamot and mandarin orange, mingling with the warm, spicy essence of ginger and cardamom, while delicate florals like lily, jasmine, and rose bloom amidst the earthy sweetness of violet leaf and peony, all wrapped in a soft, comforting blanket of woody notes, amber, and vanilla that whispers hints of praline and oakmoss."
"['grapefruit', 'pineapple', 'bergamot', 'orange', 'rose', 'freesia', 'red apple', 'lotus', 'hyacinth', 'gardenia', 'lily-of-the-valley', 'violet', 'orris', 'patchouli', 'cedar', 'musk', 'amber', 'incense', 'pine']","This fragrance unfolds like a sun-kissed orchard, where juicy grapefruit and pineapple mingle with the warmth of bergamot and orange, as delicate freesia and red apple petals sway in the breeze, all set against a rich tapestry of floral notes - rose, lotus, hyacinth, gardenia, lily-of-the-valley, and violet - that softly unfold like a morning's first light, with a subtle undercurrent of patchouli's earthy warmth, cedar's rustic depth, and the sweet, golden glow of amber and musk, all subtly infused with the soft whisper of incense smoke carried on the pine-scented air."
"['neroli', 'bergamot', 'petitgrain', 'african orange flower', 'musk']","This fragrance whispers a gentle morning promise of sunshine-kissed citrus and greenery, with the subtle warmth of neroli and petitgrain mingling with the luscious sweetness of African orange flower, all anchored by the soft, comforting murmur of musk."
"['sicilian mandarin', 'watery notes', 'neroli', 'olibanum', 'indonesian patchouli leaf']","As the scent unwinds, a burst of sunny Sicily arrives on the scene, with juicy mandarin segments bursting forth in a refreshing wave that's as cool and invigorating as a splash from a crystal-clear pool, only to be subtly warmed by the soft glow of neroli petals and the earthy richness of Indonesian patchouli leaf, all while the wispy tendrils of olive-scented smoke linger discreetly in the background, like the gentle caress of a summer breeze."
"['sicilian orange', 'calabrian bergamot', 'lemon', 'rose', 'fruity notes', 'jasmine', 'patchouli', 'madagascar vanilla', 'tonka bean', 'white musk', 'labdanum']","Imagine a sun-kissed Italian market on a warm summer morning, where the air is filled with the juicy sweetness of Sicilian oranges and Calabrian bergamots, as well as the bright zing of lemons, all mingling with the lush petals of rose and the heady allure of jasmine, amidst the earthy richness of patchouli and the creamy smoothness of Madagascar vanilla, Tonka bean, and white musk, as the resinous warmth of labdanum lingers in the background."
"['lavender', 'lemon zest', 'amalfi lemon', 'lavender', 'earthy notes', 'apple', 'smoke', 'patchouli', 'vanilla', 'lavender', 'vetiver']","This fragrance whispers a serene summer evening, where the warmth of sun-kissed fields and the sweetness of ripe apples mingle with the earthy richness of patchouli and vanilla, as the softness of lavender petals and the brightness of lemon zest harmonize in perfect balance."
"['mandarin orange', 'lime', 'sea notes', 'lemon', 'green notes', 'freesia', 'jasmine', 'lily-of-the-valley', 'rose', 'cypress', 'musk', 'cedar', 'guaiac wood']","As the fragrance unfurls, a splash of citrusy sunshine bursts forth, carrying the carefree essence of mandarin and lime on a gentle sea breeze that whispers sweet nothings to the lush greenery and delicate blooms of freesia and lily-of-the-valley, all while the tender petals of jasmine and rose unfold like a warm embrace, grounding the senses with the earthy scent of cypress and the rustic charm of cedar, until finally, the soft whisper of musk and guaiac wood brings a sense of quiet contemplation to this sun-kissed symphony."
"['pink pepper', 'mandarin orange', 'cardamom', 'bergamot', 'tea', 'iris', 'bellflower', 'white musk', 'vetiver', 'cedar']","As the fragrance unfurls, it's like stepping into a sun-kissed garden on a warm summer morning, where the sweetness of ripened mandarin oranges and bergamot blossoms mingles with the gentle warmth of pink pepper and cardamom, all wrapped in a soft blanket of tea-scented mist that settles softly on skin, while hints of iris and bellflower whisper secrets beneath, grounded by the earthy richness of vetiver and cedar."
"['lemon', 'orange', 'grapefruit', 'bergamot', 'pear', 'green notes', 'rose', 'magnolia', 'false jasmine', 'jasmine', 'honeysuckle', 'lily-of-the-valley', 'musk', 'patchouli', 'amber']","As the scent unwinds, a burst of citrusy sunshine - think freshly squeezed lemon and orange zest, with hints of tangy grapefruit and bergamot - gives way to a lush garden party, where ripe pears ripen beneath a canopy of sweet rose petals, delicate magnolia blooms, and heady jasmine, all tangled in a verdant underbrush of green notes that whispers secrets to the musky warmth of patchouli and amber."
"['bergamot', 'mandarin orange', 'jasmine', 'grasse rose', 'peach', 'cassis', 'white musk', 'sandalwood', 'cedar', 'patchouli', 'benzoin']","As the fragrance unfurls, it's like stepping into a sun-kissed orchard on a warm summer day, where the air is filled with the sweet, juicy scent of ripe peaches and the heady aroma of jasmine, nestled among the gentle warmth of sandalwood and cedar, with subtle undertones of earthy patchouli and a hint of bergamot's zesty freshness, all wrapped in a soft, powdery veil of white musk and the luscious, velvety richness of grasse rose."
"['sicilian lemon', 'pomegranate', 'calabrian bergamot', 'lemon blossom', 'jasmine sambac', 'jasmine', 'peony', 'musk', 'ambroxan', 'woodsy notes', 'sandalwood']","As the scent unfolds, a ray of Sicilian sunshine bursts forth with the zest of freshly squeezed lemon and the sweet tartness of pomegranate, gradually giving way to the lush, floral whispers of jasmine sambac and peony, all wrapped in the warmth of sandalwood and the earthy mystery of musk, as if the very essence of a Mediterranean garden has been distilled into this captivating aroma."
"['grapefruit', 'freesia', 'orange', 'bergamot', 'pomegranate', 'lotus', 'watermelon', 'pineapple', 'lily-of-the-valley', 'white musk', 'cedar', 'sandalwood']","This scent is a bright, juicy explosion of summer's essence, with the zesty tartness of grapefruit and orange mingling with sweet freesia and luscious watermelon, all on a warm bed of cedar and sandalwood."
"['citruses', 'bergamot', 'neroli', 'mandarin orange', 'lavender', 'sage', 'pepper', 'tobacco', 'tonka bean', 'cedar']","As the fragrance unfurls, a burst of sun-kissed citrus - bergamot's bright sweetness and mandarin's juicy tartness entwined with neroli's floral warmth - transports you to a lush garden on a warm summer day, where lavender's soothing calmness mingles with sage's rustic earthiness, while pepper's subtle spice and tobacco's rich smoothness add depth to the symphony, all anchored by tonka bean's creamy sweetness and cedar's weathered woodsy charm."
"['lemon', 'brazilian rosewood', 'orange', 'bergamot', 'lime', 'tangerine', 'basil', 'rose', 'carnation', 'sandalwood', 'cinnamon', 'patchouli', 'jasmine', 'cedar', 'vanilla', 'leather', 'amber', 'benzoin', 'oakmoss', 'labdanum']","As the scent unfolds, it's like stepping into a sun-kissed garden on a warm summer morning, where the sweetness of ripened tangerines and juicy lemons mingles with the softness of freshly picked rose petals, all tied together by the earthy richness of patchouli and the warmth of cinnamon-tinged sandalwood."
"['sicilian lemon', 'bergamot', 'hiacynth', 'brazilian rosewood', 'honeysuckle', 'jasmine', 'oakmoss', 'vetiver']","Imagine a sun-kissed Mediterranean morning, where the air is alive with the sweet, tart scent of freshly squeezed Sicilian lemons, wafting alongside the heady aroma of blooming jasmine and honeysuckle, as the warm breeze whispers hints of Brazilian rosewood's rich, earthy undertones amidst a tapestry of green oakmoss and vetiver, all tied together by the bright, uplifting essence of bergamot."
"['bergamot', 'tea', 'tunisian neroli', 'lemon', 'lime', 'orange', 'tiare flower', 'orange blossom', 'heliotrope', 'pepper', 'ylang-ylang', 'white amber', 'cashmeran', 'vanilla', 'sandalwood', 'white musk']","Imagine a sun-kissed garden, where bergamot's bright citrus zest and lemon's tartness mingle with the soothing warmth of Tunisian neroli and tiare flower, as the gentle breeze carries the sweet whispers of orange blossom and heliotrope, all set against a rich tapestry of creamy vanilla, smooth sandalwood, and soft white amber, with a subtle spicy kick from pepper and a whisper of ylang-ylang's exotic charm."
"['blood orange', 'grapefruit', 'citruses', 'jasmine', 'white musk', 'vetiver', 'cedar', 'iris']","As the scent unfolds, a radiant fusion of juicy blood orange and tart grapefruit zest awakens the senses, while subtle whispers of jasmine petals and warm citruses evoke a sun-kissed morning, all grounded by the earthy depth of vetiver and the smooth, powdery softness of white musk, with the subtle sweetness of iris and cedar wood providing a comforting warmth throughout."
"['pink pepper', 'bay leaf', 'orange', 'green mandarin', 'black currant', 'magnolia', 'peony', 'iris', 'lily-of-the-valley', 'vanilla', 'white sandalwood', 'amber', 'musk', 'virginia cedar']","As the fragrance unfurls, a whirlwind of citrusy freshness - think pink pepper and green mandarin's juicy zing - is tempered by the warm, herbaceous whispers of bay leaf and black currant's sweet tartness, all set against the lush backdrop of magnolia and peony's floral opulence, where tender petals of lily-of-the-valley and iris dance amidst the richness of vanilla-kissed amber, smooth white sandalwood, and the subtle, woody depth of musk-tinged virginia cedar."
"['blood orange', 'bitter orange', 'blood mandarin', 'african geranium', 'egyptian jasmine', 'madagascar pepper', 'sandalwood', 'amber', 'tonka bean', 'texas cedar']","This fragrance whispers secrets of a sun-kissed citrus grove, where juicy blood oranges and bitter mandarins ripen on the trees, surrounded by the heady scent of jasmine and the warm, earthy aroma of sandalwood, all bound together with the subtle spice of African geranium and the smooth, creamy richness of tonka bean."
"['lemon', 'anise', 'bergamot', 'grapefruit', 'jasmine', 'cacao', 'patchouli', 'sandalwood', 'tea', 'cedar', 'lavender', 'natural musk', 'hibiscus seed', 'elemi resin']","As the scent unfolds, a vibrant tapestry of citrusy brightness - think sun-drenched lemons and tangy grapefruits - is woven together with the sweet, anise-like warmth of jasmine and the deep, comforting richness of cacao, all set against a lush backdrop of earthy patchouli and sandalwood, with subtle whispers of herbal tea and cedar woodsmoke, finishing with a soft, floral sigh of lavender and the gentle hum of natural musk."
"['clementine', 'mandarin orange', 'lemon', 'bergamot', 'thyme', 'marjoram', 'petitgrain', 'ginger', 'woody notes', 'musk', 'orris root', 'amber']","As the fragrance unfurls, a burst of citrus sunshine explodes on the senses, with juicy clementine and mandarin orange zest mingling with the warm, sun-drenched essence of bergamot, while the earthy undertones of thyme and marjoram add depth to the bright, uplifting aroma, which is then subtly tempered by the spicy warmth of ginger and woody notes before settling into a sensual blend of smooth musk, creamy orris root, and rich amber."
"['lavender', 'amalfi lemon', 'african orange flower', 'virginia cedar', 'patchouli', 'vanilla']","As the scent unfolds, it's like stepping into a sun-kissed Mediterranean garden on a warm summer morning, where the sweet air is filled with the heady aroma of lavender and African orange flowers, tempered by the bright, citrusy zest of Amalfi lemon and the earthy depth of patchouli, all grounded by the comforting warmth of vanilla and the rustic charm of Virginia cedar."
"['citron', 'grapefruit', 'bergamot', 'aldehydes', 'peach', 'rose', 'rose water', 'violet', 'peony', 'lily-of-the-valley', 'freesia', 'magnolia', 'jasmine', 'patchouli', 'cedar', 'oakmoss', 'white musk', 'amber', 'labdanum']","As the scent unfolds, a radiant wave of citrus sunshine, infused with the tartness of grapefruit and bergamot, gives way to a lush garden of peachy petals, rose blooms, and dewy violet hues, all woven together by the soft whispers of freesia and lily-of-the-valley, before settling into a warm embrace of magnolia and jasmine, with the earthy undertones of patchouli and cedar providing depth, and a sweet, golden glow of amber and labdanum lingering in the air."
"['tea leaf', 'cranberry', 'lemon', 'grapefruit', 'orange', 'jasmine sambac', 'peony', 'water lily', 'rose', 'hedione', 'white musk', 'white woods', 'patchouli', 'amberwood', 'vanilla']","As the scent unfolds, a bright and airy harmony of citrusy zest (lemon, grapefruit, orange) and floral sweetness (jasmine sambac, peony, rose) evokes the freshness of a sunny morning, while subtle hints of tea leaf, cranberry, and vanilla add depth and warmth to the aroma, grounded by earthy undertones of patchouli, amberwood, and white woods."
"['bitter orange', 'neroli', 'bergamot', 'citron', 'pistachio', 'petitgrain', 'cardamom', 'pink pepper', 'caraway', 'tuberose', 'tunisian orange blossom', 'ylang-ylang', 'jasmine', 'galbanum', 'coconut', 'vanilla', 'tonka bean', 'amber', 'benzoin']","As the fragrance unfurls, a vibrant symphony of citrus and herbs erupts on the senses, with bitter orange and bergamot's zesty warmth mingling with the sweetness of neroli and Tunisian orange blossom, as if the sun-kissed Mediterranean hillsides had been distilled into a scent that's both invigorating and alluring."
"['mandarin orange', 'bergamot', 'ginger', 'orange blossom', 'gardenia', 'vanilla', 'tonka bean', 'musk', 'sandalwood', 'oakmoss']","This fragrance whisks you away to a sun-kissed orchard on a warm summer morning, where the sweet, juicy scent of mandarin orange and bergamot mingle with the spicy warmth of ginger, all set against a lush backdrop of blooming orange blossoms and heady gardenias."
"['lemon', 'bergamot', 'aldehydes', 'elemi', 'pink pepper', 'woody notes', 'olibanum', 'amber']","As the fragrance unfurls, a burst of citrusy freshness explodes with the zestiness of sun-kissed lemons and bergamot's sweetly tart whispers, gradually giving way to warm, woody undertones that evoke the comfort of elemi resin, while subtle hints of pink pepper add a playful, whimsical touch and lingering notes of olibanum's earthy mystique blend seamlessly with rich amber to create a scent that's equal parts invigorating and alluring."
"['pink pepper', 'blood orange', 'sweet orange', 'mandarin orange', 'calabrian bergamot', 'lemon', 'grasse rose', 'damask rose', 'jasmine leaf', 'patchouli', 'palisander rosewood']","As the fragrance unfurls, a sunny morning in a lush garden springs to life, where juicy pink pepper and tangy blood orange mingle with sweet mandarin and bergamot, their vibrant scents weaving together like the gentle hum of bees as they flit from fragrant rose petals to the earthy richness of patchouli and palisander rosewood."
"['amalfi lemon', 'basil', 'tangerine', 'tincture of rose', 'ylang-ylang', 'musk', 'ambrette (musk mallow)', 'tonka bean']","As the scent unfolds, it's like a sun-kissed Mediterranean morning, with the brightness of Amalfi lemon and tangerine mingling with the herbaceous warmth of basil, while subtle whispers of rose and ylang-ylang dance amidst the soft, powdery sweetness of tonka bean, all anchored by the earthy allure of ambrette and a hint of creamy musk."
"['cranberry', 'grapefruit', 'italian lemon', 'saffron', 'sage', 'amber', 'coffee', 'woodsy notes']","As the fragrance unfurls, it's like walking into a sun-kissed orchard on a crisp autumn morning, with juicy cranberries and tart grapefruit mingling in a warm breeze that carries whispers of Italian lemon zest, while subtle hints of saffron and sage add depth to the air, all underpinned by rich amber and earthy woodsy notes that evoke the comfort of a freshly brewed cup of coffee."
"['orange', 'citruses', 'water notes', 'geranium', 'woody notes', 'cedar', 'patchouli']","This fragrance whispers secrets of a sun-kissed meadow on a warm summer day, where the sweetness of fresh orange and juicy citruses mingle with the freshness of water notes, while geranium's subtle earthiness grounds the scent amidst the rustic charm of woody cedar and the mystique of patchouli."
"['grapefruit', 'bergamot', 'ozonic notes', 'violet leaf', 'java vetiver oil', 'white musk', 'patchouli']","As you inhale this fragrance, the zesty zest of grapefruit and bergamot bursts forth like a sunny morning, followed by the fresh rush of ozonic notes that evoke the thrill of walking into a crisp mountain meadow, where the earthy sweetness of violet leaf and the woody warmth of java vetiver oil mingle with the soft glow of white musk and the rich, herbaceous depth of patchouli, all blending together in a harmonious symphony that's as invigorating as it is soothing."
"['orange', 'lemongrass', 'lavender', 'pine tree', 'lemon', 'cassis', 'patchouli', 'fir resin', 'elemi', 'cinnamon']","As the scent unfolds, a sun-kissed morning springs to life, with juicy orange and zesty lemongrass mingling in the warm air, while subtle whispers of lavender and pine tree evoke a stroll through a fragrant forest, all tied together by the sweet tartness of lemon and the luscious richness of cassis, as earthy patchouli and fir resin add depth and grounding, with a hint of spicy cinnamon wafting in like the gentle crackle of a fire pit on a crisp autumn evening."
"['raspberry', 'granny smith apple', 'lime', 'sweet notes', 'peony', 'magnolia', 'coca-cola']","Imagine a sun-kissed afternoon in a lush orchard, where the sweet scent of ripening peonies and magnolias mingles with the tartness of Granny Smith apples and the zesty freshness of lime, all punctuated by the nostalgic charm of a long-forgotten summer day spent sipping Coca-Cola on the porch."
"['coca-cola', 'rum', 'lime', 'black pepper', 'birch', 'davana', 'vanilla', 'white musk', 'amber']","As the fragrance unfurls, a sweet and tangy aroma like a sunny day by the soda fountain wafts through the air, where the bright zing of lime and the warm spice of rum mingle with the earthy crunch of black pepper, all wrapped in a comforting blanket of vanilla and white musk that's as soothing as a summer breeze on a lazy afternoon."
"['pear', 'mandarin orange', 'neroli', 'coca-cola', 'rhubarb', 'orange blossom', 'vanilla', 'amber', 'violet']","As the fragrance unfurls, a symphony of sun-kissed delights explodes on the senses, with ripe pear and mandarin orange zest harmonizing in sweet accord, while neroli's floral warmth and a hint of fizzy effervescence evoke memories of summertime picnics, softened by the gentle caress of orange blossom and subtle whispers of vanilla, amber, and violet."
"['coca-cola', 'grapefruit', 'cassis', 'rose', 'jasmine', 'lily-of-the-valley', 'vanilla', 'musk', 'cedar']","Imagine sipping a refreshing glass of Coca-Cola on a warm summer afternoon, as the sweet and tangy aroma of grapefruit and cassis bursts forth, intertwined with the lush petals of rose and jasmine, all set against a soft, sun-drenched backdrop of lily-of-the-valley and vanilla, with a subtle warmth from cedar and musk that wraps everything together like a cozy embrace."
"['coca-cola', 'mandarin orange', 'jasmine', 'tuberose', 'tonka bean', 'sandalwood', 'amber']","As the fragrance unfurls, a burst of bright, citrusy sweetness like a glass bottle of Coca-Cola on a hot summer day mingles with the tender warmth of mandarin orange and jasmine's heady perfume, slowly giving way to the rich, creamy allure of tuberose and sandalwood, all while tonka bean whispers hints of vanilla and amber glows like embers from a crackling fire."
"['coconut nectar', 'bergamot', 'water fruit', 'freesia', 'sandalwood', 'tonka bean']","This fragrance whispers a tropical getaway, transporting you to a sun-kissed beach where the sweet aroma of coconut nectar and juicy water fruit mingle with the bright, citrusy zest of bergamot, soft freesia petals, and warm sandalwood, all underlaid by the comforting richness of tonka bean."
"['bergamot', 'mandarin orange', 'tiare flower', 'myrhh', 'jasmine', 'african orange flower', 'magnolia', 'coconut', 'caramel', 'sandalwood', 'amber', 'vetiver']","Imagine yourself on a sun-kissed island, surrounded by lush greenery and the sweet scent of tiare flowers, as the warm aroma of caramelized coconut and sandalwood wafts through the air, mingling with the heady, floral notes of jasmine and magnolia, while the subtle nuance of myrrh and amber provides a rich, earthy depth, all set against a backdrop of citrusy freshness from bergamot and mandarin orange."
"['bergamot', 'coconut', 'vanilla', 'praline']","As the scent unfolds, it's like stepping into a sun-kissed tropical paradise where the sweetness of coconut and praline swirl together with the fresh, citrusy zing of bergamot, all wrapped in a comforting blanket of creamy vanilla."
"['cyclamen', 'ginger', 'coconut', 'tiare flower', 'jasmine', 'musk']","This fragrance whisks you away to a sun-kissed island where the air is sweet with the heady scent of jasmine and tiare flowers, while the warmth of ginger and coconut creaminess mingle with the delicate freshness of cyclamen, all wrapped in a soft, sensual musk that makes you feel like you're drifting on a tropical breeze."
"['mandarin orange', 'sicilian bergamot', 'gardenia', 'magnolia', 'myrrh', 'orange blossom', 'jasmine', 'coconut', 'caramel', 'sandalwood', 'amber', 'vetiver']","As the fragrance unfurls, a sunny morning in a lush orchard awakens, where the sweetness of mandarin and Sicilian bergamot mingle with the heady scent of gardenia and magnolia, transporting you to a place of warmth and serenity."
"['pineapple', 'orange', 'green notes', 'african orange flower', 'lily-of-the-valley', 'coconut', 'woodsy notes', 'musk', 'amber']","Imagine a warm summer day, where the sweet scent of pineapple and juicy orange mingle with the freshness of greenery, as African orange flowers and lily-of-the-valley petals unfold like a tropical bouquet, all wrapped in the comforting warmth of coconut and woodsy spices, grounding it with the sensual allure of musk and amber."
"['coconut nectar', 'magnolia', 'white musk']","This fragrance whisks you away to a tropical island on a warm summer day, where the sweet scent of coconut nectar mingles with the heady aroma of freshly bloomed magnolias and the soft caress of white musk, evoking a sense of serene paradise."
"['coconut nectar', 'sea notes', 'coconut milk', 'solar notes', 'floral notes', 'musk', 'vanilla']","Imagine yourself on a sun-kissed beach, where the warmth of the solar notes melts into the sweetness of coconut nectar and milk, entwined with the freshness of sea air and a gentle floral whisper, all grounded in the comforting softness of vanilla and musk."
"['vanillin', 'cedar', 'coconut', 'co2 extracts', 'vanilla absolute', 'sandalwood', 'ambretone']","As the scent unfolds, you're enveloped in a cozy haven of golden warmth, where sweet vanilla and creamy coconut mingle with the rustic comfort of cedar and sandalwood, while subtle whispers of tropical ambrette and the earthy depth of vanillin create a soothing sanctuary that's as inviting as a sunny afternoon spent lounging in a lush meadow."
"['coconut nectar', 'frangipani', 'musk']","Imagine a tropical paradise where the sweet scent of coconut nectar wafts through the air, infused with the heady aroma of frangipani flowers and wrapped in the sensual warmth of musk, transporting you to a place of pure indulgence."
"['lime', 'ozonic notes', 'coconut', 'peppermint', 'cappuccino', 'skin', 'ambergris', 'driftwood', 'patchouli']","As the scent unfolds, a burst of zesty lime and refreshing ozonic freshness mingles with the warm, buttery richness of coconut and peppermint's cooling tingle, evoking the invigorating rush of a morning by the ocean, where the sweetness of cappuccino wafts through the air, punctuated by the comforting warmth of skin and the earthy allure of patchouli, all anchored by the smooth, weathered driftwood undertones and the subtle, seductive allure of ambergris."
"['lemon', 'coconut nectar', 'tiare flower', 'musk', 'vanilla']","As the fragrance unfurls, a ray of sunshine greets your senses with the bright, citrusy zip of lemon, which slowly yields to the warm, velvety richness of coconut nectar and the heady, exotic allure of tiare flower, all tempered by the subtle warmth of musk and the comforting softness of vanilla."
"['aqual', 'lavender', 'ambrette', 'lime', 'salt', 'coconut water', 'peony', 'black currant', 'sandalwood']","This fragrance transports you to a serene coastal oasis, where the sweet scent of coconut water and peony blooms mingle with the freshness of lime and the subtle tang of salt, all wrapped in a warm, comforting hug of sandalwood and ambrette."
"['sicilian lemon', 'mandarin orange', 'coconut', 'woodsy notes', 'floral notes']","As the fragrance unfurls, a ray of Sicilian sunshine bursts forth with zesty lemon and mandarin sweetness, weaving together with the creamy warmth of coconut and the earthy depth of woods to evoke a lush, sun-drenched garden in full bloom."
"['coconut', 'pineapple', 'lime', 'apple', 'bergamot', 'orange', 'cedar', 'geranium', 'grapefruit', 'oakmoss', 'cedar', 'patchouli']","As you breathe in, the scent of a sun-kissed island unfolds, with juicy pineapple and sweet apple mingling with the brightness of lime and bergamot, all set against a warm backdrop of coconut and cedarwood that's as inviting as a seaside haven."
"['coconut', 'pink grapefruit', 'cardamom', 'orange blossom', 'fig', 'rosemary', 'ambroxan', 'cedar', 'patchouli']","As you lift the vial to your nose, a radiant fusion of sun-kissed coconut and zesty pink grapefruit bursts forth, tempered by the warmth of cardamom and the heady sweetness of orange blossom, all set against a lush backdrop of earthy fig, herbaceous rosemary, and the deep, woody whispers of cedar and patchouli."
"['apple', 'coconut', 'cedar']","As the fragrance unfurls, a crisp apple bite gives way to the warm, comforting aroma of toasted coconut and the earthy depth of cedar wood, evoking a sunny afternoon spent lounging in a lush forest glade."
"['coconut', 'coconut', 'white wood', 'musk', 'vanilla']","This fragrance is a warm hug on a sunny day, with the creamy sweetness of coconut and vanilla blending harmoniously with the fresh, airy lightness of white wood, all wrapped up in a subtle blanket of soft musk."
"['cotton flower', 'lemon', 'pineapple', 'coconut nectar', 'gardenia', 'apple', 'cyclamen', 'coconut', 'vanilla', 'musk']","This fragrance transports you to a sun-kissed island, where the sweet scent of cotton flowers and pineapple mingle with the freshness of lemon and apple, while coconut nectar and cyclamen add a creamy richness and subtle muskiness, all wrapped up in a warm, comforting blanket of vanilla and gentle gardenia."
"['violet', 'piña colada', 'woody notes', 'incense']","This enchanting fragrance transports you to a secluded garden at sunset, where the sweet, powdery allure of violet petals mingles with the creamy warmth of piña colada and the earthy, mystical essence of woody notes, all wrapped in the soft, smoky whispers of incense that carry you away on a serene, dreamlike journey."
"['coconut', 'bitter orange', 'tuberose', 'ylang-ylang', 'palm leaf', 'vanille', 'tonka bean', 'virginia cedar']","Imagine a sun-kissed island, where the warm air is filled with the sweet scent of coconut shells, the tangy zest of fresh bitter oranges, and the lush blooms of tuberose and ylang-ylang, all wrapped in the soft, creamy richness of vanilla and tonka bean, as the gentle rustle of palm fronds and the earthy depth of virginia cedar subtly ground the senses."
"['coconut', 'sea water', 'lime', 'mint', 'tiare flower', 'fruits', 'woody notes', 'musk']","This fragrance whispers a warm island breeze on skin, transporting you to a sun-kissed paradise where the sweetness of coconut and tiare flowers mingles with the invigorating freshness of sea water, lime, and mint, all grounded in a sensual dance of woody notes and subtle musk."
"['fruity notes', 'bergamot', 'violet', 'lily of the valley', 'coconut milk', 'amber', 'siam benzoin']","As you lift the fragrance to your nose, a sun-kissed bouquet unfurls, where sweet bergamot and luscious coconut milk mingle with the heady aroma of violet and lily of the valley, all wrapped in a warm blanket of creamy amber and soothing siam benzoin that whispers gentle tropical nights."
"['coconut', 'palm leaf', 'sea notes', 'citruses', 'coconut milk', 'passion flower', 'nectarine', 'driftwood', 'musk']","As the scent unfolds, it's like being transported to a sun-kissed beachside haven where fresh coconut and citrus zing harmonize with the gentle rustle of palm fronds and the sweet, creamy richness of nectarine, all set against the warm, weathered driftwood backdrop of a sandy shore."
"['lavender', 'bergamot', 'cappuccino', 'raspberry', 'jasmine', 'virginia cedar', 'lily-of-the-valley', 'vanille', 'amber', 'sandalwood', 'patchouli']","Imagine strolling through a sun-kissed field on a warm summer morning, surrounded by the sweet scent of fresh lavender and bergamot's citrusy zing, as the rich aroma of freshly brewed cappuccino wafts from a nearby café, mingling with the heady sweetness of ripe raspberries and jasmine's exotic allure, all set against a backdrop of smooth vanilla, warm sandalwood, and earthy patchouli, as the subtle presence of lily-of-the-valley and virginia cedar add a touch of whimsy and depth to this lush, sensory experience."
"['coffee', 'turkey red rose', 'roasted coffee beans', 'french rose', 'woodsy notes', 'vanilla', 'caramel', 'white musk', 'amber']","As the scent unwinds, it's like walking into a cozy café on a crisp morning, surrounded by the rich aroma of freshly brewed coffee, the sweetness of caramelized sugar, and the subtle warmth of rosy petals, all wrapped in a comforting blanket of vanilla and woods."
"['absinthe', 'boysenberry', 'coffee', 'jasmine sambac', 'orange blossom', 'vanilla', 'licorice', 'sandalwood']","This enigmatic fragrance transports you to a sun-drenched courtyard on a warm summer morning, where the sweet scent of orange blossoms and jasmine sambac mingle with the earthy allure of absinthe, rich vanilla, and smooth sandalwood, all while a hint of bold coffee and boysenberry jam provides a rebellious undercurrent, rounded out by the subtle, mysterious whisper of licorice."
"['passion flower', 'pink pepper', 'bergamot', 'neroli', 'coffee', 'heliotrope', 'freesia', 'amber', 'musk', 'teak wood']","This alluring scent unwinds like a warm summer afternoon, with the delicate whispers of passion flower and freesia mingling with the tangy zip of bergamot and pink pepper, as rich notes of coffee and teak wood simmer beneath, while heliotrope's sweet charm and neroli's floral nuance add depth to the amber-scented warmth that lingers like a gentle caress."
"['black currant', 'bergamot', 'peach', 'coffee', 'amber', 'floral notes', 'woody notes', 'sweet notes', 'white musk']","This fragrance whispers a sultry summer evening, with juicy black currant and sweet peach mingling like laughter around a campfire, while the warmth of bergamot and coffee grounds simmers beneath, surrounded by the soft glow of floral notes and the comforting hug of woody and amber undertones, all wrapped in the tender caress of white musk."
"['neroli', 'pink pepper', 'bergamot', 'coffee', 'rose', 'hazelnut', 'orange blossom', 'jasmine', 'vanilla', 'amberwood', 'ambroxan', 'musk']","This enchanting fragrance whisks you away to a sun-kissed morning, where the sweetness of ripened orange blossoms and jasmine unfurls amidst a warm coffee aroma, as pink pepper sparks a lively dance with bergamot's zesty freshness, all while neroli's delicate charm and hazelnut's nutty depth linger in the background, eventually giving way to rich vanilla, amberwood's cozy warmth, and musk's sensual embrace."
"['angelica', 'pink pepper', 'passionfruit', 'violet leaf', 'bergamot', 'coffee', 'vanilla', 'jasmine', 'cappuccino', 'iris petals', 'cashmere wood', 'sandalwood']","This fragrance whispers a warm, sun-kissed morning, its sweet angelica and passionfruit notes mingling with the earthy richness of violet leaf and cashmere wood, while bergamot's citrus zestiness and coffee's comforting warmth add depth to the scent, like the gentle steam rising from a freshly brewed cup on a cozy winter day."
"['lavender', 'citruses', 'cappuccino', 'cedar', 'vanilla']","As the scent unfolds, a warm and inviting aroma of freshly brewed cappuccino wraps around notes of sun-kissed citruses, while the soft whispers of lavender and the comforting richness of vanilla mingle with the earthy depth of cedar, evoking a cozy morning moment that feels like slipping into your favorite sweater on a crisp autumn day."
"['apple', 'sea notes', 'mint', 'coffee', 'milk', 'amber', 'leather', 'cedar', 'sandalwood', 'ambergris', 'musk']","As the fragrance unfurls, a juicy apple slice bursts with fresh energy, transporting you to a sun-kissed beach where sea notes whisper secrets of the ocean's depths, all while a refreshing mint breeze carries the warm aroma of freshly brewed coffee, smooth milk, and rich leather, settling into the comforting embrace of sandalwood, amber, and musk as the sweet whispers of ambergris linger like a whispered promise."
"['coffee', 'bergamot', 'lemon', 'coffee', 'sandalwood', 'lily-of-the-valley', 'cedar', 'amber', 'musk']","As the scent of this fragrance unfolds, it's like walking into a cozy café on a crisp morning, where the warmth of freshly brewed coffee mingles with the bright, uplifting zest of citrus and the sweet, floral whispers of lily-of-the-valley, all wrapped in a comforting blanket of sandalwood and cedar, with a subtle hint of golden amber and musk that adds depth and mystery to this inviting blend."
"['mandarin orange', 'nashi pear', 'pink pepper', 'coffee', 'almond', 'orange blossom', 'jasmine', 'amber', 'vanilla', 'patchouli', 'cedar']","This fragrance whispers a sunny morning's promise, its citrusy sweetness bursting forth with the juice of fresh mandarin oranges and nashi pears, as pink peppercorns add a playful zing, all unfolding against a warm backdrop of rich coffee and toasted almonds, where orange blossoms and jasmine petals softly mingle, before settling into a comforting embrace of smooth amber, sweet vanilla, and earthy patchouli, all grounded by the rugged charm of cedarwood."
"['brandy', 'anise', 'cabreuva', 'coffee', 'orange blossom', 'jasmine', 'vanilla', 'patchouli', 'musk']","As the scent unwinds, a rich tapestry of flavors emerges, with warm brandy and sweet vanilla at its core, surrounded by the spicy whispers of anise, the earthy depth of patchouli, and the lush floral notes of jasmine and orange blossom, all underscored by the smooth, comforting presence of cabreuva and coffee, like a cozy evening spent in a sun-kissed orchard."
"['coffee', 'tobacco', 'melon', 'kiwi', 'mint', 'tea']","As the fragrance unwinds, a rich and inviting aroma emerges, reminiscent of a warm summer morning spent lounging in a garden filled with ripe melon and kiwi, subtly sweetened by the gentle tang of mint, while hints of strong black coffee and wisps of tea smoke mingle with the earthy undertones of worn leather and old books."
"['roasted coffee beans', 'tobacco', 'vetiver']","This scent is a warm, rich blend of freshly roasted coffee and the comforting essence of old leather bound books, with a subtle undertone of earthy vetiver that adds depth and complexity to its inviting aroma."
"['black currant', 'pink pepper', 'tuberose', 'magnolia', 'coffee', 'tonka bean', 'sandalwood']","This fragrance transports you to a sun-kissed afternoon, where the sweetness of black currant and magnolia mingle with the subtle spiciness of pink pepper and tonka bean, all set against a warm, comforting backdrop of sandalwood and coffee."
"['bergamot', 'rose', 'jasmine', 'citruses', 'peach', 'ylang-ylang', 'rose', 'lilac', 'jasmine', 'oakmoss', 'spices', 'vetiver', 'cinnamon', 'amber']","As the scent unfolds, it's like stepping into a sun-kissed garden on a warm summer day, where juicy peaches and sweet bergamot mingle with the heady aroma of rose petals, while subtle hints of spicy cinnamon and earthy oakmoss ground the senses in a sense of tranquil reverie."
"['truffle', 'plum', 'rum', 'ylang-ylang', 'black orchid', 'patchouli']","This fragrance unfolds like a sultry summer evening, where the richness of truffle and plum mingle with the warmth of rum-infused air, as the sweet whispers of ylang-ylang and the mysterious allure of black orchid swirl together, anchored by the earthy depth of patchouli."
"['truffle', 'peach', 'bergamot', 'madagascar vanilla', 'tuberose', 'italian jasmine', 'patchouli', 'oakmoss', 'cedar']","This fragrance whispers sweet nothings of a sun-kissed garden party, where the air is heavy with the warmth of truffle-infused soil, ripe peaches and bergamot's citrus zing mingle with the lushness of Madagascar vanilla and tuberose's exotic blooms, all set against a backdrop of earthy patchouli, mossy oakmoss, and the rugged charm of cedar."
"['geranium', 'lemon', 'pink pepper', 'animal notes', 'vetiver', 'sandalwood', 'earthy notes', 'labdanum', 'guaiac wood']","As the fragrance unfurls, a burst of citrusy freshness, like the scent of sunshine on a just-picked lemon, mingles with the sweetness of geranium and the spiky zip of pink pepper, while earthy undertones of vetiver, sandalwood, and labdanum provide a grounding depth, all tied together by the subtle whisper of animal notes that adds a hint of mystery to this alluring blend."
"['fennel', 'mint', 'green notes', 'clary sage', 'oakmoss', 'fern', 'angelica', 'clover', 'galbanum', 'violet leaf', 'mastic or lentisque', 'oakmoss', 'soil tincture', 'boletus edulis', 'chestnut', 'vetiver', 'resins', 'pine tree needles', 'labdanum', 'leather']","As you lift the fragrance to your nose, a symphony of fresh and earthy scents unfurls, with fennel's anise-like warmth mingling with mint's crisp coolness, surrounded by a lush verdure of green notes, clary sage's herbaceous depth, and the damp, mossy essence of oakmoss, all set against the rich, loamy backdrop of soil tincture and the sweet, woody whispers of boletus edulis, with subtle hints of chestnut and vetiver adding warmth and complexity to the scent."
"['aldehydes', 'coriander', 'gardenia', 'green notes', 'lemon', 'carnation', 'narcissus', 'orris root', 'rose', 'jasmine', 'lily-of-the-valley', 'leather', 'oakmoss', 'vetiver', 'patchouli', 'amber', 'coconut', 'tonka bean']","Imagine stepping into a lush garden on a warm summer morning, surrounded by the sweet scent of blooming jasmine and rose, with hints of fresh greenery and citrusy lemon zest, as the sun's gentle warmth brings forth the earthy aroma of orris root and the subtle richness of leather, all blending harmoniously with the comforting softness of coconut and tonka bean, like a whispered secret on your skin."
"['pepper', 'truffle', 'lily-of-the-valley', 'pink pepper', 'oakmoss', 'patchouli', 'musk', 'ambrette (musk mallow)']","This fragrance whispers secrets of a sun-drenched forest floor, where the earthy richness of truffle and oakmoss mingle with the sweet, floral allure of lily-of-the-valley, while the subtle warmth of pepper and pink pepper adds a sensual depth, all grounded by the comforting familiarity of patchouli and musk."
"['truffle', 'blackberry', 'grapefruit', 'orchid', 'gardenia', 'lily-of-the-valley', 'mexican chocolate', 'incense', 'amber']","As the scent unfolds, a lush forest floor of earthy truffles and luscious blackberries gives way to the bright, citrusy zing of grapefruit, which is then enveloped in a lush bouquet of orchid, gardenia, and lily-of-the-valley, all tied together with the warm, comforting richness of Mexican chocolate and the mystical allure of incense smoke, leaving behind a soft glow of golden amber."
"['peach', 'bergamot', 'orange', 'lemon', 'bulgarian rose', 'iris flower', 'jasmine', 'white flowers', 'oakmoss', 'patchouli', 'vetiver', 'musk', 'ambroxan', 'benzoin', 'vanilla']","As the scent unfolds, a sunny orchard awakens, with juicy peaches and zesty bergamot mingling with the sweet song of orange blossoms, while the soft whisper of Bulgarian rose petals and delicate jasmine petals mingle in the warm breeze, all set against the earthy backdrop of patchouli and oakmoss, grounded by the rich vanilla warmth and subtle musk sensuality."
"['bergamot', 'spices', 'white flowers', 'iris', 'pink pepper', 'oak moss', 'patchouli']","As you lift the fragrance to your nose, a burst of citrusy bergamot sunshine greets you, infused with warm spices that evoke the cozy intimacy of a crackling fireplace, before a lush garden of white flowers and delicate iris petals unfurls, their sweet charm subtly tempered by the earthy depth of oak moss and the herbaceous hint of patchouli, all wrapped in a playful sprinkle of pink pepper's whimsical zest."
"['galbanum', 'aldehydes', 'caraway', 'gardenia', 'bergamot', 'rose', 'carnation', 'iris', 'narcissus', 'jasmine', 'oakmoss', 'leather', 'vetiver', 'amber', 'patchouli', 'coconut']","This fragrance whisks you away to a sun-kissed meadow on a warm summer day, where the fresh crunch of galbanum and bergamot mingle with the sweet innocence of rose and gardenia, all tied together by the earthy richness of oakmoss and leather, with hints of spicy caraway and patchouli adding depth and nuance to the scent."
"['citruses', 'basil', 'jasmine', 'artemisia', 'vetiver', 'rose', 'oakmoss', 'patchouli', 'amber']","This fragrance whispers a warm summer breeze, carrying the sweet essence of sun-kissed citruses, fresh basil leaves, and lush jasmine petals, with undertones of earthy artemisia, vetiver's mossy depth, and rose's gentle softness, all wrapped in a comforting blanket of patchouli's rustic charm and amber's golden glow."
"['angelica', 'bourbon vetiver', 'haitian vetiver', 'italian orris root', 'clove', 'ambrette (musk mallow)']","This fragrance whispers secrets of a lush, sun-kissed meadow on a warm summer day, where the sweet, airy essence of angelica wafts alongside the earthy, rugged charm of vetiver and orris root, all tied together with the subtle spiciness of clove and the soft, floral undertones of ambrette."
"['carrot', 'cinnamon', 'bergamot', 'agarwood (oud)', 'dry wood', 'cedar', 'tobacco', 'earthy notes', 'leather', 'styrax']","As you breathe in, the scent of sun-kissed carrot fields and warm cinnamon wafts up, mingling with the sweet, citrusy zest of bergamot, all while the earthy richness of agarwood and dry wood provides a sturdy foundation, punctuated by the smoky depth of cedar and tobacco, like a cozy leather-bound book left open on a forest floor."
"['bergamot', 'aldehydes', 'green notes', 'lavender', 'jasmine', 'leather', 'patchouli', 'oakmoss']","This fragrance is a sun-kissed afternoon in the rolling hills of Provence, where the air is filled with the sweet, uplifting essence of bergamot and fresh greenery, warm lavender whispers on the breeze, and subtle hints of rich leather and earthy patchouli evoke memories of rustic charm."
"['wormwood', 'cannabis', 'absinthe', 'lantana leaves', 'tuberose', 'boletus edulis', 'cypriol oil or nagarmotha', 'papyrus', 'turnera diffusa (damiana)', 'pepper', 'precious woods', 'soil tincture', 'leather']","This fragrance is a wild, earthy celebration that whisks you away to a sun-drenched meadow on a warm summer day, where the air is filled with the pungent sweetness of absinthe-scented flowers, the rich loam of wormwood and soil tincture, and the subtle spiciness of pepper and precious woods, all woven together by the soft, creamy warmth of tuberose and lantana leaves."
"['bergamot', 'basil', 'spices', 'rose', 'jasmine', 'oakmoss', 'vetiver', 'patchouli', 'vanilla']","As the scent unfolds, it's like stepping into a sun-kissed meadow on a warm summer day, where the sweetness of rose and jasmine mingle with the earthy freshness of basil and bergamot, surrounded by the comforting warmth of vanilla and spices, all grounded by the rich, mossy undertones of oakmoss and vetiver."
"['coffee', 'caramel', 'milk', 'almond', 'cambodian oud', 'earthy notes', 'truffle', 'vanilla', 'patchouli', 'tonka bean', 'caramel', 'vanilla flower', 'indian oud', 'cypriol oil or nagarmotha']","Imagine a warm, sun-kissed morning at a bustling market, where the sweet aroma of freshly brewed coffee and caramelized treats wafts through the air, mingling with the earthy richness of exotic spices and woods, as the tender scent of milk and vanilla flowers adds a touch of softness to the rustic charm."
"['truffle', 'black pepper', 'lily-of-the-valley', 'pink pepper', 'ambrette (musk mallow)', 'patchouli', 'amber', 'oakmoss', 'white woods']","This enchanting fragrance is like a lush, sun-drenched forest glade, where the earthy richness of truffle and patchouli mingle with the crisp, peppery freshness of black pepper and pink pepper, as lily-of-the-valley's sweet, floral charm wafts through the air, all beneath a canopy of warm amber and oakmoss, with the soft whisper of ambrette's gentle muskiness."
"['mint', 'mandarin orange', 'soil tincture', 'vetiver', 'white musk']","This fragrance whispers a refreshing tale of a sunny morning, where the crispness of mint and citrusy zing of mandarin orange mingle with the earthy warmth of soil-kissed terrain, eventually surrendering to the soothing sweetness of white musk and the rustic charm of vetiver's dry, forest floor undertones."
"['patchouli', 'bergamot', 'incense', 'rose', 'violet', 'oakmoss', 'musk', 'vanilla']","This enchanting scent transports you to a mystical forest glade, where the warm, earthy essence of patchouli and oakmoss mingles with the sweet, sun-kissed aroma of rose and violet, while bergamot's citrusy zest adds a lively spark, all held together by the smooth, comforting richness of vanilla and the subtle, smoky allure of incense."
"['rose', 'ylang-ylang', 'freesia', 'gardenia', 'lily', 'plum', 'peach', 'jasmine', 'oak moss', 'patchouli', 'iris', 'tonka bean']","Imagine yourself strolling through a lush, sun-drenched garden on a warm summer morning, surrounded by the heady aroma of fresh roses, sweet freesia, and luscious peach blossoms, with hints of juicy plum and tender jasmine petals carried on the gentle breeze."
"['oakmoss', 'vetiver', 'egyptian jasmine', 'white musk', 'leather', 'patchouli', 'agarwood (oud)']","This fragrance whispers secrets of a moonlit forest, where the earthy richness of oakmoss and vetiver mingle with the heady allure of Egyptian jasmine, all wrapped in a warm embrace of white musk and the smooth, supple leather of a well-worn saddle, with hints of patchouli's herbaceous depth and agarwood's ancient, mystical wisdom."
"['truffle', 'ylang-ylang', 'gardenia', 'cassis', 'jasmine', 'italian lemon', 'bergamot', 'tangerine', 'spicy notes', 'orchid', 'ylang-ylang', 'gardenia', 'jasmine', 'lotus', 'fruity notes', 'patchouli', 'incense', 'white musk', 'amber', 'vanilla', 'chocolate', 'sandalwood', 'vetiver']","This fragrance transports you to a lush, sun-kissed garden on a warm summer day, where the heady scent of jasmine and ylang-ylang wafts through the air, mingling with the sweetness of ripe cassis and tangerine, as rich notes of truffle, patchouli, and sandalwood deepen the experience."
"['verbena', 'sage', 'chamomile', 'rose', 'white flowers', 'geranium', 'moss', 'patchouli', 'vetiver']","Imagine a warm meadow at dawn, where the sweet scent of rose and white flowers wafts through the air, mingling with the earthy essence of moss and patchouli, as the soft whispers of chamomile and sage provide a soothing backdrop, while geranium adds a subtle tartness to this idyllic scene."
"['hyacinth', 'iris', 'violet', 'jasmine', 'vetiver', 'coriander', 'rose', 'musk', 'fern', 'patchouli']","This fragrance whispers a sultry secret of sun-kissed gardens, where velvety petals of rose and jasmine unfurl amidst the earthy hum of vetiver and coriander, their heady sweetness tempered by the subtle freshness of hyacinth, iris, and violet, as ferns rustle in the shadows and patchouli's mossy undertones weave a rich tapestry of mystery."
"['pink pepper', 'cassis', 'green accord', 'plum', 'mango', 'turkish rose', 'grasse rose', 'lotus', 'orchid', 'patchouli', 'moss', 'amber']","This fragrance whisks you away to a sun-kissed meadow, where the sweet scent of ripe mango and plum mingle with the freshness of green grass and the subtle spiciness of pink pepper, all beneath the soft petals of Turkish rose and Grasse rose, as the earthy richness of patchouli and moss provides a grounding anchor."
"['soil tincture', 'ginger', 'magnolia', 'licorice', 'tobacco', 'sandalwood', 'moss', 'mimosa', 'water notes', 'juniper']","Imagine stepping into a sun-drenched forest glade, where the earthy richness of damp soil mingles with the warmth of ginger and the sweetness of magnolia, all wrapped in a subtle haze of licorice and tobacco that whispers hints of adventure and mystery, while the soft rustle of moss and mimosa leaves adds a gentle freshness to the air, like a splash of water on a warm summer day, subtly tempered by the grounding presence of juniper."
"['soil tincture', 'mushroom', 'ozonic notes', 'green notes', 'grass', 'ivy', 'neroli', 'metallic notes', 'cobblestone', 'ice', 'watery notes', 'pine', 'narcissus', 'soil tincture', 'ozonic notes', 'moss', 'ambergris', 'myrrh']","This fragrance whispers secrets of a forest floor, where earthy soil tincture and mossy undertones mingle with the damp, dew-kissed freshness of grass and ivy, punctuated by the crisp, metallic zing of ozone and the sweet, sun-drenched essence of neroli, all harmonizing in a captivating dance that evokes the invigorating thrill of stepping into a misty morning forest."
"['yuzu', 'pomegranate', 'ice', 'peony', 'lotus', 'magnolia', 'musk', 'mahogany', 'amber']","As the scent unfolds, a burst of citrusy yuzu and juicy pomegranate greets the senses, followed by a refreshing chill of ice that swiftly warms with the sweet, floral embrace of peony and lotus, as rich magnolia and mahogany undertones swirl together in perfect harmony, punctuated by the sensual warmth of musk and the golden glow of amber."
"['tea', 'bergamot', 'osmanthus', 'orchid', 'jasmine', 'rose', 'freesia', 'african orange flower', 'patchouli', 'musk', 'vanilla']","As the fragrance unfurls, it's like stepping into a serene tea garden on a warm summer morning, where bergamot's citrusy sweetness mingles with the heady perfume of osmanthus and orchid, jasmine and rose petals unfolding like tender leaves, all set against a soft, sunny backdrop of freesia and African orange flower, grounding this floral tapestry with earthy patchouli and sensual musk, before a sweet vanilla whisper wraps everything in a cozy, comforting embrace."
"['litchi', 'freesia', 'magnolia', 'pepper', 'ginger', 'mandarin orange', 'jasmine', 'jasmine', 'musk', 'amber']","As the fragrance unfurls, a burst of sun-kissed litchi and freesia blooms in harmony with the tender sweetness of magnolia, subtly spiced by whispers of pepper and ginger, while mandarin orange zest adds a playful pop of freshness, all grounded by the warm, sultry embrace of jasmine and musk that slowly deepens into a rich, golden amber glow."
"['white musk', 'peony', 'freesia', 'green notes', 'peach', 'plum', 'lily', 'lily-of-the-valley', 'green grass', 'jasmine', 'ylang-ylang', 'rose', 'coffee', 'vanilla', 'sandalwood', 'coriander', 'incense', 'tonka bean', 'cedar']","This fragrance whispers secrets of a sun-kissed meadow, where the sweetness of ripened peaches and plums mingles with the freshness of green grass and freesia, all wrapped in a soft blanket of white musk, as the warmth of vanilla and sandalwood beckons you to linger amidst the heady aroma of jasmine and rose."
"['almond blossom', 'clementine', 'cyclamen', 'jasmine', 'peony', 'amaryllis', 'vanilla', 'amber', 'benzoin', 'white musk']","This enchanting fragrance unfolds like a stroll through a sun-kissed garden, where the sweet scent of almond blossom and clementine zest mingle with the lush petals of peony and cyclamen, warming up to the sensual allure of jasmine and vanilla, before settling into a comforting blend of amber, benzoin, and white musk that whispers promises of cozy nights by the fire."
"['freesia', 'pepper', 'apple', 'heliotrope', 'violet', 'jasmine', 'hibiscus', 'rose', 'suede', 'sandalwood', 'cedar', 'incense', 'labdanum']","As the scent unfolds, a lively mix of sun-kissed freesia and crisp apple bursts forth, tempered by warm whispers of pepper and suede, while the sweetness of rose and jasmine mingles with the heady allure of violet and heliotrope, all set against a rich backdrop of earthy sandalwood, cedar, and incense that deepens into the mysterious, smoky allure of labdanum."
"['pink pepper', 'mandarin orange', 'bergamot', 'lilac', 'peach', 'geranium', 'jasmine', 'black currant', 'patchouli', 'amber', 'white musk', 'vanilla']","As you spritz this fragrance, the scent of a warm summer morning unfolds, with pink pepper sparks and mandarin orange zest mingling in the air, while lilac whispers sweet nothings to peach and geranium's gentle warmth, jasmine petals unfurl like tender kisses on the skin, black currant's tartness dissolves into patchouli's earthy depth, amber's golden glow shines bright, and vanilla's creamy sweetness wraps everything together like a cozy blanket."
"['lime (linden blossom)', 'lily-of-the-valley', 'lilac', 'magnolia', 'bergamot', 'mandarin orange', 'jasmine', 'tuberose', 'ylang-ylang', 'peach', 'bulgarian rose', 'violet', 'carnation', 'nutmeg', 'musk', 'iris', 'sandalwood', 'amber', 'vanilla', 'cloves']","This fragrance is a lush garden party on a warm summer day, where the sweet scent of blooming linden blossoms and peaches mingles with the heady aroma of jasmine and tuberose, all wrapped in a soft, golden light that evokes the tender touch of bergamot and mandarin orange."
"['reed', 'mint', 'green lilac', 'mandarin orange', 'pink pepper', 'water lily', 'pepper', 'violet', 'white peach', 'amaryllis', 'rose', 'cedar', 'white musk', 'vanilla']","As the scent unfolds, it's like walking through a sun-drenched meadow on a warm summer morning, where the sweetness of ripe peaches and fresh mandarin oranges mingles with the gentle spiciness of pink pepper and reed, all set against a soft, floral backdrop of green lilac and violet."
"['green notes', 'freesia', 'sage', 'citruses', 'mandarin orange', 'carnation', 'lily', 'lily-of-the-valley', 'narcissus', 'marigold', 'violet', 'rose', 'jasmine', 'musk', 'heliotrope', 'sandalwood', 'amber', 'patchouli']","As you spritz this enchanting fragrance, a lush meadow springs to life, where sun-kissed citruses and mandarin oranges mingle with the sweet freshness of freesia and green notes, while subtle whispers of sage and lily-of-the-valley evoke a sense of serenity, as if the scent of a thousand blooming flowers has been distilled into a single, intoxicating elixir that unfolds on your skin like a gentle breeze."
"['mignonette', 'mandarin orange', 'sage', 'nectarine', 'blue hyacinth', 'peach blossom', 'rose hip', 'iris', 'red cyclamen', 'violet root', 'musk', 'sandalwood', 'cedar']","This enchanting fragrance is like a warm summer afternoon in a sun-drenched garden, where the sweet scent of ripe nectarines and juicy peach blossoms mingle with the fresh cut grass of mignonette and mandarin orange, all surrounded by the soft, herbaceous whispers of sage and violet root, with hints of musk, sandalwood, and cedar adding depth and warmth to the bouquet."
"['rum', 'honey', 'mandarin orange', 'bergamot', 'black orchid', 'orchid', 'jasmine', 'heliotrope', 'hyacinth', 'rose oil', 'narcissus', 'magnolia', 'orange blossom', 'vanilla', 'myrrh', 'suede', 'sandalwood', 'peru balsam', 'labdanum']","This scent is like a warm, golden sunrise on a summer morning, with the sweet, honeyed nectar of blooming orchids and jasmine mingling with the bright, citrusy zest of mandarin oranges and bergamot, all wrapped in a soft, velvety blanket of vanilla and sandalwood that's infused with the subtle, spicy depth of myrrh and labdanum."
"['sweet pea', 'mandarin orange', 'gardenia', 'orchid', 'musk', 'sandalwood', 'woodsy notes', 'vanilla']","As the fragrance unfurls, a radiant bouquet of sweet pea and mandarin orange bursts forth, like a sunny day in a garden, where lush gardenias and orchids sway gently in the breeze, their delicate petals releasing a subtle sweetness that mingles with the warmth of sandalwood and musk, infused with earthy woody notes that ground the scent in a comforting familiarity, all wrapped up in a soft vanilla embrace."
"['magnolia', 'pear', 'lotus', 'jasmine', 'tuberose', 'cyclamen', 'musk', 'vanilla', 'white woods', 'sandalwood']","This fragrance unfolds like a tropical garden at dawn, with the sweet, floral whispers of magnolia and jasmine mingling with the freshness of pear and cyclamen, all wrapped in a warm embrace of vanilla and sandalwood, while subtle hints of lotus and tuberose add depth and mystery to the scent."
"['rose', 'mimosa', 'hiacynth', 'geranium', 'green notes', 'nasturtium', 'orange blossom', 'hawthorn', 'cassia', 'bergamot', 'rose', 'violet', 'lily', 'lime blossom', 'ylang-ylang', 'lily-of-the-valley', 'jasmine', 'orris root', 'iris', 'musk', 'heliotrope', 'sandalwood', 'oakmoss', 'amber', 'cedar']","As the fragrance unfurls, it's like stepping into a sun-drenched meadow on a warm summer day, where the heady sweetness of rose and mimosa mingle with the subtle tartness of green notes, all wrapped in a soft, powdery veil of violet and iris that whispers secrets to the senses."
"['bergamot', 'goji berries', 'pomegranate', 'hibiscus', 'water lily', 'musk', 'virginia cedar']","As you lift the veil of this fragrance, a burst of sun-kissed bergamot and plump goji berries greets your senses, unfolding like a warm breeze on a summer day, as juicy pomegranate and floral hibiscus weave together in harmony, while water lily's gentle tears bring calmness to the heart, all grounded by the earthy richness of virginia cedar and subtle musk."
"['freesia', 'cyclamen', 'rhuburb', 'pink tulip', 'green notes', 'vetyver', 'woodsy notes']","As the fragrance unfurls, a sunny meadow bursts forth with the sweet, airy whispers of freesia and pink tulip, their delicate petals dancing on a warm breeze that carries the freshness of green notes and the earthy richness of vetyver, all set against a backdrop of woody depth and a hint of tart cyclamen."
"['coriander', 'orange blossom', 'black currant', 'cassia', 'plum', 'tangerine', 'peach', 'tuberose', 'hiacynth', 'carnation', 'ginger', 'jasmine', 'ylang-ylang', 'freesia', 'iris', 'rose', 'heliotrope', 'violet', 'civet', 'vetiver', 'black currant', 'musk', 'sandalwood', 'cedar', 'amber', 'tonka bean', 'vanilla']","This fragrance whispers secrets of a sun-kissed orchard, where juicy plums and sweet peaches ripen on the trees, surrounded by the heady aroma of orange blossoms, warm coriander spice, and the tender petals of tuberose and jasmine, all tied together with the earthy richness of sandalwood, cedar, and amber."
"['freesia', 'mint', 'bergamot', 'peony', 'white rose', 'white lotus', 'musk', 'heliotrope', 'sandalwood']","As you lift the fragrance to your nose, a burst of sun-kissed freshness unfolds, where the bright zest of bergamot and the cooling crispness of mint mingle with the lush sweetness of peony and white rose, all grounded by the smooth warmth of sandalwood and the subtle allure of musk, like strolling through a lush meadow on a warm summer morning."
"['red apple', 'peony', 'rose', 'carnation', 'jasmine', 'suede']","As the scent of this fragrance unfolds, a juicy red apple slices through the air, its sweetness ripening into a warm bouquet of peonies and roses that wraps around you like a soft blanket, subtly underscored by the velvety smoothness of suede and the gentle, exotic whisper of jasmine, evoking the sensation of strolling through a sun-kissed garden on a warm summer afternoon."
"['peony', 'musk vodka', 'pineapple', 'lemon', 'peach', 'banana leaf', 'violet', 'lily-of-the-valley', 'lily', 'hiacynth', 'jasmine', 'freesia', 'calone', 'ylang-ylang', 'rose', 'musk', 'cedar', 'sandalwood', 'amber', 'styrax']","This fragrance is a lush, sun-kissed garden party on a warm summer day, where the sweetness of ripe peaches and bananas mingles with the freshness of lemon zest and pineapple juice, surrounded by the soft, velvety petals of rose and violet, all wrapped in a sensual musk that whispers secrets under the shade of ancient sandalwood trees."
"['sweet pea', 'bergamot', 'mandarin orange', 'grapefruit', 'lemon', 'quince', 'freesia', 'geranium', 'peach', 'green notes', 'gardenia', 'passionfruit', 'damask rose', 'rose', 'patchouli', 'musk', 'leather', 'violet']","As the scent unfolds, it's like strolling through a lush garden on a warm summer morning, where sweet pea and mandarin orange mingle with the freshness of grapefruit and lemon, while quince and freesia whisper hints of floral sweetness amidst the verdant green notes, all culminating in a radiant bouquet of damask rose, peach, and passionfruit that's both ravishingly feminine and tantalizingly exotic."
"['bitter orange', 'peach', 'freesia', 'jasmine', 'magnolia', 'rose', 'musk', 'virginia cedar', 'amber']","As the fragrance unfurls, a burst of warm sunlight and juicy peaches gives way to a lush garden of freesia and jasmine, where tender rose petals mingle with the sweetness of magnolia, all held together by the soft whisper of musk and the grounding earthiness of virginia cedar, slowly evolving into a rich amber glow that lingers like a cozy afternoon in a sun-kissed meadow."
"['orchid', 'lily-of-the-valley', 'cyclamen', 'tulip', 'peony', 'orchid']","This fragrance whispers secrets of a lush garden on a warm spring morning, where delicate orchids, lilies, and cyclamen bloom alongside vibrant tulips and peonies, their sweet, heady aroma wafting up to greet the sun-kissed air."
"['freesia', 'tangerine', 'black currant', 'bulgarian rose', 'lily', 'jasmine', 'lemon tree', 'apricot', 'amber']","As the fragrance unfurls, it's as if a sun-drenched meadow bursts forth with the sweet scent of freesia and tangerine zest, mingling with the luscious richness of black currant and Bulgarian rose petals, all swirled together with the soft whispers of jasmine and the warmth of apricot honey, finished with the golden glow of amber that leaves a lasting impression like the gentle rustle of lemon tree leaves on a warm summer breeze."
"['champagne rosé', 'pink pepper', 'peach blossom', 'rose', 'white musk', 'woody notes']","As the fragrance unfurls, it's like sipping a chilled glass of champagne on a warm summer evening - the sweetness of peach blossoms and rose petals mingle with the crispness of pink pepper, all wrapped in a soft, sun-kissed warmth that settles into a gentle caress of white musk and woody notes."
"['aldehydes', 'cyclamen', 'violet leaf', 'sage', 'bergamot', 'tarragon', 'fig', 'peony', 'turkish rose oil', 'orris root', 'orange blossom', 'peach blossom', 'white musk', 'heliotrope', 'sandalwood', 'incense', 'cedar', 'vanilla', 'guaiac wood']","As the fragrance unfurls, a warm breeze carries the sweet whispers of orange blossoms and peach blossoms on a sun-kissed day, while the earthy essence of sage and cedar woods provides a grounding foundation, all wrapped in a comforting blanket of soft vanilla and gentle heliotrope that's subtly infused with the heady allure of Turkish rose oil and the mystical wisps of incense."
"['rose', 'orange blossom', 'plum', 'violet', 'peach', 'anise', 'honey', 'carnation', 'rose', 'tuberose', 'ylang-ylang', 'jasmine', 'lily', 'lily-of-the-valley', 'freesia', 'orchid', 'sandalwood', 'amber', 'benzoin', 'musk', 'heliotrope', 'vetiver', 'cedar']","This enchanting fragrance unfolds like a sunny garden party, with the sweet whispers of rose and orange blossom mingling with the juicy ripeness of plum and peach, all swirled together in a warm embrace of honeyed sweetness, as if the very essence of blooming flowers had been distilled into a scent that's at once fresh, floral, and utterly irresistible."
"['peony', 'citruses', 'mandarin orange', 'osmanthus', 'rose', 'sandalwood', 'pink pepper', 'patchouli']","This fragrance is a warm and inviting bouquet of fresh peonies, sun-kissed citruses, and sweet mandarin oranges, gently nestled among the soft whispers of osmanthus petals, rose's gentle caress, and the rich, earthy depths of sandalwood, all tied together with a playful sprinkle of pink pepper and the subtle undertones of patchouli, evoking the carefree essence of a sunny afternoon in a lush garden."
"['galbanum', 'rose', 'lily', 'black currant', 'fruity notes', 'cassia', 'mandarin orange', 'bergamot', 'lemon', 'tuberose', 'carnation', 'marigold', 'mimosa', 'narcissus', 'jasmine', 'ylang-ylang', 'chamomile', 'lily-of-the-valley', 'geranium', 'orange blossom', 'magnolia', 'lilac', 'freesia', 'pink violet', 'sage', 'neroli', 'sandalwood', 'amber', 'vetiver', 'musk', 'cedar', 'vanilla']","As the fragrance unfurls, a burst of fresh galbanum and citrusy bergamot whisks me away to a sun-drenched garden, where lush rose petals and heady jasmine mingle with sweet orange blossom and lily-of-the-valley, all tied together by a warm, golden thread of amber, vanilla, and musk."
"['magnolia', 'neroli', 'mandarin orange', 'coconut', 'frangipani', 'ylang-ylang', 'vanilla absolute', 'almond milk', 'sandalwood']","As the scent unwinds, it's like strolling through a tropical garden at sunrise, where the sweet, heady aroma of magnolia and frangipani blooms amidst the warmth of sandalwood and vanilla, while neroli and ylang-ylang provide a gentle, creamy backdrop, punctuated by the bright zest of mandarin orange and the comforting richness of coconut and almond milk."
"['freesia', 'jasmine', 'tincture of rose']","This scent is a lush bouquet of sun-kissed freesia and jasmine, swirled together with the tender, velvety warmth of rose petals, transporting you to a garden party on a bright summer afternoon."
"['aldehydes', 'lemon', 'peach', 'hyacinth', 'carnation', 'lily-of-the-valley', 'rose', 'lilac', 'iris', 'jasmine', 'orris', 'violet', 'ylang-ylang', 'orchid', 'oakmoss', 'vetiver', 'cedar', 'sandalwood', 'benzoin', 'honey', 'amber', 'tonka bean']","This fragrance whisks you away to a sun-drenched meadow on a warm summer day, where the sweetness of juicy peaches and ripe lilies mingles with the floral essence of rose and jasmine, all set against a backdrop of earthy oakmoss and woody cedar."
"['yellow freesia', 'white pepper', 'pear', 'carnation', 'damask plum', 'ylang-ylang', 'musk', 'sandalwood', 'vanilla orchid', 'cedar']","As the fragrance unfurls, a radiant bouquet of sun-drenched yellow freesia and crisp white pepper greets the senses, its sweetness tempered by the tender warmth of pear and the soft caress of carnation, with subtle undertones of luscious damask plum and heady ylang-ylang emerging to mingle with the rich sensuality of musk, sandalwood, and vanilla orchid, all anchored by the earthy depth of cedar."
"['red fruits', 'peony', 'floral notes', 'egyptian jasmine', 'ambroxan']","As the fragrance unfurls, a juicy medley of ripe red fruits - succulent strawberries and luscious cherries - bursts forth with vibrant energy, entwining with the soft petals of peony and the heady, sun-kissed sweetness of Egyptian jasmine to create a floral tapestry that's warm, inviting, and utterly irresistible."
"['lilac', 'guava', 'wisteria', 'black currant', 'dew drop', 'jasmine', 'lotus', 'orchid', 'rhododendron', 'musk', 'cashmere wood', 'bourbon vetiver', 'atlas cedar']","Imagine a warm, sun-kissed meadow on a lazy summer morning, where the sweet aroma of fresh lilac and dewy wisteria mingle with the juicy tartness of guava and black currant, all set against a backdrop of lush, greenery-scented lotus and jasmine, with subtle hints of musk and cashmere wood adding depth and warmth."
"['magnolia', 'bergamot', 'carrot seeds', 'frangipani', 'tuberose', 'ylang-ylang', 'iris', 'spices', 'beeswax', 'vanilla', 'vetiver']","This enchanting fragrance whispers sweet nothings, transporting you to a sun-drenched garden on a warm summer day, where the heady scent of magnolia and frangipani blooms mingle with the golden warmth of beeswax and vanilla, all swirled together by the spicy zest of bergamot and carrot seeds, while tuberose and ylang-ylang lend a sultry, exotic depth, grounded by the earthy richness of iris and vetiver."
"['mango', 'mandarin orange', 'freesia', 'violet root', 'white cedar extract', 'sandalwood']","As the fragrance unfurls, it's like stepping into a sun-kissed orchard on a warm summer morning, with juicy mango and sweet mandarin orange mingling in the air alongside a delicate dance of freesia petals and the soft, comforting hum of violet root, all grounded by the smooth, woody warmth of white cedar extract and sandalwood."
"['pink pepper', 'mandarin orange', 'lilac', 'violet', 'heliotrope', 'amber', 'patchouli']","As the scent unfolds, a burst of sun-kissed pink pepper and juicy mandarin orange greets you, followed by the soft, floral whispers of lilac and violet, which melt into the warm, comforting embrace of heliotrope and amber, all set against the earthy backdrop of patchouli."
"['orange peel', 'magnolia', 'rice', 'narcissus', 'italian jasmine', 'iris', 'bulgarian rose', 'ambergris', 'sandalwood', 'vanille']","Imagine a sun-kissed morning in a lush orchard, where the sweet scent of ripened oranges and magnolias mingles with the warm, comforting aroma of freshly harvested rice, as the air is filled with the heady perfume of blooming narcissus and jasmine, all blending together with the soft, powdery essence of iris and rose petals, surrounded by the rich, golden warmth of ambergris and sandalwood, with a hint of creamy vanilla sweetness lingering in the background."
"['grapefruit', 'apricot blossom', 'gardenia', 'floral notes', 'jasmine sambac', 'woody notes', 'oakmoss']","This fragrance whispers a sunny morning's promise, transporting you to a lush garden where grapefruit's zesty freshness mingles with apricot blossom's sweet innocence, surrounded by the intoxicating allure of jasmine sambac and the earthy richness of oakmoss, all woven together with subtle floral notes that evoke the heady beauty of gardenia."
"['litchi', 'raspberry', 'melon', 'guava', 'chinese pink peony', 'jasmine', 'water lily', 'passion flower', 'musk', 'brazilian rosewood', 'cashmere wood', 'sandalwood']","This fragrance transports you to a sun-kissed tropical garden, where the sweetness of ripening litchi and juicy melon melds with the tartness of raspberry and guava, surrounded by the lush petals of Chinese pink peony and jasmine, all on a warm breeze carrying the soft whispers of water lily and passion flower, anchored by the earthy depth of Brazilian rosewood, cashmere wood, and sandalwood, and wrapped in the sensual embrace of musk."
"['almond milk', 'damask rose', 'lilac', 'solar notes', 'jasmine', 'star anise', 'orange blossom', 'musk', 'vanilla', 'ambroxan', 'atlas cedar']","This fragrance transports you to a sun-kissed meadow on a warm summer day, where the sweet scent of fresh almond milk and damask rose petals mingle with the heady aroma of lilac bushes, all wrapped in the soft, golden glow of solar notes that waft from the gentle breeze."
"['litchi', 'pear', 'bergamot', 'turkish rose', 'watery notes', 'peony', 'floral notes', 'white musk', 'woody notes', 'haitian vetiver']","As the scent unfolds, juicy litchi and ripe pear mingle with the uplifting zing of bergamot, transporting you to a sun-kissed orchard where tender Turkish rose petals and lush peony blooms entwine in a refreshing dance, all anchored by the soothing whispers of watery notes and the subtle warmth of woody vetiver."
"['melon', 'almond', 'peach', 'violet', 'black currant', 'anise', 'lilac', 'mimosa', 'lily-of-the-valley', 'peony', 'almond blossom', 'rose', 'hibiscus', 'vanilla', 'sandalwood', 'almond tree', 'benzoin', 'cedar']","As the fragrance unfurls, a sweet symphony of ripened peaches and succulent melons mingles with the soft whispers of almond blossoms and lilac petals, transporting you to a warm summer morning where the scent of mimosa and lily-of-the-valley wafts through the air, intertwined with the gentle caress of rose and hibiscus, all grounded by the comforting warmth of vanilla, sandalwood, and cedar."
"['red currant', 'floral notes', 'bulgarian rose', 'frangipani', 'plum', 'petalia', 'mimosa', 'vanilla', 'tonka bean', 'sandalwood']","This fragrance transports you to a lush garden on a warm summer morning, where the sweet tang of red currant and juicy plum mingle with the intoxicating scent of Bulgarian rose, frangipani, and mimosa, wrapped in a soft blanket of vanilla, tonka bean, and sandalwood that's as comforting as a gentle breeze."
"['watermelon', 'mandarin orange', 'pink pepper', 'tincture of rose', 'freesia', 'iris', 'sandalwood', 'tonka bean']","As you spritz this fragrance, the sweet scent of ripened watermelon and juicy mandarin orange slices greets your senses, followed by a tantalizing burst of pink pepper's spicy warmth, which gradually gives way to the tender petals of rose and freesia, all nestled within a soothing bed of sandalwood and the creamy richness of tonka bean."
"['peach', 'pineapple', 'water lily', 'freesia', 'rose', 'bergamot', 'carnation', 'narcissus', 'heliotrope', 'orchid', 'orris root', 'orange blossom', 'jasmine', 'lily-of-the-valley', 'vanilla', 'sandalwood', 'amber', 'musk', 'cedar']","As the fragrance unfurls, it's like stepping into a sun-kissed orchard on a warm summer morning, where sweet peach and juicy pineapple ripen on the trees amidst a gentle breeze carrying the heady scent of water lilies and freesia, all wrapped in a soft rose-petal blanket that hints at a secret garden hidden among the lush greenery."
"['lavender', 'bergamot', 'mandarin orange', 'lemon', 'floral notes', 'peony', 'jasmine sambac', 'ylang-ylang', 'neroli', 'peach', 'lily-of-the-valley', 'vanilla', 'iris', 'sandalwood']","As the fragrance unfurls, a sun-kissed morning awakens, with the sweet innocence of freshly picked lavender and bergamot's bright citrus zest mingling in a warm embrace, as peony petals softly unfold, releasing the heady allure of jasmine sambac, while ylang-ylang's creamy richness and neroli's honeyed whispers weave together like a gentle breeze carrying the scent of ripe peach and lily-of-the-valley's delicate charm, all grounded by the smooth, comforting presence of vanilla, iris, and sandalwood."
"['white honey', 'pepper', 'brazilian rosewood', 'plum', 'magnolia', 'musk', 'sandalwood', 'patchouli']","As you spritz this alluring scent, the warm sweetness of white honey and ripe plum burst forth, followed by the spicy tingling of pepper, which gradually gives way to the lush, velvety softness of magnolia and sandalwood, while whispers of patchouli and musk linger in the background like a sun-kissed meadow on a gentle summer breeze."
"['geranium', 'freesia', 'bergamot', 'green notes', 'rose', 'iris', 'orchid', 'magnolia', 'jasmine', 'lily-of-the-valley', 'vanilla', 'amber', 'patchouli', 'musk', 'cedar']","This fragrance whispers a romantic secret, weaving together the sweet freshness of geranium and freesia, the bright citrus zip of bergamot, and the lush greenery of rose and iris, all wrapped in the soft, golden warmth of vanilla, amber, and musk, with subtle undertones of patchouli and cedar that evoke a moonlit garden on a warm summer night."
"['cognac', 'dyer\x92s greenweed', 'bergamot', 'champaca', 'orchid', 'jasmine', 'violet', 'marron glace', 'vanilla', 'sandalwood', 'amber']","As the fragrance unfurls, it's like stepping into a sun-drenched orchard on a warm summer afternoon, where the sweetness of ripe fruit and the earthy warmth of cognac mingle with the heady aroma of jasmine and violet, all anchored by the smooth richness of sandalwood and vanilla."
"['ambrette (musk mallow)', 'freesia', 'bergamot', 'rose', 'osmanthus', 'kephalis', 'musk', 'vetiver', 'virginia cedar']","As the fragrance unfurls, a warm sun-drenched field of freesia and rose petals blooms beneath bergamot's citrusy whisper, while ambrette's sweet musk mallow and osmanthus's luscious fruitiness intertwine with the earthy depth of kephalis and vetiver, all anchored by the sturdy, woody presence of virginia cedar and a subtle undercurrent of sensual musk."
"['mango blossom', 'mandarin orange', 'tahitian gardenia', 'artemisia', 'frangipani', 'tiare flower', 'pepper', 'violet leaf', 'amber', 'tolu balsam', 'sandalwood']","As you bring the fragrance to your nose, a sunny orchard springs to life, with sweet mango blossoms and juicy mandarin oranges mingling with the lush, floral aroma of Tahitian gardenia, while a subtle whisper of pepper and violet leaf adds depth and complexity, all resting on a warm bed of amber and sandalwood that seems to radiate from within."
"['pear', 'bergamot', 'bitter orange', 'freesia', 'pomarose', 'mahonial', 'ambroxan', 'iso e super', 'sylkolide', 'virginia cedar', 'belambra tree']","As the fragrance unfurls, a burst of sunny optimism arrives, like biting into a crisp pear on a warm summer morning, its sweetness tempered by a splash of citrusy bergamot and a hint of bitter orange zest, as fresh freesia blooms and pomarose's subtle warmth wafts in, all set against a rich tapestry of mahonial's velvety depth and ambroxan's golden glow, finally settling into the comforting embrace of iso e super's soft woods and sylkolide's gentle muskiness, with a grounding foundation of virginia cedar's rugged earthiness and belambra tree's wispy whispers."
"['grapefruit', 'bergamot', 'frangipani', 'orchid', 'amber', 'driftwood', 'musk']","As the scent unwinds, a burst of citrusy freshness, like the first rays of sunlight on a dewy morning, combines with sweet frangipani and orchid petals to create a heady aroma that's simultaneously uplifting and alluring, settling into a warm, golden amber glow reminiscent of driftwood weathered by the sea, all while a subtle musk whispers secrets in your ear."
"['yuzu', 'bamboo', 'kumquat', 'rose', 'lotus', 'apple', 'jasmine', 'musk', 'sandalwood', 'cedar', 'woodsy notes']","As you lift the bottle to your nose, a burst of citrusy freshness explodes with the zesty tang of yuzu and kumquat, harmonizing with the gentle greenness of bamboo and the sweet, floral whispers of rose and jasmine, all underpinned by the warm, earthy hum of sandalwood, cedar, and musk, like stepping into a sun-drenched forest glade on a crisp spring morning."
"['hyacinth', 'cassis', 'red apple', 'amalfi lemon', 'red poppy', 'lime (linden) blossom', 'honeysuckle', 'jasmine', 'magnolia', 'musk', 'patchouli', 'orris root']","This fragrance whisks you away to a sun-kissed Mediterranean hillside, where the sweet scent of blooming honeysuckle and jasmine intertwines with the tangy zest of Amalfi lemon and red apple, all underpinned by the earthy richness of patchouli and the subtle muskiness of orris root."
"['calabrian bergamot', 'grapefruit', 'freesia', 'lily-of-the-valley', 'white musk', 'woodsy notes']","As the fragrance unfurls, a radiant blend of citrusy sunbeams and sweet floral whispers awakens, transporting you to a lush meadow on a warm summer morning, where calabrian bergamot's zesty freshness mingles with grapefruit's tanginess, freesia's airy lightness, lily-of-the-valley's subtle elegance, and white musk's creamy softness, all set against a sturdy backdrop of woody notes that ground the scent in earthy harmony."
"['tangerine blossom', 'salt', 'artemisia', 'hibiscus', 'orchid', 'water lily', 'amber', 'musk', 'cedar']","As the scent unwinds, it's like a warm summer breeze carrying the sweet, heady essence of tangerine blossoms and hibiscus, with the subtle tang of salt and the earthy depth of cedar, all wrapped in a soft, lush blanket of orchid and water lily, subtly sweetened by the golden warmth of amber and musk."
"['coconut', 'orchid', 'rose', 'peony', 'vanilla', 'patchouli', 'jasmine', 'labdanum', 'incense', 'tobacco leaf', 'precious woods']","As the fragrance unfurls, it's like walking into a lush, tropical garden on a warm summer morning, where the sweet scent of coconut and vanilla mingle with the heady aroma of jasmine and orchid, surrounded by the earthy richness of patchouli and precious woods, all tied together with the subtle smokiness of incense and the whisper of rose and peony petals."
"['water lily', 'lotus', 'bergamot', 'pineapple', 'lily-of-the-valley', 'jasmine', 'musk', 'sandalwood', 'vanilla', 'amber']","This fragrance whisks you away to a serene tropical oasis on a warm summer morning, where the sweet scent of ripened pineapple and lotus flowers mingle with the freshness of bergamot, as subtle hints of water lily and lily-of-the-valley waft in like a gentle mist, all grounded by the rich, woody warmth of sandalwood, vanilla's creamy softness, and the sultry allure of jasmine and musk."
"['hiacynth', 'wisteria', 'freesia', 'peony', 'sweet pea', 'apple', 'bergamot', 'pineapple', 'lily-of-the-valley', 'lily', 'jasmine', 'magnolia', 'tea rose', 'rose', 'orchid', 'poppy', 'musk', 'cedar', 'sandalwood', 'dark woodsy notes', 'brazilian rosewood', 'amber']","This fragrance whispers a secret garden to life, where sun-drenched fields of freesia and sweet pea mingle with the heady sweetness of peony and rose, while the freshness of bergamot and apple adds a lively zest, all grounded in the earthy warmth of sandalwood, cedar, and dark woodsy notes that evoke the ancient wisdom of forest floors."
"['melon', 'lotus', 'lemon', 'pineapple', 'quince', 'calone', 'lily', 'black currant', 'lotus', 'water lily', 'lily-of-the-valley', 'jasmine', 'honey', 'hawthorn', 'rose', 'musk', 'vetiver', 'violet root', 'raspberry', 'blackberry', 'peach', 'sandalwood', 'vanilla']","As the fragrance unfurls, a sweet serenade of juicy pineapple and ripe peach harmonizes with the freshness of lemon and calone, like a sun-kissed summer day spent lounging among lotus blossoms, while subtle whispers of rose, jasmine, and honey linger in the air, tempered by the earthy depth of sandalwood and the creamy softness of vanilla."
"['pink pepper', 'peony', 'litchi', 'petalia', 'musk', 'white cedar extract', 'amber']","This fragrance transports you to a sun-kissed meadow on a warm summer day, where the sweetness of fresh peony and litchi mingle with the subtle spiciness of pink pepper, all wrapped in a comforting blanket of soft musk and the earthy warmth of petalia, nestled among the rustic scent of white cedar extract and the golden richness of amber."
"['litchi', 'cassis', 'mandarin orange', 'water lily', 'peony', 'jasmine', 'ambroxan', 'praline', 'musk', 'vanilla', 'oak moss']","This fragrance whispers sweet nothings, transporting you to a sun-drenched orchard where juicy mandarin oranges and ripe litchis ripen on the branch, their tender sweetness intertwining with the heady allure of jasmine and peony, as cassis adds a tartness and water lily brings freshness to the lush garden, all while praline's warm, caramelized charm mingles with the earthy depths of oak moss, musk, and vanilla."
"['calone', 'coconut', 'mint', 'lily-of-the-valley', 'snowdrops', 'iris', 'mate', 'galbanum', 'olibanum', 'white rose', 'musk', 'vanilla', 'oakmoss', 'ambrette (musk mallow)', 'cedar', 'synthetic civet', 'tonka bean']","As the scent unfolds, a refreshing wave of calone and minty coolness crashes against the warmth of coconut and vanilla, like a sun-drenched beach on a summer morning, where delicate snowdrops and lily-of-the-valley petals dance in the gentle breeze, surrounded by the subtle sweetness of white rose and the earthy depth of oakmoss and cedar."
"['lemon', 'pear', 'violet leaf', 'black currant', 'peony', 'jasmine sambac', 'jasmine', 'cedar', 'cashmere wood']","This fragrance unfolds like a sun-kissed meadow on a warm summer day, where the sweetness of ripened pear and blackcurrant mingle with the bright, citrusy zest of lemon, all wrapped in a soft, velvety blanket of jasmine-scented petals and the earthy depth of cedar and cashmere wood."
"['water notes', 'citruses', 'ginger', 'coriander', 'virginia cedar', 'musk']","As the scent unfolds, a refreshing splash of water notes awakens the senses, followed by a vibrant symphony of citruses that zestfully harmonizes with the warm, spicy kick of ginger and coriander, all anchored by the earthy, woody depth of virginia cedar, slowly surrendering to the sensual allure of musk."
"['citruses', 'litchi', 'ivy', 'black currant', 'water lily', 'peony', 'rose', 'jasmine', 'raspberry', 'apricot', 'musk', 'sandalwood', 'amber']","As the fragrance unfurls, a symphony of sun-drenched citruses and juicy raspberries greets you, followed by the sweet allure of litchi and black currant, as the lush scent of ivy and water lily blooms beneath, woven together with the soft petal-softness of peony and rose, while subtle hints of jasmine and apricot add a whisper of romance, all settling into a warm embrace of musk, sandalwood, and amber that beckons you to linger."
"['aldehydes', 'coriander', 'peach', 'bergamot', 'lemon', 'lilac', 'orris root', 'ylang-ylang', 'lily-of-the-valley', 'rose', 'jasmine', 'civet', 'sandalwood', 'musk', 'benzoin', 'vetiver', 'vanilla', 'peru balsam', 'amber', 'tonka bean']","As the fragrance unfurls, a radiant warmth of golden sunlight and sun-kissed fields of peach blossom mingles with the zesty zest of bergamot and lemon, transporting you to a lush garden on a warm summer day where lilac petals softly flutter and orris root whispers secrets to ylang-ylang's sweet serenade, as lily-of-the-valley's delicate charm and rose's gentle caress mingle with jasmine's sultry allure, all set against a rich tapestry of sandalwood, musk, and amber that deepens into the comforting warmth of benzoin, vetiver, and vanilla, with just a hint of tonka bean's creamy mystery and peru balsam's smoky undertones."
"['grass', 'nectarine', 'pear blossom', 'jasmine', 'white musk', 'vanilla']","As the fragrance unfurls, a lush meadow awakens, where the sweetest nectarines and pears ripen in the warm sun, their juicy essence entwined with the delicate whispers of jasmine and pear blossom, all set against a soft, creamy backdrop of vanilla, like a gentle summer breeze on a freshly cut lawn."
"['aquozone', 'ginger', 'bergamot', 'lavender', 'sage', 'patchouli', 'oakmoss', 'sandalwood', 'amber']","As you spritz this enchanting scent, a refreshing oasis unfurls on your skin, where the crisp aqua freshness of bergamot and ginger mingle with the soothing calm of lavender and sage, while the earthy richness of patchouli and oakmoss deepens into a warm embrace of sandalwood and amber."
"['bergamot', 'citruses', 'calone', 'neroli', 'seaweed', 'cypress', 'ambergris', 'cedar']","This fragrance transports you to a sun-kissed Mediterranean coast, where the bright, citrusy scent of bergamot and citruses mingles with the fresh, oceanic aroma of calone and seaweed, all wrapped in a warm, woody hug from neroli, cypress, ambergris, and cedar."
"['aldehydes', 'narcissus', 'jasmine', 'lily-of-the-valley', 'iris', 'lilac', 'rose', 'tuberose', 'vetyver', 'musk', 'sandalwood', 'tonka bean', 'amber']","This fragrance unfurls like a sunny day in a lush garden, where the sweet scent of narcissus and jasmine intertwine with the freshness of lily-of-the-valley and rose, all wrapped in a warm embrace of sandalwood and amber, as subtle hints of vetyver and tonka bean add depth to the air."
"['pear', 'aldehydes', 'suede', 'ginger', 'black pepper', 'daim', 'tonka bean', 'vetiver', 'musk']","This fragrance whisks you away to a sun-drenched orchard on a crisp autumn morning, where the sweetness of ripe pears mingles with the warm, spicy whispers of ginger and black pepper, wrapped in a soft suede blanket and underscored by the earthy depth of vetiver and musk."
"['ginger', 'lily-of-the-valley', 'peony', 'musk', 'woody notes']","This scent whispers secrets of a sun-kissed meadow on a warm summer day, where the spicy warmth of ginger and woody undertones mingle with the sweet innocence of lily-of-the-valley and peony, all grounded by the soft, sensual allure of musk."
"['iris', 'raspberry', 'vanilla']","This fragrance whispers sweet nothings of a sun-kissed afternoon, where the luscious sweetness of ripe raspberries mingles with the gentle creaminess of vanilla, all under the soft, powdery veil of delicate iris petals."
"['green apple', 'peony', 'jasmine', 'musk', 'white cedar extract']","As you lift the bottle to your nose, a burst of crisp green apple freshness explodes into a lush bouquet of peony petals and heady jasmine, all wrapped in the warm embrace of musk and the earthy depth of white cedar, evoking the vibrant scent of a sun-kissed meadow on a summer day."
"['watery notes', 'ice', 'sage', 'lime', 'cardamom', 'artemisia', 'lavender', 'bourbon geranium', 'cedar', 'pepper', 'mountain air', 'musk', 'oakmoss', 'cedar', 'cashmeran', 'sandalwood', 'amber']","As the fragrance unfurls, a refreshing gust of mountain air carries wispy tendrils of watery notes and ice-crisp coolness, punctuated by the bright zing of lime and the warm, herbal whispers of sage, cardamom, and artemisia, all blending into a soothing tapestry of lavender, bourbon geranium, and cedar, subtly spiced with pepper, before deepening into a sensual embrace of musk, oakmoss, cashmeran, sandalwood, and amber."
"['aquozone', 'bergamot', 'lavender', 'sage', 'patchouli', 'red wine', 'hivernal®', 'sandalwood', 'musk', 'oak', 'amber']","As the scent unfolds, it's like stepping into a sun-drenched clearing on a crisp autumn morning, where the fresh cut grass and earthy undertones of sage and patchouli mingle with the warmth of sandalwood and musk, all beneath the rich, berry-like sweetness of bergamot and the deep, woody resonance of oak and amber."
"['litchi', 'water notes', 'mandarin orange', 'peony', 'rose', 'lily', 'musk', 'cedar']","As the fragrance unfurls, a warm and inviting aroma of ripened litchi fruit and juicy mandarin orange slices mingles with the soft petals of peony and rose, their delicate charm carried on a gentle breeze that stirs up the sweetness of fresh water notes, all set against the earthy backdrop of cedarwood, while the subtle whisper of musk and lily adds an air of sensual mystery."
"['litchi', 'neroli', 'ivy', 'peony', 'pink jasmine', 'mango', 'cassis', 'musk', 'tonka bean']","As the fragrance unfurls, a warm breeze carries the sweet essence of ripened mango and litchi fruits, entwined with the soft, sun-drenched petals of peony and pink jasmine, all set against the lush backdrop of ivy's verdant scent, with hints of cassis's tartness and tonka bean's rich, earthy depth, finishing with a subtle whisper of velvety musk."
"['amalfi lemon', 'granny smith apple', 'lily-of-the-valley', 'tea', 'peach', 'jasmine', 'virginia cedar', 'musk', 'amber']","As the fragrance unfurls, it's as if a warm Italian sun has awakened, transporting you to a lush garden where sweet Amalfi lemons and crisp Granny Smith apples mingle with the heady scent of lily-of-the-valley and the comforting warmth of steaming tea, all beneath the gentle rustle of jasmine petals and the rich, woody undertones of Virginia cedar, wrapped in a soft blanket of golden amber and subtle musk."
"['watery notes', 'water lily', 'lily-of-the-valley', 'peony', 'cyclamen', 'pear', 'musk']","As the fragrance unfurls, it's like stepping into a serene meadow on a warm summer morning, where the scent of fresh water and blooming flowers - think delicate water lily petals and sweet, heady peony - mingles with the tender sweetness of ripened pear, all wrapped in a soft, sensual musk that hints at the secrets hidden beneath the surface."
"['watery notes', 'lemon verbena', 'pink pepper', 'violet', 'aldehydes', 'basil', 'vetiver', 'cashmeran', 'musk', 'amber', 'leather']","As the fragrance unfurls, a splash of watery freshness and the zesty twinkle of lemon verbena dance across the senses, followed by the subtle warmth of pink pepper and the soft whisper of violet petals, as rich aldehydes mingle with the verdant sweetness of basil, earthy vetiver grounds the scent, while creamy cashmeran and smooth musk add depth, all culminating in a sumptuous blend of ambered leather that wraps around you like a warm embrace."
"['ivy', 'cassis', 'jasmine', 'ylang-ylang', 'peony', 'vanilla', 'musk', 'tonka bean', 'amber']","As the scent unfolds, you're enveloped in a lush, verdant aroma that's equal parts fresh ivy and sun-drenched jasmine, with sweet cassis and peony petals adding a juicy depth, all tied together by warm vanilla and rich tonka bean, and subtly grounded by the earthy musk and amber."
"['kumquat', 'bergamot', 'watermelon', 'peony', 'violet', 'lily-of-the-valley', 'gardenia', 'musk', 'white woods', 'sandalwood', 'patchouli']","As the scent unfolds, it's like stepping into a lush garden on a warm summer day, with the sweetness of ripened kumquat and watermelon mingling with the airy freshness of bergamot, surrounded by the delicate petals of peony and violet, while the subtle earthiness of patchouli and sandalwood provides a grounding foundation, all tied together with the soft, golden light of gardenia and lily-of-the-valley."
"['litchi', 'kumquat', 'fig leaf', 'ginger', 'tuberose', 'osmanthus', 'vanilla', 'palisander rosewood', 'amber']","As the fragrance unfurls, a juicy litchi sweetness bursts forth, accompanied by the tart zip of kumquat and the soft, green undertones of fig leaf, which meld with warm ginger spice to evoke the scent of a sun-kissed orchard, while tuberose and osmanthus add a lush, floral dimension that's tempered by the rich, comforting embrace of vanilla, all set against the smooth, woody backdrop of palisander rosewood and the golden warmth of amber."
"['ice', 'bergamot', 'salt', 'sage', 'oak']","This fragrance is a refreshing escape to a windswept coastal dawn, where the crisp bite of bergamot and the soothing calm of sage mingle with the invigorating chill of ice and the rugged warmth of oak, all underscored by the subtle nuance of salt-kissed air."
"['litchi', 'bergamot', 'orange blossom', 'peony', 'red apple', 'red rose', 'lily-of-the-valley', 'white musk', 'vetiver', 'sandalwood']","As the scent unfolds, a sweet and sunny bouquet of litchi and bergamot bursts forth, like a warm summer morning, accompanied by the tender whispers of orange blossom and peony, while the juiciness of red apple and red rose adds a playful touch, all settling into a soft, floral haze of lily-of-the-valley and white musk that's grounded by the earthy warmth of vetiver and sandalwood."
"['amalfi lemon', 'melon', 'granny smith apple', 'pear', 'lotus', 'freesia', 'lily-of-the-valley', 'violet', 'virginia cedar', 'amber', 'musk']","As you spritz this enchanting scent, the air is filled with the bright, citrusy zest of Amalfi lemons, mingling with sweet whispers of ripened melon and crisp Granny Smith apple, all harmonizing in a lush garden where lotus flowers bloom among freesia's delicate charm, their heady aroma intertwining with lily-of-the-valley's innocent sweetness and violet's subtle mystery, as the warmth of Virginia cedar and amber undertones softly glow, while musk's sensual allure wraps everything in its intimate embrace."
"['green apple', 'bergamot', 'ginger', 'water lily', 'peony', 'jasmine', 'musk', 'cedar', 'amber']","As you spritz on this fragrance, the scent of a sun-kissed orchard blooms in your senses, where sweet green apple and citrusy bergamot mingle with warm ginger sparks, surrounded by the luscious petals of water lily and peony, while jasmine whispers secrets and musk and cedar provide a sensual depth, all anchored to earthy amber like the scent of a forest floor."
"['watery notes', 'citruses', 'ice', 'spicy notes', 'australian sandalwood']","Imagine a sun-kissed beach at dawn, where the cool ocean breeze carries the crisp scent of citrus and spices, wafting through the air as the warmth of the day slowly thaws out the sweetness of watery notes and Australian sandalwood, leaving behind a refreshing trail that's as invigorating as a splash of ice-cold water on a hot summer morning."
"['citruses', 'passionfruit', 'vanilla orchid', 'peony', 'pine tree']","As the scent of sunshine-kissed citruses and juicy passionfruit mingles with the soft, creamy sweetness of vanilla orchid and the lush, romantic bloom of peony, a tranquil forest glade is revealed, its air filled with the crisp, refreshing essence of a pine tree standing tall in the midst."
"['pear', 'litchi', 'citruses', 'pineapple', 'lily-of-the-valley', 'mimosa', 'magnolia', 'vanilla', 'musk']","This fragrance is a sun-kissed gathering of fruit and flowers, where juicy pear and litchi mingle with the warmth of citrusy pineapple and the sweet innocence of lily-of-the-valley, all wrapped in a comforting blanket of vanilla and musk, like a lazy summer day spent lounging among blooming magnolias."
"['green apple', 'water notes', 'lemon', 'wild orchid', 'jasmine', 'magnolia', 'vanilla', 'sandalwood', 'amber']","As the scent unfolds, a juicy green apple slice is effortlessly lifted by a refreshing splash of cool water, carrying the brightness of lemon zest on its wake, as whispers of exotic wild orchid and jasmine bloom beneath, gradually giving way to the creamy sweetness of magnolia and the comforting warmth of sandalwood, all while a subtle golden glow of vanilla and amber lingers in the air."
"['pear', 'lemon', 'red berries', 'water lily', 'jasmine', 'violet', 'musk', 'cedar', 'amber']","As the fragrance unfurls, a sun-drenched orchard springs to life, where juicy pear and tart lemon mingle with plump red berries, their sweetness tempered by the freshness of water lily petals, while whispers of jasmine and violet add a romantic tenderness, all set against a warm, woody backdrop of cedar and amber."
"['lemon', 'lime', 'green apple', 'praline', 'peony', 'datura', 'apple blossom', 'white cedar extract', 'musk']","This fragrance bursts with the vitality of a sunny day, its citrusy zest of lemon and lime mingling with the sweetness of green apple and praline, as delicate petals of peony and apple blossom unfurl to reveal a smooth, woody foundation of white cedar extract and a sensual whisper of musk."
"['aldehydes', 'pink pepper', 'rose', 'violet', 'peony', 'orange', 'musk', 'woody notes']","As the fragrance unfurls, a whirlwind of sun-kissed peonies and freshly picked orange slices dance on your skin, surrounded by the warm, powdery whispers of rose petals and violet's sweet surrender, all anchored by the earthy solidity of woody notes and a hint of pink pepper's spicy zing, with a sensual musk lingering in the background like a whispered secret."
"['water notes', 'kiwi', 'citruses', 'red berries', 'green notes', 'lavender', 'artemisia', 'tarragon', 'nutmeg', 'suede', 'black tea', 'woodsy notes']","Here's a sentence that captures the vibe and smell of the fragrance:

Imagine yourself strolling through a lush meadow on a warm summer morning, surrounded by the sweet scent of fresh kiwi, tart citruses, and plump red berries, with hints of soft lavender and greenery wafting in from the nearby woods, all blended together with a subtle hint of nutmeg warmth and a smooth suede undertone that evokes memories of sun-drenched afternoons spent lounging on a blanket amidst the beauty of nature."
"['peony', 'ivy', 'mandarin orange', 'cyclamen', 'jasmine', 'lily-of-the-valley', 'driftwood', 'white musk']","This enchanting fragrance transports you to a lush, sun-kissed meadow on a warm spring morning, where the sweet scent of blooming peony and jasmine mingle with the freshness of mandarin orange, surrounded by the soft, green aroma of ivy and cyclamen, all grounded by the earthy driftwood and sensual allure of white musk."
"['cranberry', 'white tea', 'citruses', 'peony', 'jasmine', 'hedione', 'patchouli', 'white musk']","As the fragrance unfurls, it's like stepping into a sun-drenched orchard on a warm summer morning, where the sweetness of ripe cranberries and citrusy zing of fresh-squeezed juice mingle with the delicate petals of peony and jasmine, all set against a soft, powdery backdrop of white musk and patchouli's earthy undertones."
"['water notes', 'citruses', 'pink pepper', 'mountain air', 'edelweiss', 'white violet', 'cedar', 'musk', 'amber']","As the scent unfolds, it's like a refreshing mountain breeze on a sun-drenched day, carrying the sweet essence of blooming edelweiss and the subtle tang of citruses, with a sprinkle of warm pink pepper adding depth to the freshness, all while the earthy whispers of cedar and musk provide a grounding foundation, until finally, the warmth of amber settles in like a cozy campfire on a crisp evening."
"['melon', 'lily-of-the-valley', 'orris']","This scent is a sweet serenade of sun-kissed fields, where ripe melon and lily-of-the-valley blooms harmonize in a warm, golden light, subtly underpinned by the rich, earthy allure of orris."
"['cascalone', 'hedione', 'neroli', 'sicilian bergamot', 'orange blossom', 'jasmine', 'musk', 'balsam fir', 'atlas cedar', 'heliotrope']","This enchanting fragrance whispers sweet nothings of a sun-kissed Mediterranean morning, where the air is alive with the freshness of Sicilian bergamot and orange blossom, warmed by the gentle glow of neroli and jasmine, all swirled together with the sensual allure of musk, the rustic charm of balsam fir and atlas cedar, and the soft, golden light of heliotrope."
"['ice cream', 'ozonic notes', 'vodka', 'birch', 'fir', 'snowdrops', 'lily-of-the-valley', 'white flowers', 'snow', 'ice', 'linen']","As the fragrance unfurls, it's like stepping into a winter wonderland, where the sweetness of freshly fallen snow and the crystalline clarity of vodka mingle with the heady scent of white flowers and the crisp freshness of linen, all underpinned by the earthy warmth of fir and birch trees."
"['lemon', 'passionfruit', 'blackberry', 'lily-of-the-valley', 'taif rose', 'parma violet', 'palisander rosewood', 'musk', 'patchouli']","As the fragrance unfurls, a radiant sunbeam of citrusy lemon and succulent passionfruit bursts forth, mingling with lush blackberry sweetness and the tender charm of lily-of-the-valley, while taif rose and parma violet add whispers of exotic mystery, all grounded by the earthy richness of palisander rosewood and the sensual allure of musk and patchouli."
"['green apple', 'cassis', 'peony', 'jasmine', 'white musk', 'benzoin']","As you lift the veil of this enchanting scent, a burst of crisp green apple freshness is met with the luscious sweetness of ripened cassis and peony petals, weaving together in a sultry dance that's warmed by the gentle caress of jasmine's subtle charm, all set against a soft, powdery backdrop of white musk and the comforting glow of benzoin."
"['grass', 'lemon', 'wild rose', 'wildflowers', 'pear', 'tonka bean', 'cedar']","This fragrance transports you to a sun-kissed meadow on a warm summer day, where the sweet scent of blooming wildflowers and ripe pears mingles with the bright zest of lemon and the earthy richness of tonka bean, all underpinned by the rustic charm of cedar wood and the tender allure of wild rose."
"['peony', 'passionfruit', 'ginger', 'violet', 'musk']","This fragrance whispers secrets of a sun-kissed garden, where the sweet essence of peonies and violet flowers mingle with the tangy zing of passionfruit and the warm spice of ginger, all wrapped in a soft, seductive embrace of musk."
"['guava', 'peony', 'palm leaf', 'palm tree']","As the scent unfolds, a burst of juicy guava and lush peony blooms transport you to a sun-kissed island where palm fronds rustle in the warm breeze, carrying the sweet essence of tropical paradise."
"['pear', 'citruses', 'bergamot', 'ginger', 'tea', 'floral notes', 'rhubarb', 'fennel', 'musk', 'sandalwood']","As the fragrance unfurls, it's like walking into a sun-drenched orchard on a warm summer morning, where the sweet tartness of ripening pears blends with the zesty freshness of citrusy bergamot and ginger, transporting you to a tranquil haven of floral notes, soothing tea-scented calm, and earthy undertones that evoke the whispers of rhubarb and fennel beneath a bed of creamy musk and sandalwood."
"['watery notes', 'bergamot', 'peach', 'ivy', 'jasmine', 'bellflower', 'peony', 'white musk', 'moss']","This fragrance wafts in on a warm, sun-drenched breeze, carrying the refreshing scent of wet earth and bergamot, followed by the sweet ripeness of peaches and the lush greenery of ivy, with delicate jasmine petals and bellflower blooms adding a subtle, airy lightness, all grounded by the soft, powdery depth of white musk and the damp, mossy richness of the earth itself."
"['melon', 'lily-of-the-valley', 'orris root']","This fragrance whispers sweet nothings of a sun-kissed meadow on a warm summer morning, where juicy melon rinds and freshly picked lily-of-the-valley petals mingle with the earthy richness of orris root, evoking the carefree joy of childhood afternoons spent playing in nature's splendor."
"['mountain air', 'melon', 'jasmine', 'orange blossom', 'vanilla', 'musk', 'sandalwood']","As the fragrance unfurls, it's like taking a breath of crisp mountain air on a warm summer day, with sweet hints of ripe melon and sun-kissed jasmine, all wrapped in a soft blanket of creamy orange blossom and comforting vanilla, grounded by the earthy warmth of sandalwood and subtle whispers of musk."
"['grapefruit blossom', 'green tea', 'pink pepper', 'peony', 'rose', 'lily-of-the-valley', 'vanilla', 'cedar', 'musk']","This fragrance whispers a gentle morning serenade, transporting you to a sun-drenched garden where juicy grapefruit blossoms and sweet green tea entwine with the softness of pink pepper and peony, as rose petals unfurl like tender leaves, all surrounded by the heady aroma of lily-of-the-valley and warmed by the comforting sweetness of vanilla, nestled within a subtle cedarwood cradle that subtly yields to the sensual allure of musk."
"['nectarine', 'italian lemon', 'orange blossom', 'peony', 'tonka bean', 'sandalwood', 'musk']","As the scent unfolds, a sweet and tangy nectarine ripeness bursts forth, accompanied by the bright, citrusy zing of Italian lemons and the heady, sunny allure of orange blossoms, which swirl together with the lush, floral softness of peonies to create a warm, comforting bouquet that's further deepened by the rich, woody tones of sandalwood and the subtle, sensual nuance of tonka bean, finishing with a whisper of musk that leaves you feeling wrapped in its gentle embrace."
"['pear', 'peony', 'violet', 'musk', 'cedar']","This fragrance is a warm embrace on a sun-drenched afternoon, where the sweetly ripened juice of fresh pears mingles with the lush petals of peonies and the subtle hint of violet's whispery softness, all tied together by the earthy warmth of cedar and the sensual allure of musk."
"['grass', 'lily-of-the-valley', 'wildflowers', 'woodsy notes', 'musk']","This fragrance whisks you away to a sun-kissed meadow on a warm summer day, where the sweet scent of blooming lilies and wildflowers mingles with the earthy freshness of newly cut grass and the subtle warmth of woodlands, all infused with the sensual allure of soft musk."
"['fabric', 'jasmine', 'ambroxan']","This fragrance whispers a soft, gentle warmth that wraps around you like a favorite blanket, its sweet jasmine petals and comforting fabric textures mingling with the subtle, sun-kissed nuance of ambroxan to evoke the serene tranquility of a lazy summer morning."
"['snow', 'ginger', 'cinnamon', 'jasmine', 'pink peony', 'rose', 'musk', 'amber', 'sandalwood']","As the fragrance unfurls, a winter wonderland of snow-kissed freshness mingles with the warm spices of ginger and cinnamon, transporting you to a sun-drenched garden where jasmine petals and pink peony blooms mingle with the tender touch of rose, all wrapped in the comforting embrace of musk, amber, and sandalwood."
"['citruses', 'green notes', 'watery notes', 'mint', 'peony', 'apple', 'rose', 'lily-of-the-valley', 'plum', 'musk', 'woody notes', 'amber']","As the scent unfolds, a symphony of fresh citruses and green notes awakens the senses, followed by the invigorating chill of mint, which harmonizes with the sweetness of apple and the subtle nuance of rose, all set against a backdrop of watery freshness that subtly yields to the luscious plum and the intoxicating allure of peony, as the warmth of musk and the comforting depth of woody notes bring balance to the blend, ultimately resting on a soft bed of golden amber."
"['pear', 'passionfruit', 'bergamot', 'peony', 'rose', 'lily-of-the-valley', 'musk', 'vanilla', 'amber']","This fragrance whispers sweet nothings of a sunny afternoon, its pear and passionfruit nuances dancing across the skin like the gentle rustle of leaves in a warm breeze, as bergamot's citrus zest adds a splash of vitality, while peony and rose petals unfurl like delicate flowers, lily-of-the-valley's subtle charm wafting through like a whispered secret, all anchored by the comforting warmth of vanilla and amber."
"['litchi', 'cocktail fruits', 'bergamot', 'peach blossom', 'peony', 'lily of the valley', 'jasmine sambac', 'tiare flower', 'white musk', 'vanilla', 'patchouli', 'sandalwood']","As you spritz this fragrance, a symphony of juicy litchi and cocktail fruits bursts forth, transporting you to a sun-kissed orchard where bergamot's bright citrus radiance and peach blossom's soft petals mingle with the heady sweetness of peony and lily of the valley, all swirled together with the intoxicating allure of jasmine sambac and tiare flower, grounded by the warmth of white musk, vanilla, patchouli, and sandalwood."
"['calabrian bergamot', 'pepper', 'sichuan pepper', 'lavender', 'pink pepper', 'vetiver', 'patchouli', 'geranium', 'elemi', 'ambroxan', 'cedar', 'labdanum']","This fragrance transports you to a sun-kissed Mediterranean hillside, where the air is alive with the crisp freshness of bergamot, the warm spiciness of pepper and sichuan pepper, and the soft, herbaceous whispers of lavender, pink pepper, and geranium, all nestled among the earthy richness of vetiver, patchouli, elemi, ambroxan, cedar, and labdanum."
"['bergamot', 'sichuan pepper', 'lavender', 'star anise', 'nutmeg', 'ambroxan', 'vanilla']","As the fragrance unfurls, it's like stepping into a sun-kissed meadow on a warm summer morning, where the air is filled with the sweet, herbal freshness of bergamot and the subtle spice of sichuan pepper, entwined with the soft, comforting warmth of lavender and the whimsical charm of star anise, all anchored by the rich, creamy sweetness of vanilla and nutmeg."
"['bergamot', 'pepper', 'lavender', 'metallic notes', 'watery notes', 'coal', 'soil tincture', 'ambroxan', 'patchouli']","As the scent unfolds, a burst of citrusy bergamot and spicy pepper greets the senses, quickly giving way to a soothing tapestry of fresh lavender and earthy undertones, punctuated by the subtle shimmer of metallic notes and the soft murmur of watery ripples, all set against a rich backdrop of smoky coal and damp soil that deepens into a sensual ambroxan warmth, finally settling into the comforting familiarity of patchouli's herbaceous charm."
"['violet leaf', 'artemisia', 'mandarin orange', 'white pepper', 'cedar', 'nutmeg', 'white musk', 'tonka bean', 'vetiver']","This enchanting fragrance whisks you away to a sun-kissed meadow on a warm summer morning, where the sweet aroma of mandarin oranges and nutmeg mingle with the earthy freshness of violet leaf and artemisia, all grounded by the subtle warmth of cedar and white pepper."
"['caraway', 'cinnamon', 'pink nerium oleander', 'damask rose', 'tea', 'geranium', 'jasmine', 'agarwood (oud)', 'olibanum', 'patchouli', 'amber', 'sandalowood', 'guaiac wood', 'vanilla', 'orris root', 'musk']","As the fragrance unfurls, a warm blanket of caraway and cinnamon wraps around you, transporting you to a sun-drenched orchard where damask rose petals gently fall among the tea-scented leaves of nerium oleander, its subtle sweetness tempered by the earthy undertones of geranium, jasmine, and patchouli, while agarwood's rich depth adds a sense of ancient wisdom, all underscored by the soft glow of vanilla and amber, with wisps of sandalwood and guaiac wood providing a rustic framework, and finally, orris root and musk whisper sweet nothings in your ear."
"['ginger', 'pepper', 'black basil', 'sage', 'cedar', 'amber', 'suede', 'brazilian redwood', 'patchouli']","This scent is like walking through a sun-kissed forest, where the warmth of ginger and pepper spices mingle with the earthy richness of black basil and sage, all underlaid by the rustic charm of cedar and suede, as the air is sweetened by the smooth, woody depth of amber and Brazilian redwood, and subtly infused with the herbal, slightly wild hint of patchouli."
"['nutmeg', 'plum', 'mace', 'rose', 'tuberose', 'jasmine', 'orchid', 'ylang-ylang', 'orange blossom', 'sandalwood', 'amber', 'vanilla', 'cashmere wood', 'cedar', 'wormwood', 'orris']","As the fragrance unfurls, a warm golden light emanates from its heart, carrying the sweet whispers of rose and tuberose, the lush plum undertones, and the comforting presence of sandalwood and amber, all wrapped in a subtle haze of nutmeg and cedar, with the tender touch of orange blossom and vanilla wafting softly like a summer breeze."
"['black pepper', 'cardamom', 'caraway', 'rose', 'nutmeg', 'sandalwood']","As the fragrance unfurls, a burst of sun-kissed excitement radiates from the blend of spicy black pepper and warm cardamom, with subtle whispers of caraway and nutmeg lingering in its wake, ultimately surrendering to the soft, golden glow of rose and sandalwood that warms the senses like a cozy afternoon in a lush garden."
"['lemon leaf', 'bergamot', 'tamarind', 'elemi', 'white pepper', 'nutmeg', 'cardamom', 'violet', 'cedar', 'musk', 'oakmoss', 'amber']","This fragrance whispers a sunny day's promise of adventure, with the brightness of lemon leaf and bergamot zest giving way to a warm, spicy tapestry of tamarind, elemi, and white pepper, while nutmeg and cardamom add a comforting depth, like a cozy afternoon spent lounging amidst blooming violets, all held together by the earthy, woody embrace of cedar and the subtle allure of musk, oakmoss, and amber."
"['sichuan pepper', 'cardamom', 'bergamot', 'neroli', 'tobacco leaf', 'incense', 'juniper berries', 'leather', 'cypriol oil or nagarmotha', 'tonka bean', 'musk']","As you lift the fragrance to your nose, a burst of zesty bergamot and cardamom greets you like a warm summer morning, while sichuan pepper's subtle spiciness tickles the senses, leading into a rich tapestry of incense-kissed spices, woods, and smooth leather, all woven together by the sweetness of neroli and the earthy undertones of juniper berries, cypriol oil, and tonka bean, with the dark, sensual allure of tobacco leaf and musk lingering in the shadows."
"['tea', 'artemisia', 'bergamot', 'orange blossom', 'bitter orange', 'pepper', 'cardamom', 'coriander', 'musk', 'woody notes', 'jasmine', 'amber', 'rose']","As the fragrance unfurls, a warm sunbeam of bergamot and tea whispers secrets to the senses, surrounded by the lush greenery of artemisia and the sweet, floral breeze of orange blossom, while hints of pepper, cardamom, and coriander add a spicy depth, all blending together in perfect harmony with musk, woody notes, jasmine, amber, and rose."
"['violet leaf', 'basil', 'star anise', 'bergamot', 'pink pepper', 'nutmeg', 'vetiver', 'patchouli']","As the fragrance unfurls, it's like stepping into a sun-kissed meadow on a warm summer day, with the sweetness of fresh violet leaf and the brightness of bergamot mingling with the earthy warmth of nutmeg and star anise, while subtle hints of pink pepper and basil add a playful whimsy, all anchored by the rich, herbaceous depth of patchouli and vetiver."
"['grapefruit', 'bergamot', 'pepper', 'lavender', 'cardamom', 'artemisia', 'cedar', 'vetiver', 'olibanum']","As the fragrance unfurls, a burst of zesty grapefruit and bergamot zest awakens the senses, followed by a warm whisper of pepper and cardamom that weaves together with the soothing softness of lavender, as earthy notes of artemisia, cedar, vetiver, and olibanum deepen the scent to evoke the crisp, sun-drenched air of a Mediterranean morning."
"['anise', 'dill', 'mint', 'lavender', 'beech', 'thyme', 'lemon', 'leather', 'cashmere wood', 'osmanthus', 'pepper', 'geranium', 'white amber', 'cashmeran', 'vanilla']","This fragrance whispers a warm, sun-kissed breeze infused with the freshness of mint and dill, as anise and thyme add a subtle sweetness, while lavender and beech wood provide a soft, comforting foundation, all wrapped in a rich leather and vanilla embrace."
"['rosemary', 'lemon blossom', 'orange', 'yellow mandarin', 'nutmeg', 'cloves', 'geranium', 'juniper', 'cedar', 'lavender', 'oakmoss', 'birch', 'leather']","This fragrance whispers a bright and airy welcome, like strolling through a sun-kissed meadow on a warm morning, where the scent of fresh rosemary mingles with the sweetness of lemon blossom, the zestiness of orange, and the warmth of nutmeg, all set against a soft backdrop of geranium's gentle petal-softness and the earthy richness of juniper, cedar, and oakmoss, with subtle hints of clove's spicy depth and leather's supple smoothness, like a gentle breeze carrying the promise of adventure and relaxation."
"['mandarin orange', 'pepper', 'bergamot', 'pomegranate', 'peony', 'yellow poppy', 'jasmine', 'benzoin', 'vanilla', 'cedar']","This fragrance is a sun-kissed haven, where the vibrant zest of mandarin orange and bergamot bursts forth with fresh pepper sparks, unfolding into a lush tapestry of pomegranate sweetness, peony softness, and jasmine whispers, all warmed by the gentle glow of benzoin vanilla and grounded by the rustic charm of yellow poppy and cedar."
"['nutmeg', 'saffron', 'olibanum', 'white pepper', 'rose', 'cloves', 'woody notes', 'amber', 'patchouli', 'vanilla', 'olibanum']","As the scent unfolds, it's as if a warm sunbeam has awakened the spices of life - nutmeg and cloves - which mingle with the soft petals of rose and the earthy whispers of patchouli, all grounded in the rich warmth of amber and vanilla, like a cozy afternoon spent amidst the rustic charm of a fragrant spice market."
"['pepper', 'lavender', 'cardamom', 'watercress', 'vanille', 'patchouli']","This fragrance unfolds like a warm summer day in the countryside, with the freshness of pepper and watercress mingling with the soothing softness of lavender and cardamom, while vanilla adds a comforting richness and patchouli provides a grounding depth."
"['pink pepper', 'pepper', 'geranium', 'elemi', 'nutmeg', 'incense', 'vetiver', 'virginia cedar', 'musk', 'tonka bean', 'patchouli']","This fragrance whispers secrets of a sun-kissed morning, where the tender warmth of pink pepper and nutmeg gently awakens the senses, mingling with the sweet innocence of geranium and the earthy depth of elemi, as the subtle smokiness of incense and patchouli provides a mystical backdrop, all held together by the smooth, woody presence of virginia cedar and musk."
"['basil', 'bitter orange', 'black pepper', 'lavender', 'rosemary', 'geranium', 'white musk', 'moss', 'leather', 'tonka bean']","This scent transports you to a sun-kissed meadow, where the freshness of basil and bitter orange mingles with the earthy warmth of moss and leather, as lavender and rosemary whisper secrets in the breeze, all anchored by the soft, powdery texture of geranium and tonka bean."
"['black pepper', 'citron', 'violet', 'thyme', 'geranium', 'vetiver', 'woody notes']","As you spritz this enchanting fragrance, the air is filled with the invigorating zing of freshly cracked black pepper, which instantly awakens the senses and whisks you away to a sun-drenched meadow where citron's sweet tartness mingles with the soft, velvety petals of violet, all underscored by the earthy warmth of thyme and geranium, while vetiver's subtle dryness and woody notes provide a sturdy foundation that grounds this airy symphony in a sense of rustic tranquility."
"['black pepper', 'sicilian lemon', 'pink pepper', 'floral notes', 'cedar', 'agarwood (oud)', 'white musk', 'oakmoss', 'amber']","As the fragrance unfurls, a burst of sun-kissed Sicilian lemon and warm black pepper crackles with energy, surrounded by the soft, powdery sweetness of pink pepper, while subtle floral whispers mingle with the rich, woody depths of cedar and oud, all grounded in the earthy darkness of oakmoss and the golden warmth of amber, finished with a whisper of white musk that leaves a sensual glow."
"['pink pepper', 'pepperwood\x99', 'woodsy notes', 'vetyver', 'elemi resin', 'benzoin', 'oak moss', 'patchouli']","This fragrance whispers a warm, earthy promise of adventure, its pink pepper and pepperwood essence crackling like a campfire on a crisp morning, as woody notes of vetyver and elemi resin mingle with the gentle sweetness of benzoin and the mossy verdancy of oak and patchouli, transporting you to a sun-drenched forest glade where nature's secrets await."
"['geranium', 'black currant', 'sichuan pepper', 'leather', 'rose', 'vetiver', 'cedar']","Imagine a sun-drenched meadow on a warm summer day, where the sweet aroma of fresh black currants mingles with the earthy scent of leather and the spicy zing of Sichuan pepper, all wrapped in the soft, floral embrace of rose and anchored by the rich, woody depth of cedar and vetiver."
"['violet leaf', 'mandarin orange', 'rosemary', 'bergamot', 'bay leaf', 'incense', 'nutmeg', 'mint', 'cypress', 'sandalwood', 'guaiac wood', 'musk', 'amber']","As the scent unfolds, a sun-kissed meadow awakens on your skin, with the sweet, earthy charm of violet leaf and rosemary mingling with the zesty freshness of mandarin orange and bergamot, while subtle hints of incense, nutmeg, and bay leaf add depth to the lush bouquet, which settles into a warm, woody embrace of sandalwood, guaiac wood, and cypress, softened by the gentle caress of musk and amber."
"['bergamot', 'white pepper', 'yellow freesia', 'honeysuckle', 'gardenia', 'jasmine', 'cedar', 'musk']","As you lift the scent to your nose, a burst of citrusy sunshine bursts forth, carrying the gentle tang of bergamot and the subtle crackle of white pepper, which gradually unfurls into a lush tapestry of sweet yellow freesia, heady honeysuckle, and intoxicating gardenia, all wrapped in the soft, sensual warmth of jasmine and anchored by the earthy richness of cedar, finishing with a sultry whisper of musk that beckons you to take another sniff."
"['artemisia', 'bergamot', 'fruity notes', 'pepper', 'egyptian balsam', 'resins', 'caramel', 'cumin', 'leather', 'patchouli']","As you lift the bottle to your nose, a sun-kissed daybreak unfurls, with bergamot's bright citrusness mingling with peppery artemisia and sweet caramel, while subtle whispers of patchouli, cumin, and leather add depth to this warm, earthy scent, like walking through a field of ripe fruit on a lazy summer morning."
"['lavender', 'apple', 'black pepper', 'labdanum', 'leather', 'amber']","As the fragrance unfurls, a sun-kissed meadow bursts forth, with sweet apple whispers and gentle lavender caress mingling with the warmth of black pepper and the earthy richness of labdanum, all wrapped in a supple leather cloak that's infused with the golden, honeyed glow of amber."
"['basil', 'neroli', 'white musk', 'vetiver']","This fragrance whispers a warm, sun-kissed breeze through a lush garden on a summer morning, its sweet basil and neroli petals unfolding like a gentle mist, while the soft, creamy white musk and earthy vetiver provide a comforting foundation that grounds you in nature's serenity."
