embedding_id,anchor,positive,negative,negative_embedding_id
15979,warm spicy vanilla with almond and tonka,"Accords: soft spicy, sweet, anis. Notes: anise, licorice, violet, ivy, wormwood, basil, rum, tonka bean. Profile: It smells like sweet licorice and white flowers at first, then soft vanilla and powdery vanilla, finishing with a hint of earthy sweetness..","Accords: soft spicy, anis, amber. Notes: licorice, lime, star anise, cacao pod, violet, jasmine, amber, patchouli. Profile: It smells like licorice and citrus peel at first, then white flowers and jasmine, finishing with something earthy and slightly woody..",15009
15979,cozy rum and licorice scent,"Accords: soft spicy, sweet, anis. Notes: anise, licorice, violet, ivy, wormwood, basil, rum, tonka bean. Profile: It smells like sweet licorice and white flowers at first, then soft vanilla and powdery vanilla, finishing with a hint of earthy sweetness..","Accords: soft spicy, green, woody. Notes: lime, green notes, watery notes, licorice, guaiac wood. Profile: It smells like citrus peel and licorice at first, then settles into something woody and slightly sweet..",1558
15979,sweet woody perfume with anise,"Accords: soft spicy, sweet, anis. Notes: anise, licorice, violet, ivy, wormwood, basil, rum, tonka bean. Profile: It smells like sweet licorice and white flowers at first, then soft vanilla and powdery vanilla, finishing with a hint of earthy sweetness..","Accords: soft spicy, aromatic, anis. Notes: star anise, mint, grapefruit, coriander, oakmoss, amber. Profile: It smells like citrus peel and mint at first, then white flowers and moss, finishing with something earthy and slightly powdery..",5522
15391,fresh lavender cologne for men,"Accords: lavender, vanilla, aromatic. Notes: grapefruit, pink pepper, lavender, vetyver, vanille, amber. Profile: It smells like ripe grapefruit and spiced lavender at first, then creamy vanilla and warm vanilla, finishing with a hint of powdery amber..","Accords: lavender, vanilla, citrus. Notes: lavender, bergamot, lime, pineapple, lily-of-the-valley, orange, iris, vanilla. Profile: It smells like sweet lavender and citrus peel at first, then soft vanilla and powdery iris, finishing with something earthy and slightly floral..",17692
15391,citrus and pepper scent with vanilla,"Accords: lavender, vanilla, aromatic. Notes: grapefruit, pink pepper, lavender, vetyver, vanille, amber. Profile: It smells like ripe grapefruit and spiced lavender at first, then creamy vanilla and warm vanilla, finishing with a hint of powdery amber..","Accords: lavender, citrus, aromatic. Notes: bergamot, lime, mandarin orange, lavender, lavender, patchouli, amber, cedar. Profile: It smells like citrus peel and lemon peel at first, then creamy lavender and amber, with a warm, slightly woody base..",1068
15391,clean lavender perfume not too sweet,"Accords: lavender, vanilla, aromatic. Notes: grapefruit, pink pepper, lavender, vetyver, vanille, amber. Profile: It smells like ripe grapefruit and spiced lavender at first, then creamy vanilla and warm vanilla, finishing with a hint of powdery amber..","Accords: lavender, citrus, fresh spicy. Notes: bergamot, lavender, cedar. Profile: It smells like a perfumer's locker at dawn, with something earthy and slightly woody lurking in the background..",2822
12652,sweet coconut vanilla perfume,"Accords: coconut, vanilla, sweet. Notes: bergamot, coconut, vanilla, praline. Profile: It smells like a spice market at dawn — bergamot-coconut juice mixed with vanilla syrup, then softened by powdery vanilla..","Accords: coconut, citrus, rum. Notes: black currant, orange, bergamot, mandarin orange, jasmine, lily-of-the-valley, coconut nectar, rum. Profile: It smells like ripe black currants and orange peel at first, then white flowers and vanilla, finishing with a sweet vanilla-sweet finish..",10557
12652,tropical coconut and bergamot fragrance,"Accords: coconut, vanilla, sweet. Notes: bergamot, coconut, vanilla, praline. Profile: It smells like a spice market at dawn — bergamot-coconut juice mixed with vanilla syrup, then softened by powdery vanilla..","Accords: coconut, floral, lavender. Notes: aqual, lavender, ambrette, lime, salt, coconut water, peony, black currant. Profile: It smells like dried lavender and lemon peel at first, then settles into something sweet and earthy with a hint of powdery sweetness..",454
12652,creamy coconut dessert scent,"Accords: coconut, vanilla, sweet. Notes: bergamot, coconut, vanilla, praline. Profile: It smells like a spice market at dawn — bergamot-coconut juice mixed with vanilla syrup, then softened by powdery vanilla..","Accords: coconut, floral, lavender. Notes: aqual, lavender, ambrette, lime, salt, coconut water, peony, black currant. Profile: It smells like dried lavender and lemon peel at first, then settles into something sweet and earthy with a hint of powdery sweetness..",454
16222,fresh cut grass and green leaves,"Accords: herbal, warm spicy, woody. Notes: fig leaf, immortelle, sandalwood. Profile: It smells like fig leaf and immortelle at first, then settles into soft wood with a hint of sandalwood..","Accords: herbal, green, aromatic. Notes: grass, green notes, heather, artemisia, arnica, leather, vetiver, vanille. Profile: It smells like a leather jacket left in an old wooden shed, with something earthy and slightly powdery underneath..",12655
16222,warm sandalwood with dried flowers,"Accords: herbal, warm spicy, woody. Notes: fig leaf, immortelle, sandalwood. Profile: It smells like fig leaf and immortelle at first, then settles into soft wood with a hint of sandalwood..","Accords: herbal, aromatic, green. Notes: shiso, grass, artemisia, french labdanum, jasmine, white tobacco, immortelle, leather. Profile: It smells like a leather jacket left open in an old wooden shed, with something earthy and slightly powdery underneath..",11092
16222,mediterranean fig tree in summer,"Accords: herbal, warm spicy, woody. Notes: fig leaf, immortelle, sandalwood. Profile: It smells like fig leaf and immortelle at first, then settles into soft wood with a hint of sandalwood..","Accords: herbal, fresh spicy, green. Notes: chamomile, acai berry, lavender, violet leaf, cumin, beeswax, marigold, nard himalayan (jatamansi). Profile: It smells like a flower shop at dawn — chamomile and lavender mixed with powdered beeswax, then softens into something earthy and slightly sweet..",3323
21675,fresh moss after rain with flowers,"Accords: mossy, earthy, warm spicy. Notes: bergamot, jasmine, rose, citruses, peach, jasmine, rose, lilac. Profile: It smells like sweet peach and rose petals at first, then white flowers with a hint of powdery resin, finishing with something earthy and slightly floral..","Accords: mossy, earthy, woody. Notes: bergamot, lily, lilac, neroli, jasmine, cloves, cinnamon, oakmoss. Profile: It smells like a flower shop at dawn — citrus blossoms blooming in the air, with something powdery and woody underneath..",16599
21675,peachy floral perfume with earthy smell,"Accords: mossy, earthy, warm spicy. Notes: bergamot, jasmine, rose, citruses, peach, jasmine, rose, lilac. Profile: It smells like sweet peach and rose petals at first, then white flowers with a hint of powdery resin, finishing with something earthy and slightly floral..","Accords: mossy, earthy, woody. Notes: bergamot, lily, lilac, neroli, jasmine, cloves, cinnamon, oakmoss. Profile: It smells like a flower shop at dawn — citrus blossoms blooming in the air, with something powdery and woody underneath..",16599
21675,spicy cinnamon amber forest scent,"Accords: mossy, earthy, warm spicy. Notes: bergamot, jasmine, rose, citruses, peach, jasmine, rose, lilac. Profile: It smells like sweet peach and rose petals at first, then white flowers with a hint of powdery resin, finishing with something earthy and slightly floral..","Accords: mossy, fruity, floral. Notes: litchi, mirabelle, citruses, freesia, rose, davana, oakmoss. Profile: It smells like a flower shop at dawn — bright citrus and white flowers mixed with powdery roses, then softens into something earthy and slightly mossy..",5977
16026,cherry almond perfume sweet and warm,"Accords: cherry, sweet, almond. Notes: bitter almond, black cherry, cherry liqueur, sour cherry, plum, turkish rose, jasmine sambac, vanilla. Profile: It smells like a spice market at dawn — sweet almonds and cherry blossoms mixed with powdered sugar, then soft vanilla and smoky wood..","Accords: cherry, sweet, nutty. Notes: sour cherry, wheat, red apple, jasmine, beeswax, lavender, cherry, heliotrope. Profile: It smells like sweet cherry and white flowers at first, then soft beeswax and honey, finishing with something earthy and slightly musky..",21688
16026,boozy cherry vanilla scent,"Accords: cherry, sweet, almond. Notes: bitter almond, black cherry, cherry liqueur, sour cherry, plum, turkish rose, jasmine sambac, vanilla. Profile: It smells like a spice market at dawn — sweet almonds and cherry blossoms mixed with powdered sugar, then soft vanilla and smoky wood..","Accords: cherry, vanilla, sweet. Notes: black cherry, raspberry, jasmine, rose, mimosa, vanilla, birch, vetiver. Profile: It smells like a spice market at dawn — cherry blossoms and roses mixed with white flowers, with something earthy and slightly powdery underneath..",4415
16026,dark cherry spice fragrance,"Accords: cherry, sweet, almond. Notes: bitter almond, black cherry, cherry liqueur, sour cherry, plum, turkish rose, jasmine sambac, vanilla. Profile: It smells like a spice market at dawn — sweet almonds and cherry blossoms mixed with powdered sugar, then soft vanilla and smoky wood..","Accords: cherry, warm spicy, sweet. Notes: cherry, saffron, black pepper, black leather, violet, jasmine, tonka bean, palo santo. Profile: It smells like a spice market at dawn — sweet cherry blossoms mixed with white flowers, then soft leather and something slightly earthy underneath..",17643
4241,fresh orange and grapefruit perfume,"Accords: citrus, fruity, vanilla. Notes: black currant, orange, mandarin orange, grapefruit, cassia, bergamot, rose, apricot. Profile: It smells like citrus peel and orange peel at first, then apricot and white flowers, finishing with something earthy and slightly powdery..","Accords: citrus, powdery, sweet. Notes: orange, peach, blood orange, coriander, cardamom, jasmine, coriander, cardamom. Profile: It smells like orange peel and peach at first, then cardamom and jasmine, with a hint of vanilla and powdery wood underneath..",3169
4241,sweet vanilla and citrus scent,"Accords: citrus, fruity, vanilla. Notes: black currant, orange, mandarin orange, grapefruit, cassia, bergamot, rose, apricot. Profile: It smells like citrus peel and orange peel at first, then apricot and white flowers, finishing with something earthy and slightly powdery..","Accords: citrus, floral, white floral. Notes: mandarin orange, neroli, bergamot, orange blossom, flowers, water lily, wild rose, musk. Profile: It smells like citrus peel and neroli at first, then white flowers, finishing with a hint of vanilla and wood..",16095
4241,bergamot rose jasmine fragrance,"Accords: citrus, fruity, vanilla. Notes: black currant, orange, mandarin orange, grapefruit, cassia, bergamot, rose, apricot. Profile: It smells like citrus peel and orange peel at first, then apricot and white flowers, finishing with something earthy and slightly powdery..","Accords: citrus, floral, aquatic. Notes: bergamot, pear, blood orange, mandarin orange, sea notes, water lily, mahonial, lily-of-the-valley. Profile: It smells like fresh pear and orange peel at first, then white flowers and soft woods, finishing with something earthy and slightly sweet..",11228
10873,dark chocolate tobacco smell,"Accords: cacao, sweet, warm spicy. Notes: cacao, dark chocolate, tobacco, tonka bean, musk, woodsy notes. Profile: It smells like dark chocolate and dark tobacco at first, then settles into something woody and slightly musky..","Accords: cacao, lavender, warm spicy. Notes: pink pepper, lavender, cacao. Profile: It smells like a spice market at dawn — sweet peppercorns mixed with powdery lavender, and something earthy and slightly sweet..",3466
10873,cozy winter sweater with cocoa,"Accords: cacao, sweet, warm spicy. Notes: cacao, dark chocolate, tobacco, tonka bean, musk, woodsy notes. Profile: It smells like dark chocolate and dark tobacco at first, then settles into something woody and slightly musky..","Accords: cacao, lavender, warm spicy. Notes: pink pepper, lavender, cacao. Profile: It smells like a spice market at dawn — sweet peppercorns mixed with powdery lavender, and something earthy and slightly sweet..",3466
10873,warm musky chocolate perfume,"Accords: cacao, sweet, warm spicy. Notes: cacao, dark chocolate, tobacco, tonka bean, musk, woodsy notes. Profile: It smells like dark chocolate and dark tobacco at first, then settles into something woody and slightly musky..","Accords: cacao, lavender, warm spicy. Notes: pink pepper, lavender, cacao. Profile: It smells like a spice market at dawn — sweet peppercorns mixed with powdery lavender, and something earthy and slightly sweet..",3466
8749,spicy licorice perfume with incense,"Accords: anis, soft spicy, fresh spicy. Notes: star anise, pomelo, black pepper, geranium, iris, incense, patchouli, haitian vetiver. Profile: It smells like a spice market at dawn — sweet citrus peel mixed with powdery incense, with something earthy and slightly spicy lurking in the air..","Accords: anis, soft spicy, tobacco. Notes: star anise, tobacco, amber, leather. Profile: It smells like a leather jacket left in an old leather store — sweet tobacco and tobacco smoke mixed with leather..",18394
8749,black pepper and star anise cologne,"Accords: anis, soft spicy, fresh spicy. Notes: star anise, pomelo, black pepper, geranium, iris, incense, patchouli, haitian vetiver. Profile: It smells like a spice market at dawn — sweet citrus peel mixed with powdery incense, with something earthy and slightly spicy lurking in the air..","Accords: anis, soft spicy, tobacco. Notes: star anise, tobacco, amber, leather. Profile: It smells like a leather jacket left in an old leather store — sweet tobacco and tobacco smoke mixed with leather..",18394
8749,earthy patchouli with anise smell,"Accords: anis, soft spicy, fresh spicy. Notes: star anise, pomelo, black pepper, geranium, iris, incense, patchouli, haitian vetiver. Profile: It smells like a spice market at dawn — sweet citrus peel mixed with powdery incense, with something earthy and slightly spicy lurking in the air..","Accords: anis, soft spicy, tobacco. Notes: star anise, tobacco, amber, leather. Profile: It smells like a leather jacket left in an old leather store — sweet tobacco and tobacco smoke mixed with leather..",18394
17332,coffee with flowers and spice,"Accords: coffee, floral, powdery. Notes: passion flower, pink pepper, bergamot, neroli, coffee, heliotrope, freesia, amber. Profile: It smells like a coffee shop at dawn — sweet pepper and spice mixed with powdered coffee, then soft wood and something faintly woody..","Accords: coffee, warm spicy, white floral. Notes: mandarin orange, nashi pear, pink pepper, coffee, almond, orange blossom, jasmine, amber. Profile: It smells like a coffee shop at dawn — sweet orange peel mixed with powdered sugar, then soft vanilla and something earthy underneath..",18566
17332,warm coffee shop with woody amber,"Accords: coffee, floral, powdery. Notes: passion flower, pink pepper, bergamot, neroli, coffee, heliotrope, freesia, amber. Profile: It smells like a coffee shop at dawn — sweet pepper and spice mixed with powdered coffee, then soft wood and something faintly woody..","Accords: coffee, powdery, musky. Notes: angelica, pink pepper, passionfruit, violet leaf, bergamot, coffee, vanilla, jasmine. Profile: It smells like a coffee shop at dawn — sweet vanilla and powdered sugar mixed with white flowers, then settles into something soft and slightly woody..",3396
17332,pink pepper bergamot coffee perfume,"Accords: coffee, floral, powdery. Notes: passion flower, pink pepper, bergamot, neroli, coffee, heliotrope, freesia, amber. Profile: It smells like a coffee shop at dawn — sweet pepper and spice mixed with powdered coffee, then soft wood and something faintly woody..","Accords: coffee, warm spicy, white floral. Notes: mandarin orange, nashi pear, pink pepper, coffee, almond, orange blossom, jasmine, amber. Profile: It smells like a coffee shop at dawn — sweet orange peel mixed with powdered sugar, then soft vanilla and something earthy underneath..",18566
5025,fresh strawberry and pear perfume,"Accords: fruity, sweet, fresh. Notes: strawberry, raspberry, pear, orange, tangerine, calabrian bergamot, calone, peony. Profile: It smells like ripe pear and roses at first, then soft peach and orange, with a hint of powdery musk underneath..","Accords: fruity, sweet, vanilla. Notes: gooseberry, peach, sour cherry, litchi, pomelo, floral notes, vanilla, amber. Profile: It smells like ripe peaches and sweet cherries at first, then soft vanilla and powdery florals, finishing with a warm, slightly earthy base..",8444
5025,fruity floral scent with jasmine,"Accords: fruity, sweet, fresh. Notes: strawberry, raspberry, pear, orange, tangerine, calabrian bergamot, calone, peony. Profile: It smells like ripe pear and roses at first, then soft peach and orange, with a hint of powdery musk underneath..","Accords: fruity, woody, sweet. Notes: grapefruit, tangerine, bulgarian rose, strawberry, blackberry, peony, ylang-ylang, blueberry. Profile: It smells like citrus peel and tangerine at first, then white flowers with a hint of honeyed wood underneath..",14290
5025,sweet berry fragrance for summer,"Accords: fruity, sweet, fresh. Notes: strawberry, raspberry, pear, orange, tangerine, calabrian bergamot, calone, peony. Profile: It smells like ripe pear and roses at first, then soft peach and orange, with a hint of powdery musk underneath..","Accords: fruity, sweet, woody. Notes: blackberry, black currant, raspberry, cassis, white musk, woody notes. Profile: It smells like ripe blackberries and black currants at first, then white flowers with a hint of woody musk..",2143
9926,fresh watermelon and ocean breeze perfume,"Accords: aquatic, ozonic, fruity. Notes: pear, calone, tangerine, watermelon, watery notes, strawberry, apple, sea salt. Profile: It smells like ripe pear and watermelon at first, then soft rose petals and a hint of salty water, finishing with something earthy and slightly floral..","Accords: aquatic, musky, powdery. Notes: water notes, milk, white flowers, white musk, iris, white amber. Profile: It smells like a flower shop next to the beach — milky flowers and white flowers mixed with powdery amber, then softens into something warm and musky..",9939
9926,fruity beach vacation scent with pear,"Accords: aquatic, ozonic, fruity. Notes: pear, calone, tangerine, watermelon, watery notes, strawberry, apple, sea salt. Profile: It smells like ripe pear and watermelon at first, then soft rose petals and a hint of salty water, finishing with something earthy and slightly floral..","Accords: aquatic, ozonic, citrus. Notes: mandarin orange, melon, lotus, white peach, jasmine, white musk, cedar. Profile: It smells like orange peel and melon at first, then soft peach and jasmine, with a hint of woody musk underneath..",1978
9926,salty sea air with sweet strawberry,"Accords: aquatic, ozonic, fruity. Notes: pear, calone, tangerine, watermelon, watery notes, strawberry, apple, sea salt. Profile: It smells like ripe pear and watermelon at first, then soft rose petals and a hint of salty water, finishing with something earthy and slightly floral..","Accords: aquatic, marine, ozonic. Notes: cucumber, mandarin orange, melon, sea notes, orange blossom, freesia, musk, raspberry. Profile: It smells like fresh cucumber and orange peel at first, then soft melon and white flowers, finishing with a soft, slightly powdery base..",4807
17498,licorice and citrus perfume,"Accords: anis, citrus, woody. Notes: mandarin orange, neroli, bergamot, star anise, olive blossom, tarragon, tonka bean, tobacco. Profile: It smells like citrus peel and bergamot at first, then sweet tobacco and wood, with a woody sweetness that's softening..","Accords: anis, soft spicy, powdery. Notes: star anise, bergamot, agarwood (oud), vetiver, myrhh, iris. Profile: It smells like a spice shop next to an old wooden furniture store — sweet citrus peel mixed with woody moss, then softened by something earthy and slightly floral..",21704
17498,spicy anise with warm tobacco,"Accords: anis, citrus, woody. Notes: mandarin orange, neroli, bergamot, star anise, olive blossom, tarragon, tonka bean, tobacco. Profile: It smells like citrus peel and bergamot at first, then sweet tobacco and wood, with a woody sweetness that's softening..","Accords: anis, woody, soft spicy. Notes: anise, spices, melon, eucalyptus, woodsy notes, musk. Profile: It smells like sweet melon and citrus at first, then soft woods and musk, finishing with a warm, slightly powdery base..",815
17498,herbal Mediterranean cologne for men,"Accords: anis, citrus, woody. Notes: mandarin orange, neroli, bergamot, star anise, olive blossom, tarragon, tonka bean, tobacco. Profile: It smells like citrus peel and bergamot at first, then sweet tobacco and wood, with a woody sweetness that's softening..","Accords: anis, soft spicy, powdery. Notes: star anise, bergamot, agarwood (oud), vetiver, myrhh, iris. Profile: It smells like a spice shop next to an old wooden furniture store — sweet citrus peel mixed with woody moss, then softened by something earthy and slightly floral..",21704
7393,fresh laundry smell with grapefruit,"Accords: ozonic, citrus, fruity. Notes: ozonic notes, grapefruit, black currant, peony, pear, lily-of-the-valley, musk, cedar. Profile: It smells like a fruit stand next to an old church — sweet pear and white flowers, with something earthy and slightly woody underneath..","Accords: ozonic, aquatic, green. Notes: cucumber, frosted melon, lily-of-the-valley, floral notes, sandalwood, musk. Profile: It smells like a fruit stand next to an old flower shop — sweet currants and melon in the background, with something earthy and slightly woody underneath..",14080
7393,clean ocean breeze perfume,"Accords: ozonic, citrus, fruity. Notes: ozonic notes, grapefruit, black currant, peony, pear, lily-of-the-valley, musk, cedar. Profile: It smells like a fruit stand next to an old church — sweet pear and white flowers, with something earthy and slightly woody underneath..","Accords: ozonic, aquatic, green. Notes: cucumber, frosted melon, lily-of-the-valley, floral notes, sandalwood, musk. Profile: It smells like a fruit stand next to an old flower shop — sweet currants and melon in the background, with something earthy and slightly woody underneath..",14080
7393,crisp watery scent with pear,"Accords: ozonic, citrus, fruity. Notes: ozonic notes, grapefruit, black currant, peony, pear, lily-of-the-valley, musk, cedar. Profile: It smells like a fruit stand next to an old church — sweet pear and white flowers, with something earthy and slightly woody underneath..","Accords: ozonic, green, aquatic. Notes: bamboo, tea, watermelon, juniper berries, lotus, mint, black currant, rose. Profile: It smells like sweet watermelon and berries at first, then white flowers and mint, finishing with a hint of powdery wood..",8475
11494,earthy forest moss perfume,"Accords: mossy, woody, earthy. Notes: mirabelle, oakmoss, davana, sandalwood, musk. Profile: It smells like white flowers and moss at first, then settles into something earthy and slightly woody..","Accords: mossy, earthy, warm spicy. Notes: bergamot, citruses, jasmine, rose, peach, ylang-ylang, jasmine, rose. Profile: It smells like a flower shop at dawn — sweet peaches and roses mixed with white flowers, with something earthy and slightly floral lurking in the background..",15380
11494,soft sandalwood and musk fragrance,"Accords: mossy, woody, earthy. Notes: mirabelle, oakmoss, davana, sandalwood, musk. Profile: It smells like white flowers and moss at first, then settles into something earthy and slightly woody..","Accords: mossy, warm spicy, earthy. Notes: saffron, amber, moss. Profile: It smells like saffron and amber at first, then dark wood and moss..",692
11494,green mossy woods cologne,"Accords: mossy, woody, earthy. Notes: mirabelle, oakmoss, davana, sandalwood, musk. Profile: It smells like white flowers and moss at first, then settles into something earthy and slightly woody..","Accords: mossy, earthy, woody. Notes: bergamot, lily, lilac, neroli, jasmine, cloves, cinnamon, oakmoss. Profile: It smells like a flower shop at dawn — citrus blossoms blooming in the air, with something powdery and woody underneath..",16599
12615,fresh cut grass and herbs perfume,"Accords: herbal, aldehydic, woody. Notes: aldehydes, galbanum, ginger, chamomile, lavender, jasmine, rose, moss. Profile: It smells like a perfumer's closet at dawn — sweet florals mixed with powdery sandalwood and moss, with something earthy and slightly woody underneath..","Accords: herbal, champagne, citrus. Notes: champagne, pink pepper, orange, artemisia, rose, orange blossom, patchouli, musk. Profile: It smells like a spice market at dawn — sweet chocolate and roses mixed with white flowers, then soft wood and something slightly earthy..",3708
12615,clean lavender soap with flowers,"Accords: herbal, aldehydic, woody. Notes: aldehydes, galbanum, ginger, chamomile, lavender, jasmine, rose, moss. Profile: It smells like a perfumer's closet at dawn — sweet florals mixed with powdery sandalwood and moss, with something earthy and slightly woody underneath..","Accords: herbal, champagne, citrus. Notes: champagne, pink pepper, orange, artemisia, rose, orange blossom, patchouli, musk. Profile: It smells like a spice market at dawn — sweet chocolate and roses mixed with white flowers, then soft wood and something slightly earthy..",3708
12615,green plant smell with ginger,"Accords: herbal, aldehydic, woody. Notes: aldehydes, galbanum, ginger, chamomile, lavender, jasmine, rose, moss. Profile: It smells like a perfumer's closet at dawn — sweet florals mixed with powdery sandalwood and moss, with something earthy and slightly woody underneath..","Accords: herbal, champagne, citrus. Notes: champagne, pink pepper, orange, artemisia, rose, orange blossom, patchouli, musk. Profile: It smells like a spice market at dawn — sweet chocolate and roses mixed with white flowers, then soft wood and something slightly earthy..",3708
3297,fresh cut grass with sweet pear,"Accords: green, woody, vanilla. Notes: rhubarb leaf, bergamot, green notes, orange blossom, ylang-ylang, pear, bourbon vanilla, woody notes. Profile: It smells like rhubarb leaf and bergamot at first, then pear and vanilla, with something earthy and slightly woody underneath..","Accords: green, white floral, floral. Notes: lily-of-the-valley, green notes, black currant, rose, lilac, lily, musk, woody notes. Profile: It smells like a flower shop at dawn — sweet roses and lilac blossoms mixed with white flowers, finishing with something earthy and slightly woody..",20875
3297,green leaves and vanilla perfume,"Accords: green, woody, vanilla. Notes: rhubarb leaf, bergamot, green notes, orange blossom, ylang-ylang, pear, bourbon vanilla, woody notes. Profile: It smells like rhubarb leaf and bergamot at first, then pear and vanilla, with something earthy and slightly woody underneath..","Accords: green, fresh, aquatic. Notes: cucumber, magnolia, grapefruit, green apple, lily-of-the-valley, violet, tuberose, rose. Profile: It smells like a fruit stand next to an apple orchard, where fresh flowers meet white flowers, with something earthy and slightly amber underneath..",6974
3297,orange blossom with woody smell,"Accords: green, woody, vanilla. Notes: rhubarb leaf, bergamot, green notes, orange blossom, ylang-ylang, pear, bourbon vanilla, woody notes. Profile: It smells like rhubarb leaf and bergamot at first, then pear and vanilla, with something earthy and slightly woody underneath..","Accords: green, floral, citrus. Notes: green notes, green mandarin, orchid, pear blossom, passion flower, violet leaf, orange blossom, hinoki wood. Profile: It smells like ripe pear blossoms and white flowers at first, then softens into something earthy and slightly woody..",18903
19190,smoky leather jacket with flowers,"Accords: smoky, aromatic, woody. Notes: chrysanthemum, orris, elemi, rum, vetiver, rose, ash, leather. Profile: It smells like a leather jacket draped over an old wooden desk, where dried orchids sit next to white flowers, with something earthy and slightly powdery underneath..","Accords: smoky, woody, leather. Notes: passionfruit, incense, birch, patchouli, datura, honey, agarwood (oud). Profile: It smells like burning incense and birch at first, then settles into something earthy and slightly sweet..",4437
19190,burnt wood and dark rum smell,"Accords: smoky, aromatic, woody. Notes: chrysanthemum, orris, elemi, rum, vetiver, rose, ash, leather. Profile: It smells like a leather jacket draped over an old wooden desk, where dried orchids sit next to white flowers, with something earthy and slightly powdery underneath..","Accords: smoky, rose, amber. Notes: incense, pimento, bergamot, rose, leather, tobacco, guaiac wood, cashmere wood. Profile: It smells like a leather jacket left in an old woodshop, with something sweet and earthy lingering in the background..",18479
19190,ash and rose perfume smoky,"Accords: smoky, aromatic, woody. Notes: chrysanthemum, orris, elemi, rum, vetiver, rose, ash, leather. Profile: It smells like a leather jacket draped over an old wooden desk, where dried orchids sit next to white flowers, with something earthy and slightly powdery underneath..","Accords: smoky, rose, amber. Notes: incense, pimento, bergamot, rose, leather, tobacco, guaiac wood, cashmere wood. Profile: It smells like a leather jacket left in an old woodshop, with something sweet and earthy lingering in the background..",18479
20761,warm spicy cinnamon perfume with fruit,"Accords: cinnamon, warm spicy, amber. Notes: cinnamon, tangerine, plum, mimosa, amber, patchouli. Profile: It smells like a spice market at dawn — sweet cinnamon and orange peel mixed with powdery amber, finishing with something earthy and slightly floral..","Accords: cinnamon, warm spicy, amber. Notes: bergamot, cinnamon, juniper berries, incense. Profile: It smells like a spice market at dawn — bergamot and cinnamon mixed with powdery incense, finishing with something earthy and slightly sweet..",19851
20761,cozy amber patchouli scent,"Accords: cinnamon, warm spicy, amber. Notes: cinnamon, tangerine, plum, mimosa, amber, patchouli. Profile: It smells like a spice market at dawn — sweet cinnamon and orange peel mixed with powdery amber, finishing with something earthy and slightly floral..","Accords: cinnamon, warm spicy, amber. Notes: bergamot, cinnamon, juniper berries, incense. Profile: It smells like a spice market at dawn — bergamot and cinnamon mixed with powdery incense, finishing with something earthy and slightly sweet..",19851
20761,sweet plum and orange winter fragrance,"Accords: cinnamon, warm spicy, amber. Notes: cinnamon, tangerine, plum, mimosa, amber, patchouli. Profile: It smells like a spice market at dawn — sweet cinnamon and orange peel mixed with powdery amber, finishing with something earthy and slightly floral..","Accords: cinnamon, warm spicy, amber. Notes: bergamot, cinnamon, juniper berries, incense. Profile: It smells like a spice market at dawn — bergamot and cinnamon mixed with powdery incense, finishing with something earthy and slightly sweet..",19851
4438,soft floral perfume with vanilla and powder,"Accords: violet, powdery, marine. Notes: violet, sea notes, banana leaf, petitgrain, violet, magnolia, lily-of-the-valley, tuberose. Profile: It smells like white flowers and seaweed at first, then settles into something sweet and earthy with a hint of powdery incense..","Accords: violet, powdery, caramel. Notes: fruits, violet, caramel. Profile: It smells like ripe fruit and white flowers at first, then soft vanilla and caramel, with a warm, slightly sweet sweetness that lingers in the air..",5201
4438,fresh violet flower scent with incense,"Accords: violet, powdery, marine. Notes: violet, sea notes, banana leaf, petitgrain, violet, magnolia, lily-of-the-valley, tuberose. Profile: It smells like white flowers and seaweed at first, then settles into something sweet and earthy with a hint of powdery incense..","Accords: violet, powdery, floral. Notes: violet, lily-of-the-valley, black currant, rose, jasmine, hyacinth, carnation, musk. Profile: It smells like white flowers and roses at first, then settles into something earthy and slightly woody..",19235
4438,clean soapy perfume lily of the valley,"Accords: violet, powdery, marine. Notes: violet, sea notes, banana leaf, petitgrain, violet, magnolia, lily-of-the-valley, tuberose. Profile: It smells like white flowers and seaweed at first, then settles into something sweet and earthy with a hint of powdery incense..","Accords: violet, powdery, vanilla. Notes: violet, wild strawberry, orange blossom, iris, vanilla, tonka bean, sandalwood. Profile: It smells like white flowers and iris at first, then sweet vanilla and soft vanilla, with a warm woody base..",15379
6340,fresh lavender soap smell,"Accords: lavender, aromatic, fresh spicy. Notes: lavender, eucalyptus, rose, geranium, musk. Profile: It smells like lavender and rose petals at first, then eucalyptus, with a hint of powdery musk underneath..","Accords: lavender, fresh spicy, floral. Notes: pumpkin, lavender, citruses, jasmine, freesia, ylang-ylang, cinnamon, nutmeg. Profile: It smells like a spice cabinet left open in an old wooden shed, with something sweet and earthy lurking in the background..",14007
6340,herbal eucalyptus and lavender perfume,"Accords: lavender, aromatic, fresh spicy. Notes: lavender, eucalyptus, rose, geranium, musk. Profile: It smells like lavender and rose petals at first, then eucalyptus, with a hint of powdery musk underneath..","Accords: lavender, aromatic, fresh spicy. Notes: orange, mandarin orange, lavender, geranium, spices, musk, oakmoss, benzoin. Profile: It smells like citrus peel and orange peel at first, then musk and powdery geranium, finishing with a hint of vanilla and wood..",10771
6340,clean musk with lavender and rose,"Accords: lavender, aromatic, fresh spicy. Notes: lavender, eucalyptus, rose, geranium, musk. Profile: It smells like lavender and rose petals at first, then eucalyptus, with a hint of powdery musk underneath..","Accords: lavender, musky, powdery. Notes: floral notes, citruses, citrus, floral notes, lavender, vanila, lily-of-the-valley, musk. Profile: It smells like a flower shop at dawn — sweet florals mixed with powdery flowers, then softened by something earthy and slightly woody..",10320
6364,creamy floral perfume with apple and milk,"Accords: lactonic, powdery, aromatic. Notes: apple, sage, milk, heliotrope, lily-of-the-valley, violet, jasmine, musk. Profile: It smells like ripe apples and sage at first, then soft powdery white flowers, finishing with a warm, slightly woody base..","Accords: lactonic, citrus, floral. Notes: aqual, yuzu, hexyl acetate, milk, skin, jasmine, mugane, orcanox. Profile: It smells like powdered yuzu and milk at first, then creamy mugane, with a hint of powdery moss underneath..",6831
6364,soft powdery violet and white flowers,"Accords: lactonic, powdery, aromatic. Notes: apple, sage, milk, heliotrope, lily-of-the-valley, violet, jasmine, musk. Profile: It smells like ripe apples and sage at first, then soft powdery white flowers, finishing with a warm, slightly woody base..","Accords: lactonic, vanilla, powdery. Notes: musk, tulip, vanilla, white orchid, milk. Profile: It smells like dried flowers and tulips at first, then soft vanilla and powdery orchids, finishing with milky-sweet vanilla..",14884
6364,clean musky scent like fresh laundry,"Accords: lactonic, powdery, aromatic. Notes: apple, sage, milk, heliotrope, lily-of-the-valley, violet, jasmine, musk. Profile: It smells like ripe apples and sage at first, then soft powdery white flowers, finishing with a warm, slightly woody base..","Accords: lactonic, woody, sweet. Notes: wheat, milk, licorice, coconut, immortelle, sandalwood, apricot, spices. Profile: It smells like a spice market at dawn — milky and powdery, with something sweet and earthy lurking in the background..",9999
11280,nutty almond perfume with cherry and apple,"Accords: nutty, floral, sweet. Notes: cherry, green apple, bergamot, almond blossom, macadamia, mimosa, flower petals, jasmine. Profile: It smells like a fruit stand next to an apple orchard, where white flowers meet sweet almonds, with something earthy and slightly woody lingering in the air..","Accords: nutty, fruity, almond. Notes: almond, walnut, butter, fruity notes, floral notes, woody notes. Profile: It smells like sweet almonds and butter at first, then soft wood and earthy notes, finishing with a warm, woody base..",12511
11280,creamy macadamia and warm amber scent,"Accords: nutty, floral, sweet. Notes: cherry, green apple, bergamot, almond blossom, macadamia, mimosa, flower petals, jasmine. Profile: It smells like a fruit stand next to an apple orchard, where white flowers meet sweet almonds, with something earthy and slightly woody lingering in the air..","Accords: nutty, sweet, fruity. Notes: cherry, melon, raspberry, red rose, peony, orange blossom, hazelnut, musk. Profile: It smells like a fruit stand next to an apple orchard — sweet cherries and melon mixed with white flowers, then softens into something earthy and slightly powdery..",2101
11280,sweet almond blossom and white flowers,"Accords: nutty, floral, sweet. Notes: cherry, green apple, bergamot, almond blossom, macadamia, mimosa, flower petals, jasmine. Profile: It smells like a fruit stand next to an apple orchard, where white flowers meet sweet almonds, with something earthy and slightly woody lingering in the air..","Accords: nutty, sweet, fruity. Notes: cherry, melon, raspberry, red rose, peony, orange blossom, hazelnut, musk. Profile: It smells like a fruit stand next to an apple orchard — sweet cherries and melon mixed with white flowers, then softens into something earthy and slightly powdery..",2101
14684,fresh watermelon and green apple perfume,"Accords: ozonic, aquatic, fruity. Notes: melon, watermelon, green apple, lemon, lime, lily-of-the-valley, patchouli, musk. Profile: It smells like watermelon and citrus peel at first, then green apple and lime, with a hint of woody musk underneath..","Accords: ozonic, aquatic, citrus. Notes: watermelon, tangerine, ginger, pear, violet leaf, coriander, tiare flower, amber. Profile: It smells like sweet watermelon and citrus peel at first, then tangerine and pear, with something earthy and slightly floral lurking in the background..",8049
14684,clean laundry smell with melon,"Accords: ozonic, aquatic, fruity. Notes: melon, watermelon, green apple, lemon, lime, lily-of-the-valley, patchouli, musk. Profile: It smells like watermelon and citrus peel at first, then green apple and lime, with a hint of woody musk underneath..","Accords: ozonic, aquatic, fresh spicy. Notes: tamarind, rosemary, black pepper, violet leaf, lotus, jasmine, ambroxan, milk mousse. Profile: It smells like tamarind and rose petals at first, then white flowers and jasmine, with a soft powdery base that feels like powdered milk mousse..",6504
14684,bright citrusy scent for summer morning,"Accords: ozonic, aquatic, fruity. Notes: melon, watermelon, green apple, lemon, lime, lily-of-the-valley, patchouli, musk. Profile: It smells like watermelon and citrus peel at first, then green apple and lime, with a hint of woody musk underneath..","Accords: ozonic, aquatic, citrus. Notes: watermelon, tangerine, ginger, pear, violet leaf, coriander, tiare flower, amber. Profile: It smells like sweet watermelon and citrus peel at first, then tangerine and pear, with something earthy and slightly floral lurking in the background..",8049
14765,chocolate coffee perfume,"Accords: cacao, warm spicy, citrus. Notes: mandarin orange, coffee, osmanthus, cacao, tonka bean. Profile: It smells like a coffee shop at dawn — sweet orange peel mixed with coffee grounds, then settling into something earthy and slightly bitter..","Accords: cacao, fruity, woody. Notes: apple, peach, grapefruit, magnolia, floral notes, lily, white chocolate truffle, cacao. Profile: It smells like ripe apple and peach at first, then white chocolate and vanilla, finishing with a soft, slightly woody base..",10215
14765,warm cocoa and orange scent,"Accords: cacao, warm spicy, citrus. Notes: mandarin orange, coffee, osmanthus, cacao, tonka bean. Profile: It smells like a coffee shop at dawn — sweet orange peel mixed with coffee grounds, then settling into something earthy and slightly bitter..","Accords: cacao, vanilla, white floral. Notes: gardenia, cacao, vanilla. Profile: It smells like a spice market at dawn — sweet tropical fruits mixed with vanilla and powdered sugar..",16046
14765,sweet coffee bean fragrance,"Accords: cacao, warm spicy, citrus. Notes: mandarin orange, coffee, osmanthus, cacao, tonka bean. Profile: It smells like a coffee shop at dawn — sweet orange peel mixed with coffee grounds, then settling into something earthy and slightly bitter..","Accords: cacao, fruity, woody. Notes: apple, peach, grapefruit, magnolia, floral notes, lily, white chocolate truffle, cacao. Profile: It smells like ripe apple and peach at first, then white chocolate and vanilla, finishing with a soft, slightly woody base..",10215
13514,spicy rose perfume with pepper,"Accords: rose, floral, musky. Notes: pink pepper, pear, indonesian nutmeg, elemi, bergamot, rose, clove, magnolia. Profile: It smells like ripe pear and roses at first, then white flowers with a hint of powdery florals, finishing with something earthy and slightly woody..","Accords: rose, aromatic, fresh spicy. Notes: bergamot, rose, geranium, frangipani, black locust, cassia, sandalwood, vetiver. Profile: It smells like a perfumer's closet at dawn — bergamot and roses mixed with white flowers, then settles into something earthy and slightly woody..",16331
13514,fresh pear and floral scent,"Accords: rose, floral, musky. Notes: pink pepper, pear, indonesian nutmeg, elemi, bergamot, rose, clove, magnolia. Profile: It smells like ripe pear and roses at first, then white flowers with a hint of powdery florals, finishing with something earthy and slightly woody..","Accords: rose, woody, oud. Notes: bergamot, star anise, agarwood (oud), rose, geranium, ylang-ylang, lily-of-the-valley, resin. Profile: It smells like dried roses and resinous wood at first, then settles into something earthy and mossy..",5001
13514,warm sandalwood amber rose fragrance,"Accords: rose, floral, musky. Notes: pink pepper, pear, indonesian nutmeg, elemi, bergamot, rose, clove, magnolia. Profile: It smells like ripe pear and roses at first, then white flowers with a hint of powdery florals, finishing with something earthy and slightly woody..","Accords: rose, aromatic, fresh spicy. Notes: bergamot, rose, geranium, frangipani, black locust, cassia, sandalwood, vetiver. Profile: It smells like a perfumer's closet at dawn — bergamot and roses mixed with white flowers, then settles into something earthy and slightly woody..",16331
18802,spicy ginger and warm tobacco scent,"Accords: warm spicy, amber, tobacco. Notes: grapefruit, coriander, basil, ginger, cardamom, orange blossom, amber, tobacco. Profile: It smells like a spice market at dawn — citrus peel mixed with cardamom, then sweetened by something earthy and slightly woody..","Accords: warm spicy, fresh spicy, aromatic. Notes: cardamom, pepper, mandarin orange, marjoram, olibanum, paprika, saffron, sage. Profile: It smells like sweet cardamom and citrus peel at first, then saffron and powdery paprika, finishing with a hint of musk and dried herbs..",7189
18802,citrus and cedar with cardamom,"Accords: warm spicy, amber, tobacco. Notes: grapefruit, coriander, basil, ginger, cardamom, orange blossom, amber, tobacco. Profile: It smells like a spice market at dawn — citrus peel mixed with cardamom, then sweetened by something earthy and slightly woody..","Accords: warm spicy, aromatic, citrus. Notes: ginger, grapefruit, cardamom, bergamot, rose, sage, geranium, apple. Profile: It smells like citrus peel and cardamom at first, then rose petals and sage, with a soft woody base..",20589
18802,amber cologne with grapefruit and spices,"Accords: warm spicy, amber, tobacco. Notes: grapefruit, coriander, basil, ginger, cardamom, orange blossom, amber, tobacco. Profile: It smells like a spice market at dawn — citrus peel mixed with cardamom, then sweetened by something earthy and slightly woody..","Accords: warm spicy, amber, citrus. Notes: pink pepper, bergamot, grapefruit, lime, ginger, cardamom, pepper, amber. Profile: It smells like a spice market at dawn — sweet pepper and citrus peel mixed with powdery spices, finishing with something earthy and slightly woody..",19286
1335,metallic smell perfume like coins,"Accords: metallic, mineral, fresh. Notes: aluminum, aldehydes, slate, pebbles, water notes, metallic notes, virginia cedar. Profile: It smells like powdered aluminum and sand, with a soft, powdery base that's been left in the sun for years..","Accords: metallic, warm spicy, aromatic. Notes: black pepper, bergamot, cardamom, labdanum, henna, metallic notes, ozonic notes, iris. Profile: It smells like dried peppercorns and cardamom at first, then rusty leather, with something earthy and slightly smoky underneath..",300
1335,clean water and stone scent,"Accords: metallic, mineral, fresh. Notes: aluminum, aldehydes, slate, pebbles, water notes, metallic notes, virginia cedar. Profile: It smells like powdered aluminum and sand, with a soft, powdery base that's been left in the sun for years..","Accords: metallic, citrus, mineral. Notes: aldehydes, lime peel, bitter orange, coriander leaf, jasmine, pitosporum, metallic notes, musk. Profile: It smells like citrus peel and orange peel at first, then resinous jasmine and powdery wood, finishing with a warm, leathery base..",8272
1335,perfume that smells like wet rocks,"Accords: metallic, mineral, fresh. Notes: aluminum, aldehydes, slate, pebbles, water notes, metallic notes, virginia cedar. Profile: It smells like powdered aluminum and sand, with a soft, powdery base that's been left in the sun for years..","Accords: metallic, citrus, mineral. Notes: aldehydes, lime peel, bitter orange, coriander leaf, jasmine, pitosporum, metallic notes, musk. Profile: It smells like citrus peel and orange peel at first, then resinous jasmine and powdery wood, finishing with a warm, leathery base..",8272
12808,warm honey perfume with flowers,"Accords: honey, sweet, citrus. Notes: ginger, bitter orange, jasmine sambac, orange blossom, rose, honey, amber, caramel. Profile: It smells like citrus peel and orange peel at first, then sweet honey and vanilla, finishing with a soft woody base..","Accords: honey, fruity, vanilla. Notes: apple, honey, vanilla, musk. Profile: It smells like a fruit stand next to an apple orchard, with something sweet and slightly sweet lingering in the background..",11608
12808,sweet caramel vanilla scent,"Accords: honey, sweet, citrus. Notes: ginger, bitter orange, jasmine sambac, orange blossom, rose, honey, amber, caramel. Profile: It smells like citrus peel and orange peel at first, then sweet honey and vanilla, finishing with a soft woody base..","Accords: honey, sweet, white floral. Notes: honey, sorbet, apple, petitgrain, jasmine, orange blossom, lily-of-the-valley, vanilla. Profile: It smells like sweet honey and sorbet at first, then white flowers and vanilla, with a warm, slightly powdery sweetness underneath..",11427
12808,orange blossom and ginger fragrance,"Accords: honey, sweet, citrus. Notes: ginger, bitter orange, jasmine sambac, orange blossom, rose, honey, amber, caramel. Profile: It smells like citrus peel and orange peel at first, then sweet honey and vanilla, finishing with a soft woody base..","Accords: honey, vanilla, oud. Notes: anise, pink pepper, bergamot, honey, lavender, vanilla, agarwood (oud), olibanum. Profile: It smells like a spice market at dawn — sweet citrus peel mixed with powdery lavender, then soft vanilla and warm wood..",16358
815,fresh licorice spice perfume,"Accords: anis, woody, soft spicy. Notes: anise, spices, melon, eucalyptus, woodsy notes, musk. Profile: It smells like sweet melon and citrus at first, then soft woods and musk, finishing with a warm, slightly powdery base..","Accords: anis, soft spicy, powdery. Notes: star anise, bergamot, agarwood (oud), vetiver, myrhh, iris. Profile: It smells like a spice shop next to an old wooden furniture store — sweet citrus peel mixed with woody moss, then softened by something earthy and slightly floral..",21704
815,melon and eucalyptus cologne,"Accords: anis, woody, soft spicy. Notes: anise, spices, melon, eucalyptus, woodsy notes, musk. Profile: It smells like sweet melon and citrus at first, then soft woods and musk, finishing with a warm, slightly powdery base..","Accords: anis, citrus, woody. Notes: mandarin orange, neroli, bergamot, star anise, olive blossom, tarragon, tonka bean, tobacco. Profile: It smells like citrus peel and bergamot at first, then sweet tobacco and wood, with a woody sweetness that's softening..",17498
815,woodsy musk with anise scent,"Accords: anis, woody, soft spicy. Notes: anise, spices, melon, eucalyptus, woodsy notes, musk. Profile: It smells like sweet melon and citrus at first, then soft woods and musk, finishing with a warm, slightly powdery base..","Accords: anis, soft spicy, powdery. Notes: star anise, bergamot, agarwood (oud), vetiver, myrhh, iris. Profile: It smells like a spice shop next to an old wooden furniture store — sweet citrus peel mixed with woody moss, then softened by something earthy and slightly floral..",21704
15683,soft white tea and vanilla perfume,"Accords: vanilla, floral, powdery. Notes: rice, white tea, frangipani, cherry blossom, heliotrope, vanille, incense, musk. Profile: It smells like a spice market at dawn — sweet tea and white flowers mixed with powdery incense, finishing with something woody and resinous..","Accords: vanilla, floral, musky. Notes: clementine, magnolia, ylang-ylang, peony, vanilla, white musk, benzoin. Profile: It smells like a florist's pantry full of peonies and white flowers, with something powdery and slightly sweet underneath..",15699
15683,creamy rice pudding with flowers,"Accords: vanilla, floral, powdery. Notes: rice, white tea, frangipani, cherry blossom, heliotrope, vanille, incense, musk. Profile: It smells like a spice market at dawn — sweet tea and white flowers mixed with powdery incense, finishing with something woody and resinous..","Accords: vanilla, white floral, soft spicy. Notes: lily, heliotrope, anise, black currant, jasmine, cloves, tonka bean, vanilla. Profile: It smells like a flower shop next to an old church — sweet lilies and white flowers mixed with powdery jasmine, then softens into something creamy and vanilla-like..",5373
15683,clean musk and cherry blossom scent,"Accords: vanilla, floral, powdery. Notes: rice, white tea, frangipani, cherry blossom, heliotrope, vanille, incense, musk. Profile: It smells like a spice market at dawn — sweet tea and white flowers mixed with powdery incense, finishing with something woody and resinous..","Accords: vanilla, sweet, fruity. Notes: whipped cream, pear, black currant, frangipani, red fruits, jasmine, vanilla, musk. Profile: It smells like sweet pear and blackcurrant at first, then white flowers with a hint of vanilla and powdery wood..",4683
4986,fresh cherry perfume with roses,"Accords: cherry, sweet, fruity. Notes: rose, green notes, jasmine, sour cherry, apple, orange blossom, black currant, white musk. Profile: It smells like a rose garden at dawn — sweet roses and white flowers mixed with citrus peel, then settling into powdery amber..","Accords: cherry, rose, sweet. Notes: cherry, rose petals, musk. Profile: It smells like a spice market at dawn — sweet cherries and rose petals mixed with musk..",18245
4986,sweet and sour fruity scent,"Accords: cherry, sweet, fruity. Notes: rose, green notes, jasmine, sour cherry, apple, orange blossom, black currant, white musk. Profile: It smells like a rose garden at dawn — sweet roses and white flowers mixed with citrus peel, then settling into powdery amber..","Accords: cherry, nutty, sweet. Notes: sour cherry, cherry, pistachio, cherry blossom, almond, sandalwood, musk. Profile: It smells like sweet cherry and pistachio at first, then soft almond and soft wood, finishing with something earthy and slightly musky..",6166
4986,cherry blossom garden in spring,"Accords: cherry, sweet, fruity. Notes: rose, green notes, jasmine, sour cherry, apple, orange blossom, black currant, white musk. Profile: It smells like a rose garden at dawn — sweet roses and white flowers mixed with citrus peel, then settling into powdery amber..","Accords: cherry, sweet, lactonic. Notes: milk, cacao, almond, cloves, lime, cherry, raspberry, jasmine. Profile: It smells like a spice market at dawn — milky and sweet, with something sweet and slightly powdery underneath..",155
4520,tropical coconut sunscreen with flowers,"Accords: yellow floral, sweet, coconut. Notes: bergamot, lemon, pink pepper, ylang-ylang, coconut milk, heliotrope, musk, benzoin. Profile: It smells like a spice shop at dawn — citrus peel mixed with powdered sugar, then softens into something earthy and slightly sweet..","Accords: yellow floral, sweet, green. Notes: green leaves, mandarin orange, bergamot, ylang-ylang, jasmine, white lily, freesia, orchid. Profile: It smells like a flower shop at dawn — green leaves and citrus peel mixed with white flowers, then settles into something earthy and slightly woody..",17317
4520,creamy lemon pepper scent,"Accords: yellow floral, sweet, coconut. Notes: bergamot, lemon, pink pepper, ylang-ylang, coconut milk, heliotrope, musk, benzoin. Profile: It smells like a spice shop at dawn — citrus peel mixed with powdered sugar, then softens into something earthy and slightly sweet..","Accords: yellow floral, green, floral. Notes: mimosa, bergamot, mimosa, lily, hiacynth, narcissus, benzoin, jasmine. Profile: It smells like a flower shop at dawn — sweet flowers and citrus peel mixed with white flowers, then softens into something earthy and slightly floral..",13486
4520,warm beach coconut musk perfume,"Accords: yellow floral, sweet, coconut. Notes: bergamot, lemon, pink pepper, ylang-ylang, coconut milk, heliotrope, musk, benzoin. Profile: It smells like a spice shop at dawn — citrus peel mixed with powdered sugar, then softens into something earthy and slightly sweet..","Accords: yellow floral, floral, sweet. Notes: tangerine, pear, amalfi lemon, rose, lime (linden) blossom, lotus, mimosa, amber. Profile: It smells like fresh pear and lemon at first, then white flowers with a hint of citrus peel, finishing with something earthy and musky..",11798
7670,fresh cut flowers with soft musk,"Accords: floral, white floral, musky. Notes: white musk, peony, freesia, green notes, peach, plum, lily, lily-of-the-valley. Profile: It smells like a coffee shop at dawn — white flowers and peaches mixed with powdery flowers, then settles into something earthy and slightly sweet..","Accords: floral, rose, fresh. Notes: litchi, pink pepper, bergamot, turkish rose, peony, magnolia, iris, musk. Profile: It smells like a spice market at dawn — citrus peel and peony mixed with white flowers, finishing with something earthy and slightly powdery..",7333
7670,peach and vanilla with white flowers,"Accords: floral, white floral, musky. Notes: white musk, peony, freesia, green notes, peach, plum, lily, lily-of-the-valley. Profile: It smells like a coffee shop at dawn — white flowers and peaches mixed with powdery flowers, then settles into something earthy and slightly sweet..","Accords: floral, powdery, violet. Notes: violet leaf, tomato leaf, green mandarin, bellflower, violet, tuberose, frangipani, musk. Profile: It smells like a flower shop at dawn — white flowers blooming in the air, with something earthy and slightly woody underneath..",7310
7670,spring garden after rain perfume,"Accords: floral, white floral, musky. Notes: white musk, peony, freesia, green notes, peach, plum, lily, lily-of-the-valley. Profile: It smells like a coffee shop at dawn — white flowers and peaches mixed with powdery flowers, then settles into something earthy and slightly sweet..","Accords: floral, citrus, yellow floral. Notes: orange peel, magnolia, rice, narcissus, italian jasmine, iris, bulgarian rose, ambergris. Profile: It smells like a spice market at dawn — sweet orange peel and white flowers mixed with powdery roses, then settles into something earthy and slightly floral..",3258
10926,deep earthy patchouli with sweet plum,"Accords: patchouli, rose, woody. Notes: plum, geranium, bergamot, patchouli, rose, benzoin, amber, sandalwood. Profile: It smells like a flower shop next to an old wooden furniture store — sweet plums and roses mixed with earthy wood, then softened by something powdery and slightly woody..","Accords: patchouli, rose, fresh spicy. Notes: sichuan pepper, pink pepper, bergamot, rose, violet, lily-of-the-valley, patchouli, amber. Profile: It smells like a spice market at dawn — spicy peppercorns and white flowers mixed with powdery roses, finishing with something earthy and slightly floral..",8252
10926,warm amber musk sandalwood perfume,"Accords: patchouli, rose, woody. Notes: plum, geranium, bergamot, patchouli, rose, benzoin, amber, sandalwood. Profile: It smells like a flower shop next to an old wooden furniture store — sweet plums and roses mixed with earthy wood, then softened by something powdery and slightly woody..","Accords: patchouli, vanilla, warm spicy. Notes: violet leaf, coriander, bergamot, rose, black pepper, lily-of-the-valley, patchouli, bourbon vanilla. Profile: It smells like a flower shop at dawn — white flowers blooming in the air, with something sweet and slightly spiced underneath..",19404
10926,dark rose with woody base smell,"Accords: patchouli, rose, woody. Notes: plum, geranium, bergamot, patchouli, rose, benzoin, amber, sandalwood. Profile: It smells like a flower shop next to an old wooden furniture store — sweet plums and roses mixed with earthy wood, then softened by something powdery and slightly woody..","Accords: patchouli, woody, citrus. Notes: bergamot, mandarin orange, lavender, geranium, rose, patchouli, cedar, oakmoss. Profile: It smells like citrus peel and rose petals at first, then settles into something earthy and slightly powdery, with a warm, slightly woody base..",13537
2231,sweet raspberry jasmine perfume,"Accords: white floral, sweet, honey. Notes: raspberry, neroli, amalfi lemon, jasmine, african orange flower, gardenia, white honey, patchouli. Profile: It smells like ripe raspberries and citrus peel at first, then soft honey and white flowers, finishing with a warm, slightly powdery base..","Accords: white floral, fresh, citrus. Notes: lily-of-the-valley, mandarin orange, bergamot, jasmine, guava, iris, rose, musk. Profile: It smells like a flower shop at dawn — citrus peel and orange peel mixed with white flowers, then softens into something powdery and slightly floral..",5224
2231,white flowers with honey and citrus,"Accords: white floral, sweet, honey. Notes: raspberry, neroli, amalfi lemon, jasmine, african orange flower, gardenia, white honey, patchouli. Profile: It smells like ripe raspberries and citrus peel at first, then soft honey and white flowers, finishing with a warm, slightly powdery base..","Accords: white floral, floral, fresh spicy. Notes: white pepper, freesia, italian mandarin, jasmine, karo-korund, rose, peach, amber. Profile: It smells like a spice market at dawn — sweet pepper and white flowers mixed with powdery roses, then softened by warm wood..",13184
2231,gardenia orange blossom fresh scent,"Accords: white floral, sweet, honey. Notes: raspberry, neroli, amalfi lemon, jasmine, african orange flower, gardenia, white honey, patchouli. Profile: It smells like ripe raspberries and citrus peel at first, then soft honey and white flowers, finishing with a warm, slightly powdery base..","Accords: white floral, fresh, powdery. Notes: aldehydes, ylang-ylang, lily-of-the-valley, petitgrain, jasmine, hyacinth, rose petals, cinnamon. Profile: It smells like a flower shop at dawn — sweet florals mixed with white flowers, then softened by something powdery and slightly earthy..",8081
11482,sweet vanilla coconut body lotion,"Accords: sweet, lactonic, vanilla. Notes: lavender, pear, bergamot, whipped cream, coconut, praline, vanilla orchid, musk. Profile: It smells like sweet pear and vanilla at first, then creamy vanilla and whipped cream, with a woody base that's soft and powdery..","Accords: sweet, vanilla, fruity. Notes: pear, litchi, red apple, mandarin orange, gardenia, jasmine, sweet pea, freesia. Profile: It smells like ripe pear and orange peel at first, then white flowers and vanilla, finishing with a soft woody base..",18855
11482,creamy dessert perfume with lavender,"Accords: sweet, lactonic, vanilla. Notes: lavender, pear, bergamot, whipped cream, coconut, praline, vanilla orchid, musk. Profile: It smells like sweet pear and vanilla at first, then creamy vanilla and whipped cream, with a woody base that's soft and powdery..","Accords: sweet, almond, honey. Notes: macarons, almond, bergamot, honey, bulgarian rose, turkish rose, tonka bean, patchouli. Profile: It smells like sweet almonds and bergamot at first, then creamy rose, finishing with a slightly earthy sweetness..",14758
11482,whipped cream and pear fragrance,"Accords: sweet, lactonic, vanilla. Notes: lavender, pear, bergamot, whipped cream, coconut, praline, vanilla orchid, musk. Profile: It smells like sweet pear and vanilla at first, then creamy vanilla and whipped cream, with a woody base that's soft and powdery..","Accords: sweet, fruity, coconut. Notes: lemon, piña colada, passionfruit, praline, caramel, gardenia. Profile: It smells like citrus peel and praline at first, then soft caramel, finishing with something earthy and slightly sweet..",9328
300,spicy metallic cologne for men,"Accords: metallic, warm spicy, aromatic. Notes: black pepper, bergamot, cardamom, labdanum, henna, metallic notes, ozonic notes, iris. Profile: It smells like dried peppercorns and cardamom at first, then rusty leather, with something earthy and slightly smoky underneath..","Accords: metallic, citrus, mineral. Notes: aldehydes, lime peel, bitter orange, coriander leaf, jasmine, pitosporum, metallic notes, musk. Profile: It smells like citrus peel and orange peel at first, then resinous jasmine and powdery wood, finishing with a warm, leathery base..",8272
300,cold metal and black pepper fragrance,"Accords: metallic, warm spicy, aromatic. Notes: black pepper, bergamot, cardamom, labdanum, henna, metallic notes, ozonic notes, iris. Profile: It smells like dried peppercorns and cardamom at first, then rusty leather, with something earthy and slightly smoky underneath..","Accords: metallic, citrus, mineral. Notes: aldehydes, lime peel, bitter orange, coriander leaf, jasmine, pitosporum, metallic notes, musk. Profile: It smells like citrus peel and orange peel at first, then resinous jasmine and powdery wood, finishing with a warm, leathery base..",8272
300,suede jacket with sharp spices smell,"Accords: metallic, warm spicy, aromatic. Notes: black pepper, bergamot, cardamom, labdanum, henna, metallic notes, ozonic notes, iris. Profile: It smells like dried peppercorns and cardamom at first, then rusty leather, with something earthy and slightly smoky underneath..","Accords: metallic, rose, amber. Notes: metallic notes, green leaves, grapefruit, pink rose, incense, ambergris, cashmere wood, sandalwood. Profile: It smells like a spice market at dawn — green leaves mixed with powdery incense, then softened by warm wood..",12695
12269,sweet almond pastry perfume,"Accords: almond, fruity, nutty. Notes: almond, fruity notes, musk, rose, jasmine, vanilla, resin, amber. Profile: It smells like sweet almonds and powdery roses at first, then soft vanilla and resin, finishing with a warm woody base..","Accords: almond, rose, floral. Notes: pink pepper, bergamot, indian mandarin, rose, heliotrope, almond. Profile: It smells like a spice market at dawn — sweet pepper and white flowers mixed with bergamot, then softened by something earthy and slightly sweet..",10972
12269,soft vanilla and rose scent,"Accords: almond, fruity, nutty. Notes: almond, fruity notes, musk, rose, jasmine, vanilla, resin, amber. Profile: It smells like sweet almonds and powdery roses at first, then soft vanilla and resin, finishing with a warm woody base..","Accords: almond, vanilla, warm spicy. Notes: mandarin orange, pink pepper, cardamom, violet leaf, almond, white heliotrope, benzoin, jasmine. Profile: It smells like sweet orange peel and cardamom at first, then white flowers with a powdery base, finishing with something earthy and slightly floral..",15973
12269,warm musk amber fragrance,"Accords: almond, fruity, nutty. Notes: almond, fruity notes, musk, rose, jasmine, vanilla, resin, amber. Profile: It smells like sweet almonds and powdery roses at first, then soft vanilla and resin, finishing with a warm woody base..","Accords: almond, vanilla, powdery. Notes: cumin, heliotrope, bergamot, bitter almond, lavender, jasmine, vanilla, sandalwood. Profile: It smells like a spice market at dawn — sweet vanilla and powder mixed with white flowers, then softens into something earthy and slightly woody..",20058
5794,creamy milky perfume with rose,"Accords: lactonic, rose, fruity. Notes: litchi, grapefruit, rice, rose, milk mousse, cashmeran. Profile: It smells like ripe citrus and white flowers at first, then settles into creamy milk mousse with a hint of powdery sweetness..","Accords: lactonic, powdery, vanilla. Notes: green apple, apricot, ginger, bergamot, iris, peony, freesia, milk. Profile: It smells like ripe apple and peony at first, then soft vanilla and powdery white flowers, finishing with a warm, slightly woody base..",16401
5794,sweet lychee and grapefruit fragrance,"Accords: lactonic, rose, fruity. Notes: litchi, grapefruit, rice, rose, milk mousse, cashmeran. Profile: It smells like ripe citrus and white flowers at first, then settles into creamy milk mousse with a hint of powdery sweetness..","Accords: lactonic, metallic, coconut. Notes: metallic notes, coconut milk, kiwi, water lily, peach, freesia, orange blossom, milk. Profile: It smells like ripe peaches and water lily at first, then soft white flowers with a hint of powdery wood underneath..",356
5794,soft powdery milk and rice scent,"Accords: lactonic, rose, fruity. Notes: litchi, grapefruit, rice, rose, milk mousse, cashmeran. Profile: It smells like ripe citrus and white flowers at first, then settles into creamy milk mousse with a hint of powdery sweetness..","Accords: lactonic, metallic, coconut. Notes: metallic notes, coconut milk, kiwi, water lily, peach, freesia, orange blossom, milk. Profile: It smells like ripe peaches and water lily at first, then soft white flowers with a hint of powdery wood underneath..",356
15432,powdery iris perfume with citrus,"Accords: iris, woody, amber. Notes: african orange flower, neroli, orange, mandarin orange, iris, galbanum, mastic or lentisque, incense. Profile: It smells like citrus peel and orange peel at first, then iris and white flowers, with something earthy and resinous underneath..","Accords: iris, powdery, amber. Notes: rose, lime, iris, jasmine, amber, musk. Profile: It smells like rose petals and citrus peel at first, then iris and jasmine, finishing with something earthy and slightly powdery..",12592
15432,fresh orange blossom and woody incense,"Accords: iris, woody, amber. Notes: african orange flower, neroli, orange, mandarin orange, iris, galbanum, mastic or lentisque, incense. Profile: It smells like citrus peel and orange peel at first, then iris and white flowers, with something earthy and resinous underneath..","Accords: iris, powdery, musky. Notes: damask rose, tuscan iris, white musk. Profile: It smells like a rose garden next to an old church — white flowers and iris blooming in the background..",10576
15432,clean soapy floral with cedar,"Accords: iris, woody, amber. Notes: african orange flower, neroli, orange, mandarin orange, iris, galbanum, mastic or lentisque, incense. Profile: It smells like citrus peel and orange peel at first, then iris and white flowers, with something earthy and resinous underneath..","Accords: iris, citrus, powdery. Notes: bergamot, pink pepper, mandarin orange, iris, ambrette (musk mallow), patchouli, tonka bean. Profile: It smells like a spice market at dawn — sweet citrus peel and orange peel mixed with powdery iris, then softens into something earthy and slightly sweet..",460
9246,fresh ocean breeze with melon and salt,"Accords: aquatic, sweet, amber. Notes: melon, brandy, pear, mastic or lentisque, ginger, agave, salt, suede. Profile: It smells like sweet melon and citrus peel at first, then creamy vanilla and salt, finishing with something earthy and slightly powdery..","Accords: aquatic, aromatic, marine. Notes: amalfi lemon, mint, seaweed, water notes, vetiver, amber. Profile: It smells like salty lemon and seaweed at first, then settles into something earthy and slightly smoky..",11722
9246,soft suede jacket with warm amber,"Accords: aquatic, sweet, amber. Notes: melon, brandy, pear, mastic or lentisque, ginger, agave, salt, suede. Profile: It smells like sweet melon and citrus peel at first, then creamy vanilla and salt, finishing with something earthy and slightly powdery..","Accords: aquatic, marine, woody. Notes: grapefruit, pear, seaweed, water notes, virginia cedar, sandalwood. Profile: It smells like ripe pear and seaweed at first, then settles into something earthy and slightly woody..",7387
9246,cool water scent with ginger and pear,"Accords: aquatic, sweet, amber. Notes: melon, brandy, pear, mastic or lentisque, ginger, agave, salt, suede. Profile: It smells like sweet melon and citrus peel at first, then creamy vanilla and salt, finishing with something earthy and slightly powdery..","Accords: aquatic, woody, fresh spicy. Notes: lavender, watermelon, basil, water notes, floral notes, virginia cedar, oak moss, musk. Profile: It smells like dried lavender and watermelon at first, then settles into soft moss and warm wood..",15580
10324,sweet cinnamon peach perfume,"Accords: cinnamon, warm spicy, vanilla. Notes: peach, citruses, plum, bergamot, mandarin orange, cinnamon, jasmine, lily-of-the-valley. Profile: It smells like sweet peaches and citrus peel at first, then soft vanilla and powdery wood, finishing with something earthy and slightly musky..","Accords: cinnamon, warm spicy, amber. Notes: bergamot, cinnamon, juniper berries, incense. Profile: It smells like a spice market at dawn — bergamot and cinnamon mixed with powdery incense, finishing with something earthy and slightly sweet..",19851
10324,warm vanilla and sandalwood scent,"Accords: cinnamon, warm spicy, vanilla. Notes: peach, citruses, plum, bergamot, mandarin orange, cinnamon, jasmine, lily-of-the-valley. Profile: It smells like sweet peaches and citrus peel at first, then soft vanilla and powdery wood, finishing with something earthy and slightly musky..","Accords: cinnamon, warm spicy, amber. Notes: bergamot, cinnamon, juniper berries, incense. Profile: It smells like a spice market at dawn — bergamot and cinnamon mixed with powdery incense, finishing with something earthy and slightly sweet..",19851
10324,fruity spicy fragrance with jasmine,"Accords: cinnamon, warm spicy, vanilla. Notes: peach, citruses, plum, bergamot, mandarin orange, cinnamon, jasmine, lily-of-the-valley. Profile: It smells like sweet peaches and citrus peel at first, then soft vanilla and powdery wood, finishing with something earthy and slightly musky..","Accords: cinnamon, warm spicy, amber. Notes: bergamot, cinnamon, juniper berries, incense. Profile: It smells like a spice market at dawn — bergamot and cinnamon mixed with powdery incense, finishing with something earthy and slightly sweet..",19851
15509,chocolate orange perfume,"Accords: cacao, vanilla, warm spicy. Notes: orange, cacao, carambola (star fruit), vanilla. Profile: It smells like a fruit stand next to an orange peel, with something sweet and slightly sweet underneath..","Accords: cacao, iris, white floral. Notes: orange, marshmallow, apple, iris, jasmine, caramel, tonka bean, sandalwood. Profile: It smells like sweet orange peel and citrus peel at first, then creamy vanilla and woody notes, finishing with a warm, slightly powdery base..",13925
15509,sweet vanilla and cocoa scent,"Accords: cacao, vanilla, warm spicy. Notes: orange, cacao, carambola (star fruit), vanilla. Profile: It smells like a fruit stand next to an orange peel, with something sweet and slightly sweet underneath..","Accords: cacao, fruity, warm spicy. Notes: black currant, rose, cacao, patchouli. Profile: It smells like a spice market at dawn — sweet black currants and roses mixed with powdery vanilla, with something earthy and slightly sweet underneath..",12487
15509,tropical fruit chocolate fragrance,"Accords: cacao, vanilla, warm spicy. Notes: orange, cacao, carambola (star fruit), vanilla. Profile: It smells like a fruit stand next to an orange peel, with something sweet and slightly sweet underneath..","Accords: cacao, warm spicy, citrus. Notes: mandarin orange, coffee, osmanthus, cacao, tonka bean. Profile: It smells like a coffee shop at dawn — sweet orange peel mixed with coffee grounds, then settling into something earthy and slightly bitter..",14765
16100,fizzy cola and vanilla perfume,"Accords: coca-cola, warm spicy, rum. Notes: coca-cola, rum, lime, black pepper, birch, davana, vanilla, white musk. Profile: It smells like a liquor store next to an old-fashioned coffee shop — sweet rum mixed with powdered sugar, then softened by something powdery and slightly amber..","Accords: coca-cola, warm spicy, woody. Notes: coca-cola, lime, cinnamon, apple, nutmeg, cedar, amberwood. Profile: It smells like a coffee shop at dawn — citrus peel mixed with cinnamon, then dried fruit, finishing with something earthy and woody..",1270
16100,spicy rum and lime scent,"Accords: coca-cola, warm spicy, rum. Notes: coca-cola, rum, lime, black pepper, birch, davana, vanilla, white musk. Profile: It smells like a liquor store next to an old-fashioned coffee shop — sweet rum mixed with powdered sugar, then softened by something powdery and slightly amber..","Accords: coca-cola, citrus, warm spicy. Notes: coca-cola, lime, nutmeg, cinnamon, cedar, vanilla. Profile: It smells like a coffee shop at dawn — citrus peel mixed with cinnamon, then dried fruit and vanilla, finishing with something sweet and slightly earthy..",3102
16100,sweet soda with warm amber,"Accords: coca-cola, warm spicy, rum. Notes: coca-cola, rum, lime, black pepper, birch, davana, vanilla, white musk. Profile: It smells like a liquor store next to an old-fashioned coffee shop — sweet rum mixed with powdered sugar, then softened by something powdery and slightly amber..","Accords: coca-cola, warm spicy, woody. Notes: coca-cola, lime, cinnamon, apple, nutmeg, cedar, amberwood. Profile: It smells like a coffee shop at dawn — citrus peel mixed with cinnamon, then dried fruit, finishing with something earthy and woody..",1270
16676,classic soapy floral perfume like grandma wore,"Accords: aldehydic, fresh, amber. Notes: aldehydes, bulgarian rose, jasmine, amber, musk, vanilla. Profile: It smells like a perfumer's closet at dawn — powdery rose petals mixed with white flowers, then soft vanilla and something faintly floral..","Accords: aldehydic, fresh, woody. Notes: aldehydes, neroli, bergamot, mimosa, basil, mandarin orange, jasmine, patchouli. Profile: It smells like a spice market at dawn — citrus peel and white flowers mixed with powdery roses, then softens into something earthy and slightly floral..",14687
16676,clean powdery rose and jasmine scent,"Accords: aldehydic, fresh, amber. Notes: aldehydes, bulgarian rose, jasmine, amber, musk, vanilla. Profile: It smells like a perfumer's closet at dawn — powdery rose petals mixed with white flowers, then soft vanilla and something faintly floral..","Accords: aldehydic, amber, fresh. Notes: aldehydes, pink pepper, jasmine, ylang-ylang, labdanum, rose, benzoin, musk. Profile: It smells like a perfumer's closet at dawn — powdery florals mixed with powdered rose petals, then soft vanilla and warm wood..",17355
16676,warm vanilla musk with fresh aldehydes,"Accords: aldehydic, fresh, amber. Notes: aldehydes, bulgarian rose, jasmine, amber, musk, vanilla. Profile: It smells like a perfumer's closet at dawn — powdery rose petals mixed with white flowers, then soft vanilla and something faintly floral..","Accords: aldehydic, fresh, iris. Notes: aldehydes, jasmine, rose, iris, vanilla, woodsy notes. Profile: It smells like white flowers and roses at first, then iris and vanilla, with a woody sweetness that's softening the air..",19497
7671,fresh cut grass and mint perfume,"Accords: green, aromatic, woody. Notes: lavender, green notes, bergamot, mint, juniper, mandarin orange, green grass, peach. Profile: It smells like fresh lavender and citrus peel at first, then soft white flowers with a hint of powdery wood underneath..","Accords: green, citrus, musky. Notes: earl grey tea, bergamot, cucumber, musk, beeswax, vanilla. Profile: It smells like a spice market at dawn — sweet tea leaves mixed with powdered beeswax, then softens into something earthy and slightly floral..",7429
7671,green lavender perfume smells like garden,"Accords: green, aromatic, woody. Notes: lavender, green notes, bergamot, mint, juniper, mandarin orange, green grass, peach. Profile: It smells like fresh lavender and citrus peel at first, then soft white flowers with a hint of powdery wood underneath..","Accords: green, powdery, violet. Notes: green notes, galbanum, lemon verbena, violet, oakmoss, heliotrope, white musk. Profile: It smells like a spice market at dawn — green leaves and white flowers mixed with mossy leaves, then softens into something powdery and musky..",13621
7671,crisp bergamot and cedar cologne,"Accords: green, aromatic, woody. Notes: lavender, green notes, bergamot, mint, juniper, mandarin orange, green grass, peach. Profile: It smells like fresh lavender and citrus peel at first, then soft white flowers with a hint of powdery wood underneath..","Accords: green, fruity, woody. Notes: green leaves, galbanum, fig, melon, white tea, sandalwood, musk, amber. Profile: It smells like fresh green leaves and figs at first, then settles into something earthy and slightly woody..",3437
3466,spicy chocolate perfume for men,"Accords: cacao, lavender, warm spicy. Notes: pink pepper, lavender, cacao. Profile: It smells like a spice market at dawn — sweet peppercorns mixed with powdery lavender, and something earthy and slightly sweet..","Accords: cacao, sweet, warm spicy. Notes: cacao, dark chocolate, tobacco, tonka bean, musk, woodsy notes. Profile: It smells like dark chocolate and dark tobacco at first, then settles into something woody and slightly musky..",10873
3466,dark cocoa and pepper scent,"Accords: cacao, lavender, warm spicy. Notes: pink pepper, lavender, cacao. Profile: It smells like a spice market at dawn — sweet peppercorns mixed with powdery lavender, and something earthy and slightly sweet..","Accords: cacao, sweet, warm spicy. Notes: cacao, dark chocolate, tobacco, tonka bean, musk, woodsy notes. Profile: It smells like dark chocolate and dark tobacco at first, then settles into something woody and slightly musky..",10873
3466,lavender chocolate cologne,"Accords: cacao, lavender, warm spicy. Notes: pink pepper, lavender, cacao. Profile: It smells like a spice market at dawn — sweet peppercorns mixed with powdery lavender, and something earthy and slightly sweet..","Accords: cacao, sweet, warm spicy. Notes: cacao, dark chocolate, tobacco, tonka bean, musk, woodsy notes. Profile: It smells like dark chocolate and dark tobacco at first, then settles into something woody and slightly musky..",10873
10465,chocolate coffee vanilla perfume,"Accords: chocolate, warm spicy, citrus. Notes: blood orange, calabrian bergamot, dark chocolate, coffee, madagascar vanilla, pancake, maple sap. Profile: It smells like sweet orange peel and bergamot at first, then dark chocolate and vanilla, with a hint of vanilla sweetness underneath..","Accords: chocolate, powdery, sweet. Notes: peach, black currant, mandarin orange, bergamot, dark chocolate, rose, violet, vanilla. Profile: It smells like ripe peaches and orange peel at first, then dark chocolate and white flowers, finishing with a hint of vanilla and powdery musk..",856
10465,sweet breakfast pancakes maple syrup scent,"Accords: chocolate, warm spicy, citrus. Notes: blood orange, calabrian bergamot, dark chocolate, coffee, madagascar vanilla, pancake, maple sap. Profile: It smells like sweet orange peel and bergamot at first, then dark chocolate and vanilla, with a hint of vanilla sweetness underneath..","Accords: chocolate, lactonic, vanilla. Notes: dark chocolate, jasmine, teak wood, cedar, chocolate, milk, vanilla, musk. Profile: It smells like dark chocolate and white flowers at first, then creamy vanilla and powdery wood, finishing with a soft vanilla-musk base..",10409
10465,dark chocolate orange fragrance,"Accords: chocolate, warm spicy, citrus. Notes: blood orange, calabrian bergamot, dark chocolate, coffee, madagascar vanilla, pancake, maple sap. Profile: It smells like sweet orange peel and bergamot at first, then dark chocolate and vanilla, with a hint of vanilla sweetness underneath..","Accords: chocolate, powdery, sweet. Notes: peach, black currant, mandarin orange, bergamot, dark chocolate, rose, violet, vanilla. Profile: It smells like ripe peaches and orange peel at first, then dark chocolate and white flowers, finishing with a hint of vanilla and powdery musk..",856
7569,fresh powdery violet perfume,"Accords: violet, powdery, fruity. Notes: violet, black currant, bergamot, lemon, violet, green apple, rose, peach. Profile: It smells like ripe peaches and white flowers at first, then soft rose petals, finishing with a hint of powdery musk..","Accords: violet, aquatic, woody. Notes: black currant, dew drop, violet, rose, campion flower, iso e super. Profile: It smells like ripe black currants and white flowers at first, then soft rose petals, finishing with something earthy and slightly floral..",12476
7569,green apple and peach scent,"Accords: violet, powdery, fruity. Notes: violet, black currant, bergamot, lemon, violet, green apple, rose, peach. Profile: It smells like ripe peaches and white flowers at first, then soft rose petals, finishing with a hint of powdery musk..","Accords: violet, aquatic, woody. Notes: black currant, dew drop, violet, rose, campion flower, iso e super. Profile: It smells like ripe black currants and white flowers at first, then soft rose petals, finishing with something earthy and slightly floral..",12476
7569,soft floral musk for spring,"Accords: violet, powdery, fruity. Notes: violet, black currant, bergamot, lemon, violet, green apple, rose, peach. Profile: It smells like ripe peaches and white flowers at first, then soft rose petals, finishing with a hint of powdery musk..","Accords: violet, woody, powdery. Notes: ylang-ylang, violet, cedar, cloves. Profile: It smells like a florist's closet full of white flowers, with something earthy and slightly floral lurking in the background..",6573
11885,perfume that smells like wet moss and tea,"Accords: mossy, earthy, rose. Notes: bergamot, pink pepper, black pepper, rose, water jasmine, green tea, oakmoss, patchouli. Profile: It smells like a flower shop at dawn — sweet citrus peel mixed with white flowers, then settling into something earthy and slightly powdery..","Accords: mossy, earthy, woody. Notes: bergamot, cassis, patchouli, rose, oakmoss, musk, amber. Profile: It smells like a flower shop at dawn — bergamot and roses mixed with moss, then softens into something earthy and powdery..",16812
11885,fresh bergamot rose with earthy patchouli,"Accords: mossy, earthy, rose. Notes: bergamot, pink pepper, black pepper, rose, water jasmine, green tea, oakmoss, patchouli. Profile: It smells like a flower shop at dawn — sweet citrus peel mixed with white flowers, then settling into something earthy and slightly powdery..","Accords: mossy, earthy, fruity. Notes: banana, chamomile, labdanum, seaweed, oakmoss, violet leaf. Profile: It smells like dried bananas and chamomile at first, then settles into something earthy and slightly powdery with a hint of seaweed..",8970
11885,green forest after rain with pepper,"Accords: mossy, earthy, rose. Notes: bergamot, pink pepper, black pepper, rose, water jasmine, green tea, oakmoss, patchouli. Profile: It smells like a flower shop at dawn — sweet citrus peel mixed with white flowers, then settling into something earthy and slightly powdery..","Accords: mossy, citrus, woody. Notes: kaffir lime, basil, jasmine, ylang-ylang, oakmoss, civet, benzoin, spices. Profile: It smells like a leather jacket left open in an old wooden shed, with something earthy and slightly powdery underneath..",19425
1647,sweet fruity perfume with candy and berries,"Accords: sweet, patchouli, fruity. Notes: cotton candy, coconut, cassis, melon, jasmine, bergamot, pineapple, mandarin orange. Profile: It smells like a spice market at dawn — sweet almonds and honey mixed with citrus peel, then soft vanilla and powdery wood..","Accords: sweet, fruity, coffee. Notes: litchi, kiwi, quince, white chocolate, cupcake, plum, jasmine, coffee. Profile: It smells like a coffee shop at dawn — sweet chocolate and mint mixed with powdered sugar, finishing with something earthy and slightly woody..",9331
1647,coconut vanilla perfume for summer,"Accords: sweet, patchouli, fruity. Notes: cotton candy, coconut, cassis, melon, jasmine, bergamot, pineapple, mandarin orange. Profile: It smells like a spice market at dawn — sweet almonds and honey mixed with citrus peel, then soft vanilla and powdery wood..","Accords: sweet, floral, caramel. Notes: macarons, pistachio, mandarin orange, neroli, cherry blossom, mimosa, cotton candy, musk. Profile: It smells like a fruit stand next to an orange blossom, with something sweet and slightly sweet lingering in the air..",8779
1647,candy floss and tropical fruit scent,"Accords: sweet, patchouli, fruity. Notes: cotton candy, coconut, cassis, melon, jasmine, bergamot, pineapple, mandarin orange. Profile: It smells like a spice market at dawn — sweet almonds and honey mixed with citrus peel, then soft vanilla and powdery wood..","Accords: sweet, fruity, soft spicy. Notes: pink pepper, pineapple, cardamom, pear, orange, red apple, tea, oak moss. Profile: It smells like ripe pear and cardamom at first, then white flowers with a hint of citrus peel, finishing with something earthy and slightly woody..",3167
20198,fresh mint and citrus cologne for summer,"Accords: aromatic, woody, fresh spicy. Notes: mandarin orange, mint, cypress, sage, pepper, tonka bean, musk, sandalwood. Profile: It smells like citrus peel and mint at first, then cypress and sage, with something earthy and slightly woody underneath..","Accords: aromatic, vanilla, soft spicy. Notes: absinthe, fennel, anise, lavender, vanilla, musk. Profile: It smells like a perfumer's pantry at dawn — sweet florals mixed with powdery lavender, finishing with something earthy and slightly woody..",10468
20198,woody cedar sandalwood mens fragrance,"Accords: aromatic, woody, fresh spicy. Notes: mandarin orange, mint, cypress, sage, pepper, tonka bean, musk, sandalwood. Profile: It smells like citrus peel and mint at first, then cypress and sage, with something earthy and slightly woody underneath..","Accords: aromatic, fresh spicy, lavender. Notes: green apple, bergamot, pink grapefruit, lavender, violet leaf, geranium, tonka bean, leather. Profile: It smells like ripe apple and grapefruit at first, then soft lavender and powdery lavender, finishing with something earthy and slightly leathery..",16571
20198,spicy pepper sage aromatic scent,"Accords: aromatic, woody, fresh spicy. Notes: mandarin orange, mint, cypress, sage, pepper, tonka bean, musk, sandalwood. Profile: It smells like citrus peel and mint at first, then cypress and sage, with something earthy and slightly woody underneath..","Accords: aromatic, warm spicy, lavender. Notes: cardamom, bergamot, lavender, amber, cedar. Profile: It smells like cardamom and bergamot at first, then lavender and amber, with something earthy and slightly woody underneath..",17832
12655,fresh cut grass with leather jacket smell,"Accords: herbal, green, aromatic. Notes: grass, green notes, heather, artemisia, arnica, leather, vetiver, vanille. Profile: It smells like a leather jacket left in an old wooden shed, with something earthy and slightly powdery underneath..","Accords: herbal, caramel, aromatic. Notes: rose, neroli, jasmine, artemisia, caramel, vanilla. Profile: It smells like rose petals and jasmine at first, then creamy caramel and vanilla, finishing with a soft vanilla-vanilla base..",13724
12655,green herbs after rain outdoors perfume,"Accords: herbal, green, aromatic. Notes: grass, green notes, heather, artemisia, arnica, leather, vetiver, vanille. Profile: It smells like a leather jacket left in an old wooden shed, with something earthy and slightly powdery underneath..","Accords: herbal, earthy, fresh spicy. Notes: pepperwood or hercules club, nard himalayan (jatamansi), ylang-ylang. Profile: It smells like a spice shop at dawn — sweet pepperwood or hercules club mingling with powdery wood, with something faintly floral and slightly earthy underneath..",9310
12655,vetiver leather vanilla men's cologne,"Accords: herbal, green, aromatic. Notes: grass, green notes, heather, artemisia, arnica, leather, vetiver, vanille. Profile: It smells like a leather jacket left in an old wooden shed, with something earthy and slightly powdery underneath..","Accords: herbal, leather, aromatic. Notes: artemisia, incense, lemon, leather, chamomile, apricot, iris, vanilla. Profile: It smells like a leather jacket left open in an old church — dried herbs mixed with white flowers, then softens into something powdery and slightly woody..",8457
9229,chocolate orange perfume,"Accords: chocolate, vanilla, sweet. Notes: mandarin orange, chocolate, chocolate flower, vanilla. Profile: It smells like a fruit stand next to an orange peel, with something sweet and slightly sweet underneath..","Accords: chocolate, sweet, warm spicy. Notes: milk chocolate, green apple, mandarin orange, dark chocolate, vanilla flower, sandalwood, white musk, praline. Profile: It smells like a chocolate bar at dawn — dark chocolate mixed with white flowers, then soft vanilla and powdery musk..",16666
9229,warm vanilla chocolate scent,"Accords: chocolate, vanilla, sweet. Notes: mandarin orange, chocolate, chocolate flower, vanilla. Profile: It smells like a fruit stand next to an orange peel, with something sweet and slightly sweet underneath..","Accords: chocolate, sweet, warm spicy. Notes: milk chocolate, green apple, mandarin orange, dark chocolate, vanilla flower, sandalwood, white musk, praline. Profile: It smells like a chocolate bar at dawn — dark chocolate mixed with white flowers, then soft vanilla and powdery musk..",16666
9229,sweet chocolate candy fragrance,"Accords: chocolate, vanilla, sweet. Notes: mandarin orange, chocolate, chocolate flower, vanilla. Profile: It smells like a fruit stand next to an orange peel, with something sweet and slightly sweet underneath..","Accords: chocolate, sweet, warm spicy. Notes: milk chocolate, green apple, mandarin orange, dark chocolate, vanilla flower, sandalwood, white musk, praline. Profile: It smells like a chocolate bar at dawn — dark chocolate mixed with white flowers, then soft vanilla and powdery musk..",16666
21139,musky leather jacket with sweet peach,"Accords: animalic, musky, woody. Notes: peach, bergamot, aldehydes, cambodian oud, carnation, patchouli, angelica, russian leather. Profile: It smells like fresh peaches and bergamot at first, then creamy leather and soft moss, finishing with a warm, slightly powdery base..","Accords: animalic, musky, oud. Notes: agarwood (oud), aldehydes, bergamot, amber, rose, civetta, leather, patchouli. Profile: It smells like a leather jacket left in an old wooden shed, with something earthy and slightly woody lurking in the background..",9039
21139,animalic perfume with oud and amber,"Accords: animalic, musky, woody. Notes: peach, bergamot, aldehydes, cambodian oud, carnation, patchouli, angelica, russian leather. Profile: It smells like fresh peaches and bergamot at first, then creamy leather and soft moss, finishing with a warm, slightly powdery base..","Accords: animalic, woody, leather. Notes: leather, tobacco, cardamom, labdanum, singapore patchouli, violet leaves, jasmine sambac, musk. Profile: It smells like leather and tobacco at first, then a powdery base of white flowers, with something earthy and slightly sweet underneath..",9659
21139,vintage dusty leather and spicy carnation,"Accords: animalic, musky, woody. Notes: peach, bergamot, aldehydes, cambodian oud, carnation, patchouli, angelica, russian leather. Profile: It smells like fresh peaches and bergamot at first, then creamy leather and soft moss, finishing with a warm, slightly powdery base..","Accords: animalic, fruity, leather. Notes: rhubarb, raspberry, amyl salicylate, rose, leather, animal notes, oakmoss, cedar. Profile: It smells like tart rhubarb and raspberries at first, then soft leather and warm wood, with something earthy and slightly woody underneath..",8982
14515,fresh vanilla with mint and apple,"Accords: vanilla, aromatic, green. Notes: mint, green apple, lemon, tonka bean, ambroxan, geranium, madagascar vanilla, virginian cedar. Profile: It smells like a spice market at dawn — sweet mint and green apple mixed with vanilla, with something earthy and slightly woody underneath..","Accords: vanilla, warm spicy, powdery. Notes: cardamom, sandalwood, vanilla. Profile: It smells like cardamom and sandalwood at first, then soft vanilla and a hint of spice..",608
14515,sweet vanilla perfume with cedar wood,"Accords: vanilla, aromatic, green. Notes: mint, green apple, lemon, tonka bean, ambroxan, geranium, madagascar vanilla, virginian cedar. Profile: It smells like a spice market at dawn — sweet mint and green apple mixed with vanilla, with something earthy and slightly woody underneath..","Accords: vanilla, aromatic, fresh spicy. Notes: bergamot, mint, ginseng, lavender, ginger, vanilla, tonka bean, amber. Profile: It smells like a spice market at dawn — sweet mint and lavender mixed with vanilla, with something slightly woody and earthy underneath..",17992
14515,creamy vanilla and lemon scent,"Accords: vanilla, aromatic, green. Notes: mint, green apple, lemon, tonka bean, ambroxan, geranium, madagascar vanilla, virginian cedar. Profile: It smells like a spice market at dawn — sweet mint and green apple mixed with vanilla, with something earthy and slightly woody underneath..","Accords: vanilla, aromatic, green. Notes: mint, aldehydes, neroli, sage, sclarene, vanilla, tonka bean, sandalwood. Profile: It smells like powdered mint and neroli at first, then creamy vanilla, with a soft vanilla-sandalwood base..",18820
9244,fresh cucumber and citrus perfume,"Accords: ozonic, green, aquatic. Notes: cucumber, citruses, green notes, lotus, plum, lavender, sichuan pepper, virginia cedar. Profile: It smells like a spice market at dawn — sweet cucumbers and pecans mixed with powdery flowers, then soft wood and musk..","Accords: ozonic, aquatic, green. Notes: cucumber, cactus, lotus leaf, lime blossom, tyger lily, freesia, musk, white woods. Profile: It smells like a fruit stand next to an old church — sweet cucumber and citrus peel mixed with white flowers, then settles into something soft and woody..",5507
9244,clean laundry smell with green notes,"Accords: ozonic, green, aquatic. Notes: cucumber, citruses, green notes, lotus, plum, lavender, sichuan pepper, virginia cedar. Profile: It smells like a spice market at dawn — sweet cucumbers and pecans mixed with powdery flowers, then soft wood and musk..","Accords: ozonic, fruity, aquatic. Notes: pineapple, bergamot, grapefruit, watermelon, bamboo, sandalwood, amber. Profile: It smells like ripe pineapple and watermelon at first, then settles into something earthy and slightly woody..",12074
9244,cool watery scent like after rain,"Accords: ozonic, green, aquatic. Notes: cucumber, citruses, green notes, lotus, plum, lavender, sichuan pepper, virginia cedar. Profile: It smells like a spice market at dawn — sweet cucumbers and pecans mixed with powdery flowers, then soft wood and musk..","Accords: ozonic, fresh spicy, aromatic. Notes: ozonic notes, geranium, virginia cedar. Profile: It smells like a perfumer's desk at dawn — earthy florals mixed with geranium and dried cedar..",2354
11525,smoky leather jacket smell,"Accords: smoky, leather, aromatic. Notes: grapefruit, smoke, juniper, leather, vetiver. Profile: It smells like citrus peel and juniper at first, then soft leather, with something earthy and slightly leathery underneath..","Accords: smoky, woody, leather. Notes: black pepper, sicilian mandarin, cassis, indian saffron, lotus, smoke, woody notes, leather. Profile: It smells like a spice market at dawn — peppery spices mixed with smoky leather, with something earthy and slightly leathery underneath..",3694
11525,grapefruit and vetiver men's cologne,"Accords: smoky, leather, aromatic. Notes: grapefruit, smoke, juniper, leather, vetiver. Profile: It smells like citrus peel and juniper at first, then soft leather, with something earthy and slightly leathery underneath..","Accords: smoky, woody, aromatic. Notes: smoke, gunpowder, lime, sea water, brandy, balsam fir, cedar, amber. Profile: It smells like a fisherman's cabin next to the ocean, with something earthy and slightly powdery lingering in the air..",2855
11525,campfire smoke and juniper scent,"Accords: smoky, leather, aromatic. Notes: grapefruit, smoke, juniper, leather, vetiver. Profile: It smells like citrus peel and juniper at first, then soft leather, with something earthy and slightly leathery underneath..","Accords: smoky, musky, woody. Notes: musk, lime (linden) blossom, citruses, castoreum, iris, vanila, musk, ash. Profile: It smells like a flower shop at dawn — mossy flowers and soft iris, with something earthy and slightly powdery underneath..",1216
6564,white floral perfume with citrus and tea,"Accords: tuberose, woody, white floral. Notes: pomegranate, blood mandarin, tea, tuberose, freesia, sandalwood, musk. Profile: It smells like pomegranate juice and white flowers at first, then settles into something earthy and slightly woody..","Accords: tuberose, white floral, citrus. Notes: bergamot, violet leaves, mandarin orange, tuberose, rose, jasmine, ylang-ylang, neroli. Profile: It smells like citrus peel and white flowers at first, then settles into something earthy and slightly woody..",13109
6564,tuberose freesia sandalwood fragrance,"Accords: tuberose, woody, white floral. Notes: pomegranate, blood mandarin, tea, tuberose, freesia, sandalwood, musk. Profile: It smells like pomegranate juice and white flowers at first, then settles into something earthy and slightly woody..","Accords: tuberose, woody, white floral. Notes: tuberose, sandalwood, orange, ylang-ylang. Profile: It smells like white flowers and sandalwood at first, then settles into something earthy and slightly sweet..",12745
6564,creamy flowers with pomegranate and musk,"Accords: tuberose, woody, white floral. Notes: pomegranate, blood mandarin, tea, tuberose, freesia, sandalwood, musk. Profile: It smells like pomegranate juice and white flowers at first, then settles into something earthy and slightly woody..","Accords: tuberose, rose, white floral. Notes: pear, juniper, pink pepper, cinnamon, tuberose, rose, leather, ylang-ylang. Profile: It smells like sweet pear and juniper at first, then white flowers and roses, finishing with warm leather and soft wood..",11972
3102,perfume that smells like coca cola with vanilla,"Accords: coca-cola, citrus, warm spicy. Notes: coca-cola, lime, nutmeg, cinnamon, cedar, vanilla. Profile: It smells like a coffee shop at dawn — citrus peel mixed with cinnamon, then dried fruit and vanilla, finishing with something sweet and slightly earthy..","Accords: coca-cola, warm spicy, woody. Notes: coca-cola, lime, cinnamon, apple, nutmeg, cedar, amberwood. Profile: It smells like a coffee shop at dawn — citrus peel mixed with cinnamon, then dried fruit, finishing with something earthy and woody..",1270
3102,spicy cinnamon and lime fragrance,"Accords: coca-cola, citrus, warm spicy. Notes: coca-cola, lime, nutmeg, cinnamon, cedar, vanilla. Profile: It smells like a coffee shop at dawn — citrus peel mixed with cinnamon, then dried fruit and vanilla, finishing with something sweet and slightly earthy..","Accords: coca-cola, warm spicy, woody. Notes: coca-cola, lime, cinnamon, apple, nutmeg, cedar, amberwood. Profile: It smells like a coffee shop at dawn — citrus peel mixed with cinnamon, then dried fruit, finishing with something earthy and woody..",1270
3102,sweet fizzy soda smell with cedar wood,"Accords: coca-cola, citrus, warm spicy. Notes: coca-cola, lime, nutmeg, cinnamon, cedar, vanilla. Profile: It smells like a coffee shop at dawn — citrus peel mixed with cinnamon, then dried fruit and vanilla, finishing with something sweet and slightly earthy..","Accords: coca-cola, warm spicy, rum. Notes: coca-cola, rum, lime, black pepper, birch, davana, vanilla, white musk. Profile: It smells like a liquor store next to an old-fashioned coffee shop — sweet rum mixed with powdered sugar, then softened by something powdery and slightly amber..",16100
7178,warm vanilla with salty beach vibes,"Accords: vanilla, salty, white floral. Notes: water jasmine, green mandarin, ginger flower, vanilla, salt, ambergris, cashmere wood, sandalwood. Profile: It smells like a spice market at dawn — jasmine blossoms mixed with white flowers, then settling into something earthy and slightly woody..","Accords: vanilla, coconut, sweet. Notes: pink grapefruit, seaweed, neroli, coconut, ylang-ylang, peony, vanilla, sandalwood. Profile: It smells like ripe grapefruit and seaweed at first, then creamy vanilla and sweet peony, finishing with a soft vanilla-vanilla base..",18583
7178,creamy sandalwood and jasmine perfume,"Accords: vanilla, salty, white floral. Notes: water jasmine, green mandarin, ginger flower, vanilla, salt, ambergris, cashmere wood, sandalwood. Profile: It smells like a spice market at dawn — jasmine blossoms mixed with white flowers, then settling into something earthy and slightly woody..","Accords: vanilla, fruity, citrus. Notes: carambola (star fruit), tangerine, cinnamon, jasmine, heliotrope, lily-of-the-valley, vanilla, tonka bean. Profile: It smells like ripe tropical fruits and citrus peel at first, then sweet vanilla and powdery vanilla, finishing with a soft vanilla-sandalwood base..",14387
7178,soft vanilla cashmere scent for everyday,"Accords: vanilla, salty, white floral. Notes: water jasmine, green mandarin, ginger flower, vanilla, salt, ambergris, cashmere wood, sandalwood. Profile: It smells like a spice market at dawn — jasmine blossoms mixed with white flowers, then settling into something earthy and slightly woody..","Accords: vanilla, amber, powdery. Notes: jasmine, sandalwood, vanille, amber, benzoin. Profile: It smells like a perfumer's closet at dawn — jasmine and sandalwood mixed with white flowers, then softens into something earthy and slightly sweet..",4321
20474,warm spicy oud perfume with lavender,"Accords: oud, sweet, aromatic. Notes: clary sage, lavender, bergamot, saffron, praline, agarwood (oud), cedar. Profile: It smells like powdery lavender and saffron at first, then soft vanilla and woody praline, finishing with a hint of earthy wood..","Accords: oud, leather, citrus. Notes: citruses, agarwood (oud), coriander, amyris, leather, musk. Profile: It smells like a leather jacket left in an old wooden shed, with something earthy and slightly musky underneath..",20327
20474,sweet praline and woody cedar fragrance,"Accords: oud, sweet, aromatic. Notes: clary sage, lavender, bergamot, saffron, praline, agarwood (oud), cedar. Profile: It smells like powdery lavender and saffron at first, then soft vanilla and woody praline, finishing with a hint of earthy wood..","Accords: oud, musky, woody. Notes: cambodian oud, musk, indian oud. Profile: It smells like a leather jacket left in an old wooden cabinet, with something earthy and slightly musky underneath..",20883
20474,bergamot sage cologne with dark wood smell,"Accords: oud, sweet, aromatic. Notes: clary sage, lavender, bergamot, saffron, praline, agarwood (oud), cedar. Profile: It smells like powdery lavender and saffron at first, then soft vanilla and woody praline, finishing with a hint of earthy wood..","Accords: oud, warm spicy, rose. Notes: saffron, rose, labdanum, agarwood (oud). Profile: It smells like dried rose petals and saffron at first, then settles into something earthy and slightly woody..",14459
15720,rose perfume with oud and vanilla,"Accords: rose, fruity, vanilla. Notes: litchi, pear, bergamot, turkish rose, agarwood (oud), incense, vanilla, amber. Profile: It smells like ripe pear and rose petals at first, then sweet vanilla and resinous incense, with a woody undertone..","Accords: rose, floral, sweet. Notes: loukhoum, rose water, sugar cane. Profile: It smells like a florist's teapot at dawn — sweet rose petals mixed with sugar cane syrup, with something faintly sweet and earthy lurking nearby..",832
15720,sweet fruity rose with incense smell,"Accords: rose, fruity, vanilla. Notes: litchi, pear, bergamot, turkish rose, agarwood (oud), incense, vanilla, amber. Profile: It smells like ripe pear and rose petals at first, then sweet vanilla and resinous incense, with a woody undertone..","Accords: rose, white floral, patchouli. Notes: cinnamon, cumin, rose, lily-of-the-valley, patchouli, vetiver. Profile: It smells like a florist's pantry full of cinnamon and roses, with something earthy and slightly floral lingering in the air..",9367
15720,warm amber rose fragrance for women,"Accords: rose, fruity, vanilla. Notes: litchi, pear, bergamot, turkish rose, agarwood (oud), incense, vanilla, amber. Profile: It smells like ripe pear and rose petals at first, then sweet vanilla and resinous incense, with a woody undertone..","Accords: rose, woody, iris. Notes: bergamot, cassis, nectarine, rose, iris, raspberry, patchouli, sandalwood. Profile: It smells like a flower shop at dawn — bergamot and roses mixed with nectarine, then softens into something earthy and slightly sweet..",10540
20702,fresh sage and cedar cologne for men,"Accords: aromatic, woody, fresh spicy. Notes: apple, ginger, bergamot, sage, juniper berries, geranium, amberwood, tonka bean. Profile: It smells like ripe apples and citrus peel at first, then settles into something earthy and slightly sweet with a hint of powdery wood..","Accords: aromatic, citrus, fresh spicy. Notes: mandarin orange, black pepper, saffiano leather, suede, haitian vetiver. Profile: It smells like orange peel and black pepper at first, then soft leather and a hint of leathery vetiver..",2621
20702,spicy ginger apple scent woody,"Accords: aromatic, woody, fresh spicy. Notes: apple, ginger, bergamot, sage, juniper berries, geranium, amberwood, tonka bean. Profile: It smells like ripe apples and citrus peel at first, then settles into something earthy and slightly sweet with a hint of powdery wood..","Accords: aromatic, fresh spicy, warm spicy. Notes: ginger, pepper, grapefruit, cardamom, lavender, sea notes, artemisia, vetiver. Profile: It smells like fresh citrus peel and cardamom at first, then vetiver and salty lavender, with a warm, slightly earthy base..",8257
20702,clean juniper bergamot aftershave smell,"Accords: aromatic, woody, fresh spicy. Notes: apple, ginger, bergamot, sage, juniper berries, geranium, amberwood, tonka bean. Profile: It smells like ripe apples and citrus peel at first, then settles into something earthy and slightly sweet with a hint of powdery wood..","Accords: aromatic, citrus, musky. Notes: orange, lemon, sea notes, rose, peony, vetiver, musk, jasmine. Profile: It smells like fresh orange peel and citrus peel at first, then settles into something earthy and slightly musky..",13957
8584,sweet berry candy perfume for summer,"Accords: fruity, sweet, woody. Notes: strawberry, raspberry, blackberry, sour cherry, black currant, mandarin orange, lemon, violet. Profile: It smells like a spice market at dawn — ripe raspberries and blackcurrants mixed with white flowers, then softening into something earthy and slightly powdery..","Accords: fruity, floral, citrus. Notes: mirabelle, mandarin orange, grapefruit, freesia, plum, rhuburb, cyclamen, rose. Profile: It smells like a spice market at dawn — citrus peel and orange peel mixed with powdery roses, then softened by warm wood..",8818
8584,fruity perfume with strawberry and raspberry,"Accords: fruity, sweet, woody. Notes: strawberry, raspberry, blackberry, sour cherry, black currant, mandarin orange, lemon, violet. Profile: It smells like a spice market at dawn — ripe raspberries and blackcurrants mixed with white flowers, then softening into something earthy and slightly powdery..","Accords: fruity, fresh, ozonic. Notes: melon, apple, peach, jasmine, caramel, cedar. Profile: It smells like a fruit stand next to an apple orchard, with something sweet and slightly earthy lurking in the background..",19980
8584,fresh citrus and mixed berries scent,"Accords: fruity, sweet, woody. Notes: strawberry, raspberry, blackberry, sour cherry, black currant, mandarin orange, lemon, violet. Profile: It smells like a spice market at dawn — ripe raspberries and blackcurrants mixed with white flowers, then softening into something earthy and slightly powdery..","Accords: fruity, fresh, green. Notes: pear, mango, granny smith apple, lily-of-the-valley, peony, violet, virginia cedar, amber. Profile: It smells like a fruit stand next to an apple orchard — sweet pear and mango mixed with white flowers, with something earthy and woody underneath..",1103
13816,creamy white flowers not too sweet,"Accords: tuberose, violet, white floral. Notes: bergamot, tuberose, violet, rose, patchouli. Profile: It smells like bergamot and white flowers at first, then rose petals and powdery roses, with a warm, slightly earthy base..","Accords: tuberose, woody, white floral. Notes: tuberose, pear, spices, woodsy notes, musk, sandalwood. Profile: It smells like ripe pear and rose petals at first, then settles into soft wood with a hint of powdery wood..",19511
13816,fresh tuberose perfume for spring,"Accords: tuberose, violet, white floral. Notes: bergamot, tuberose, violet, rose, patchouli. Profile: It smells like bergamot and white flowers at first, then rose petals and powdery roses, with a warm, slightly earthy base..","Accords: tuberose, woody, white floral. Notes: tuberose, pear, spices, woodsy notes, musk, sandalwood. Profile: It smells like ripe pear and rose petals at first, then settles into soft wood with a hint of powdery wood..",19511
13816,violet and rose garden scent,"Accords: tuberose, violet, white floral. Notes: bergamot, tuberose, violet, rose, patchouli. Profile: It smells like bergamot and white flowers at first, then rose petals and powdery roses, with a warm, slightly earthy base..","Accords: tuberose, white floral, rose. Notes: tuberose, rose, ylang-ylang, spicy notes, musk, sandalwood. Profile: It smells like a rose garden at dawn — sweet rose petals and powdery florals mixed with soft wood, finishing with something earthy and slightly woody..",5944
11587,sweet honey perfume with spices,"Accords: honey, earthy, mossy. Notes: coriander, pepper oil, nutmeg, bergamot, lemon, mandarin orange, may rose, mimosa. Profile: It smells like a spice market at dawn — citrus peel and lemon peel mixed with honey, then soft wood and moss, finishing with something earthy and slightly sweet..","Accords: honey, vanilla, oud. Notes: anise, pink pepper, bergamot, honey, lavender, vanilla, agarwood (oud), olibanum. Profile: It smells like a spice market at dawn — sweet citrus peel mixed with powdery lavender, then soft vanilla and warm wood..",16358
11587,warm floral perfume with peach and honey,"Accords: honey, earthy, mossy. Notes: coriander, pepper oil, nutmeg, bergamot, lemon, mandarin orange, may rose, mimosa. Profile: It smells like a spice market at dawn — citrus peel and lemon peel mixed with honey, then soft wood and moss, finishing with something earthy and slightly sweet..","Accords: honey, sweet, white floral. Notes: blood orange, mandarin orange, honey, orange blossom, gardenia, jasmine, peach, beeswax. Profile: It smells like orange peel and honey at first, then honeyed sugar and sweet honey, finishing with a soft, slightly powdery sweetness..",19118
11587,citrus and honey fragrance with woods,"Accords: honey, earthy, mossy. Notes: coriander, pepper oil, nutmeg, bergamot, lemon, mandarin orange, may rose, mimosa. Profile: It smells like a spice market at dawn — citrus peel and lemon peel mixed with honey, then soft wood and moss, finishing with something earthy and slightly sweet..","Accords: honey, sweet, white floral. Notes: almond, bergamot, white flowers, jasmine, ylang-ylang, honey, amber, orris root. Profile: It smells like sweet almonds and bergamot at first, then white flowers with a hint of honey, finishing with something earthy and slightly floral..",12691
13472,fresh mint and grapefruit perfume,"Accords: green, aromatic, fresh spicy. Notes: mint, grapefruit, bergamot, anise, green notes, cassis, rose, hedione. Profile: It smells like citrus peel and bergamot at first, then rose petals and white flowers, finishing with a warm, slightly powdery base..","Accords: green, aromatic, fresh spicy. Notes: mint, artemisia, green tea, geranium, sugar, woodsy notes. Profile: It smells like sweet mint and white flowers at first, then sweet geranium and sugar, with a woody sweetness underneath..",16200
13472,green herbal cologne with rose,"Accords: green, aromatic, fresh spicy. Notes: mint, grapefruit, bergamot, anise, green notes, cassis, rose, hedione. Profile: It smells like citrus peel and bergamot at first, then rose petals and white flowers, finishing with a warm, slightly powdery base..","Accords: green, aromatic, citrus. Notes: lemon, black pepper, coriander, green notes, peony, cardamom, musk, cashmeran. Profile: It smells like a spice market at dawn — citrus peel mixed with cardamom, then dried herbs and powdery spices, finishing with something earthy and slightly sweet..",18871
13472,clean citrus musk fragrance,"Accords: green, aromatic, fresh spicy. Notes: mint, grapefruit, bergamot, anise, green notes, cassis, rose, hedione. Profile: It smells like citrus peel and bergamot at first, then rose petals and white flowers, finishing with a warm, slightly powdery base..","Accords: green, citrus, aromatic. Notes: mint, citruses, green leaves, pear, sorbet, lemonade, black elder, sage. Profile: It smells like a fruit stand next to an old church — minty and sweet, with something sweet and slightly earthy underneath..",16885
18657,fresh lavender and spicy pepper,"Accords: lavender, honey, woody. Notes: metallic notes, aldehydes, cardamon, black pepper, water notes, violet leaf, ginger, neroli. Profile: It smells like a leather jacket left in an old wooden shed, with something powdery and slightly earthy underneath..","Accords: lavender, fresh spicy, aromatic. Notes: lavender, basil, jasmine, sandalwood. Profile: It smells like lavender and sandalwood at first, then white flowers and jasmine, finishing with a soft woody base..",11905
18657,clean soapy cologne with leather,"Accords: lavender, honey, woody. Notes: metallic notes, aldehydes, cardamon, black pepper, water notes, violet leaf, ginger, neroli. Profile: It smells like a leather jacket left in an old wooden shed, with something powdery and slightly earthy underneath..","Accords: lavender, warm spicy, aromatic. Notes: lavender, bergamot, mint, clove, lily-of-the-valley, cinnamon, amber, patchouli. Profile: It smells like sweet lavender and mint at first, then creamy vanilla, finishing with a hint of powdery amber..",2797
18657,waxy honey and lavender scent,"Accords: lavender, honey, woody. Notes: metallic notes, aldehydes, cardamon, black pepper, water notes, violet leaf, ginger, neroli. Profile: It smells like a leather jacket left in an old wooden shed, with something powdery and slightly earthy underneath..","Accords: lavender, aromatic, woody. Notes: bergamot, lavender, cedar. Profile: It smells like a perfumer's locker at dawn, with something earthy and slightly woody lurking in the background..",1294
9670,coffee shop with vanilla and almond pastries,"Accords: vanilla, coffee, sweet. Notes: pear, pink pepper, orange blossom, coffee, jasmine, bitter almond, licorice, vanilla. Profile: It smells like ripe pear and orange peel at first, then creamy vanilla and sweet almond, with a warm, slightly woody base..","Accords: vanilla, fruity, coffee. Notes: fruity notes, pink pepper, mandarin orange, grapefruit, coffee, frangipani, peony, vanille. Profile: It smells like a coffee shop at dawn — sweet fruit and spice mixed with powdery vanilla, finishing with something earthy and woody..",9890
9670,sweet pear and orange blossom perfume,"Accords: vanilla, coffee, sweet. Notes: pear, pink pepper, orange blossom, coffee, jasmine, bitter almond, licorice, vanilla. Profile: It smells like ripe pear and orange peel at first, then creamy vanilla and sweet almond, with a warm, slightly woody base..","Accords: vanilla, sweet, fruity. Notes: raspberry, peony, vanilla. Profile: It smells like a spice market at dawn — sweet raspberries and peony mixed with vanilla, settling into soft vanilla..",19046
9670,warm vanilla with spicy pepper and wood,"Accords: vanilla, coffee, sweet. Notes: pear, pink pepper, orange blossom, coffee, jasmine, bitter almond, licorice, vanilla. Profile: It smells like ripe pear and orange peel at first, then creamy vanilla and sweet almond, with a warm, slightly woody base..","Accords: vanilla, cherry, sweet. Notes: cherry, green mandarin, jasmine, orange blossom, black tea, madagascar vanilla, coffee, indonesian patchouli leaf. Profile: It smells like a coffee shop next to an old wooden tearoom — sweet cherry blossoms and white flowers mixed with powdery vanilla, settling into soft vanilla and warm vanilla..",13224
4780,clean soapy perfume with citrus and honey,"Accords: aldehydic, musky, citrus. Notes: aldehydes, orange, honey, geranium, musk, patchouli, amber. Profile: It smells like sweet orange peel and honey at first, then creamy vanilla and warm wood, with a hint of powdery amber..","Accords: aldehydic, fresh, floral. Notes: aldehydes, violet leaves, bergamot, osmanthus, lily-of-the-valley, rose, tonka bean, cypriol oil or nagarmotha. Profile: It smells like a flower shop at dawn — sweet violets and white flowers mixed with powdery bergamot, then dried rose petals and warm vanilla, finishing with something earthy and slightly floral..",3224
4780,fresh waxy candle scent with orange peel,"Accords: aldehydic, musky, citrus. Notes: aldehydes, orange, honey, geranium, musk, patchouli, amber. Profile: It smells like sweet orange peel and honey at first, then creamy vanilla and warm wood, with a hint of powdery amber..","Accords: aldehydic, fresh, floral. Notes: aldehydes, violet leaves, bergamot, osmanthus, lily-of-the-valley, rose, tonka bean, cypriol oil or nagarmotha. Profile: It smells like a flower shop at dawn — sweet violets and white flowers mixed with powdery bergamot, then dried rose petals and warm vanilla, finishing with something earthy and slightly floral..",3224
4780,vintage powdery musk perfume amber base,"Accords: aldehydic, musky, citrus. Notes: aldehydes, orange, honey, geranium, musk, patchouli, amber. Profile: It smells like sweet orange peel and honey at first, then creamy vanilla and warm wood, with a hint of powdery amber..","Accords: aldehydic, musky, powdery. Notes: aldehydes, rose, orange blossom, hawthorn, musk, sandalwood. Profile: It smells like a perfumer's closet at dawn — sweet rose petals and white flowers mixed with powdery sandalwood, finishing with something earthy and woody..",7000
15649,warm spicy perfume with cloves and vanilla,"Accords: warm spicy, woody, citrus. Notes: grapefruit, bergamot, orange, rose, geranium, jasmine, narcissus, peach. Profile: It smells like ripe peaches and roses at first, then soft vanilla and white flowers, finishing with a warm, slightly powdery base..","Accords: warm spicy, yellow floral, woody. Notes: ginger, cardamom, tangerine, ylang-ylang, jasmine, rose, vanilla, cedar. Profile: It smells like a spice market at dawn — ginger and cardamom mixed with white flowers, then softens into something earthy and slightly powdery..",15826
15649,cozy sandalwood and peach fragrance,"Accords: warm spicy, woody, citrus. Notes: grapefruit, bergamot, orange, rose, geranium, jasmine, narcissus, peach. Profile: It smells like ripe peaches and roses at first, then soft vanilla and white flowers, finishing with a warm, slightly powdery base..","Accords: warm spicy, white floral, floral. Notes: ginger, tea, freesia, orange blossom, jasmine, rose, patchouli, amber. Profile: It smells like a tea shop at dawn — sweet citrus peel mixed with white flowers, then soft rose petals, finishing with something earthy and slightly floral..",2681
15649,spicy floral scent for cold weather,"Accords: warm spicy, woody, citrus. Notes: grapefruit, bergamot, orange, rose, geranium, jasmine, narcissus, peach. Profile: It smells like ripe peaches and roses at first, then soft vanilla and white flowers, finishing with a warm, slightly powdery base..","Accords: warm spicy, rose, woody. Notes: turkish rose, coffee, bulgarian rose, patchouli, cardamom, coriander, ylang-ylang, frankincense. Profile: It smells like coffee and cardamom at first, then settles into something earthy and slightly floral, finishing with a hint of powdery wood..",2393
21755,warm vanilla cinnamon candle smell,"Accords: vanilla, sweet, amber. Notes: pink pepper, juniper, violet, toffee, cinnamon, lavender, sage, vanilla. Profile: It smells like a spice market at dawn — sweet pepper and spice mixed with powdery vanilla, then softens into something soft and slightly leathery..","Accords: vanilla, tobacco, sweet. Notes: geranium, cardamom, tobacco, woody notes, vanilla, white musk. Profile: It smells like a spice market at dawn — sweet citrus and tobacco mixed with woody tobacco, then soft vanilla and white musk..",21497
21755,soft suede jacket with sweet spices,"Accords: vanilla, sweet, amber. Notes: pink pepper, juniper, violet, toffee, cinnamon, lavender, sage, vanilla. Profile: It smells like a spice market at dawn — sweet pepper and spice mixed with powdery vanilla, then softens into something soft and slightly leathery..","Accords: vanilla, aromatic, woody. Notes: rosemary, mandarin orange, pepper, elemi, tiare flower, tonka bean, vanille, sandalwood. Profile: It smells like a spice market at dawn — sweet roses and orange peel mixed with powdery vanilla, then softened by warm wood..",2886
21755,cozy lavender vanilla toffee scent,"Accords: vanilla, sweet, amber. Notes: pink pepper, juniper, violet, toffee, cinnamon, lavender, sage, vanilla. Profile: It smells like a spice market at dawn — sweet pepper and spice mixed with powdery vanilla, then softens into something soft and slightly leathery..","Accords: vanilla, warm spicy, amber. Notes: lavender, cardamom, black pepper, incense, patchouli, vanilla pod, tonka bean. Profile: It smells like dried lavender and cardamom at first, then sweet vanilla and powdery incense, finishing with a warm, slightly earthy base..",21420
5989,fresh lavender lemon soap smell,"Accords: lavender, aromatic, green. Notes: amalfi lemon, chamomile, mint, mandarin orange, lavender, tea, magnolia, musk. Profile: It smells like citrus peel and mint at first, then musk and powdery lavender, with a woody sweetness that's slightly sweet..","Accords: lavender, musky, powdery. Notes: floral notes, citruses, citrus, floral notes, lavender, vanila, lily-of-the-valley, musk. Profile: It smells like a flower shop at dawn — sweet florals mixed with powdery flowers, then softened by something earthy and slightly woody..",10320
5989,calming tea and mint perfume,"Accords: lavender, aromatic, green. Notes: amalfi lemon, chamomile, mint, mandarin orange, lavender, tea, magnolia, musk. Profile: It smells like citrus peel and mint at first, then musk and powdery lavender, with a woody sweetness that's slightly sweet..","Accords: lavender, aromatic, vanilla. Notes: green almond, mate, green notes, lavender, violet leaves, freesia, musk, vanilla. Profile: It smells like sweet almonds and lavender at first, then soft vanilla and musk, finishing with a warm vanilla-tonka base..",280
5989,clean laundry with citrus and herbs,"Accords: lavender, aromatic, green. Notes: amalfi lemon, chamomile, mint, mandarin orange, lavender, tea, magnolia, musk. Profile: It smells like citrus peel and mint at first, then musk and powdery lavender, with a woody sweetness that's slightly sweet..","Accords: lavender, aromatic, vanilla. Notes: green almond, mate, green notes, lavender, violet leaves, freesia, musk, vanilla. Profile: It smells like sweet almonds and lavender at first, then soft vanilla and musk, finishing with a warm vanilla-tonka base..",280
12903,fresh flowers with spicy pepper,"Accords: floral, powdery, woody. Notes: freesia, pepper, apple, heliotrope, violet, jasmine, hibiscus, rose. Profile: It smells like a spice cabinet left open in an old church — sweet pepper and white flowers mixed with powdery roses, then settles into something earthy and resinous..","Accords: floral, fruity, woody. Notes: black currant, marigold, freesia, peony, virginia cedar, litchi, apricot, lotus. Profile: It smells like ripe pear and white flowers at first, then settles into something earthy and slightly sweet..",6112
12903,soft suede and violet perfume,"Accords: floral, powdery, woody. Notes: freesia, pepper, apple, heliotrope, violet, jasmine, hibiscus, rose. Profile: It smells like a spice cabinet left open in an old church — sweet pepper and white flowers mixed with powdery roses, then settles into something earthy and resinous..","Accords: floral, fruity, sweet. Notes: cacao pod, grapefruit, lemon, mandarin orange, licorice, lilac, banana, heliotrope. Profile: It smells like a spice market at dawn — citrus peel and orange peel mixed with white flowers, then softens into something powdery and slightly woody..",5896
12903,apple and rose with warm wood,"Accords: floral, powdery, woody. Notes: freesia, pepper, apple, heliotrope, violet, jasmine, hibiscus, rose. Profile: It smells like a spice cabinet left open in an old church — sweet pepper and white flowers mixed with powdery roses, then settles into something earthy and resinous..","Accords: floral, sweet, woody. Notes: pomegranate, persimmon, black orchid, champaca, lotus, sweet notes, black violet, amber. Profile: It smells like sweet pomegranate and white flowers at first, then dark violet and amber, with a soft, slightly woody base..",10340
20205,fresh pineapple and apple cologne,"Accords: fruity, sweet, leather. Notes: bergamot, black currant, apple, lemon, pink pepper, pineapple, patchouli, moroccan jasmine. Profile: It smells like a fruit stand next to an apple orchard, where citrus peels are mixed with white flowers, then settles into something earthy and slightly woody..","Accords: fruity, leather, woody. Notes: pineapple, black currant, bergamot, apple, birch, patchouli, moroccan jasmine, rose. Profile: It smells like ripe apple and black currant at first, then white flowers with a hint of powdery wood underneath..",15005
20205,smoky woods with citrus and berries,"Accords: fruity, sweet, leather. Notes: bergamot, black currant, apple, lemon, pink pepper, pineapple, patchouli, moroccan jasmine. Profile: It smells like a fruit stand next to an apple orchard, where citrus peels are mixed with white flowers, then settles into something earthy and slightly woody..","Accords: fruity, mossy, woody. Notes: black currant, bergamot, apple, oakmoss, patchouli, lavender, ambergris, musk. Profile: It smells like sweet black currants and bergamot at first, then soft lavender and powdery moss, finishing with something earthy and slightly smoky..",21004
20205,bright fruity scent with earthy base,"Accords: fruity, sweet, leather. Notes: bergamot, black currant, apple, lemon, pink pepper, pineapple, patchouli, moroccan jasmine. Profile: It smells like a fruit stand next to an apple orchard, where citrus peels are mixed with white flowers, then settles into something earthy and slightly woody..","Accords: fruity, aromatic, amber. Notes: red berries, bergamot, grapefruit, rhubarb, lavender, geranium, amber, vetiver. Profile: It smells like ripe berries and citrus peel at first, then creamy lavender and amber, finishing with a warm, slightly earthy base..",13973
20441,smoky incense with black pepper and leather,"Accords: smoky, amber, fresh spicy. Notes: incense, black pepper, olibanum, birch, licorice, leather, pepperwood or hercules club, cedar. Profile: It smells like burning incense at first, then softens into something earthy and slightly leathery..","Accords: smoky, woody, ozonic. Notes: ozonic notes, water notes, green grass, palisander rosewood, cyclamen, jasmine, lily-of-the-valley, smoke. Profile: It smells like a garden shed left open in the middle of the woods, where mossy leaves meet dry flowers, with something earthy and slightly woody underfoot..",424
20441,campfire smoke cedar and birch wood,"Accords: smoky, amber, fresh spicy. Notes: incense, black pepper, olibanum, birch, licorice, leather, pepperwood or hercules club, cedar. Profile: It smells like burning incense at first, then softens into something earthy and slightly leathery..","Accords: smoky, leather, aromatic. Notes: grapefruit, smoke, juniper, leather, vetiver. Profile: It smells like citrus peel and juniper at first, then soft leather, with something earthy and slightly leathery underneath..",11525
20441,church incense mixed with licorice smell,"Accords: smoky, amber, fresh spicy. Notes: incense, black pepper, olibanum, birch, licorice, leather, pepperwood or hercules club, cedar. Profile: It smells like burning incense at first, then softens into something earthy and slightly leathery..","Accords: smoky, leather, amber. Notes: smoke, pineapple, grapefruit, olibanum, atlas cedar, clary sage, leather, tonka bean. Profile: It smells like a leather jacket draped over an atlas cedar tree, with something sweet and slightly earthy underneath..",14876
7141,clean fresh laundry smell perfume,"Accords: fresh, aquatic, violet. Notes: watery notes, violet, melon, wildflowers, solar notes, jasmine, orange blossom, violet. Profile: It smells like a fruit stand next to an old church — watery and slightly sweet, with melon and white flowers lingering in the background..","Accords: fresh, powdery, green. Notes: ivy, citruses, pear, iris flower, lily, rose petals, musk, amber. Profile: It smells like a flower shop at dawn — sweet ivy and pear in the air, with something slightly earthy underneath..",18458
7141,light watery floral for summer,"Accords: fresh, aquatic, violet. Notes: watery notes, violet, melon, wildflowers, solar notes, jasmine, orange blossom, violet. Profile: It smells like a fruit stand next to an old church — watery and slightly sweet, with melon and white flowers lingering in the background..","Accords: fresh, rose, floral. Notes: litchi, ginger, bergamot, peony, turkish rose, cacao, patchouli. Profile: It smells like a spice market at dawn — citrus peel and peony mixed with bergamot, then softens into something earthy and slightly sweet..",18389
7141,fresh cut flowers after rain scent,"Accords: fresh, aquatic, violet. Notes: watery notes, violet, melon, wildflowers, solar notes, jasmine, orange blossom, violet. Profile: It smells like a fruit stand next to an old church — watery and slightly sweet, with melon and white flowers lingering in the background..","Accords: fresh, floral, green. Notes: african violet, parma violet, fig leaf, peony, cassis, raspberry, orchid, cedar. Profile: It smells like a flower shop at dawn — sweet violets and peony in the air, with something powdery and earthy underneath..",440
12386,fresh ocean breeze perfume,"Accords: salty, citrus, musky. Notes: lemon, water notes, sea salt, peach, musk, cedar. Profile: It smells like citrus peel and sea salt at first, then settles into something earthy and slightly musky..","Accords: salty, mineral, marine. Notes: salt, coconut water, frangipani, jasmine, mineral notes, driftwood, tonka bean. Profile: It smells like salty water and powdery soap at first, then settles into a warm woody base with something earthy and slightly sweet..",3412
12386,salty beach water scent,"Accords: salty, citrus, musky. Notes: lemon, water notes, sea salt, peach, musk, cedar. Profile: It smells like citrus peel and sea salt at first, then settles into something earthy and slightly musky..","Accords: salty, mineral, marine. Notes: salt, coconut water, frangipani, jasmine, mineral notes, driftwood, tonka bean. Profile: It smells like salty water and powdery soap at first, then settles into a warm woody base with something earthy and slightly sweet..",3412
12386,light summery sea spray fragrance,"Accords: salty, citrus, musky. Notes: lemon, water notes, sea salt, peach, musk, cedar. Profile: It smells like citrus peel and sea salt at first, then settles into something earthy and slightly musky..","Accords: salty, mineral, marine. Notes: salt, coconut water, frangipani, jasmine, mineral notes, driftwood, tonka bean. Profile: It smells like salty water and powdery soap at first, then settles into a warm woody base with something earthy and slightly sweet..",3412
17959,warm spicy tobacco with apples and cinnamon,"Accords: tobacco, fruity, vanilla. Notes: apple, smoke, cinnamon, tobacco, moss, bourbon vanilla, orcanox. Profile: It smells like sweet apple and tobacco at first, then mossy tobacco, with a faint sweetness that's slightly sweet..","Accords: tobacco, vanilla, sweet. Notes: tobacco leaf, lemon verbena, violet leaf, spicy notes, woody notes, dried fruits, vanilla, ambergris. Profile: It smells like a spice market at dawn — sweet tobacco leaves and citrus peel mixed with dried fruits, then soft vanilla and smoky wood..",16960
17959,smoky vanilla bourbon smell,"Accords: tobacco, fruity, vanilla. Notes: apple, smoke, cinnamon, tobacco, moss, bourbon vanilla, orcanox. Profile: It smells like sweet apple and tobacco at first, then mossy tobacco, with a faint sweetness that's slightly sweet..","Accords: tobacco, rose, warm spicy. Notes: green notes, bulgarian rose, saffron, patchouli, cedar, tobacco, musk, vanilla. Profile: It smells like a spice market at dawn — white flowers and sweet tobacco mixed with powdery tobacco, finishing with something earthy and slightly sweet..",9669
17959,tobacco moss and smoke perfume,"Accords: tobacco, fruity, vanilla. Notes: apple, smoke, cinnamon, tobacco, moss, bourbon vanilla, orcanox. Profile: It smells like sweet apple and tobacco at first, then mossy tobacco, with a faint sweetness that's slightly sweet..","Accords: tobacco, fresh spicy, sweet. Notes: allspice, haitian vetiver, tobacco. Profile: It smells like a spice market at dawn — sweet spices mixed with smokey tobacco, with something earthy and slightly sweet underneath..",13364
17514,sweet caramel perfume with vanilla,"Accords: caramel, vanilla, white floral. Notes: jasmine, caramel, salt, vanilla. Profile: It smells like a spice market at dawn — sweet jasmine and caramel mixed with salty vanilla..","Accords: caramel, vanilla, sweet. Notes: orange, floral notes, violet, caramel, vanilla, moss. Profile: It smells like orange peel and violet at first, then caramelized vanilla and moss, with a soft vanilla-caramel base underneath..",14627
17514,salted caramel and jasmine scent,"Accords: caramel, vanilla, white floral. Notes: jasmine, caramel, salt, vanilla. Profile: It smells like a spice market at dawn — sweet jasmine and caramel mixed with salty vanilla..","Accords: caramel, sweet, powdery. Notes: violet, orange, bergamot, coffee, pear, iris, orange blossom, rose. Profile: It smells like a fruit stand next to an old coffee shop, where orange peel meets rose petals, with something sweet and slightly sweet lingering in the background..",9921
17514,warm vanilla caramel fragrance,"Accords: caramel, vanilla, white floral. Notes: jasmine, caramel, salt, vanilla. Profile: It smells like a spice market at dawn — sweet jasmine and caramel mixed with salty vanilla..","Accords: caramel, vanilla, sweet. Notes: wild berries, gardenia, lily of the valley, honeysuckle, jasmine sambac, vanilla orchid, caramel, vanilla. Profile: It smells like a florist's pantry full of wild berries and honeysuckle at first, then settles into something sweet and earthy with an exotic woody base..",17993
12222,fresh lavender and mint cologne,"Accords: aromatic, vanilla, fresh spicy. Notes: lavender, mint, cardamom, bergamot, artemisia, cinnamon, orange blossom, caraway. Profile: It smells like sweet lavender and mint at first, then creamy vanilla with a hint of spiced cardamom, finishing with something earthy and slightly woody..","Accords: aromatic, citrus, fresh spicy. Notes: sea notes, grapefruit, mandarin orange, sage, basil, juniper. Profile: It smells like a beach bar next to an ocean, with citrus peel and orange peel lingering in the air..",9577
12222,warm spicy vanilla with herbs,"Accords: aromatic, vanilla, fresh spicy. Notes: lavender, mint, cardamom, bergamot, artemisia, cinnamon, orange blossom, caraway. Profile: It smells like sweet lavender and mint at first, then creamy vanilla with a hint of spiced cardamom, finishing with something earthy and slightly woody..","Accords: aromatic, citrus, fresh spicy. Notes: african orange flower, bitter orange, amalfi lemon, lavender, geranium, cardamom, nutmeg, rosemary. Profile: It smells like a spice market at dawn — citrus blossoms blooming in the air, with something sweet and earthy lurking on the counter..",8136
12222,barbershop soap with cinnamon,"Accords: aromatic, vanilla, fresh spicy. Notes: lavender, mint, cardamom, bergamot, artemisia, cinnamon, orange blossom, caraway. Profile: It smells like sweet lavender and mint at first, then creamy vanilla with a hint of spiced cardamom, finishing with something earthy and slightly woody..","Accords: aromatic, citrus, green. Notes: mint, italian lemon, grapefruit, lavender, birch leaf, ginger, cardamom, cedar. Profile: It smells like fresh mint and citrus peel at first, then a hint of powdery lavender and cardamom, finishing with something earthy and slightly woody..",13599
15379,sweet violet and strawberry perfume,"Accords: violet, powdery, vanilla. Notes: violet, wild strawberry, orange blossom, iris, vanilla, tonka bean, sandalwood. Profile: It smells like white flowers and iris at first, then sweet vanilla and soft vanilla, with a warm woody base..","Accords: violet, powdery, floral. Notes: blackberry, violet leaf, freesia, violet, orchid, brazilian rosewood, cashmeran, orris root. Profile: It smells like ripe blackberries and violets at first, then soft white flowers with a hint of powdery amber underneath..",1262
15379,powdery iris vanilla scent for spring,"Accords: violet, powdery, vanilla. Notes: violet, wild strawberry, orange blossom, iris, vanilla, tonka bean, sandalwood. Profile: It smells like white flowers and iris at first, then sweet vanilla and soft vanilla, with a warm woody base..","Accords: violet, powdery, warm spicy. Notes: pepper, orange pepper, pimento, apricot, coriander, fresh almond, brazilian rosewood, violet. Profile: It smells like a spice market at dawn — sweet pepper and orange peel mixed with powdery white flowers, then settles into something earthy and slightly woody..",8348
15379,soft floral with orange blossom and sandalwood,"Accords: violet, powdery, vanilla. Notes: violet, wild strawberry, orange blossom, iris, vanilla, tonka bean, sandalwood. Profile: It smells like white flowers and iris at first, then sweet vanilla and soft vanilla, with a warm woody base..","Accords: violet, powdery, woody. Notes: geranium, citruses, violet, musk, sandalwood, cedar. Profile: It smells like a flower shop at dawn — rose petals and white flowers mixed with powdery wood, finishing with something earthy and slightly woody..",10964
2101,sweet cherry and hazelnut perfume,"Accords: nutty, sweet, fruity. Notes: cherry, melon, raspberry, red rose, peony, orange blossom, hazelnut, musk. Profile: It smells like a fruit stand next to an apple orchard — sweet cherries and melon mixed with white flowers, then softens into something earthy and slightly powdery..","Accords: nutty, woody, sweet. Notes: pistachio, cotton candy, popcorn, walnut, hazelnut, violet. Profile: It smells like sweet pistachios and candy at first, then dark chocolate and white flowers, with a faint sweetness that's soft and slightly earthy..",7053
2101,fruity floral perfume with melon and raspberry,"Accords: nutty, sweet, fruity. Notes: cherry, melon, raspberry, red rose, peony, orange blossom, hazelnut, musk. Profile: It smells like a fruit stand next to an apple orchard — sweet cherries and melon mixed with white flowers, then softens into something earthy and slightly powdery..","Accords: nutty, fruity, almond. Notes: almond, walnut, butter, fruity notes, floral notes, woody notes. Profile: It smells like sweet almonds and butter at first, then soft wood and earthy notes, finishing with a warm, woody base..",12511
2101,soft rose and amber scent for women,"Accords: nutty, sweet, fruity. Notes: cherry, melon, raspberry, red rose, peony, orange blossom, hazelnut, musk. Profile: It smells like a fruit stand next to an apple orchard — sweet cherries and melon mixed with white flowers, then softens into something earthy and slightly powdery..","Accords: nutty, sweet, woody. Notes: cherry, pomegranate, pink pepper, lemon, grapefruit, apple, pear, litchi. Profile: It smells like a fruit stand next to an apple orchard, where dried fruit is mixed with powdered sugar, then settles into something sweet and slightly earthy..",14810
18479,incense and leather perfume,"Accords: smoky, rose, amber. Notes: incense, pimento, bergamot, rose, leather, tobacco, guaiac wood, cashmere wood. Profile: It smells like a leather jacket left in an old woodshop, with something sweet and earthy lingering in the background..","Accords: smoky, woody, vanilla. Notes: smoke, bitter orange, bourbon vanilla, cedar. Profile: It smells like sweet orange peel and citrus peel at first, then soft vanilla and a hint of cedar..",16750
18479,smoky tobacco and rose scent,"Accords: smoky, rose, amber. Notes: incense, pimento, bergamot, rose, leather, tobacco, guaiac wood, cashmere wood. Profile: It smells like a leather jacket left in an old woodshop, with something sweet and earthy lingering in the background..","Accords: smoky, warm spicy, leather. Notes: tea leaf, black pepper, cardamom, whiskey, incense, opium, birch, tobacco. Profile: It smells like a spice shop at dawn — sweet tea leaves and cardamom spilled on the counter, with something earthy and woody lingering in the background..",9717
18479,warm spicy church incense smell,"Accords: smoky, rose, amber. Notes: incense, pimento, bergamot, rose, leather, tobacco, guaiac wood, cashmere wood. Profile: It smells like a leather jacket left in an old woodshop, with something sweet and earthy lingering in the background..","Accords: smoky, aromatic, woody. Notes: chrysanthemum, orris, elemi, rum, vetiver, rose, ash, leather. Profile: It smells like a leather jacket draped over an old wooden desk, where dried orchids sit next to white flowers, with something earthy and slightly powdery underneath..",19190
5775,fresh jasmine and gardenia perfume,"Accords: white floral, ozonic, powdery. Notes: violet leaf, blood grapefruit, strawberry, violet, gardenia, jasmine, musk, white woods. Profile: It smells like ripe grapefruit and white flowers at first, then settles into something powdery and slightly woody..","Accords: white floral, woody, citrus. Notes: citron, buddha wood, night blooming cereus, white amber, sandalwood. Profile: It smells like buddha wood and white flowers at first, then settles into soft amber and warm wood..",8332
5775,strawberry vanilla with white flowers,"Accords: white floral, ozonic, powdery. Notes: violet leaf, blood grapefruit, strawberry, violet, gardenia, jasmine, musk, white woods. Profile: It smells like ripe grapefruit and white flowers at first, then settles into something powdery and slightly woody..","Accords: white floral, fruity, sweet. Notes: piña colada, pear, pink pepper, mandarin orange, gardenia, jasmine, black rose, sea salt. Profile: It smells like ripe pear and orange peel at first, then white flowers and sandalwood, finishing with soft wood and a hint of salty wood..",2463
5775,clean musky floral scent for spring,"Accords: white floral, ozonic, powdery. Notes: violet leaf, blood grapefruit, strawberry, violet, gardenia, jasmine, musk, white woods. Profile: It smells like ripe grapefruit and white flowers at first, then settles into something powdery and slightly woody..","Accords: white floral, woody, sweet. Notes: tangerine, bergamot, amalfi lemon, rose, ylang-ylang, african orange flower, jasmine, gardenia. Profile: It smells like a flower shop at dawn — citrus peel and lemon peel mixed with white flowers, then settles into something earthy and slightly sweet..",21043
738,fresh ocean breeze with herbs,"Accords: aquatic, woody, aromatic. Notes: water notes, rosemary, cardamom, sequoia, musk, patchouli. Profile: It smells like a flower shop at dawn — sweet water and cardamom mixed with white flowers, then dried herbs and musk..","Accords: aquatic, marine, woody. Notes: grapefruit, pear, seaweed, water notes, virginia cedar, sandalwood. Profile: It smells like ripe pear and seaweed at first, then settles into something earthy and slightly woody..",7387
738,clean water and woodsy scent,"Accords: aquatic, woody, aromatic. Notes: water notes, rosemary, cardamom, sequoia, musk, patchouli. Profile: It smells like a flower shop at dawn — sweet water and cardamom mixed with white flowers, then dried herbs and musk..","Accords: aquatic, fresh, green. Notes: melon, mint, violet, watery notes, lily-of-the-valley, musk, cedar, amber. Profile: It smells like melon and mint at first, then soft white flowers with a hint of powdery wood underneath..",9374
738,aquatic cologne with spices,"Accords: aquatic, woody, aromatic. Notes: water notes, rosemary, cardamom, sequoia, musk, patchouli. Profile: It smells like a flower shop at dawn — sweet water and cardamom mixed with white flowers, then dried herbs and musk..","Accords: aquatic, aromatic, ozonic. Notes: watermelon, sea water, pear, mandarin orange, bergamot, lavender, cardamom, woodsy notes. Profile: It smells like watermelon and pear at first, then citrus peel and cardamom, finishing with a hint of powdery wood and soft leather..",8470
12242,lavender coffee perfume,"Accords: lavender, vanilla, coffee. Notes: pepper, orange blossom, patchouli, lavender, coffee, milk, tonka bean, siam benzoin. Profile: It smells like sweet pepper and orange peel at first, then creamy vanilla and powdery nagarmotha, finishing with a warm, slightly earthy base..","Accords: lavender, amber, vanilla. Notes: lavender, tonka bean, benzoin, ylang-ylang. Profile: It smells like a perfumer's locker at first, then settles into something earthy and slightly floral..",20942
12242,spicy lavender with vanilla and woods,"Accords: lavender, vanilla, coffee. Notes: pepper, orange blossom, patchouli, lavender, coffee, milk, tonka bean, siam benzoin. Profile: It smells like sweet pepper and orange peel at first, then creamy vanilla and powdery nagarmotha, finishing with a warm, slightly earthy base..","Accords: lavender, oud, powdery. Notes: lavender, saffron, bergamot, lemon, patchouli, flowers, agarwood (oud), powdery notes. Profile: It smells like sweet lavender and saffron at first, then white flowers with a hint of powdery wood, finishing with something earthy and slightly floral..",1969
12242,creamy coffee and lavender scent,"Accords: lavender, vanilla, coffee. Notes: pepper, orange blossom, patchouli, lavender, coffee, milk, tonka bean, siam benzoin. Profile: It smells like sweet pepper and orange peel at first, then creamy vanilla and powdery nagarmotha, finishing with a warm, slightly earthy base..","Accords: lavender, fresh spicy, citrus. Notes: bergamot, grapefruit, lavender, basil, musk, patchouli. Profile: It smells like citrus peel and lavender at first, then musk and powdery florals, finishing with something earthy and slightly sweet..",18727
20806,earthy forest smell with jasmine,"Accords: mossy, woody, fruity. Notes: black currant, caraway, coriander, jasmine, lily-of-the-valley, oakmoss, sandalwood, musk. Profile: It smells like sweet black currants and caraway at first, then white flowers and moss, finishing with something earthy and slightly woody..","Accords: mossy, earthy, ozonic. Notes: sichuan pepper, oakmoss, violet leaves. Profile: It smells like dried peppercorns and moss at first, then soft white flowers with a hint of greenery..",11306
20806,mossy green perfume for women,"Accords: mossy, woody, fruity. Notes: black currant, caraway, coriander, jasmine, lily-of-the-valley, oakmoss, sandalwood, musk. Profile: It smells like sweet black currants and caraway at first, then white flowers and moss, finishing with something earthy and slightly woody..","Accords: mossy, earthy, ozonic. Notes: sichuan pepper, oakmoss, violet leaves. Profile: It smells like dried peppercorns and moss at first, then soft white flowers with a hint of greenery..",11306
20806,vintage musky sandalwood scent,"Accords: mossy, woody, fruity. Notes: black currant, caraway, coriander, jasmine, lily-of-the-valley, oakmoss, sandalwood, musk. Profile: It smells like sweet black currants and caraway at first, then white flowers and moss, finishing with something earthy and slightly woody..","Accords: mossy, earthy, ozonic. Notes: sichuan pepper, oakmoss, violet leaves. Profile: It smells like dried peppercorns and moss at first, then soft white flowers with a hint of greenery..",11306
8916,sweet almond coffee perfume with vanilla,"Accords: sweet, white floral, warm spicy. Notes: almond, coffee, bergamot, lemon, tuberose, jasmine sambac, orange blossom, orris. Profile: It smells like sweet almonds and coffee at first, then creamy vanilla and powdery roses, finishing with a soft woody base..","Accords: sweet, vanilla, powdery. Notes: black currant, davana, bergamot, pink pepper, orris, orange blossom, bellflower, violet. Profile: It smells like ripe black currants and dried roses at first, then white flowers with a hint of powdery sweetness, finishing with soft vanilla and warm musk..",3302
8916,creamy dessert fragrance with flowers,"Accords: sweet, white floral, warm spicy. Notes: almond, coffee, bergamot, lemon, tuberose, jasmine sambac, orange blossom, orris. Profile: It smells like sweet almonds and coffee at first, then creamy vanilla and powdery roses, finishing with a soft woody base..","Accords: sweet, aldehydic, fruity. Notes: aldehydes, violet, lily-of-the-valley, lemon, bergamot, coriander, rose, iris. Profile: It smells like a perfumer's closet at dawn — sweet violets and white flowers mixed with powdery roses, then soft florals with something earthy and slightly woody..",21737
8916,warm cozy café smell with cinnamon,"Accords: sweet, white floral, warm spicy. Notes: almond, coffee, bergamot, lemon, tuberose, jasmine sambac, orange blossom, orris. Profile: It smells like sweet almonds and coffee at first, then creamy vanilla and powdery roses, finishing with a soft woody base..","Accords: sweet, coconut, amber. Notes: ylang-ylang, pepper, bergamot, coconut, salt, orchid, jasmine sambac, tonka bean. Profile: It smells like a spice market at dawn — sweet pepper and spice mixed with powdery sandalwood, then settles into something earthy and slightly woody..",14741
5702,fresh ocean breeze perfume women,"Accords: marine, aromatic, citrus. Notes: amalfi lemon, melon, freesia, sea water, honeysuckle, apricot, musk, sandalwood. Profile: It smells like fresh lemon and melon at first, then soft apricot and honeysuckle, finishing with something earthy and slightly woody..","Accords: marine, aromatic, citrus. Notes: sea notes, bergamot, apricot, apple, jasmine, sweet pea, musk, sandalwood. Profile: It smells like a beach house next to an old wooden boat dock — sweet peas and citrus peel mixed with white flowers, finishing with something earthy and woody..",4127
5702,light fruity beach scent melon lemon,"Accords: marine, aromatic, citrus. Notes: amalfi lemon, melon, freesia, sea water, honeysuckle, apricot, musk, sandalwood. Profile: It smells like fresh lemon and melon at first, then soft apricot and honeysuckle, finishing with something earthy and slightly woody..","Accords: marine, aromatic, white floral. Notes: pink pepper, bergamot, tangerine, sea notes, cedar, jasmine, lily-of-the-valley, musk. Profile: It smells like a garden shed left open in the middle of the ocean, where white flowers meet seaweed, with something earthy and slightly musky underneath..",9053
5702,clean sea water fragrance summer vacation,"Accords: marine, aromatic, citrus. Notes: amalfi lemon, melon, freesia, sea water, honeysuckle, apricot, musk, sandalwood. Profile: It smells like fresh lemon and melon at first, then soft apricot and honeysuckle, finishing with something earthy and slightly woody..","Accords: marine, citrus, aromatic. Notes: citruses, granny smith apple, mandarin orange, sea water, floral notes, musk. Profile: It smells like ripe citrus peel and apricots at first, then settles into something earthy and slightly sweet..",3624
16776,fresh mossy forest after rain,"Accords: mossy, aquatic, floral. Notes: oakmoss, water notes, water pepper, heather, violet, beech, blackberry, water notes. Profile: It smells like a wood-burning stove at dawn — mossy soil mixed with powdery white flowers, then softens into something earthy and slightly sweet..","Accords: mossy, earthy, woody. Notes: bergamot, cassis, patchouli, rose, oakmoss, musk, amber. Profile: It smells like a flower shop at dawn — bergamot and roses mixed with moss, then softens into something earthy and powdery..",16812
16776,wet earth and purple flowers perfume,"Accords: mossy, aquatic, floral. Notes: oakmoss, water notes, water pepper, heather, violet, beech, blackberry, water notes. Profile: It smells like a wood-burning stove at dawn — mossy soil mixed with powdery white flowers, then softens into something earthy and slightly sweet..","Accords: mossy, earthy, white floral. Notes: rose, bergamot, mandarin orange, jasmine, passionfruit, honey, plum, oakmoss. Profile: It smells like rose petals and citrus peel at first, then sweet honey and moss, finishing with something earthy and slightly powdery..",11469
16776,green moss and berries scent,"Accords: mossy, aquatic, floral. Notes: oakmoss, water notes, water pepper, heather, violet, beech, blackberry, water notes. Profile: It smells like a wood-burning stove at dawn — mossy soil mixed with powdery white flowers, then softens into something earthy and slightly sweet..","Accords: mossy, citrus, woody. Notes: kaffir lime, basil, jasmine, ylang-ylang, oakmoss, civet, benzoin, spices. Profile: It smells like a leather jacket left open in an old wooden shed, with something earthy and slightly powdery underneath..",19425
15331,leather jacket with vanilla and musk,"Accords: leather, vanilla, animalic. Notes: green tea, bergamot, rose, sandalwood, cedar, jasmine, leather, vanilla. Profile: It smells like a leather jacket left in an old wooden shed — green tea and rose petals mixed with white flowers, then softens into something powdery and slightly woody..","Accords: leather, oud, powdery. Notes: agarwood (oud), bergamot, saffron, violet, rose, patchouli, leather, oakmoss. Profile: It smells like a leather jacket left open in an old wooden shed, with something sweet and earthy lurking in the background..",6580
15331,fresh bergamot tea with soft leather smell,"Accords: leather, vanilla, animalic. Notes: green tea, bergamot, rose, sandalwood, cedar, jasmine, leather, vanilla. Profile: It smells like a leather jacket left in an old wooden shed — green tea and rose petals mixed with white flowers, then softens into something powdery and slightly woody..","Accords: leather, musky, sweet. Notes: saffron, cotton candy, elemi resin, mate, ambrette (musk mallow), night blooming jasmine, leather, cashmere musk. Profile: It smells like sweet saffron and leather at first, then soft leather and soft musk, finishing with something earthy and slightly woody..",10897
15331,clean sandalwood cedar leather perfume,"Accords: leather, vanilla, animalic. Notes: green tea, bergamot, rose, sandalwood, cedar, jasmine, leather, vanilla. Profile: It smells like a leather jacket left in an old wooden shed — green tea and rose petals mixed with white flowers, then softens into something powdery and slightly woody..","Accords: leather, woody, oud. Notes: saffron, pink pepper, leather, rose oil, agarwood (oud), vetiver, cedar. Profile: It smells like a leather jacket draped over leather, with something earthy and slightly sweet lurking in the air..",6073
11781,sweet honey perfume for women,"Accords: honey, sweet, fruity. Notes: pear, jasmine, honey. Profile: It smells like fresh pear and jasmine at first, then sweet honey and warm honey..","Accords: honey, fresh spicy, sweet. Notes: lemon, pepper, bay leaf, honey, grapes, rose, vanila. Profile: It smells like citrus peel and honey at first, then sweet honey and a hint of rose, finishing with something earthy and slightly floral..",751
11781,light floral with pear and honey,"Accords: honey, sweet, fruity. Notes: pear, jasmine, honey. Profile: It smells like fresh pear and jasmine at first, then sweet honey and warm honey..","Accords: honey, fruity, vanilla. Notes: apple, honey, vanilla, musk. Profile: It smells like a fruit stand next to an apple orchard, with something sweet and slightly sweet lingering in the background..",11608
11781,jasmine honey scent not too heavy,"Accords: honey, sweet, fruity. Notes: pear, jasmine, honey. Profile: It smells like fresh pear and jasmine at first, then sweet honey and warm honey..","Accords: honey, sweet, white floral. Notes: blood orange, mandarin orange, honey, gardenia, orange blossom, jasmine, peach, beeswax. Profile: It smells like orange peel and honey at first, then soft honey and sweet honey, finishing with a warm, slightly powdery base..",7149
21816,warm spicy perfume with cardamom and lavender,"Accords: warm spicy, vanilla, lavender. Notes: cardamom, lavender, iris, vanilla, oriental notes, woodsy notes. Profile: It smells like cardamom and lavender at first, then iris and vanilla, with a woody, slightly earthy base..","Accords: warm spicy, cinnamon, woody. Notes: apple, orange blossom, cinnamon, cloves, geranium, vanilla, sandalwood, cedar. Profile: It smells like ripe apples and orange blossoms at first, then soft vanilla and woody cloves, finishing with something earthy and slightly floral..",20855
21816,cozy vanilla woods cologne,"Accords: warm spicy, vanilla, lavender. Notes: cardamom, lavender, iris, vanilla, oriental notes, woodsy notes. Profile: It smells like cardamom and lavender at first, then iris and vanilla, with a woody, slightly earthy base..","Accords: warm spicy, woody, fresh spicy. Notes: pepper, bergamot, mandarin orange, cedar, cinnamon, cardamom, amber, vetiver. Profile: It smells like a spice market at dawn — sweet pepper and orange peel mixed with cinnamon and cardamom, with something earthy and slightly powdery underneath..",8112
21816,spicy oriental fragrance for winter,"Accords: warm spicy, vanilla, lavender. Notes: cardamom, lavender, iris, vanilla, oriental notes, woodsy notes. Profile: It smells like cardamom and lavender at first, then iris and vanilla, with a woody, slightly earthy base..","Accords: warm spicy, coffee, floral. Notes: ginger, cinnamon, osmanthus, leather, coffee, beech. Profile: It smells like a leather jacket left in an old wooden cabinet, with something sweet and earthy lurking in the background..",685
12853,fresh lavender with spicy black pepper,"Accords: fresh spicy, lavender, aromatic. Notes: lavender, apple, black pepper, coriander, tonka bean, labdanum. Profile: It smells like a spice market at dawn — sweet lavender and citrus peel mixed with powdery black pepper, finishing with something earthy and slightly floral..","Accords: fresh spicy, warm spicy, woody. Notes: cinnamon, bergamot, green apple, pepper, lavender, violet, rosemary, freesia. Profile: It smells like a spice market at dawn — sweet cinnamon and white flowers mixed with powdery roses, then softened by something earthy and slightly woody..",18357
12853,crisp apple and aromatic spices,"Accords: fresh spicy, lavender, aromatic. Notes: lavender, apple, black pepper, coriander, tonka bean, labdanum. Profile: It smells like a spice market at dawn — sweet lavender and citrus peel mixed with powdery black pepper, finishing with something earthy and slightly floral..","Accords: fresh spicy, aromatic, woody. Notes: bergamot, pepper, cardamom, grapefruit, birch leaf, lavender, cedar, mint. Profile: It smells like a spice market at dawn — sweet pepper and cardamom mixed with white flowers, then dried lavender and powdery wood..",5650
12853,warm spicy scent with lavender and tonka,"Accords: fresh spicy, lavender, aromatic. Notes: lavender, apple, black pepper, coriander, tonka bean, labdanum. Profile: It smells like a spice market at dawn — sweet lavender and citrus peel mixed with powdery black pepper, finishing with something earthy and slightly floral..","Accords: fresh spicy, green, citrus. Notes: green leaves, lemon, bergamot, grapefruit, black pepper, cinnamon, basil, geranium. Profile: It smells like a spice market at dawn — green leaves mixed with citrus peel, then dried herbs and wood, finishing with something earthy and slightly woody..",4527
17424,perfume that smells like fresh cut grass and flowers,"Accords: animalic, green, vanilla. Notes: grass, violet leaf, citruses, nutmeg, vetiver, saffron, jasmine, animal notes. Profile: It smells like a spice market at dawn — grassy greens and white flowers mixed with powdery saffron, then settled into something earthy and slightly woody..","Accords: animalic, musky. Notes: animal notes, animal notes, animal notes. Profile: It smells like a leather jacket left in an animal shelter — soft, earthy, and slightly sweet..",175
17424,musky vanilla sandalwood fragrance,"Accords: animalic, green, vanilla. Notes: grass, violet leaf, citruses, nutmeg, vetiver, saffron, jasmine, animal notes. Profile: It smells like a spice market at dawn — grassy greens and white flowers mixed with powdery saffron, then settled into something earthy and slightly woody..","Accords: animalic, musky. Notes: animal notes, animal notes, animal notes. Profile: It smells like a leather jacket left in an animal shelter — soft, earthy, and slightly sweet..",175
17424,spicy animal scent with jasmine and vetiver,"Accords: animalic, green, vanilla. Notes: grass, violet leaf, citruses, nutmeg, vetiver, saffron, jasmine, animal notes. Profile: It smells like a spice market at dawn — grassy greens and white flowers mixed with powdery saffron, then settled into something earthy and slightly woody..","Accords: animalic, musky. Notes: animal notes, animal notes, animal notes. Profile: It smells like a leather jacket left in an animal shelter — soft, earthy, and slightly sweet..",175
5213,sweet cherry perfume with flowers,"Accords: cherry, sweet, amber. Notes: cherry, pink pepper, bergamot, violet, jasmine, freesia, tonka bean, amber. Profile: It smells like a spice market at dawn — sweet cherry and pepper mixed with white flowers, then soft vanilla and powdery wood..","Accords: cherry, nutty, sweet. Notes: sour cherry, cherry, pistachio, cherry blossom, almond, sandalwood, musk. Profile: It smells like sweet cherry and pistachio at first, then soft almond and soft wood, finishing with something earthy and slightly musky..",6166
5213,fruity cherry and pink pepper scent,"Accords: cherry, sweet, amber. Notes: cherry, pink pepper, bergamot, violet, jasmine, freesia, tonka bean, amber. Profile: It smells like a spice market at dawn — sweet cherry and pepper mixed with white flowers, then soft vanilla and powdery wood..","Accords: cherry, sweet, fruity. Notes: blackberry, bitter orange, neroli, bergamot, cherry, jasmine, orange blossom, gardenia. Profile: It smells like ripe blackberries and orange peel at first, then white flowers with a hint of powdery vanilla, finishing with something earthy and slightly sweet..",16547
5213,cherry vanilla warm cozy fragrance,"Accords: cherry, sweet, amber. Notes: cherry, pink pepper, bergamot, violet, jasmine, freesia, tonka bean, amber. Profile: It smells like a spice market at dawn — sweet cherry and pepper mixed with white flowers, then soft vanilla and powdery wood..","Accords: cherry, fruity, white floral. Notes: maraschino cherry, pink pepper, mandarin orange, gardenia, amaryllis, jasmine, vanilla, musk. Profile: It smells like ripe cherry blossoms and citrus peel at first, then white flowers and vanilla, finishing with a soft woody base..",2531
20846,warm spicy amber perfume with honey and cinnamon,"Accords: amber, sweet, warm spicy. Notes: blackberry, olibanum, orange, labdanum, coriander, tarragon, honey, guaiac wood. Profile: It smells like ripe blackberries and orange peel at first, then sweet vanilla and honey, finishing with a hint of powdery florals and warm wood..","Accords: amber, warm spicy, vanilla. Notes: grass tree, teak wood, cedar, liquor, myrrh, amber, musk, incense. Profile: It smells like a spice shop next to an incense cabinet, with something sweet and earthy lurking in the background..",8215
20846,church incense oud and dark resin fragrance,"Accords: amber, sweet, warm spicy. Notes: blackberry, olibanum, orange, labdanum, coriander, tarragon, honey, guaiac wood. Profile: It smells like ripe blackberries and orange peel at first, then sweet vanilla and honey, finishing with a hint of powdery florals and warm wood..","Accords: amber, woody, aromatic. Notes: lemon, calabrian bergamot, cardamom, lavender, cypriol oil or nagarmotha, atlas cedar, tonka bean, ambroxan. Profile: It smells like citrus peel and cardamom at first, then sweetened with a powdery resinous base, finishing with something earthy and slightly sweet..",16019
20846,cozy winter spice blackberry and woodsy musk,"Accords: amber, sweet, warm spicy. Notes: blackberry, olibanum, orange, labdanum, coriander, tarragon, honey, guaiac wood. Profile: It smells like ripe blackberries and orange peel at first, then sweet vanilla and honey, finishing with a hint of powdery florals and warm wood..","Accords: amber, warm spicy, fresh spicy. Notes: orange blossom, citruses, myrhh, nutmeg, amber, patchouli. Profile: It smells like sweet orange blossoms and citruses at first, then creamy vanilla and powdery amber, finishing with something earthy and slightly bitter..",16221
19224,leather jacket with spicy perfume,"Accords: leather, fruity, animalic. Notes: raspberry, saffron, thyme, olibanum, jasmine, leather, suede, woody notes. Profile: It smells like a leather jacket left in an old leather store — sweet raspberries and thyme mixed with white flowers, then softening into something earthy and slightly leathery..","Accords: leather, woody, warm spicy. Notes: black pepper, pink pepper, cistus incanus, mandarin orange, leather, patchouli, carnation, castoreum. Profile: It smells like a leather jacket left in an old wooden shed — sweet peppercorns mixed with powdered leather, then soft leather and something earthy-smoky..",12738
19224,soft suede and sweet berries,"Accords: leather, fruity, animalic. Notes: raspberry, saffron, thyme, olibanum, jasmine, leather, suede, woody notes. Profile: It smells like a leather jacket left in an old leather store — sweet raspberries and thyme mixed with white flowers, then softening into something earthy and slightly leathery..","Accords: leather, amber, smoky. Notes: incense, labdanum, spices, saffron, birch, labdanum, cyperus esculentus, leather. Profile: It smells like burning incense and saffron at first, then soft leather and powdery birch, with something earthy and slightly sweet underneath..",17405
19224,warm amber leather scent,"Accords: leather, fruity, animalic. Notes: raspberry, saffron, thyme, olibanum, jasmine, leather, suede, woody notes. Profile: It smells like a leather jacket left in an old leather store — sweet raspberries and thyme mixed with white flowers, then softening into something earthy and slightly leathery..","Accords: leather, powdery, woody. Notes: allspice, petitgrain, blood mandarin, iris, suede, pink pepper, leather, sandalwood. Profile: It smells like a leather jacket left in an old wooden shed, with something powdery and slightly earthy lurking in the background..",8419
2676,clean fresh laundry smell with coconut,"Accords: fresh, green, musky. Notes: calone, coconut, mint, lily-of-the-valley, snowdrops, iris, mate, galbanum. Profile: It smells like a flower shop at dawn — sweet vanilla and mint mixed with powdery white flowers, then settles into something earthy and slightly woody..","Accords: fresh, green, floral. Notes: citruses, green notes, watery notes, mint, peony, apple, rose, lily-of-the-valley. Profile: It smells like a flower shop next to an apple orchard, where dried peony leaves meet sweet flowers, with something earthy and slightly woody undertones..",39
2676,cold mint and white flowers perfume,"Accords: fresh, green, musky. Notes: calone, coconut, mint, lily-of-the-valley, snowdrops, iris, mate, galbanum. Profile: It smells like a flower shop at dawn — sweet vanilla and mint mixed with powdery white flowers, then settles into something earthy and slightly woody..","Accords: fresh, white floral, citrus. Notes: cascalone, hedione, neroli, sicilian bergamot, orange blossom, jasmine, musk, balsam fir. Profile: It smells like a spice market at dawn — citrus peel mixed with white flowers, then softens into something earthy and slightly powdery..",580
2676,fresh soap and vanilla scent,"Accords: fresh, green, musky. Notes: calone, coconut, mint, lily-of-the-valley, snowdrops, iris, mate, galbanum. Profile: It smells like a flower shop at dawn — sweet vanilla and mint mixed with powdery white flowers, then settles into something earthy and slightly woody..","Accords: fresh, citrus, musky. Notes: lemon, ice, ginger, green tea, ice, musk, woodsy notes. Profile: It smells like citrus peel and ice at first, then soft green tea with a hint of woodsy notes..",14425
18973,fresh orange and ocean breeze perfume,"Accords: citrus, aromatic, vanilla. Notes: orange, sea notes, aldehydes, blood mandarin, pepper, neroli, cedar, vanilla. Profile: It smells like orange peel and citrus peel at first, then creamy vanilla and white musk, finishing with a warm, slightly powdery base..","Accords: citrus, warm spicy, woody. Notes: cucumber, tangerine, lemon, licorice, grapefruit, ginger, cypress, chili pepper. Profile: It smells like a spice market at dawn — sweet cucumbers and citrus peel mixed with licorice, then soft wood and mossy wood..",15738
18973,citrus perfume with pepper and vanilla,"Accords: citrus, aromatic, vanilla. Notes: orange, sea notes, aldehydes, blood mandarin, pepper, neroli, cedar, vanilla. Profile: It smells like orange peel and citrus peel at first, then creamy vanilla and white musk, finishing with a warm, slightly powdery base..","Accords: citrus, aromatic, white floral. Notes: italian lemon, mandarin orange, green leaves, pink pepper, lavender, neroli, orange blossom, coriander. Profile: It smells like citrus peel and orange peel at first, then white flowers with a hint of powdery spice, finishing with something earthy and slightly sweet..",1349
18973,light summer cologne with sea salt and cedar,"Accords: citrus, aromatic, vanilla. Notes: orange, sea notes, aldehydes, blood mandarin, pepper, neroli, cedar, vanilla. Profile: It smells like orange peel and citrus peel at first, then creamy vanilla and white musk, finishing with a warm, slightly powdery base..","Accords: citrus, woody, aromatic. Notes: bitter orange, grapefruit, basil, salt, violet, freesia, vetiver, woodsy notes. Profile: It smells like orange peel and citrus peel at first, then white flowers, with a soft, slightly woody base..",7917
15648,fresh orange blossom perfume for spring,"Accords: citrus, woody, patchouli. Notes: orange, mandarin orange, bergamot, orange blossom, turkish rose, jasmine, mimosa, ylang-ylang. Profile: It smells like orange peel and orange blossom at first, then white flowers, finishing with a hint of vanilla and powdery musk..","Accords: citrus, fruity, sweet. Notes: passionfruit, peach, grapefruit, yuzu, peach blossom, rose, champaca, musk. Profile: It smells like ripe peaches and peach blossoms at first, then settles into something earthy and slightly floral..",5611
15648,citrus and vanilla scent that lasts all day,"Accords: citrus, woody, patchouli. Notes: orange, mandarin orange, bergamot, orange blossom, turkish rose, jasmine, mimosa, ylang-ylang. Profile: It smells like orange peel and orange blossom at first, then white flowers, finishing with a hint of vanilla and powdery musk..","Accords: citrus, white floral, fresh. Notes: bergamot, mandarin orange, apple, pear, neroli, apricot, red fruits, limoncello. Profile: It smells like citrus peel and orange peel at first, then apricot and white flowers, finishing with something earthy and slightly woody..",10623
15648,light floral perfume with bergamot and jasmine,"Accords: citrus, woody, patchouli. Notes: orange, mandarin orange, bergamot, orange blossom, turkish rose, jasmine, mimosa, ylang-ylang. Profile: It smells like orange peel and orange blossom at first, then white flowers, finishing with a hint of vanilla and powdery musk..","Accords: citrus, coca-cola, white floral. Notes: grapefruit, coca-cola, jasmine, rose, musk, vanilla, amber. Profile: It smells like citrus peel and coca-cola at first, then rose petals and vanilla, finishing with something earthy and slightly floral..",3465
5126,creamy white floral perfume,"Accords: lactonic, fresh spicy, powdery. Notes: indian white pepper, bergamot, milk, gardenia, rose, musk, iris, white sandalwood. Profile: It smells like a spice market at dawn — powdery white flowers mixed with milky roses, then softens into something earthy and slightly floral..","Accords: lactonic, woody, vanilla. Notes: hazelnut, fig leaf, anise, citruses, milk, vanilla, peach, sandalwood. Profile: It smells like dried hazelnuts and fig leaves at first, then soft vanilla and powdery milk, finishing with a sweet vanilla-sweet finish..",3415
5126,soft milky sandalwood scent,"Accords: lactonic, fresh spicy, powdery. Notes: indian white pepper, bergamot, milk, gardenia, rose, musk, iris, white sandalwood. Profile: It smells like a spice market at dawn — powdery white flowers mixed with milky roses, then softens into something earthy and slightly floral..","Accords: lactonic, metallic, coconut. Notes: metallic notes, coconut milk, kiwi, water lily, peach, freesia, orange blossom, milk. Profile: It smells like ripe peaches and water lily at first, then soft white flowers with a hint of powdery wood underneath..",356
5126,powdery rose and iris fragrance,"Accords: lactonic, fresh spicy, powdery. Notes: indian white pepper, bergamot, milk, gardenia, rose, musk, iris, white sandalwood. Profile: It smells like a spice market at dawn — powdery white flowers mixed with milky roses, then softens into something earthy and slightly floral..","Accords: lactonic, vanilla, sweet. Notes: pineapple, coconut, grapefruit, gardenia, lily-of-the-valley, cyclamen, rose, milk. Profile: It smells like ripe peaches and citrus peel at first, then soft vanilla and powdery white flowers, finishing with a warm, slightly woody base..",1817
14830,sweet cherry with leather jacket smell,"Accords: cherry, woody, smoky. Notes: sour cherry, saffron, leather, olive, chinese osmanthus, apricot, smoke, woody notes. Profile: It smells like a leather jacket left open in an old woodshop — sweet cherry and saffron mixed with earthy spice, then softens into something slightly woody..","Accords: cherry, warm spicy, sweet. Notes: cherry, spices, coffee, white tobacco, patchouli, atlas cedar, rose, tonka bean. Profile: It smells like a coffee shop at dawn — sweet cherries and white tobacco mixed with powdered tobacco, then softened by warm wood and something slightly earthy..",3042
14830,sour cherry and smoky wood,"Accords: cherry, woody, smoky. Notes: sour cherry, saffron, leather, olive, chinese osmanthus, apricot, smoke, woody notes. Profile: It smells like a leather jacket left open in an old woodshop — sweet cherry and saffron mixed with earthy spice, then softens into something slightly woody..","Accords: cherry, woody, warm spicy. Notes: neroli, coconut, peach, cherry, dark chocolate, jasmine, sandalwood, musk. Profile: It smells like a spice market at dawn — sweet peaches and dark chocolate mixed with powdery sandalwood, finishing with something earthy and woody..",303
14830,fruity perfume with spicy saffron,"Accords: cherry, woody, smoky. Notes: sour cherry, saffron, leather, olive, chinese osmanthus, apricot, smoke, woody notes. Profile: It smells like a leather jacket left open in an old woodshop — sweet cherry and saffron mixed with earthy spice, then softens into something slightly woody..","Accords: cherry, warm spicy, sweet. Notes: cherry, spices, coffee, white tobacco, patchouli, atlas cedar, rose, tonka bean. Profile: It smells like a coffee shop at dawn — sweet cherries and white tobacco mixed with powdered tobacco, then softened by warm wood and something slightly earthy..",3042
6646,clean laundry with lavender and musk,"Accords: musky, woody, lavender. Notes: lavender, martini, bergamot, mandarin orange, palisander rosewood, patchouli, orchid, narcissus. Profile: It smells like sweet lavender and citrus peel at first, then warm roses and white flowers, finishing with a soft woody base..","Accords: musky, floral, powdery. Notes: white peach, ginger, lilac, star jasmine, white musk, cedar. Profile: It smells like sweet peaches and citrus peel at first, then soft musk and white flowers with a hint of earthy wood..",1586
6646,woody cedar cologne for men,"Accords: musky, woody, lavender. Notes: lavender, martini, bergamot, mandarin orange, palisander rosewood, patchouli, orchid, narcissus. Profile: It smells like sweet lavender and citrus peel at first, then warm roses and white flowers, finishing with a soft woody base..","Accords: musky, powdery, leather. Notes: thyme, tea, lily-of-the-valley, saffron, rose, suede, musk, sandalwood. Profile: It smells like a tea room at dawn — sweet thyme mixed with white flowers, then softens into something earthy and slightly powdery..",16567
6646,fresh citrus bergamot with soft musk base,"Accords: musky, woody, lavender. Notes: lavender, martini, bergamot, mandarin orange, palisander rosewood, patchouli, orchid, narcissus. Profile: It smells like sweet lavender and citrus peel at first, then warm roses and white flowers, finishing with a soft woody base..","Accords: musky, powdery, white floral. Notes: african orange flower, osmanthus, bergamot, musk, amber, vetiver, vanille, patchouli. Profile: It smells like a flower shop at dawn — orange blossoms blooming in the air, with something powdery and slightly woody underneath..",12504
4985,sweet peach and white flowers perfume,"Accords: white floral, patchouli, aromatic. Notes: peach, californian gardenia, african freesia petals, coriander, damask rose, jasmine, patchouli, natural vanilla. Profile: It smells like ripe peaches and roses at first, then settles into soft vanilla and warm vanilla, finishing with a hint of powdery vanilla..","Accords: white floral, citrus, coconut. Notes: lemon leaf, mandarin orange, pink pepper, coconut, jasmine sambac, frangipani, tuberose, amber. Profile: It smells like citrus peel and orange peel at first, then soft vanilla and powdery moss, finishing with a warm, slightly earthy base..",7124
4985,gardenia jasmine rose floral scent,"Accords: white floral, patchouli, aromatic. Notes: peach, californian gardenia, african freesia petals, coriander, damask rose, jasmine, patchouli, natural vanilla. Profile: It smells like ripe peaches and roses at first, then settles into soft vanilla and warm vanilla, finishing with a hint of powdery vanilla..","Accords: white floral, woody, powdery. Notes: lemon, ginger, pear, tuberose, orange blossom, lily-of-the-valley, sandalwood, musk. Profile: It smells like citrus peel and pear at first, then white flowers, with a hint of vanilla and soft wood underneath..",2441
4985,fresh summer garden flowers vanilla,"Accords: white floral, patchouli, aromatic. Notes: peach, californian gardenia, african freesia petals, coriander, damask rose, jasmine, patchouli, natural vanilla. Profile: It smells like ripe peaches and roses at first, then settles into soft vanilla and warm vanilla, finishing with a hint of powdery vanilla..","Accords: white floral, fresh, floral. Notes: green apple, mandarin orange, pink pepper, black currant, jasmine, lily of the valley, peony, plum. Profile: It smells like ripe apple and orange peel at first, then soft peony and white flowers, finishing with warm wood and a hint of powdery wood..",12059
7609,warm cinnamon leather jacket smell,"Accords: cinnamon, woody, warm spicy. Notes: bergamot, lavender, cinnamon, leather, mimosa, guaiac wood, tobacco, opoponax. Profile: It smells like a leather jacket left open in an old wooden shed, with something sweet and woody lingering in the background..","Accords: cinnamon, warm spicy, musky. Notes: apple, violet leaf, bergamot, cinnamon, pink pepper, geranium, musk, cedar. Profile: It smells like ripe apples and citrus peel at first, then warm spices and powdery cedar, finishing with a soft woody base..",13843
7609,spicy tobacco shop with woodsy incense,"Accords: cinnamon, woody, warm spicy. Notes: bergamot, lavender, cinnamon, leather, mimosa, guaiac wood, tobacco, opoponax. Profile: It smells like a leather jacket left open in an old wooden shed, with something sweet and woody lingering in the background..","Accords: cinnamon, warm spicy, amber. Notes: mandarin orange, patchouli, bergamot, cinnamon, amber, virginia cedar, leather, musk. Profile: It smells like orange peel and citrus peel at first, then warm leather and soft wood, finishing with a hint of earthy wood..",16059
7609,lavender and cinnamon with smoky leather,"Accords: cinnamon, woody, warm spicy. Notes: bergamot, lavender, cinnamon, leather, mimosa, guaiac wood, tobacco, opoponax. Profile: It smells like a leather jacket left open in an old wooden shed, with something sweet and woody lingering in the background..","Accords: cinnamon, warm spicy, musky. Notes: apple, violet leaf, bergamot, cinnamon, pink pepper, geranium, musk, cedar. Profile: It smells like ripe apples and citrus peel at first, then warm spices and powdery cedar, finishing with a soft woody base..",13843
16596,warm spicy vanilla with citrus,"Accords: soft spicy, lavender, anis. Notes: licorice, citruses, grapefruit, bergamot, lavender, star anise, vanilla, almond. Profile: It smells like licorice and citrus peel at first, then sweet vanilla and vanilla, finishing with a soft woody base..","Accords: soft spicy, aromatic, anis. Notes: grapefruit, basil, cassis, star anise, fig, coriander, sage, mate. Profile: It smells like a fruit stand next to someone's flower shop, where citrus peel meets sweet figs, then settles into something earthy and slightly bitter..",18495
16596,soft licorice and almond perfume,"Accords: soft spicy, lavender, anis. Notes: licorice, citruses, grapefruit, bergamot, lavender, star anise, vanilla, almond. Profile: It smells like licorice and citrus peel at first, then sweet vanilla and vanilla, finishing with a soft woody base..","Accords: soft spicy, woody, aromatic. Notes: grapefruit, fennel, carambola (star fruit), pink pepper, violet leaf, sage, cashmere wood, balsam fir. Profile: It smells like ripe grapefruit and fennel at first, then white flowers with a hint of powdery wood underneath..",6493
16596,cozy amber sandalwood for winter,"Accords: soft spicy, lavender, anis. Notes: licorice, citruses, grapefruit, bergamot, lavender, star anise, vanilla, almond. Profile: It smells like licorice and citrus peel at first, then sweet vanilla and vanilla, finishing with a soft woody base..","Accords: soft spicy, anis, amber. Notes: licorice, lime, star anise, cacao pod, violet, jasmine, amber, patchouli. Profile: It smells like licorice and citrus peel at first, then white flowers and jasmine, finishing with something earthy and slightly woody..",15009
16570,sweet honey and fresh apple perfume,"Accords: honey, sweet, floral. Notes: apple, honeycomb, bergamot, honey, jasmine, mahonial, rose, tonka bean. Profile: It smells like ripe apples and honeycomb at first, then warm rose petals, finishing with something earthy and slightly sweet..","Accords: honey, sweet, balsamic. Notes: honeycomb, cinnamon, clove, hazelnut, walnut, almond, coconut milk, amber. Profile: It smells like sweet honeycomb and cinnamon at first, then creamy almonds and vanilla, with a hint of vanilla and powdery vanilla..",20382
16570,honeycomb and flowers scent for women,"Accords: honey, sweet, floral. Notes: apple, honeycomb, bergamot, honey, jasmine, mahonial, rose, tonka bean. Profile: It smells like ripe apples and honeycomb at first, then warm rose petals, finishing with something earthy and slightly sweet..","Accords: honey, floral, sweet. Notes: tarragon, mandarin orange, honey, osmanthus, rose, caramel, amber, musk. Profile: It smells like sweet orange peel and honey at first, then warm rose petals, finishing with a soft woody base..",10419
16570,warm honey jasmine rose fragrance,"Accords: honey, sweet, floral. Notes: apple, honeycomb, bergamot, honey, jasmine, mahonial, rose, tonka bean. Profile: It smells like ripe apples and honeycomb at first, then warm rose petals, finishing with something earthy and slightly sweet..","Accords: honey, aromatic, sweet. Notes: sesame, italian mandarin, bergamot, honey, coffee, madagascar vanilla, haitian vetiver, virginia cedar. Profile: It smells like a coffee shop at dawn — sweet vanilla and honey mixed with warm vanilla, with something earthy and slightly floral..",16710
13066,sweet almond and pear perfume,"Accords: almond, sweet, nutty. Notes: pistachio, pear, mandarin orange, almond, orange blossom, magnolia, almond milk, tonka bean. Profile: It smells like ripe pear and orange peel at first, then soft almond milk and vanilla, with a creamy sweetness that's slightly sweet..","Accords: almond, powdery, woody. Notes: almond milk, bergamot, pink pepper, heliotrope, jasmine sambac, carnation, sandalwood, cashmere wood. Profile: It smells like sweet almond milk and bergamot at first, then creamy white flowers with a hint of powdery wood underneath..",5553
13066,creamy pistachio and orange blossom scent,"Accords: almond, sweet, nutty. Notes: pistachio, pear, mandarin orange, almond, orange blossom, magnolia, almond milk, tonka bean. Profile: It smells like ripe pear and orange peel at first, then soft almond milk and vanilla, with a creamy sweetness that's slightly sweet..","Accords: almond, vanilla, white floral. Notes: bitter almond, orange blossom, vanilla absolute. Profile: It smells like sweet almonds and orange blossoms at first, then creamy vanilla with a hint of vanilla sweetness..",18412
13066,nutty gourmand fragrance for women,"Accords: almond, sweet, nutty. Notes: pistachio, pear, mandarin orange, almond, orange blossom, magnolia, almond milk, tonka bean. Profile: It smells like ripe pear and orange peel at first, then soft almond milk and vanilla, with a creamy sweetness that's slightly sweet..","Accords: almond, citrus, white floral. Notes: jasmine, lemon zest, candied almond, rose, sandalwood. Profile: It smells like sweet jasmine and citrus peel at first, then soft rose petals and a hint of earthy wood..",19163
17294,fresh cypress forest smell,"Accords: woody, aromatic, earthy. Notes: cypress, vetiver, cashmere wood, musk. Profile: It smells like cypress and vetiver at first, then soft wood with a hint of powdery wood underneath..","Accords: woody, aromatic, citrus. Notes: grapefruit, kumquat, cardamom, apple, salt, pine tree, juniper, cashmere wood. Profile: It smells like a spice market at dawn — citrus peel and cardamom mixed with salty fruit, then softens into something earthy and slightly mossy..",8413
17294,woody vetiver musk cologne,"Accords: woody, aromatic, earthy. Notes: cypress, vetiver, cashmere wood, musk. Profile: It smells like cypress and vetiver at first, then soft wood with a hint of powdery wood underneath..","Accords: woody, aquatic, coffee. Notes: cascalone, mandarin orange, cardamom, olive tree, coffee, orange blossom, leather, oak. Profile: It smells like a leather jacket left on ice next to an orange blossom, with something sweet and earthy lurking in the air..",3098
17294,soft cashmere wood perfume,"Accords: woody, aromatic, earthy. Notes: cypress, vetiver, cashmere wood, musk. Profile: It smells like cypress and vetiver at first, then soft wood with a hint of powdery wood underneath..","Accords: woody, coconut, warm spicy. Notes: nutmeg, saffron, bergamot, grapefruit, coconut, lavender, myrrh, violet. Profile: It smells like a spice market at dawn — sweet spices mixed with powdery wood, then softened by something earthy and slightly woody..",19911
9039,musky leather jacket with rose,"Accords: animalic, musky, oud. Notes: agarwood (oud), aldehydes, bergamot, amber, rose, civetta, leather, patchouli. Profile: It smells like a leather jacket left in an old wooden shed, with something earthy and slightly woody lurking in the background..","Accords: animalic, rose, woody. Notes: turkish rose, indian oud, woodsy notes, exotic spices, cambodian oud, amber, rose, animal notes. Profile: It smells like a spice market at dawn — earthy roses and exotic spices mixed with woody incense, with something powdery and resinous lurking in the background..",21821
9039,dark oud and amber perfume,"Accords: animalic, musky, oud. Notes: agarwood (oud), aldehydes, bergamot, amber, rose, civetta, leather, patchouli. Profile: It smells like a leather jacket left in an old wooden shed, with something earthy and slightly woody lurking in the background..","Accords: animalic, musky, rose. Notes: coriander, geranium, pink pepper, jasmine, rose, violet, ylang-ylang, animal notes. Profile: It smells like a leather jacket left in an old wooden shed, with something powdery and slightly earthy lingering in the air..",1329
9039,animalic perfume with patchouli and musk,"Accords: animalic, musky, oud. Notes: agarwood (oud), aldehydes, bergamot, amber, rose, civetta, leather, patchouli. Profile: It smells like a leather jacket left in an old wooden shed, with something earthy and slightly woody lurking in the background..","Accords: animalic, woody, leather. Notes: leather, tobacco, cardamom, labdanum, singapore patchouli, violet leaves, jasmine sambac, musk. Profile: It smells like leather and tobacco at first, then a powdery base of white flowers, with something earthy and slightly sweet underneath..",9659
10614,tropical vacation sunscreen and mango,"Accords: tropical, sweet, vanilla. Notes: mango, coconut, passionfruit, jasmine, heliotrope, orange blossom, vanilla, cashmeran. Profile: It smells like a fruit stand next to an old church — sweet mango juice mixed with white flowers, then softened by something powdery and slightly earthy..","Accords: tropical, sweet, fruity. Notes: passionfruit, mango, lotus, water lily, solar notes, coconut. Profile: It smells like citrus peel and mango at first, then water lily, with something sweet and earthy lurking in the background..",3407
10614,sweet coconut jasmine flower perfume,"Accords: tropical, sweet, vanilla. Notes: mango, coconut, passionfruit, jasmine, heliotrope, orange blossom, vanilla, cashmeran. Profile: It smells like a fruit stand next to an old church — sweet mango juice mixed with white flowers, then softened by something powdery and slightly earthy..","Accords: tropical, sweet, fruity. Notes: tangerine, bitter orange, passionfruit, mango, peony, amber, orchid, vanilla. Profile: It smells like tangerine and orange peel at first, then sweet mango and peony, finishing with a soft vanilla-vanilla base..",14843
10614,fruity passionfruit vanilla scent for summer,"Accords: tropical, sweet, vanilla. Notes: mango, coconut, passionfruit, jasmine, heliotrope, orange blossom, vanilla, cashmeran. Profile: It smells like a fruit stand next to an old church — sweet mango juice mixed with white flowers, then softened by something powdery and slightly earthy..","Accords: tropical, woody, floral. Notes: mango, papaya, peach, peony, ylang-ylang, magnolia, vetiver, musk. Profile: It smells like sweet mango and peach at first, then creamy peony and vanilla, finishing with a soft woody base..",7699
9974,warm spicy tobacco and leather jacket,"Accords: tobacco, sweet, warm spicy. Notes: cinnamon, incense, pear, agarwood (oud), saffron, nutmeg, tobacco, leather. Profile: It smells like a leather jacket left open in an old church — sweet cinnamon and cloves mixed with powdery tobacco, then settled into something earthy and slightly musky..","Accords: tobacco, vanilla, leather. Notes: tobacco leaf, bergamot, amber, birch, leather, vanilla, sandalwood, guaiac wood. Profile: It smells like a leather jacket left in an old wooden shed, where tobacco leaves sit next to birch trees, with something earthy and slightly woody lurking in the background..",18751
9974,oud and patchouli smoky scent,"Accords: tobacco, sweet, warm spicy. Notes: cinnamon, incense, pear, agarwood (oud), saffron, nutmeg, tobacco, leather. Profile: It smells like a leather jacket left open in an old church — sweet cinnamon and cloves mixed with powdery tobacco, then settled into something earthy and slightly musky..","Accords: tobacco, sweet, vanilla. Notes: bergamot, woody notes, violet, tobacco, vanilla, guaiac wood, musk. Profile: It smells like burning tobacco in a spice shop, with something sweet and woody lingering in the background..",10123
9974,dark vanilla tobacco with cinnamon,"Accords: tobacco, sweet, warm spicy. Notes: cinnamon, incense, pear, agarwood (oud), saffron, nutmeg, tobacco, leather. Profile: It smells like a leather jacket left open in an old church — sweet cinnamon and cloves mixed with powdery tobacco, then settled into something earthy and slightly musky..","Accords: tobacco, sweet, smoky. Notes: vanilla, mojito, mandarin orange, tobacco, smoke, plum wine, jasmine, woody notes. Profile: It smells like sweet vanilla and orange peel at first, then woody sweetness, finishing with a hint of honeyed tobacco and salt..",10063
17159,tropical coconut sunscreen lotion,"Accords: coconut, sweet, lactonic. Notes: coconut, red apple, mandarin orange, jasmine, freesia, magnolia, cotton flower, sandalwood. Profile: It smells like a spice market at dawn — sweet almonds and orange peel mixed with white flowers, finishing with soft wood and warm wood..","Accords: coconut, marine, vanilla. Notes: coconut nectar, sea notes, coconut milk, solar notes, floral notes, musk, vanilla. Profile: It smells like coconut nectar and seashells at first, then settles into something sweet and slightly powdery..",11428
17159,fresh apple and jasmine perfume,"Accords: coconut, sweet, lactonic. Notes: coconut, red apple, mandarin orange, jasmine, freesia, magnolia, cotton flower, sandalwood. Profile: It smells like a spice market at dawn — sweet almonds and orange peel mixed with white flowers, finishing with soft wood and warm wood..","Accords: coconut, white floral, sweet. Notes: cyclamen, ginger, coconut, tiare flower, jasmine, musk. Profile: It smells like a spice market at dawn — sweet almonds mixed with powdered sugar, then softened by something powdery and slightly earthy..",2770
17159,creamy coconut with white flowers,"Accords: coconut, sweet, lactonic. Notes: coconut, red apple, mandarin orange, jasmine, freesia, magnolia, cotton flower, sandalwood. Profile: It smells like a spice market at dawn — sweet almonds and orange peel mixed with white flowers, finishing with soft wood and warm wood..","Accords: coconut, tropical, sweet. Notes: coconut nectar, neroli, bergamot, mandarin orange, monoi oil, ylang-ylang, orange blossom, jasmine. Profile: It smells like a spice market at dawn — sweet almonds and citrus peel mixed with powdery honey, then softens into something earthy and slightly floral..",9094
13742,fresh mimosa and orange blossom perfume,"Accords: yellow floral, citrus, powdery. Notes: mimosa, bitter orange, coriander, jasmine, tangerine, narcissus, black currant, amber. Profile: It smells like citrus peel and orange peel at first, then tangerine and jasmine, finishing with a hint of vanilla and soft wood..","Accords: yellow floral, woody, white floral. Notes: mandarin orange, magnolia, peach, madagascar ylang-ylang, jasmine, turkish rose, cinnamon, balsamic notes. Profile: It smells like citrus peel and peach at first, then white flowers and vanilla, finishing with a sweet vanilla-vanilla base..",20911
13742,sunny yellow flowers with vanilla and sandalwood,"Accords: yellow floral, citrus, powdery. Notes: mimosa, bitter orange, coriander, jasmine, tangerine, narcissus, black currant, amber. Profile: It smells like citrus peel and orange peel at first, then tangerine and jasmine, finishing with a hint of vanilla and soft wood..","Accords: yellow floral, warm spicy, cinnamon. Notes: cinnamon, ylang-ylang, benzoin. Profile: It smells like a spice market at dawn — cinnamon-cinnamon jam mixed with vanilla, with something sweet and slightly earthy lurking in the background..",18577
13742,bright citrus jasmine scent for spring,"Accords: yellow floral, citrus, powdery. Notes: mimosa, bitter orange, coriander, jasmine, tangerine, narcissus, black currant, amber. Profile: It smells like citrus peel and orange peel at first, then tangerine and jasmine, finishing with a hint of vanilla and soft wood..","Accords: yellow floral, sweet, woody. Notes: white peach, sicilian mandarin, ylang-ylang, jasmine, benzoin, cedar. Profile: It smells like ripe peaches and citrus peel at first, then settles into something earthy and slightly sweet with a hint of jasmine..",1526
8475,fresh watermelon and mint perfume,"Accords: ozonic, green, aquatic. Notes: bamboo, tea, watermelon, juniper berries, lotus, mint, black currant, rose. Profile: It smells like sweet watermelon and berries at first, then white flowers and mint, finishing with a hint of powdery wood..","Accords: ozonic, aquatic, fruity. Notes: melon, grapefruit, watermelon, mandarin orange, apple, raspberry, lily-of-the-valley, jasmine. Profile: It smells like sweet watermelon and citrus peel at first, then white flowers with a hint of powdery amber, finishing with something earthy and slightly floral..",5415
8475,clean ocean breeze with tea scent,"Accords: ozonic, green, aquatic. Notes: bamboo, tea, watermelon, juniper berries, lotus, mint, black currant, rose. Profile: It smells like sweet watermelon and berries at first, then white flowers and mint, finishing with a hint of powdery wood..","Accords: ozonic, aquatic, green. Notes: watermelon, peach, bergamot, plum, violet, pine tree needles, mint, galbanum. Profile: It smells like sweet watermelon and peach at first, then white flowers and roses, with a soft woody base that's soft and slightly earthy..",19574
8475,light watery jasmine rose fragrance,"Accords: ozonic, green, aquatic. Notes: bamboo, tea, watermelon, juniper berries, lotus, mint, black currant, rose. Profile: It smells like sweet watermelon and berries at first, then white flowers and mint, finishing with a hint of powdery wood..","Accords: ozonic, aquatic, fruity. Notes: pear, orange, melon, watermelon, pineapple, peach, tiare flower, musk. Profile: It smells like pear and orange peel at first, then watermelon and peach, finishing with a hint of powdery amber..",8400
18177,fresh herbs lavender rosemary cologne,"Accords: aromatic, fresh spicy, woody. Notes: lavender, rosemary, neroli, petitgrain, geranium, clary sage, galbanum, jasmine. Profile: It smells like lavender and rose petals at first, then white flowers with a powdery finish, finishing with something earthy and slightly woody..","Accords: aromatic, woody, warm spicy. Notes: orange, pistachio leaf, lavender, ginger, black currant, mandarin orange, ginseng, geranium. Profile: It smells like orange peel and citrus peel at first, then rose petals and cardamom, finishing with a hint of powdery wood and soft musk..",18848
18177,clean barbershop soap smell,"Accords: aromatic, fresh spicy, woody. Notes: lavender, rosemary, neroli, petitgrain, geranium, clary sage, galbanum, jasmine. Profile: It smells like lavender and rose petals at first, then white flowers with a powdery finish, finishing with something earthy and slightly woody..","Accords: aromatic, green, fresh spicy. Notes: mint, bergamot, pear, lavender, atlas cedar, violet leaves, ylang-ylang, amber. Profile: It smells like dried pear and rose petals at first, then creamy vanilla and powdery wood, finishing with a warm, slightly earthy base..",11550
18177,green woody cedar aftershave,"Accords: aromatic, fresh spicy, woody. Notes: lavender, rosemary, neroli, petitgrain, geranium, clary sage, galbanum, jasmine. Profile: It smells like lavender and rose petals at first, then white flowers with a powdery finish, finishing with something earthy and slightly woody..","Accords: aromatic, citrus, fresh spicy. Notes: lemon, lavender, petitgrain, bergamot, tarragon, basil, mint, jasmine. Profile: It smells like citrus peel and lavender at first, then white flowers and moss, finishing with a hint of powdery wood..",20478
7435,sweet vanilla perfume with white flowers,"Accords: vanilla, floral, white floral. Notes: passion flower, jasmine, gardenia, vanille, vetiver. Profile: It smells like a flower shop next to an old church — white flowers blooming in the background, with something faintly floral and slightly woody underneath..","Accords: vanilla, musky, sweet. Notes: pineapple, citron, freesia, lily-of-the-valley, vanilla, musk. Profile: It smells like ripe pineapple and citrus at first, then creamy vanilla and soft vanilla, finishing with a hint of powdery wood..",10473
7435,creamy vanilla and jasmine scent,"Accords: vanilla, floral, white floral. Notes: passion flower, jasmine, gardenia, vanille, vetiver. Profile: It smells like a flower shop next to an old church — white flowers blooming in the background, with something faintly floral and slightly woody underneath..","Accords: vanilla, white floral, aromatic. Notes: african orange flower, jasmine, bergamot, tonka bean, cardamom, thyme, vanilla, sandalwood. Profile: It smells like a spice market at dawn — orange blossoms blooming in the background, with hints of vanilla and cardamom lingering on the counter..",7313
7435,tropical flowers with warm vanilla,"Accords: vanilla, floral, white floral. Notes: passion flower, jasmine, gardenia, vanille, vetiver. Profile: It smells like a flower shop next to an old church — white flowers blooming in the background, with something faintly floral and slightly woody underneath..","Accords: vanilla, fruity, citrus. Notes: fruity notes, mandarin orange, bergamot, tangerine, frangipani, heliotrope, sandalwood, virginia cedar. Profile: It smells like citrus peel and orange peel at first, then soft vanilla and powdery wood, finishing with a hint of spiced wood..",7465
10964,fresh soapy floral perfume,"Accords: violet, powdery, woody. Notes: geranium, citruses, violet, musk, sandalwood, cedar. Profile: It smells like a flower shop at dawn — rose petals and white flowers mixed with powdery wood, finishing with something earthy and slightly woody..","Accords: violet, powdery, fresh. Notes: tea, bergamot, violet, pear, vanilla. Profile: It smells like a fruit stand next to an old tea shop — sweet tea mixed with white flowers, then settling into something vanilla-vanilla-like..",700
10964,powdery violet and clean musk,"Accords: violet, powdery, woody. Notes: geranium, citruses, violet, musk, sandalwood, cedar. Profile: It smells like a flower shop at dawn — rose petals and white flowers mixed with powdery wood, finishing with something earthy and slightly woody..","Accords: violet, powdery, citrus. Notes: raspberry, mandarin orange, bergamot, violet, rose petals, gardenia, sandalwood. Profile: It smells like ripe raspberries and orange peel at first, then white flowers with a hint of vanilla and soft wood..",5020
10964,light citrus and soft wood scent,"Accords: violet, powdery, woody. Notes: geranium, citruses, violet, musk, sandalwood, cedar. Profile: It smells like a flower shop at dawn — rose petals and white flowers mixed with powdery wood, finishing with something earthy and slightly woody..","Accords: violet, powdery, floral. Notes: litchi, mandarin orange, ginger, violet, freesia, musk. Profile: It smells like citrus peel and orange peel at first, then white flowers with a hint of powdery musk underneath..",8955
18967,warm spicy tobacco leather scent,"Accords: tobacco, cinnamon, sweet. Notes: cinnamon, lavender, bergamot, leather, mimosa, tobacco leaf, guaiac wood, opoponax. Profile: It smells like a leather jacket left open in an old woodshop, where dried tobacco leaves sit next to mossy wood..","Accords: tobacco, vanilla, warm spicy. Notes: cinnamon, pepperwood, tobacco leaf, incense, osmanthus, labdanum, vanilla, iso e super. Profile: It smells like a spice shop at dawn — sweet cinnamon and tobacco leaves mixed with powdery incense, then settles into something earthy and slightly floral..",21254
18967,old leather jacket with herbs,"Accords: tobacco, cinnamon, sweet. Notes: cinnamon, lavender, bergamot, leather, mimosa, tobacco leaf, guaiac wood, opoponax. Profile: It smells like a leather jacket left open in an old woodshop, where dried tobacco leaves sit next to mossy wood..","Accords: tobacco, warm spicy, amber. Notes: lavender, clementine, cucumber, cardamom, pepper, basil, osmanthus, tobacco. Profile: It smells like a spice market at dawn — sweet lavender and cardamom mixed with powdery tobacco, with something earthy and slightly woody underneath..",13768
18967,tobacco shop with cinnamon and wood,"Accords: tobacco, cinnamon, sweet. Notes: cinnamon, lavender, bergamot, leather, mimosa, tobacco leaf, guaiac wood, opoponax. Profile: It smells like a leather jacket left open in an old woodshop, where dried tobacco leaves sit next to mossy wood..","Accords: tobacco, amber, citrus. Notes: grapefruit, coriander, basil, ginger, orange blossom, cardamom, tobacco, amber. Profile: It smells like a spice market at dawn — sweet citrus peel mixed with powdery tobacco, then softened by something earthy and woody..",6456
2026,chocolate coconut perfume,"Accords: cacao, warm spicy, chocolate. Notes: watermelon, rose, black currant, grapefruit, dark chocolate, cacao, coconut, musk. Profile: It smells like watermelon and roses at first, then dark chocolate and vanilla, with a hint of powdery wood underneath..","Accords: cacao, coconut, sweet. Notes: bergamot, neroli, cacao, coconut, agarwood (oud), musk. Profile: It smells like a spice market at dawn — bergamot and neroli mixed with dark chocolate, with something earthy and slightly woody underneath..",20286
2026,fruity rose with dark chocolate,"Accords: cacao, warm spicy, chocolate. Notes: watermelon, rose, black currant, grapefruit, dark chocolate, cacao, coconut, musk. Profile: It smells like watermelon and roses at first, then dark chocolate and vanilla, with a hint of powdery wood underneath..","Accords: cacao, nutty, sweet. Notes: hazelnut, milk, sugar, cacao, floral notes, vanilla. Profile: It smells like honeyed hazelnuts and milk at first, then creamy sugar and vanilla, finishing with a warm vanilla-vanilla base..",1405
2026,watermelon and cocoa scent,"Accords: cacao, warm spicy, chocolate. Notes: watermelon, rose, black currant, grapefruit, dark chocolate, cacao, coconut, musk. Profile: It smells like watermelon and roses at first, then dark chocolate and vanilla, with a hint of powdery wood underneath..","Accords: cacao, warm spicy, sweet. Notes: wormwood, pink pepper, grapefruit, tuberose, champaca, cacao, patchouli, amber. Profile: It smells like a spice market at dawn — sweet citrus peel mixed with powdery vanilla, then softened by creamy vanilla..",9124
12503,sweet coffee vanilla perfume,"Accords: sweet, warm spicy, caramel. Notes: lavender, mint, fruity, spicy notes, coriander, green notes, bergamot, caramel. Profile: It smells like sweet lavender and mint at first, then creamy vanilla and powdery milk, with a faint sweetness that's slightly sweet..","Accords: sweet, fresh spicy, woody. Notes: nutmeg, rhubarb, plum, cognac, orange, sage, rum, black leather. Profile: It smells like a spice market at dawn — powdery rhubarb mixed with orange peel, then dark leather and something slightly sweet..",8574
12503,honey lavender caramel scent,"Accords: sweet, warm spicy, caramel. Notes: lavender, mint, fruity, spicy notes, coriander, green notes, bergamot, caramel. Profile: It smells like sweet lavender and mint at first, then creamy vanilla and powdery milk, with a faint sweetness that's slightly sweet..","Accords: sweet, amber, fruity. Notes: orange blossom, grapefruit, bergamot, plum, lavender, nutmeg, geranium, tonka bean. Profile: It smells like sweet orange blossoms and citrus peel at first, then creamy vanilla and powdery nutmeg, finishing with something earthy and slightly woody..",20816
12503,warm milky amber fragrance,"Accords: sweet, warm spicy, caramel. Notes: lavender, mint, fruity, spicy notes, coriander, green notes, bergamot, caramel. Profile: It smells like sweet lavender and mint at first, then creamy vanilla and powdery milk, with a faint sweetness that's slightly sweet..","Accords: sweet, honey, tobacco. Notes: white honey, tobacco, vanilla, patchouli, cacao, amber, french labdanum, styrax. Profile: It smells like sweet honey and tobacco at first, then creamy vanilla and dark chocolate, finishing with a hint of powdery wood and warm vanilla..",17425
16207,earthy patchouli with rose perfume,"Accords: patchouli, rose, citrus. Notes: blood orange, damask rose, bulgarian rose, neroli, patchouli. Profile: It smells like orange peel and rose petals at first, then white flowers with a hint of powdery rose, finishing with something earthy and slightly sweet..","Accords: patchouli, rose, vanilla. Notes: white peach, rose, patchouli, vanilla. Profile: It smells like ripe peaches and roses at first, then sweet vanilla and powdery vanilla, with a hint of vanilla sweetness underneath..",14455
16207,fresh orange and neroli with patchouli,"Accords: patchouli, rose, citrus. Notes: blood orange, damask rose, bulgarian rose, neroli, patchouli. Profile: It smells like orange peel and rose petals at first, then white flowers with a hint of powdery rose, finishing with something earthy and slightly sweet..","Accords: patchouli, violet, white floral. Notes: red apple, violet, jasmine, patchouli, vanilla. Profile: It smells like ripe apple and white flowers at first, then soft vanilla and powdery vanilla, finishing with a warm, slightly earthy base..",1389
16207,hippie patchouli mixed with roses,"Accords: patchouli, rose, citrus. Notes: blood orange, damask rose, bulgarian rose, neroli, patchouli. Profile: It smells like orange peel and rose petals at first, then white flowers with a hint of powdery rose, finishing with something earthy and slightly sweet..","Accords: patchouli, woody, warm spicy. Notes: black pepper, pink pepper, white rose, iris, violet leaf, patchouli, labdanum. Profile: It smells like powdery pepper and white roses at first, then creamy white flowers with a hint of violet leaf, finishing with something earthy and slightly floral..",18156
17022,fresh cut fig leaf smell,"Accords: green, woody, sweet. Notes: fig leaf, fig, green notes, coconut, fig tree, woody notes, cedar. Profile: It smells like a fruit stand next to an apple orchard, where fig leaves meet woody notes..","Accords: green, woody, powdery. Notes: osmanthus, green notes, tea, vanilla, sandalwood, orange blossom, vanilla, cashmeran. Profile: It smells like a spice market at dawn — sweet vanilla and orange blossoms mixed with white flowers, with something earthy and slightly woody underneath..",5374
17022,green summer tree shade perfume,"Accords: green, woody, sweet. Notes: fig leaf, fig, green notes, coconut, fig tree, woody notes, cedar. Profile: It smells like a fruit stand next to an apple orchard, where fig leaves meet woody notes..","Accords: green, fresh, soft spicy. Notes: fig leaf, mandarin orange, pink pepper, clary sage, iris, musk, patchouli. Profile: It smells like fig leaf and orange peel at first, then white flowers and powdery iris, finishing with a soft, slightly earthy base..",16060
17022,coconut and woody cedar scent,"Accords: green, woody, sweet. Notes: fig leaf, fig, green notes, coconut, fig tree, woody notes, cedar. Profile: It smells like a fruit stand next to an apple orchard, where fig leaves meet woody notes..","Accords: green, aldehydic, fresh. Notes: aldehydes, citruses, fruity notes, floral notes, green notes. Profile: It smells like dried flowers and citrus peel at first, then settles into something green and slightly earthy..",21439
19968,earthy truffle and dark rose perfume,"Accords: earthy, rose, patchouli. Notes: saffron, black rose, truffle, floral notes, patchouli, vanilla, agarwood (oud), oakmoss. Profile: It smells like a spice market at dawn — sweet saffron and rose petals mixed with powdery florals, then soft vanilla and mossy wood..","Accords: earthy, aromatic, green. Notes: mint, mandarin orange, soil tincture, vetiver, white musk. Profile: It smells like citrus peel and orange peel at first, then settles into soft vetiver and white musk..",8166
19968,smoky oud with vanilla and moss,"Accords: earthy, rose, patchouli. Notes: saffron, black rose, truffle, floral notes, patchouli, vanilla, agarwood (oud), oakmoss. Profile: It smells like a spice market at dawn — sweet saffron and rose petals mixed with powdery florals, then soft vanilla and mossy wood..","Accords: earthy, green, aromatic. Notes: fennel, mint, green notes, clary sage, oakmoss, fern, angelica, clover. Profile: It smells like a spice market at dawn — fresh mint and white flowers mixed with powdery moss, then settle into something earthy and slightly sweet..",6433
19968,rich spicy saffron and patchouli scent,"Accords: earthy, rose, patchouli. Notes: saffron, black rose, truffle, floral notes, patchouli, vanilla, agarwood (oud), oakmoss. Profile: It smells like a spice market at dawn — sweet saffron and rose petals mixed with powdery florals, then soft vanilla and mossy wood..","Accords: earthy, aromatic, green. Notes: mint, mandarin orange, soil tincture, vetiver, white musk. Profile: It smells like citrus peel and orange peel at first, then settles into soft vetiver and white musk..",8166
12410,warm almond and vanilla perfume,"Accords: almond, vanilla, powdery. Notes: almond, brazilian rosewood, rose, geranium, plum, virginia cedar, celery, heliotrope. Profile: It smells like sweet almonds and roses at first, then creamy white flowers, with a hint of earthy musk underneath..","Accords: almond, sweet, nutty. Notes: pistachio, pear, mandarin orange, almond, orange blossom, magnolia, almond milk, tonka bean. Profile: It smells like ripe pear and orange peel at first, then soft almond milk and vanilla, with a creamy sweetness that's slightly sweet..",13066
12410,soft woody scent with jasmine rice smell,"Accords: almond, vanilla, powdery. Notes: almond, brazilian rosewood, rose, geranium, plum, virginia cedar, celery, heliotrope. Profile: It smells like sweet almonds and roses at first, then creamy white flowers, with a hint of earthy musk underneath..","Accords: almond, sweet, cherry. Notes: damask rose, sour cherry, almond milk, madagascar vanilla, woodsy notes. Profile: It smells like sweet cherry and vanilla at first, then creamy vanilla and sweet vanilla, with a woody sweetness underneath..",10294
12410,cozy blanket smell with sweet nuts,"Accords: almond, vanilla, powdery. Notes: almond, brazilian rosewood, rose, geranium, plum, virginia cedar, celery, heliotrope. Profile: It smells like sweet almonds and roses at first, then creamy white flowers, with a hint of earthy musk underneath..","Accords: almond, fruity, sweet. Notes: sour cherry, apricot, mandarin orange, black tea, almond, rose, patchouli, white musk. Profile: It smells like sweet cherry and apricot at first, then dark chocolate and white flowers, finishing with something earthy and slightly powdery..",8940
11721,fresh spicy cologne with pepper and citrus,"Accords: fresh spicy, ozonic, musky. Notes: violet leaf, artemisia, mandarin orange, white pepper, cedar, nutmeg, white musk, tonka bean. Profile: It smells like a spice market at dawn — citrus peel mixed with white flowers, then softens into something earthy and slightly powdery..","Accords: fresh spicy, woody, aromatic. Notes: sicilian bergamot, rosemary, white pepper, nutmeg, iris, oakmoss, musk, cashmere wood. Profile: It smells like a spice market at dawn — sweet citrus peel and white flowers mixed with powdery wood, finishing with something earthy and slightly floral..",14065
11721,green leafy perfume with cedar and vetiver,"Accords: fresh spicy, ozonic, musky. Notes: violet leaf, artemisia, mandarin orange, white pepper, cedar, nutmeg, white musk, tonka bean. Profile: It smells like a spice market at dawn — citrus peel mixed with white flowers, then softens into something earthy and slightly powdery..","Accords: fresh spicy, citrus, violet. Notes: sichuan pepper, bergamot, violet, leather, amber, tonka bean. Profile: It smells like a leather jacket left open in an old leather store — spicy peppercorns mixed with powdery leather, then softened by something earthy and slightly sweet..",17348
11721,clean musky scent with nutmeg and orange,"Accords: fresh spicy, ozonic, musky. Notes: violet leaf, artemisia, mandarin orange, white pepper, cedar, nutmeg, white musk, tonka bean. Profile: It smells like a spice market at dawn — citrus peel mixed with white flowers, then softens into something earthy and slightly powdery..","Accords: fresh spicy, citrus, leather. Notes: bergamot, black pepper, mandarin orange, leather, lavender, nutmeg, woody notes, musk. Profile: It smells like a leather jacket left open in an old leather store — citrus peel and spice mixed with powdery wood, then softens into something earthy and slightly floral..",10394
15678,fresh grapefruit and orange perfume,"Accords: citrus, aromatic, floral. Notes: grapefruit, green mango, tomato, carrot, lotus, bulrush, orange, hiacynth. Profile: It smells like a fruit stand next to an incense cabinet — sweet mango and orange juice mixed with powdery flowers, then settles into something earthy and slightly floral..","Accords: citrus, aromatic, woody. Notes: petitgrain paraguay, bergamot, palisander rosewood, artemisia, lemon, mandarin orange, orangewood, spices. Profile: It smells like a spice market at dawn — citrus peel and orange peel mixed with white flowers, then softens into something earthy and slightly floral..",10750
15678,green tomato leaf and musk scent,"Accords: citrus, aromatic, floral. Notes: grapefruit, green mango, tomato, carrot, lotus, bulrush, orange, hiacynth. Profile: It smells like a fruit stand next to an incense cabinet — sweet mango and orange juice mixed with powdery flowers, then settles into something earthy and slightly floral..","Accords: citrus, sweet, coconut. Notes: coconut, lime, bergamot, mandarin orange, ylang-ylang, hibiscus, jasmine, ginger. Profile: It smells like a spice market at dawn — sweet almonds and citrus peel mixed with white flowers, then softened by powdery rum and something faintly musky..",19994
15678,summer garden flowers with citrus,"Accords: citrus, aromatic, floral. Notes: grapefruit, green mango, tomato, carrot, lotus, bulrush, orange, hiacynth. Profile: It smells like a fruit stand next to an incense cabinet — sweet mango and orange juice mixed with powdery flowers, then settles into something earthy and slightly floral..","Accords: citrus, aromatic, white floral. Notes: neroli, petitgrain, citron, bergamot, peppermint, green mandarin, orange blossom, geranium. Profile: It smells like a spice market at dawn — citrus peel mixed with white flowers, then dried rose petals, finishing with something earthy and slightly woody..",10339
5059,tropical fruit salad perfume,"Accords: tropical, fruity, green. Notes: green leaves, guava, passionfruit, papaya, grapefruit, mango, mandarin orange, lily-of-the-valley. Profile: It smells like citrus peel and mango at first, then white flowers and roses, finishing with a powdery, slightly earthy base..","Accords: tropical, sweet, fruity. Notes: passionfruit, mango, lotus, water lily, solar notes, coconut. Profile: It smells like citrus peel and mango at first, then water lily, with something sweet and earthy lurking in the background..",3407
5059,guava mango passionfruit scent,"Accords: tropical, fruity, green. Notes: green leaves, guava, passionfruit, papaya, grapefruit, mango, mandarin orange, lily-of-the-valley. Profile: It smells like citrus peel and mango at first, then white flowers and roses, finishing with a powdery, slightly earthy base..","Accords: tropical, fruity, sweet. Notes: mango, grapefruit, passionfruit, raspberry, neroli, white musk, cashmere wood. Profile: It smells like ripe mango and passionfruit at first, then soft neroli and white flowers, with a warm, slightly woody base..",12727
5059,fresh vacation beach smell,"Accords: tropical, fruity, green. Notes: green leaves, guava, passionfruit, papaya, grapefruit, mango, mandarin orange, lily-of-the-valley. Profile: It smells like citrus peel and mango at first, then white flowers and roses, finishing with a powdery, slightly earthy base..","Accords: tropical, amber, white floral. Notes: mango, gardenia, amber. Profile: It smells like fresh mango and apricots at first, then settles into something earthy and slightly sweet..",12535
10357,coffee vanilla perfume for women,"Accords: coffee, aromatic, vanilla. Notes: absinthe, boysenberry, coffee, jasmine sambac, orange blossom, vanilla, licorice, sandalwood. Profile: It smells like a coffee shop at dawn — sweet vanilla syrup mixed with powdered sugar, then settling into soft vanilla and licorice..","Accords: coffee, floral, powdery. Notes: passion flower, pink pepper, bergamot, neroli, coffee, heliotrope, freesia, amber. Profile: It smells like a coffee shop at dawn — sweet pepper and spice mixed with powdered coffee, then soft wood and something faintly woody..",17332
10357,jasmine coffee scent sweet and woody,"Accords: coffee, aromatic, vanilla. Notes: absinthe, boysenberry, coffee, jasmine sambac, orange blossom, vanilla, licorice, sandalwood. Profile: It smells like a coffee shop at dawn — sweet vanilla syrup mixed with powdered sugar, then settling into soft vanilla and licorice..","Accords: coffee, warm spicy, white floral. Notes: mandarin orange, nashi pear, pink pepper, coffee, almond, orange blossom, jasmine, amber. Profile: It smells like a coffee shop at dawn — sweet orange peel mixed with powdered sugar, then soft vanilla and something earthy underneath..",18566
10357,dark berry coffee with licorice smell,"Accords: coffee, aromatic, vanilla. Notes: absinthe, boysenberry, coffee, jasmine sambac, orange blossom, vanilla, licorice, sandalwood. Profile: It smells like a coffee shop at dawn — sweet vanilla syrup mixed with powdered sugar, then settling into soft vanilla and licorice..","Accords: coffee, warm spicy, white floral. Notes: mandarin orange, nashi pear, pink pepper, coffee, almond, orange blossom, jasmine, amber. Profile: It smells like a coffee shop at dawn — sweet orange peel mixed with powdered sugar, then soft vanilla and something earthy underneath..",18566
16230,warm almond and leather scent,"Accords: almond, citrus, aromatic. Notes: citruses, orange blossom, rosemary, bitter orange, almond, tonka bean, leather, cedar. Profile: It smells like a leather jacket left in an old wooden shed — sweet orange blossoms mixed with bitter orange peel, then soft leather with something earthy and slightly powdery underneath..","Accords: almond, vanilla, powdery. Notes: heliotrope, bergamot, cumin, almond, jasmine, lavender, vanilla, amber. Profile: It smells like sweet almonds and vanilla at first, then soft vanilla and powdery lavender, finishing with a warm woody base..",19960
16230,citrus orange blossom with woody notes,"Accords: almond, citrus, aromatic. Notes: citruses, orange blossom, rosemary, bitter orange, almond, tonka bean, leather, cedar. Profile: It smells like a leather jacket left in an old wooden shed — sweet orange blossoms mixed with bitter orange peel, then soft leather with something earthy and slightly powdery underneath..","Accords: almond, vanilla, powdery. Notes: heliotrope, bergamot, cumin, almond, jasmine, lavender, vanilla, amber. Profile: It smells like sweet almonds and vanilla at first, then soft vanilla and powdery lavender, finishing with a warm woody base..",19960
16230,tonka bean cedar perfume,"Accords: almond, citrus, aromatic. Notes: citruses, orange blossom, rosemary, bitter orange, almond, tonka bean, leather, cedar. Profile: It smells like a leather jacket left in an old wooden shed — sweet orange blossoms mixed with bitter orange peel, then soft leather with something earthy and slightly powdery underneath..","Accords: almond, vanilla, powdery. Notes: heliotrope, bergamot, cumin, bitter almond, lavender, jasmine, vanilla, sandalwood. Profile: It smells like a spice market at dawn — sweet almonds mixed with powdery lavender, then soft vanilla and something slightly earthy..",15158
17527,dark woody oud perfume,"Accords: oud, warm spicy, fresh spicy. Notes: saffron, nutmeg, lavender, agarwood (oud), patchouli, agarwood (oud), patchouli, musk. Profile: It smells like a spice market at dawn — sweet saffron and lavender mixed with powdery lavender, then softens into something earthy and slightly musky..","Accords: oud, woody, rose. Notes: saffron, ylang-ylang, rose, cashmeran, french labdanum, virginia cedar, agarwood (oud), leather. Profile: It smells like a leather jacket left in an old wooden shed — sweet saffron and white flowers mixed with powdery wood, finishing with something earthy and slightly floral..",8426
17527,spicy lavender with musk,"Accords: oud, warm spicy, fresh spicy. Notes: saffron, nutmeg, lavender, agarwood (oud), patchouli, agarwood (oud), patchouli, musk. Profile: It smells like a spice market at dawn — sweet saffron and lavender mixed with powdery lavender, then softens into something earthy and slightly musky..","Accords: oud, woody, vanilla. Notes: rum, vanilla, fennel, ambergris, amyris, agarwood (oud), woody notes, indian oud. Profile: It smells like rum and vanilla at first, then woody notes with a hint of vanilla and fennel, finishing with something earthy and slightly sweet..",394
17527,saffron and patchouli fragrance,"Accords: oud, warm spicy, fresh spicy. Notes: saffron, nutmeg, lavender, agarwood (oud), patchouli, agarwood (oud), patchouli, musk. Profile: It smells like a spice market at dawn — sweet saffron and lavender mixed with powdery lavender, then softens into something earthy and slightly musky..","Accords: oud, rose, sweet. Notes: cloves, damask rose, agarwood (oud), praline. Profile: It smells like cloves and rose petals at first, then soft wood and agarwood (oud) underneath..",7714
4159,sweet candy perfume with berries and vanilla,"Accords: sweet, caramel, vanilla. Notes: raspberry, orange, bergamot, fig leaf, cotton candy, licorice, strawberry, red berries. Profile: It smells like ripe raspberries and orange peel at first, then sweet vanilla and caramel, finishing with a soft vanilla-musk base..","Accords: sweet, nutty, white floral. Notes: bergamot, apple, almond, jasmine, tuberose, praline, vanilla, sandalwood. Profile: It smells like a fruit stand next to an apple orchard — sweet almonds mixed with jasmine, then soft vanilla, finishing with something earthy and slightly woody..",9786
4159,cotton candy and strawberry scent for summer,"Accords: sweet, caramel, vanilla. Notes: raspberry, orange, bergamot, fig leaf, cotton candy, licorice, strawberry, red berries. Profile: It smells like ripe raspberries and orange peel at first, then sweet vanilla and caramel, finishing with a soft vanilla-musk base..","Accords: sweet, fruity, patchouli. Notes: cassis, cotton candy, bergamot, jasmine, melon, coconut, mandarin orange, honey. Profile: It smells like a spice market at dawn — sweet citrus and honey mixed with powdery fruit, then soft roses and sweet honey, finishing with something earthy and slightly floral..",21474
4159,fruity sweet fragrance raspberry caramel,"Accords: sweet, caramel, vanilla. Notes: raspberry, orange, bergamot, fig leaf, cotton candy, licorice, strawberry, red berries. Profile: It smells like ripe raspberries and orange peel at first, then sweet vanilla and caramel, finishing with a soft vanilla-musk base..","Accords: sweet, rose, vanilla. Notes: cinnamon, pink pepper, bulgarian rose, madagascar vanilla, toffee, amber, musk. Profile: It smells like a spice cabinet left open in an old wood stove, with something sweet and earthy lurking in the background..",15697
4691,fresh lavender with spicy pepper,"Accords: lavender, woody, musky. Notes: lavender, pink pepper, neroli, aldehydes, orris, petalia, blackberry leaf, orange blossom. Profile: It smells like powdery lavender and citrus peel at first, then soft woods and musk, with a warm, slightly woody base..","Accords: lavender, aromatic, fresh spicy. Notes: orange, mandarin orange, lavender, geranium, spices, musk, oakmoss, benzoin. Profile: It smells like citrus peel and orange peel at first, then musk and powdery geranium, finishing with a hint of vanilla and wood..",10771
4691,clean soapy smell with orange blossom,"Accords: lavender, woody, musky. Notes: lavender, pink pepper, neroli, aldehydes, orris, petalia, blackberry leaf, orange blossom. Profile: It smells like powdery lavender and citrus peel at first, then soft woods and musk, with a warm, slightly woody base..","Accords: lavender, aromatic, iris. Notes: pink pepper, rhubarb, pink grapefruit, lavender, orris, tuberose, freesia, tonka bean. Profile: It smells like a spice market at dawn — sweet pepper and citrus peel mixed with white flowers, then soft wood and something earthy and slightly powdery..",2970
4691,herbal lavender and woody cedar scent,"Accords: lavender, woody, musky. Notes: lavender, pink pepper, neroli, aldehydes, orris, petalia, blackberry leaf, orange blossom. Profile: It smells like powdery lavender and citrus peel at first, then soft woods and musk, with a warm, slightly woody base..","Accords: lavender, citrus, vanilla. Notes: spicy notes, lavender, lemon, vanilla, woody notes. Profile: It smells like a spice market at dawn — fresh lavender and lemon peel mixed with vanilla, with something earthy and woody underneath..",21574
21313,spicy vanilla sandalwood cologne for men,"Accords: warm spicy, vanilla, fresh spicy. Notes: apple, lavender, bergamot, mandarin orange, geranium, violet, jasmine, vanilla. Profile: It smells like ripe apples and citrus peel at first, then white flowers and vanilla, finishing with a powdery sweetness that's slightly spiced..","Accords: warm spicy, cannabis, aromatic. Notes: ginger, cardamom, sichuan pepper, saffron, cannabis, dates, magnolia, ambergris. Profile: It smells like a spice market at dawn — sweet ginger and cardamom mixed with powdered sugar, then softened by something earthy and slightly woody..",3378
21313,warm cardamom pepper with lavender,"Accords: warm spicy, vanilla, fresh spicy. Notes: apple, lavender, bergamot, mandarin orange, geranium, violet, jasmine, vanilla. Profile: It smells like ripe apples and citrus peel at first, then white flowers and vanilla, finishing with a powdery sweetness that's slightly spiced..","Accords: warm spicy, fresh spicy, woody. Notes: green apple, pepper, lavender, mandarin orange, bergamot, cardamom, geranium, violet. Profile: It smells like a spice market at dawn — sweet apples and pepper mixed with powdery flowers, then soft woods and something earthy and slightly woody..",21886
21313,fresh bergamot apple with woody spices,"Accords: warm spicy, vanilla, fresh spicy. Notes: apple, lavender, bergamot, mandarin orange, geranium, violet, jasmine, vanilla. Profile: It smells like ripe apples and citrus peel at first, then white flowers and vanilla, finishing with a powdery sweetness that's slightly spiced..","Accords: warm spicy, rose, leather. Notes: saffron, cardamom, bergamot, rose, geranium, cumin, leather, agarwood (oud). Profile: It smells like a leather jacket left open in an old wooden shed, with something earthy and slightly floral lurking in the background..",21414
20774,sweet vanilla cinnamon dessert perfume,"Accords: sweet, warm spicy, vanilla. Notes: cinnamon, nutmeg, bergamot, dates, praline, tuberose, mahonial, vanilla. Profile: It smells like sweet cinnamon and vanilla at first, then creamy white flowers, with a hint of powdery wood underneath..","Accords: sweet, woody, warm spicy. Notes: cognac, fruity notes, whiskey, petitgrain, green tea, praline, coffee, cacao pod. Profile: It smells like a leather jacket left in an old wooden cabinet, with something sweet and earthy lurking in the background..",16142
20774,warm spicy praline and dates fragrance,"Accords: sweet, warm spicy, vanilla. Notes: cinnamon, nutmeg, bergamot, dates, praline, tuberose, mahonial, vanilla. Profile: It smells like sweet cinnamon and vanilla at first, then creamy white flowers, with a hint of powdery wood underneath..","Accords: sweet, aromatic, amber. Notes: pineapple, mastic or lentisque, galbanum, bergamot, pink pepper, geranium, melilot or sweet clover, jasmine. Profile: It smells like a spice market at dawn — citrus peel and sweet cloves mixed with white flowers, then softens into something earthy and slightly powdery..",5093
20774,cozy bakery smell with amber and tonka,"Accords: sweet, warm spicy, vanilla. Notes: cinnamon, nutmeg, bergamot, dates, praline, tuberose, mahonial, vanilla. Profile: It smells like sweet cinnamon and vanilla at first, then creamy white flowers, with a hint of powdery wood underneath..","Accords: sweet, cherry, almond. Notes: cherry extract, bitter almond, sour cherry, jasmine sambac, syrup, turkish rose, tonka bean, peru balsam. Profile: It smells like a spice market at dawn — sweet cherries and almonds mixed with sugary syrup, then softened by something earthy and slightly woody..",18557
7505,soft floral powder like grandma's makeup,"Accords: powdery, floral, herbal. Notes: mimosa, iris, rose, freesia, violet, lily-of-the-valley, jasmine, bergamot. Profile: It smells like a flower shop at dawn — white flowers blooming in the air, with something earthy and slightly floral on the surface..","Accords: powdery, white floral, fruity. Notes: pear, pink pepper, peach, gardenia, rose, jasmine, powdery notes, musk. Profile: It smells like ripe peaches and roses at first, then settles into something powdery and slightly woody..",14582
7505,iris violet perfume not too sweet,"Accords: powdery, floral, herbal. Notes: mimosa, iris, rose, freesia, violet, lily-of-the-valley, jasmine, bergamot. Profile: It smells like a flower shop at dawn — white flowers blooming in the air, with something earthy and slightly floral on the surface..","Accords: powdery, sweet, fruity. Notes: red fruits, marshmallow, violet, rose, lily-of-the-valley, vanilla. Profile: It smells like ripe red fruits and white flowers at first, then soft vanilla and sweet roses, finishing with a warm vanilla-vanilla base..",20415
7505,clean soapy flowers with sandalwood,"Accords: powdery, floral, herbal. Notes: mimosa, iris, rose, freesia, violet, lily-of-the-valley, jasmine, bergamot. Profile: It smells like a flower shop at dawn — white flowers blooming in the air, with something earthy and slightly floral on the surface..","Accords: powdery, floral, musky. Notes: iris, peach, bergamot, heliotrope, peony, bulgarian rose, white musk, suede. Profile: It smells like peach and pear at first, then white musk and soft suede, with a warm, slightly powdery base..",8044
5014,sweet caramel and vanilla perfume,"Accords: caramel, powdery, amber. Notes: caramel, powdery notes, musk, benzoin, vanilla. Profile: It smells like sweet caramel and powdery notes at first, then soft vanilla and musk, finishing with a warm vanilla-vanilla base..","Accords: caramel, vanilla, sweet. Notes: wild berries, gardenia, lily of the valley, honeysuckle, jasmine sambac, vanilla orchid, caramel, vanilla. Profile: It smells like a florist's pantry full of wild berries and honeysuckle at first, then settles into something sweet and earthy with an exotic woody base..",17993
5014,soft powdery musk fragrance,"Accords: caramel, powdery, amber. Notes: caramel, powdery notes, musk, benzoin, vanilla. Profile: It smells like sweet caramel and powdery notes at first, then soft vanilla and musk, finishing with a warm vanilla-vanilla base..","Accords: caramel, powdery, vanilla. Notes: caramel, peach, rose, violet, vanilla, musk. Profile: It smells like sweet caramel and peach at first, then rose petals and vanilla, finishing with a soft vanilla-musk base..",9368
5014,warm dessert smell like burnt sugar,"Accords: caramel, powdery, amber. Notes: caramel, powdery notes, musk, benzoin, vanilla. Profile: It smells like sweet caramel and powdery notes at first, then soft vanilla and musk, finishing with a warm vanilla-vanilla base..","Accords: caramel, sweet, musky. Notes: wild berries, freesia, bergamot, orchid, orange blossom, jasmine, caramel, musk. Profile: It smells like fresh berries and white flowers at first, then soft vanilla and powdery florals, finishing with a sweet vanilla-musk base..",19395
7149,sweet honey and orange perfume for women,"Accords: honey, sweet, white floral. Notes: blood orange, mandarin orange, honey, gardenia, orange blossom, jasmine, peach, beeswax. Profile: It smells like orange peel and honey at first, then soft honey and sweet honey, finishing with a warm, slightly powdery base..","Accords: honey, vanilla, oud. Notes: anise, pink pepper, bergamot, honey, lavender, vanilla, agarwood (oud), olibanum. Profile: It smells like a spice market at dawn — sweet citrus peel mixed with powdery lavender, then soft vanilla and warm wood..",16358
7149,warm caramel peach scent,"Accords: honey, sweet, white floral. Notes: blood orange, mandarin orange, honey, gardenia, orange blossom, jasmine, peach, beeswax. Profile: It smells like orange peel and honey at first, then soft honey and sweet honey, finishing with a warm, slightly powdery base..","Accords: honey, sweet, rose. Notes: honey, pear, rose, sandalwood, cashmere wood, ambergris. Profile: It smells like ripe pear and roses at first, then settles into soft wood and warm wood..",7428
7149,gardenia jasmine with sticky honey smell,"Accords: honey, sweet, white floral. Notes: blood orange, mandarin orange, honey, gardenia, orange blossom, jasmine, peach, beeswax. Profile: It smells like orange peel and honey at first, then soft honey and sweet honey, finishing with a warm, slightly powdery base..","Accords: honey, sweet, white floral. Notes: almond, bergamot, white flowers, jasmine, ylang-ylang, honey, amber, orris root. Profile: It smells like sweet almonds and bergamot at first, then white flowers with a hint of honey, finishing with something earthy and slightly floral..",12691
19425,earthy moss and lime perfume,"Accords: mossy, citrus, woody. Notes: kaffir lime, basil, jasmine, ylang-ylang, oakmoss, civet, benzoin, spices. Profile: It smells like a leather jacket left open in an old wooden shed, with something earthy and slightly powdery underneath..","Accords: mossy, citrus, earthy. Notes: bergamot, cedarmoss, patchouli. Profile: It smells like a flower shop next to an old wooden furniture store — bergamot and cedarmoss mixed with powdery wood, finishing with something earthy and slightly sweet..",11458
19425,herbal basil leather sandalwood scent,"Accords: mossy, citrus, woody. Notes: kaffir lime, basil, jasmine, ylang-ylang, oakmoss, civet, benzoin, spices. Profile: It smells like a leather jacket left open in an old wooden shed, with something earthy and slightly powdery underneath..","Accords: mossy, earthy, white floral. Notes: fern, fig, citruses, jasmine, rose, lily-of-the-valley, oakmoss, musk. Profile: It smells like ferns and figs at first, then white flowers and roses, finishing with a soft woody base..",4889
19425,green forest floor after rain smell,"Accords: mossy, citrus, woody. Notes: kaffir lime, basil, jasmine, ylang-ylang, oakmoss, civet, benzoin, spices. Profile: It smells like a leather jacket left open in an old wooden shed, with something earthy and slightly powdery underneath..","Accords: mossy, earthy, fruity. Notes: banana, chamomile, labdanum, seaweed, oakmoss, violet leaf. Profile: It smells like dried bananas and chamomile at first, then settles into something earthy and slightly powdery with a hint of seaweed..",8970
725,warm vanilla with honey and spices,"Accords: vanilla, warm spicy, white floral. Notes: orange blossom, mandarin orange, bergamot, amalfi lemon, cinnamon, heliotrope, jasmine, cardamom. Profile: It smells like citrus peel and orange peel at first, then sweet vanilla and honey, finishing with a hint of spiced tobacco and warm wood..","Accords: vanilla, floral, citrus. Notes: apple blossom, italian lemon, white grapefruit, lily, tonka bean, lavender, mexican vanilla, oakmoss. Profile: It smells like citrus peel and white grapefruit at first, then soft vanilla and sweet vanilla, finishing with a hint of earthy vanilla..",13376
725,sweet citrus perfume with vanilla and tobacco,"Accords: vanilla, warm spicy, white floral. Notes: orange blossom, mandarin orange, bergamot, amalfi lemon, cinnamon, heliotrope, jasmine, cardamom. Profile: It smells like citrus peel and orange peel at first, then sweet vanilla and honey, finishing with a hint of spiced tobacco and warm wood..","Accords: vanilla, fresh, fruity. Notes: apple, citruses, violet, geranium, vanilla, spices, woody notes, amber. Profile: It smells like ripe apples and citrus peel at first, then warm vanilla and woody notes, finishing with something earthy and slightly powdery..",21587
725,cozy vanilla sandalwood cinnamon scent,"Accords: vanilla, warm spicy, white floral. Notes: orange blossom, mandarin orange, bergamot, amalfi lemon, cinnamon, heliotrope, jasmine, cardamom. Profile: It smells like citrus peel and orange peel at first, then sweet vanilla and honey, finishing with a hint of spiced tobacco and warm wood..","Accords: vanilla, amber, citrus. Notes: cinnamon, mandarin orange, grapefruit, sicilian bergamot, rum, orange blossom, geranium, vanilla. Profile: It smells like citrus peel and orange peel at first, then sweet vanilla and rum, finishing with a hint of woody sweetness..",14563
10409,chocolate vanilla perfume for women,"Accords: chocolate, lactonic, vanilla. Notes: dark chocolate, jasmine, teak wood, cedar, chocolate, milk, vanilla, musk. Profile: It smells like dark chocolate and white flowers at first, then creamy vanilla and powdery wood, finishing with a soft vanilla-musk base..","Accords: chocolate, sweet, musky. Notes: chocolate, plum, bergamot, iris, ambrette (musk mallow), osmanthus, jasmine, rose. Profile: It smells like sweet chocolate and powdered roses at first, then soft leather and moss, finishing with a warm, slightly earthy base..",12325
10409,warm milky chocolate scent with jasmine,"Accords: chocolate, lactonic, vanilla. Notes: dark chocolate, jasmine, teak wood, cedar, chocolate, milk, vanilla, musk. Profile: It smells like dark chocolate and white flowers at first, then creamy vanilla and powdery wood, finishing with a soft vanilla-musk base..","Accords: chocolate, sweet, musky. Notes: chocolate, plum, bergamot, iris, ambrette (musk mallow), osmanthus, jasmine, rose. Profile: It smells like sweet chocolate and powdered roses at first, then soft leather and moss, finishing with a warm, slightly earthy base..",12325
10409,woody chocolate fragrance cedarwood,"Accords: chocolate, lactonic, vanilla. Notes: dark chocolate, jasmine, teak wood, cedar, chocolate, milk, vanilla, musk. Profile: It smells like dark chocolate and white flowers at first, then creamy vanilla and powdery wood, finishing with a soft vanilla-musk base..","Accords: chocolate, sweet, musky. Notes: chocolate, plum, bergamot, iris, ambrette (musk mallow), osmanthus, jasmine, rose. Profile: It smells like sweet chocolate and powdered roses at first, then soft leather and moss, finishing with a warm, slightly earthy base..",12325
21013,fresh grapefruit and mint cologne,"Accords: citrus, amber, woody. Notes: grapefruit, lemon, mint, pink pepper, bergamot, aldehydes, coriander, ginger. Profile: It smells like citrus peel and mint at first, then melon and resin, finishing with a warm woody base that's soft and powdery..","Accords: citrus, warm spicy, lavender. Notes: mandarin orange, cardamom, lavender, ginger, musk, moss, white wood. Profile: It smells like citrus peel and cardamom at first, then mossy wood, finishing with a hint of white flowers..",5612
21013,crisp citrus with spicy ginger,"Accords: citrus, amber, woody. Notes: grapefruit, lemon, mint, pink pepper, bergamot, aldehydes, coriander, ginger. Profile: It smells like citrus peel and mint at first, then melon and resin, finishing with a warm woody base that's soft and powdery..","Accords: citrus, aromatic, woody. Notes: bergamot, lemon, petitgrain, iris, vetiver, rosemary, ambroxan, musk. Profile: It smells like citrus peel and lemon peel at first, then settles into something earthy and slightly musky..",19192
21013,clean bergamot lemon summer scent,"Accords: citrus, amber, woody. Notes: grapefruit, lemon, mint, pink pepper, bergamot, aldehydes, coriander, ginger. Profile: It smells like citrus peel and mint at first, then melon and resin, finishing with a warm woody base that's soft and powdery..","Accords: citrus, aromatic, fresh spicy. Notes: bergamot, pink pepper, mandarin orange, white suede, elemi resin, oregano, thyme, tonka bean. Profile: It smells like a spice market at dawn — citrus peel mixed with white flowers, then dried herbs and powdery resin, finishing with something earthy and slightly woody..",10685
6825,fresh lemon and white flowers perfume,"Accords: citrus, woody, fresh. Notes: sicilian lemon, apple, cedar, bellflower, bamboo, jasmine, white rose, cedar. Profile: It smells like a spice market at dawn — citrus peel and apple juice mixed with white flowers, then softens into something earthy and slightly powdery..","Accords: citrus, amber, white floral. Notes: orange, coconut, solar notes, gardenia, amber, woody notes. Profile: It smells like a spice market at dawn — sweet orange peel and caramel, with something earthy and woody lingering in the air..",13887
6825,clean bamboo cedar scent,"Accords: citrus, woody, fresh. Notes: sicilian lemon, apple, cedar, bellflower, bamboo, jasmine, white rose, cedar. Profile: It smells like a spice market at dawn — citrus peel and apple juice mixed with white flowers, then softens into something earthy and slightly powdery..","Accords: citrus, floral, woody. Notes: bitter orange, bergamot, water hyacinth, water lily, violet, vetiver, sandalwood, myrhh. Profile: It smells like citrus peel and bergamot at first, then white flowers with a hint of powdery vetiver underneath..",4933
6825,crisp apple and jasmine fragrance,"Accords: citrus, woody, fresh. Notes: sicilian lemon, apple, cedar, bellflower, bamboo, jasmine, white rose, cedar. Profile: It smells like a spice market at dawn — citrus peel and apple juice mixed with white flowers, then softens into something earthy and slightly powdery..","Accords: citrus, floral, amber. Notes: grapefruit, peony, pink pepper, jasmine, amber, vetiver, benzoin. Profile: It smells like citrus peel and peony at first, then white flowers and jasmine, finishing with something earthy and slightly sweet..",13225
8611,fresh lemon mint cologne for summer,"Accords: aromatic, citrus, green. Notes: amalfi lemon, mint, water jasmine, virginia cedar, brown sugar, french labdanum. Profile: It smells like fresh lemon and mint at first, then white flowers with a hint of powdered sugar, finishing with something earthy and slightly sweet..","Accords: aromatic, herbal, warm spicy. Notes: chamomile, algerian geranium, iris, coriander, cardamom, vetiver, incense, tuberose. Profile: It smells like a flower shop next to an incense cabinet, with something earthy and slightly floral lurking in the background..",17367
8611,sweet cedar perfume with brown sugar,"Accords: aromatic, citrus, green. Notes: amalfi lemon, mint, water jasmine, virginia cedar, brown sugar, french labdanum. Profile: It smells like fresh lemon and mint at first, then white flowers with a hint of powdered sugar, finishing with something earthy and slightly sweet..","Accords: aromatic, woody, green. Notes: melon, sea notes, cassis, tagetes, cardamom, italian mandarin, cypress, galbanum. Profile: It smells like melon and citrus peel at first, then white flowers with a hint of seaweed, finishing with something earthy and slightly floral..",7619
8611,clean jasmine and citrus fragrance men,"Accords: aromatic, citrus, green. Notes: amalfi lemon, mint, water jasmine, virginia cedar, brown sugar, french labdanum. Profile: It smells like fresh lemon and mint at first, then white flowers with a hint of powdered sugar, finishing with something earthy and slightly sweet..","Accords: aromatic, citrus, fresh spicy. Notes: lemon, blackberry, black, pink pepper, mint, orange blossom, coriander, neroli. Profile: It smells like citrus peel and blackberry at first, then white flowers with a powdery base, finishing with something earthy and slightly woody..",3957
18590,fresh ocean breeze perfume,"Accords: marine, citrus, salty. Notes: sea salt, fruity notes, sicilian lemon, bergamot, iris, mandarin orange, sea notes, musk. Profile: It smells like sea salt and citrus peel at first, then iris and bergamot, with a soft woody base..","Accords: marine, aromatic, citrus. Notes: lemon, bergamot, sea notes, jasmine, oakmoss, seaweed, leather. Profile: It smells like citrus peel and bergamot at first, then settles into something earthy and slightly leathery..",2046
18590,salty citrus summer fragrance,"Accords: marine, citrus, salty. Notes: sea salt, fruity notes, sicilian lemon, bergamot, iris, mandarin orange, sea notes, musk. Profile: It smells like sea salt and citrus peel at first, then iris and bergamot, with a soft woody base..","Accords: marine, aromatic, sand. Notes: absinthe, birch leaf, fish, algae, sea water, elemi resin, sand, sea salt. Profile: It smells like a seaside bar next to an old wooden boat — salty water and fresh fish swimming in the shallows, with something powdery and slightly musky underneath..",3790
18590,beach vacation scent with lemon,"Accords: marine, citrus, salty. Notes: sea salt, fruity notes, sicilian lemon, bergamot, iris, mandarin orange, sea notes, musk. Profile: It smells like sea salt and citrus peel at first, then iris and bergamot, with a soft woody base..","Accords: marine, salty, aromatic. Notes: salt, sea notes, lemon, davana, iris, ambergris, oakmoss, sandalwood. Profile: It smells like salty sea water and iris at first, then settles into something earthy and slightly mossy..",19509
18044,leather jacket with sweet vanilla,"Accords: leather, herbal, warm spicy. Notes: artemisia, bergamot, patchouli, cardamom, coriander, immortelle, leather, french labdanum. Profile: It smells like a leather jacket left in an old wooden shed, with something powdery and resinous underneath..","Accords: leather, animalic, amber. Notes: cumin, saffron, lemon, rose, jasmine, leather, amber. Profile: It smells like a leather jacket left in an old wooden cabinet — sweet citrus peel and saffron mixed with white flowers, then soft leather and warm leather..",6206
18044,smoky birch tar and spices,"Accords: leather, herbal, warm spicy. Notes: artemisia, bergamot, patchouli, cardamom, coriander, immortelle, leather, french labdanum. Profile: It smells like a leather jacket left in an old wooden shed, with something powdery and resinous underneath..","Accords: leather, ozonic, fresh spicy. Notes: saffron, nutmeg, bergamot, violet leaf, leather, tonka bean, cedar, moss. Profile: It smells like a leather jacket left open in an old wooden shed — sweet saffron and powdery nutmeg mixed with white flowers, then softens into something earthy and slightly mossy..",3209
18044,earthy patchouli leather scent,"Accords: leather, herbal, warm spicy. Notes: artemisia, bergamot, patchouli, cardamom, coriander, immortelle, leather, french labdanum. Profile: It smells like a leather jacket left in an old wooden shed, with something powdery and resinous underneath..","Accords: leather, fresh spicy, aromatic. Notes: lime, basil, artemisia, lemon, carnation, caraway, rose, orris root. Profile: It smells like a spice market at dawn — citrus peel mixed with white flowers, then settling into something earthy and slightly powdery..",20443
21513,soft powdery soap with lavender,"Accords: iris, woody, powdery. Notes: lavender, iris, ambrette (musk mallow), pear, virginia cedar, vetiver. Profile: It smells like dried lavender and iris at first, then soft pear and sweet vanilla, with a warm, slightly earthy base..","Accords: iris, warm spicy, aromatic. Notes: lavender, sage, bergamot, iris, cacao, amber, cardamom, leather. Profile: It smells like lavender and sage at first, then warm leather and cardamom, with something earthy and slightly powdery underneath..",20842
21513,clean fresh pear and iris scent,"Accords: iris, woody, powdery. Notes: lavender, iris, ambrette (musk mallow), pear, virginia cedar, vetiver. Profile: It smells like dried lavender and iris at first, then soft pear and sweet vanilla, with a warm, slightly earthy base..","Accords: iris, warm spicy, aromatic. Notes: lavender, sage, bergamot, iris, cacao, amber, cardamom, leather. Profile: It smells like lavender and sage at first, then warm leather and cardamom, with something earthy and slightly powdery underneath..",20842
21513,light musky cedar perfume,"Accords: iris, woody, powdery. Notes: lavender, iris, ambrette (musk mallow), pear, virginia cedar, vetiver. Profile: It smells like dried lavender and iris at first, then soft pear and sweet vanilla, with a warm, slightly earthy base..","Accords: iris, musky, floral. Notes: ambrette (musk mallow), iris, woodsy notes. Profile: It smells like a leather jacket left in an old wooden cabinet, with something sweet and earthy lurking in the background..",10364
5667,spicy citrus perfume with warm musk,"Accords: balsamic, aromatic, amber. Notes: absinthe, bergamot, lemon, peru balsam, orange blossom, spices, carnation, musk. Profile: It smells like a perfumer's closet at dawn — sweet citrus peel mixed with white flowers, then softens into something earthy and slightly powdery..","Accords: balsamic, vanilla, woody. Notes: cloves, pink pepper, orange blossom, chestnut, guaiac wood, juniper, vanilla, peru balsam. Profile: It smells like a spice market at dawn — sweet cloves and orange blossoms mixed with powdery wood, then softened by something creamy and slightly earthy..",20140
5667,orange blossom and lemon with herbal notes,"Accords: balsamic, aromatic, amber. Notes: absinthe, bergamot, lemon, peru balsam, orange blossom, spices, carnation, musk. Profile: It smells like a perfumer's closet at dawn — sweet citrus peel mixed with white flowers, then softens into something earthy and slightly powdery..","Accords: balsamic, vanilla, woody. Notes: jasmine sambac, pink grapefruit, vanilla flower, pink lotus, white lotus, dragon blood resin, sandalwood, siam benzoin. Profile: It smells like citrus peel and white flowers at first, then soft vanilla and powdery lotus, finishing with a warm, slightly woody base..",4935
5667,balsamic spicy floral scent,"Accords: balsamic, aromatic, amber. Notes: absinthe, bergamot, lemon, peru balsam, orange blossom, spices, carnation, musk. Profile: It smells like a perfumer's closet at dawn — sweet citrus peel mixed with white flowers, then softens into something earthy and slightly powdery..","Accords: balsamic, vanilla, woody. Notes: jasmine sambac, pink grapefruit, vanilla flower, pink lotus, white lotus, dragon blood resin, sandalwood, siam benzoin. Profile: It smells like citrus peel and white flowers at first, then soft vanilla and powdery lotus, finishing with a warm, slightly woody base..",4935
21120,warm spicy perfume with cardamom and vanilla,"Accords: warm spicy, sweet, vanilla. Notes: cardamom, nutmeg, saffron, mandarin orange, neroli, kulfi, rose, mastic or lentisque. Profile: It smells like sweet cardamom and citrus peel at first, then white flowers with a hint of jasmine, finishing with something earthy and slightly woody..","Accords: warm spicy, woody, leather. Notes: spices, rum, leather, iris, tuberose, guaiac wood, tonka bean, benzoin. Profile: It smells like rum and leather at first, then settles into something earthy and slightly woody..",21092
21120,orange blossom jasmine sandalwood scent,"Accords: warm spicy, sweet, vanilla. Notes: cardamom, nutmeg, saffron, mandarin orange, neroli, kulfi, rose, mastic or lentisque. Profile: It smells like sweet cardamom and citrus peel at first, then white flowers with a hint of jasmine, finishing with something earthy and slightly woody..","Accords: warm spicy, woody, fresh spicy. Notes: cognac, orange, lavender, bergamot, italian lemon, cinnamon, carnation, cardamom. Profile: It smells like a spice market at dawn — sweet orange peel and citrus peel mixed with powdery spices, then soft vanilla and smoky wood..",20921
21120,creamy saffron rose amber fragrance,"Accords: warm spicy, sweet, vanilla. Notes: cardamom, nutmeg, saffron, mandarin orange, neroli, kulfi, rose, mastic or lentisque. Profile: It smells like sweet cardamom and citrus peel at first, then white flowers with a hint of jasmine, finishing with something earthy and slightly woody..","Accords: warm spicy, aromatic, woody. Notes: cardamom, mint, grapefruit, tarragon, lavender, cedar, nutmeg, patchouli. Profile: It smells like sweet cardamom and mint at first, then creamy vanilla and nutmeg, finishing with something earthy and slightly woody..",7094
16835,sweet coffee with vanilla and berries,"Accords: coffee, vanilla, sweet. Notes: lavender, bergamot, cappuccino, raspberry, jasmine, virginia cedar, lily-of-the-valley, vanille. Profile: It smells like a florist's coffee shop next to an old church — sweet lavender and white flowers mixed with powdery vanilla, finishing with something earthy and slightly woody..","Accords: coffee, warm spicy, woody. Notes: mandarin orange, bergamot, coffee, pink pepper, amyris, tonka bean, patchouli, vetyver. Profile: It smells like a coffee shop at dawn — sweet orange peel mixed with powdered coffee, then soft vanilla and warm spices, finishing with something earthy and slightly floral..",17984
16835,cappuccino and lavender perfume,"Accords: coffee, vanilla, sweet. Notes: lavender, bergamot, cappuccino, raspberry, jasmine, virginia cedar, lily-of-the-valley, vanille. Profile: It smells like a florist's coffee shop next to an old church — sweet lavender and white flowers mixed with powdery vanilla, finishing with something earthy and slightly woody..","Accords: coffee, warm spicy, woody. Notes: mandarin orange, bergamot, coffee, pink pepper, amyris, tonka bean, patchouli, vetyver. Profile: It smells like a coffee shop at dawn — sweet orange peel mixed with powdered coffee, then soft vanilla and warm spices, finishing with something earthy and slightly floral..",17984
16835,warm coffee shop with woody undertones,"Accords: coffee, vanilla, sweet. Notes: lavender, bergamot, cappuccino, raspberry, jasmine, virginia cedar, lily-of-the-valley, vanille. Profile: It smells like a florist's coffee shop next to an old church — sweet lavender and white flowers mixed with powdery vanilla, finishing with something earthy and slightly woody..","Accords: coffee, lavender, vanilla. Notes: lavender, citruses, cappuccino, cedar, vanilla. Profile: It smells like a coffee shop at dawn — sweet lavender and citrus peel mixed with creamy vanilla, finishing with something earthy and slightly sweet..",17093
20072,fresh ocean breeze perfume,"Accords: marine, aromatic, citrus. Notes: sea notes, aquozone, bergamot, green mandarin, rosemary, lavender, cypress, mastic or lentisque. Profile: It smells like salty sea air and aquozone at first, then soft lavender and powdery roses, finishing with something earthy and slightly floral..","Accords: marine, aromatic, woody. Notes: sea water, grapefruit, tangerine, bergamot, sage, nutmeg, basil, pink pepper. Profile: It smells like salty water and citrus peel at first, then soft wood and a hint of powdery musk..",969
20072,clean salty sea spray fragrance,"Accords: marine, aromatic, citrus. Notes: sea notes, aquozone, bergamot, green mandarin, rosemary, lavender, cypress, mastic or lentisque. Profile: It smells like salty sea air and aquozone at first, then soft lavender and powdery roses, finishing with something earthy and slightly floral..","Accords: marine, fresh spicy, aromatic. Notes: pear, green leaves, sea water, black pepper, woody notes, patchouli, moss, musk. Profile: It smells like fresh pear and green leaves at first, then settles into something earthy and slightly mossy..",415
20072,vacation by the beach scent,"Accords: marine, aromatic, citrus. Notes: sea notes, aquozone, bergamot, green mandarin, rosemary, lavender, cypress, mastic or lentisque. Profile: It smells like salty sea air and aquozone at first, then soft lavender and powdery roses, finishing with something earthy and slightly floral..","Accords: marine, aromatic, woody. Notes: sea water, pineapple, mandarin orange, melon, black currant, bergamot, tangerine, lavender. Profile: It smells like a tropical garden at dawn — citrus peel and orange peel mixed with white flowers, then soft leather and mossy wood..",970
12261,sweet rose perfume with vanilla and musk,"Accords: rose, floral, fruity. Notes: litchi, rhubarb, bergamot, nutmeg, turkish rose, peony, musk, petalia. Profile: It smells like a spice market at dawn — rhubarb and peony mixed with powdery flowers, then settles into something earthy and resinous..","Accords: rose, woody, warm spicy. Notes: pink pepper, coriander, ylang-ylang, rose, clove, jasmine, agarwood (oud), musk. Profile: It smells like a spice market at dawn — sweet peppercorns and roses mixed with powdery wood, then softened by something earthy and slightly floral..",14651
12261,fresh rhubarb and bergamot scent,"Accords: rose, floral, fruity. Notes: litchi, rhubarb, bergamot, nutmeg, turkish rose, peony, musk, petalia. Profile: It smells like a spice market at dawn — rhubarb and peony mixed with powdery flowers, then settles into something earthy and resinous..","Accords: rose, woody, fruity. Notes: peach, massoia wood, rose, woody notes, incense. Profile: It smells like fresh peaches and roses at first, then woody incense and resinous wood..",13483
12261,warm incense cedar and vetiver fragrance,"Accords: rose, floral, fruity. Notes: litchi, rhubarb, bergamot, nutmeg, turkish rose, peony, musk, petalia. Profile: It smells like a spice market at dawn — rhubarb and peony mixed with powdery flowers, then settles into something earthy and resinous..","Accords: rose, amber, floral. Notes: violet leaf, bergamot, rose, honey, iris, benzoin, ambroxan, cedar. Profile: It smells like a flower shop at dawn — white flowers and roses mixed with honey, then softens into something earthy and slightly woody..",13217
15096,fresh ocean breeze perfume,"Accords: marine, aromatic, fresh spicy. Notes: sea notes, sea salt, grapefruit, bay leaf, geranium, spices, red amber, guaiac wood. Profile: It smells like salty water and sand, with a hint of citrus peel and sea salt at the bottom..","Accords: marine, aromatic, musky. Notes: citruses, rosemary, sea notes, spices, musk, woody notes. Profile: It smells like seaweed and citruses at first, then settles into something woody and slightly musky..",3573
15096,salty sea spray with citrus,"Accords: marine, aromatic, fresh spicy. Notes: sea notes, sea salt, grapefruit, bay leaf, geranium, spices, red amber, guaiac wood. Profile: It smells like salty water and sand, with a hint of citrus peel and sea salt at the bottom..","Accords: marine, fresh spicy, aromatic. Notes: pear, green leaves, sea water, black pepper, woody notes, patchouli, moss, musk. Profile: It smells like fresh pear and green leaves at first, then settles into something earthy and slightly mossy..",415
15096,beach cologne for men,"Accords: marine, aromatic, fresh spicy. Notes: sea notes, sea salt, grapefruit, bay leaf, geranium, spices, red amber, guaiac wood. Profile: It smells like salty water and sand, with a hint of citrus peel and sea salt at the bottom..","Accords: marine, aromatic, citrus. Notes: bergamot, sea notes, amber. Profile: It smells like fresh bergamot and salty water at first, then settles into something earthy and slightly amber..",4546
3932,fresh flowers with earthy soil smell,"Accords: earthy, fruity, musky. Notes: apple, tea, ozonic notes, mandarin orange, osmanthus, magnolia, lily, earthy notes. Profile: It smells like ripe apple and orange peel at first, then settles into something earthy and slightly floral, with a hint of powdery wood underneath..","Accords: earthy, woody, vanilla. Notes: coffee, caramel, milk, almond, cambodian oud, earthy notes, truffle, vanilla. Profile: It smells like a coffee shop at dawn — sweet caramel and milk mixed with powdery vanilla, with something earthy and slightly floral lurking in the background..",1360
3932,crisp apple tea with patchouli,"Accords: earthy, fruity, musky. Notes: apple, tea, ozonic notes, mandarin orange, osmanthus, magnolia, lily, earthy notes. Profile: It smells like ripe apple and orange peel at first, then settles into something earthy and slightly floral, with a hint of powdery wood underneath..","Accords: earthy, woody, powdery. Notes: carrot, cinnamon, bergamot, agarwood (oud), dry wood, cedar, tobacco, earthy notes. Profile: It smells like a spice market at dawn — sweet carrots and cinnamon mixed with dry wood, with something earthy and slightly leathery underneath..",29
3932,clean ozonic perfume with sandalwood base,"Accords: earthy, fruity, musky. Notes: apple, tea, ozonic notes, mandarin orange, osmanthus, magnolia, lily, earthy notes. Profile: It smells like ripe apple and orange peel at first, then settles into something earthy and slightly floral, with a hint of powdery wood underneath..","Accords: earthy, green, aromatic. Notes: fennel, mint, green notes, clary sage, oakmoss, fern, angelica, clover. Profile: It smells like a spice market at dawn — fresh mint and white flowers mixed with powdery moss, then settle into something earthy and slightly sweet..",6433
13109,white flowers that smell creamy and a little green,"Accords: tuberose, white floral, citrus. Notes: bergamot, violet leaves, mandarin orange, tuberose, rose, jasmine, ylang-ylang, neroli. Profile: It smells like citrus peel and white flowers at first, then settles into something earthy and slightly woody..","Accords: tuberose, white floral, musky. Notes: bergamot, tuberose, musk, woodsy notes. Profile: It smells like bergamot and white flowers at first, then soft woods and musk..",6219
13109,fancy floral perfume for wedding or special occasion,"Accords: tuberose, white floral, citrus. Notes: bergamot, violet leaves, mandarin orange, tuberose, rose, jasmine, ylang-ylang, neroli. Profile: It smells like citrus peel and white flowers at first, then settles into something earthy and slightly woody..","Accords: tuberose, amber, white floral. Notes: angelica, tuberose, amber, woody notes. Profile: It smells like a perfumer's closet at dawn — white flowers blooming in the air, with something earthy and slightly woody underneath..",10919
13109,tuberose jasmine perfume not too heavy,"Accords: tuberose, white floral, citrus. Notes: bergamot, violet leaves, mandarin orange, tuberose, rose, jasmine, ylang-ylang, neroli. Profile: It smells like citrus peel and white flowers at first, then settles into something earthy and slightly woody..","Accords: tuberose, coconut, vanilla. Notes: coconut milk, sand, tuberose, ylang ylang, vanilla, amber. Profile: It smells like powdered coconut and sand at first, then creamy vanilla and amber, with a soft vanilla-ylang-vanilla base..",13198
1984,fizzy sweet cola soda perfume,"Accords: coca-cola, fruity, citrus. Notes: pear, mandarin orange, neroli, coca-cola, rhubarb, orange blossom, vanilla, amber. Profile: It smells like ripe pear and orange peel at first, then sweet vanilla and cream, finishing with a hint of powdery amber..","Accords: coca-cola, sweet, fruity. Notes: raspberry, granny smith apple, lime, sweet notes, peony, magnolia, coca-cola. Profile: It smells like a fruit stand next to an apple orchard — sweet raspberries and peony in the background, with something powdery and slightly sweet underneath..",5588
1984,fruity orange vanilla drink scent,"Accords: coca-cola, fruity, citrus. Notes: pear, mandarin orange, neroli, coca-cola, rhubarb, orange blossom, vanilla, amber. Profile: It smells like ripe pear and orange peel at first, then sweet vanilla and cream, finishing with a hint of powdery amber..","Accords: coca-cola, vanilla, citrus. Notes: coca-cola, grapefruit, cassis, rose, jasmine, lily-of-the-valley, vanilla, musk. Profile: It smells like a flower shop at dawn — citrus peel and roses mixed with white flowers, then softened by something powdery and slightly woody..",8912
1984,sparkling citrus pear cola smell,"Accords: coca-cola, fruity, citrus. Notes: pear, mandarin orange, neroli, coca-cola, rhubarb, orange blossom, vanilla, amber. Profile: It smells like ripe pear and orange peel at first, then sweet vanilla and cream, finishing with a hint of powdery amber..","Accords: coca-cola, sweet, fruity. Notes: raspberry, granny smith apple, lime, sweet notes, peony, magnolia, coca-cola. Profile: It smells like a fruit stand next to an apple orchard — sweet raspberries and peony in the background, with something powdery and slightly sweet underneath..",5588
6882,fresh lemon lime green apple perfume,"Accords: citrus, sweet, fresh. Notes: amalfi lemon, lime, granny smith apple, praline, peony, datura, apple tree, musk. Profile: It smells like a fruit stand next to an apple orchard, where lemon juice meets sweet peony, then settles into something earthy and slightly woody..","Accords: citrus, floral, aquatic. Notes: bergamot, pear, blood orange, mandarin orange, sea notes, water lily, mahonial, lily-of-the-valley. Profile: It smells like fresh pear and orange peel at first, then white flowers and soft woods, finishing with something earthy and slightly sweet..",11228
6882,sweet apple blossoms with citrus,"Accords: citrus, sweet, fresh. Notes: amalfi lemon, lime, granny smith apple, praline, peony, datura, apple tree, musk. Profile: It smells like a fruit stand next to an apple orchard, where lemon juice meets sweet peony, then settles into something earthy and slightly woody..","Accords: citrus, white floral, earthy. Notes: kumquat, bergamot, lily-of-the-valley, rose, jasmine, african orange flower, oak moss, musk. Profile: It smells like a flower shop at dawn — sweet kumquat and roses mixed with white flowers, then settles into soft wood and moss..",13979
6882,crisp apple and cedar with praline sweetness,"Accords: citrus, sweet, fresh. Notes: amalfi lemon, lime, granny smith apple, praline, peony, datura, apple tree, musk. Profile: It smells like a fruit stand next to an apple orchard, where lemon juice meets sweet peony, then settles into something earthy and slightly woody..","Accords: citrus, sweet, ozonic. Notes: mandarin orange, melon, praline. Profile: It smells like citrus peel and orange peel at first, then soft melon and praline..",14854
7819,sweet coconut tropical lotion smell,"Accords: coconut, fruity, sweet. Notes: coconut nectar, boysenberry, pomegranate, butterfly orchid, honeysuckle, magnolia, amber, musk. Profile: It smells like a spice market at dawn — sweet honey and berries mixed with white flowers, then softens into something earthy and woody..","Accords: coconut, tuberose, powdery. Notes: bergamot, saffron, mandarin orange, tuberose, coconut nectar, ozonic notes, sandalwood, musk. Profile: It smells like a spice market at dawn — sweet citrus peel and orange peel mixed with white flowers, then soft wood and something earthy-musky..",14232
7819,fruity berry perfume with flowers,"Accords: coconut, fruity, sweet. Notes: coconut nectar, boysenberry, pomegranate, butterfly orchid, honeysuckle, magnolia, amber, musk. Profile: It smells like a spice market at dawn — sweet honey and berries mixed with white flowers, then softens into something earthy and woody..","Accords: coconut, tropical, musky. Notes: coconut nectar, frangipani, musk. Profile: It smells like a spice market at dawn — sweet coconut nectar mixed with powdery vanilla, then softens into something earthy and slightly musky..",7459
7819,creamy coconut and honeysuckle scent,"Accords: coconut, fruity, sweet. Notes: coconut nectar, boysenberry, pomegranate, butterfly orchid, honeysuckle, magnolia, amber, musk. Profile: It smells like a spice market at dawn — sweet honey and berries mixed with white flowers, then softens into something earthy and woody..","Accords: coconut, floral, lavender. Notes: aqual, lavender, ambrette, lime, salt, coconut water, peony, black currant. Profile: It smells like dried lavender and lemon peel at first, then settles into something sweet and earthy with a hint of powdery sweetness..",454
4108,fresh flowers with citrus and cold water,"Accords: floral, citrus, fresh. Notes: yuzu, pomegranate, ice, peony, lotus, magnolia, musk, mahogany. Profile: It smells like a spice market at dawn — sweet yuzu and pomegranate mixed with white flowers, then softens into something earthy and slightly powdery..","Accords: floral, citrus, fruity. Notes: apple, pink grapefruit, mandarin orange, magnolia, mimosa, rose, sandalwood, cashmeran. Profile: It smells like ripe apples and citrus peel at first, then soft roses and white flowers, finishing with a warm vanilla-cashmeran base..",598
4108,light peony lotus perfume for spring,"Accords: floral, citrus, fresh. Notes: yuzu, pomegranate, ice, peony, lotus, magnolia, musk, mahogany. Profile: It smells like a spice market at dawn — sweet yuzu and pomegranate mixed with white flowers, then softens into something earthy and slightly powdery..","Accords: floral, warm spicy, woody. Notes: rose, ylang-ylang, cyclamen, lily-of-the-valley, lilac, bergamot, gardenia, jasmine. Profile: It smells like a rose garden at dawn — sweet rose petals and citrus peel mixed with white flowers, then soft wood and mossy wood..",11601
4108,clean floral scent with yuzu and pomegranate,"Accords: floral, citrus, fresh. Notes: yuzu, pomegranate, ice, peony, lotus, magnolia, musk, mahogany. Profile: It smells like a spice market at dawn — sweet yuzu and pomegranate mixed with white flowers, then softens into something earthy and slightly powdery..","Accords: floral, citrus, white floral. Notes: passionfruit, orange, japanese osmanthus, sicilian bergamot, white rose, tuberose, orange blossom, water lily. Profile: It smells like citrus peel and orange peel at first, then white flowers with a powdery base, finishing with something slightly sweet and earthy..",3197
18389,fresh rose and ginger perfume,"Accords: fresh, rose, floral. Notes: litchi, ginger, bergamot, peony, turkish rose, cacao, patchouli. Profile: It smells like a spice market at dawn — citrus peel and peony mixed with bergamot, then softens into something earthy and slightly sweet..","Accords: fresh, floral, rose. Notes: litchi, water notes, mandarin orange, peony, rose, lily, musk, cedar. Profile: It smells like a florist's bowl full of citrus peel and water, with something earthy and slightly woody underneath..",14131
18389,light fruity floral scent with bergamot,"Accords: fresh, rose, floral. Notes: litchi, ginger, bergamot, peony, turkish rose, cacao, patchouli. Profile: It smells like a spice market at dawn — citrus peel and peony mixed with bergamot, then softens into something earthy and slightly sweet..","Accords: fresh, floral, violet. Notes: peony, passionfruit, ginger, violet, musk. Profile: It smells like sweet peony and citrus peel at first, then soft violet and musk, finishing with a hint of powdery wood..",4635
18389,peony and lychee spring fragrance,"Accords: fresh, rose, floral. Notes: litchi, ginger, bergamot, peony, turkish rose, cacao, patchouli. Profile: It smells like a spice market at dawn — citrus peel and peony mixed with bergamot, then softens into something earthy and slightly sweet..","Accords: fresh, fruity, floral. Notes: litchi, mandarin orange, raspberry leaf, bergamot, peony, lily-of-the-valley, gardenia, jasmine sambac. Profile: It smells like a flower shop at dawn — citrus peel and peony mixed with white flowers, then settles into soft vanilla and powdery musk..",15617
12160,fresh ocean breeze perfume,"Accords: marine, aromatic, woody. Notes: sea notes, red fruits, bergamot, violet, white woods, sandalwood, musk, ambroxan. Profile: It smells like a fishing boat dock next to the ocean, with white flowers and soft woods lingering in the background..","Accords: marine, aquatic, salty. Notes: dew drop, citruses, sea water, ozonic notes, woody notes, sea salt, white musk, woody notes. Profile: It smells like a beach house next to the ocean, where salty sea water meets white musk, with something earthy and slightly woody underneath..",4346
12160,salty sea spray with berries,"Accords: marine, aromatic, woody. Notes: sea notes, red fruits, bergamot, violet, white woods, sandalwood, musk, ambroxan. Profile: It smells like a fishing boat dock next to the ocean, with white flowers and soft woods lingering in the background..","Accords: marine, citrus, salty. Notes: sea salt, fruity notes, sicilian lemon, bergamot, iris, mandarin orange, sea notes, musk. Profile: It smells like sea salt and citrus peel at first, then iris and bergamot, with a soft woody base..",18590
12160,clean beachy sandalwood scent,"Accords: marine, aromatic, woody. Notes: sea notes, red fruits, bergamot, violet, white woods, sandalwood, musk, ambroxan. Profile: It smells like a fishing boat dock next to the ocean, with white flowers and soft woods lingering in the background..","Accords: marine, white floral, aromatic. Notes: rhubarb, white flowers, sea notes, salt, gardenia, frangipani, jasmine sambac, sandalwood. Profile: It smells like fresh rhubarb and white flowers at first, then settles into something earthy and powdery with a hint of salt..",727
2524,clean soapy perfume with powder and spice,"Accords: musky, animalic, aromatic. Notes: aldehydes, coriander, clary sage, artemisia, bergamot, patchouli, carnation, geranium. Profile: It smells like a leather jacket left in an old wooden shed, with something sweet and earthy lurking in the background..","Accords: musky, marine, fresh. Notes: bergamot, lemon, seaweed, calone, hedione, musk, ambroxan, cedar. Profile: It smells like a fish market at dawn — citrus peel mixed with seaweed, then softens into something earthy and slightly woody..",12413
2524,vintage leather jacket with warm vanilla,"Accords: musky, animalic, aromatic. Notes: aldehydes, coriander, clary sage, artemisia, bergamot, patchouli, carnation, geranium. Profile: It smells like a leather jacket left in an old wooden shed, with something sweet and earthy lurking in the background..","Accords: musky, citrus, sweet. Notes: bergamot, vanilla, orange, musk, ice cream, cherry, ambergris, leather. Profile: It smells like sweet vanilla and orange peel at first, then warm leather and soft ice cream, with a soft, slightly powdery finish..",322
2524,fresh herbs and dark musky base,"Accords: musky, animalic, aromatic. Notes: aldehydes, coriander, clary sage, artemisia, bergamot, patchouli, carnation, geranium. Profile: It smells like a leather jacket left in an old wooden shed, with something sweet and earthy lurking in the background..","Accords: musky, warm spicy, aromatic. Notes: carnation, pepper, amalfi lemon, lime, spices, lavender, amber, mint. Profile: It smells like a spice market at dawn — sweet citrus peel and lemon peel mixed with powdery lavender, finishing with something earthy and woody..",7347
251,sweet mango and orange tropical perfume,"Accords: tropical, sweet, fruity. Notes: mango, orange, ylang-ylang, jasmine, neroli, agarwood (oud), oak moss, vetyver. Profile: It smells like sweet mango and orange peel at first, then white flowers with a soft, slightly earthy base..","Accords: tropical, sweet, fruity. Notes: mango, chamomile, orange blossom, coconut, ylang ylang, amber, vanilla, siam benzoin. Profile: It smells like sweet mango and orange peel at first, then creamy vanilla and powdery vanilla, finishing with a soft vanilla-sweet finish..",18670
251,floral beach vacation scent,"Accords: tropical, sweet, fruity. Notes: mango, orange, ylang-ylang, jasmine, neroli, agarwood (oud), oak moss, vetyver. Profile: It smells like sweet mango and orange peel at first, then white flowers with a soft, slightly earthy base..","Accords: tropical, sweet, fresh. Notes: passionfruit, papaya, mango, pineapple, neroli, water lily, lily-of-the-valley, narcissus. Profile: It smells like citrus peel and mango at first, then white flowers with a hint of powdery wood underneath..",17195
251,fruity jasmine summer fragrance,"Accords: tropical, sweet, fruity. Notes: mango, orange, ylang-ylang, jasmine, neroli, agarwood (oud), oak moss, vetyver. Profile: It smells like sweet mango and orange peel at first, then white flowers with a soft, slightly earthy base..","Accords: tropical, fruity, sweet. Notes: mango, papaya, pineapple, tangerine, cypress, plum, agarwood (oud), saffron. Profile: It smells like sweet mango and tangerine at first, then soft wood with a powdery sweetness, finishing with something earthy and slightly spiced..",20288
6517,fresh citrus with dirt and roots smell,"Accords: earthy, citrus, woody. Notes: citron, calamansi, vetiver, orris, earthy notes, styrax. Profile: It smells like a perfumer's closet at dawn — powdery citrus peel and earthy vetiver mixed with smoky orris, then settles into warm wood..","Accords: earthy, mossy, woody. Notes: aldehydes, cumin, bergamot, lemon, rose, orange blossom, pineapple, jasmine. Profile: It smells like a spice market at dawn — sweet citrus peel mixed with white flowers, then settling into something earthy and slightly woody..",5152
6517,earthy vetiver perfume for men,"Accords: earthy, citrus, woody. Notes: citron, calamansi, vetiver, orris, earthy notes, styrax. Profile: It smells like a perfumer's closet at dawn — powdery citrus peel and earthy vetiver mixed with smoky orris, then settles into warm wood..","Accords: earthy, woody, animalic. Notes: geranium, lemon, pink pepper, animal notes, vetiver, sandalwood, earthy notes, labdanum. Profile: It smells like a spice market at dawn — sweet citrus peel and dried herbs mixed with earthy wood, with something faintly woody and slightly herbal lurking in the background..",2082
6517,clean lemon with woody ground scent,"Accords: earthy, citrus, woody. Notes: citron, calamansi, vetiver, orris, earthy notes, styrax. Profile: It smells like a perfumer's closet at dawn — powdery citrus peel and earthy vetiver mixed with smoky orris, then settles into warm wood..","Accords: earthy, green, aldehydic. Notes: bergamot, aldehydes, green notes, lavender, jasmine, leather, patchouli, oakmoss. Profile: It smells like a leather jacket left in an old wooden shed, with something powdery and slightly earthy underneath..",16434
3042,coffee shop with cherry pastries,"Accords: cherry, warm spicy, sweet. Notes: cherry, spices, coffee, white tobacco, patchouli, atlas cedar, rose, tonka bean. Profile: It smells like a coffee shop at dawn — sweet cherries and white tobacco mixed with powdered tobacco, then softened by warm wood and something slightly earthy..","Accords: cherry, powdery, sweet. Notes: cherry, strawberry, heliotrope, iris, cedar, hay, rose, olibanum. Profile: It smells like a spice market at dawn — sweet cherry blossoms mixed with white flowers, then soft woody hay and something earthy-woody..",4454
3042,spicy cherry tobacco smell,"Accords: cherry, warm spicy, sweet. Notes: cherry, spices, coffee, white tobacco, patchouli, atlas cedar, rose, tonka bean. Profile: It smells like a coffee shop at dawn — sweet cherries and white tobacco mixed with powdered tobacco, then softened by warm wood and something slightly earthy..","Accords: cherry, warm spicy, sweet. Notes: cherry, saffron, black pepper, black leather, violet, jasmine, tonka bean, palo santo. Profile: It smells like a spice market at dawn — sweet cherry blossoms mixed with white flowers, then soft leather and something slightly earthy underneath..",17643
3042,warm cherry and patchouli perfume,"Accords: cherry, warm spicy, sweet. Notes: cherry, spices, coffee, white tobacco, patchouli, atlas cedar, rose, tonka bean. Profile: It smells like a coffee shop at dawn — sweet cherries and white tobacco mixed with powdered tobacco, then softened by warm wood and something slightly earthy..","Accords: cherry, warm spicy, sweet. Notes: cherry, saffron, black pepper, black leather, violet, jasmine, tonka bean, palo santo. Profile: It smells like a spice market at dawn — sweet cherry blossoms mixed with white flowers, then soft leather and something slightly earthy underneath..",17643
19833,sweet caramel perfume with spices,"Accords: caramel, warm spicy, vanilla. Notes: cardamom, pimento, caramel, salt, vanilla, tobacco, cashmeran. Profile: It smells like sweet cardamom and spiced caramel at first, then creamy vanilla and a hint of powdery tobacco..","Accords: caramel, fruity, sweet. Notes: pear, apple, mandarin orange, sandalwood, violet, freesia, caramel, musk. Profile: It smells like ripe pear and orange peel at first, then white flowers and vanilla, finishing with a warm, slightly powdery base..",7329
19833,salted caramel and vanilla scent,"Accords: caramel, warm spicy, vanilla. Notes: cardamom, pimento, caramel, salt, vanilla, tobacco, cashmeran. Profile: It smells like sweet cardamom and spiced caramel at first, then creamy vanilla and a hint of powdery tobacco..","Accords: caramel, sweet, cinnamon. Notes: red apple, apricot, mandarin orange, cinnamon, jasmine, caramel, vanilla, sandalwood. Profile: It smells like ripe apples and citrus peel at first, then sweet vanilla and caramel, finishing with a soft vanilla-vanilla base..",13450
19833,warm spicy caramel tobacco smell,"Accords: caramel, warm spicy, vanilla. Notes: cardamom, pimento, caramel, salt, vanilla, tobacco, cashmeran. Profile: It smells like sweet cardamom and spiced caramel at first, then creamy vanilla and a hint of powdery tobacco..","Accords: caramel, soft spicy, sweet. Notes: pink pepper, litchi, co2 extracts, sicilian bergamot, jasmine sambac, rose, magnolia, popcorn. Profile: It smells like a spice market at dawn — spicy peppercorns mixed with powdered sugar, then softened by creamy white flowers and salty caramel..",1265
16814,salty beach perfume with vanilla,"Accords: salty, white floral, citrus. Notes: mandarin orange, jasmine, ginger, lily, salt, vanilla, ambergris, sandalwood. Profile: It smells like citrus peel and jasmine at first, then white flowers with a hint of powdery sweetness, finishing with something earthy and slightly woody..","Accords: salty, marine, fruity. Notes: acai berry, sea salt, driftwood. Profile: It smells like ripe acai berries and sea salt at first, then settles into something earthy and woody..",6506
16814,ocean air jasmine and sandalwood,"Accords: salty, white floral, citrus. Notes: mandarin orange, jasmine, ginger, lily, salt, vanilla, ambergris, sandalwood. Profile: It smells like citrus peel and jasmine at first, then white flowers with a hint of powdery sweetness, finishing with something earthy and slightly woody..","Accords: salty, marine, fruity. Notes: acai berry, sea salt, driftwood. Profile: It smells like ripe acai berries and sea salt at first, then settles into something earthy and woody..",6506
16814,fresh ginger citrus sea spray scent,"Accords: salty, white floral, citrus. Notes: mandarin orange, jasmine, ginger, lily, salt, vanilla, ambergris, sandalwood. Profile: It smells like citrus peel and jasmine at first, then white flowers with a hint of powdery sweetness, finishing with something earthy and slightly woody..","Accords: salty, marine, fruity. Notes: acai berry, sea salt, driftwood. Profile: It smells like ripe acai berries and sea salt at first, then settles into something earthy and woody..",6506
14429,fresh lemon cedar cologne for men,"Accords: woody, citrus, aromatic. Notes: lemon, cedar, citron, water hyacinth, pink pepper, jasmine, white musk, patchouli. Profile: It smells like citrus peel and white flowers at first, then settles into something earthy and slightly musky..","Accords: woody, amber, powdery. Notes: calamus, fig, osmanthus, iris, jasmine, rose, ylang-ylang, styrax. Profile: It smells like a flower shop at dawn — sweet figs and white flowers mixed with powdery roses, finishing with something earthy and woody..",1230
14429,clean woody musk with jasmine,"Accords: woody, citrus, aromatic. Notes: lemon, cedar, citron, water hyacinth, pink pepper, jasmine, white musk, patchouli. Profile: It smells like citrus peel and white flowers at first, then settles into something earthy and slightly musky..","Accords: woody, vanilla, floral. Notes: orchid, citruses, vanilla, ebony, woody notes. Profile: It smells like dried orchids and ebony at first, then sweet vanilla and woody notes, with a warm, slightly earthy base..",13193
14429,citrus and woods everyday perfume,"Accords: woody, citrus, aromatic. Notes: lemon, cedar, citron, water hyacinth, pink pepper, jasmine, white musk, patchouli. Profile: It smells like citrus peel and white flowers at first, then settles into something earthy and slightly musky..","Accords: woody, leather, powdery. Notes: geranium, bergamot, mandarin orange, amalfi lemon, leather, iris, jasmine, ylang-ylang. Profile: It smells like a leather jacket left open in an old wooden shed, where citrus blossoms meet white flowers, with something earthy and slightly woody underneath..",14310
6839,cold metal and wet rocks smell,"Accords: mineral, ozonic, metallic. Notes: mineral notes, green pepper, artemisia, ozonic notes, gunpowder, oud, metallic notes, ambergris. Profile: It smells like a spice market at dawn — earthy and peppery, with something metallic and powdery lingering in the air..","Accords: mineral, green, aromatic. Notes: galbanum, ginger, clary sage, rose petals, mimosa absolute, tuberose, lily-of-the-valley, heliotrope. Profile: It smells like a flower shop at dawn — sweet florals mixed with white flowers, then soft wood and moss, finishing with something earthy and slightly woody..",15770
6839,spicy green pepper with ocean air,"Accords: mineral, ozonic, metallic. Notes: mineral notes, green pepper, artemisia, ozonic notes, gunpowder, oud, metallic notes, ambergris. Profile: It smells like a spice market at dawn — earthy and peppery, with something metallic and powdery lingering in the air..","Accords: mineral, leather, warm spicy. Notes: mango, saffron, lemon, pink pepper, violet leaf, ginger, osmanthus, orange blossom. Profile: It smells like a spice market at dawn — sweet mango and citrus peel mixed with white flowers, then softens into something earthy and slightly powdery..",13820
6839,clean metallic scent like after rain,"Accords: mineral, ozonic, metallic. Notes: mineral notes, green pepper, artemisia, ozonic notes, gunpowder, oud, metallic notes, ambergris. Profile: It smells like a spice market at dawn — earthy and peppery, with something metallic and powdery lingering in the air..","Accords: mineral, woody, warm spicy. Notes: saffron, mandarin orange, mineral notes, violet, akigalawood, osmanthus, woody notes, leather. Profile: It smells like citrus peel and orange peel at first, then white flowers with a woody edge, finishing with something earthy and slightly leathery..",825
16188,fresh lemon bergamot perfume,"Accords: aromatic, citrus, woody. Notes: amalfi lemon, tagetes, black currant, bergamot, african orange flower, violet, cyclamen, jasmine. Profile: It smells like citrus peel and white flowers at first, then soft violets and vetiver, finishing with a warm woody base..","Accords: aromatic, fresh spicy, green. Notes: mint, bourbon geranium, lavender, pelargonium, chamomile, cloves, orris, iris. Profile: It smells like sweet mint and chamomile at first, then white flowers and powdery iris, finishing with something earthy and slightly woody..",12359
16188,violet jasmine floral musk scent,"Accords: aromatic, citrus, woody. Notes: amalfi lemon, tagetes, black currant, bergamot, african orange flower, violet, cyclamen, jasmine. Profile: It smells like citrus peel and white flowers at first, then soft violets and vetiver, finishing with a warm woody base..","Accords: aromatic, green, citrus. Notes: grapefruit, lemon, bergamot, mandarin orange, vetiver, hay, galbanum, basil. Profile: It smells like citrus peel and lemon at first, then mossy cedar, with a soft, slightly earthy base..",5419
16188,citrus woody cologne for spring,"Accords: aromatic, citrus, woody. Notes: amalfi lemon, tagetes, black currant, bergamot, african orange flower, violet, cyclamen, jasmine. Profile: It smells like citrus peel and white flowers at first, then soft violets and vetiver, finishing with a warm woody base..","Accords: aromatic, fresh spicy, woody. Notes: star anise, lemon, black pepper, belanis, wormwood, artemisia, violet leaves, geranium. Profile: It smells like a spice market at dawn — sweet citrus peel and white flowers mixed with powdery wood, then softened by something earthy and slightly sweet..",7766
8272,sharp metallic citrus cologne,"Accords: metallic, citrus, mineral. Notes: aldehydes, lime peel, bitter orange, coriander leaf, jasmine, pitosporum, metallic notes, musk. Profile: It smells like citrus peel and orange peel at first, then resinous jasmine and powdery wood, finishing with a warm, leathery base..","Accords: metallic, mineral, fresh. Notes: aluminum, aldehydes, slate, pebbles, water notes, metallic notes, virginia cedar. Profile: It smells like powdered aluminum and sand, with a soft, powdery base that's been left in the sun for years..",1335
8272,cold metal with orange and jasmine,"Accords: metallic, citrus, mineral. Notes: aldehydes, lime peel, bitter orange, coriander leaf, jasmine, pitosporum, metallic notes, musk. Profile: It smells like citrus peel and orange peel at first, then resinous jasmine and powdery wood, finishing with a warm, leathery base..","Accords: metallic, warm spicy, aromatic. Notes: black pepper, bergamot, cardamom, labdanum, henna, metallic notes, ozonic notes, iris. Profile: It smells like dried peppercorns and cardamom at first, then rusty leather, with something earthy and slightly smoky underneath..",300
8272,aldehydic perfume smells like coins and lime,"Accords: metallic, citrus, mineral. Notes: aldehydes, lime peel, bitter orange, coriander leaf, jasmine, pitosporum, metallic notes, musk. Profile: It smells like citrus peel and orange peel at first, then resinous jasmine and powdery wood, finishing with a warm, leathery base..","Accords: metallic, warm spicy, aromatic. Notes: black pepper, bergamot, cardamom, labdanum, henna, metallic notes, ozonic notes, iris. Profile: It smells like dried peppercorns and cardamom at first, then rusty leather, with something earthy and slightly smoky underneath..",300
9582,sweet caramel vanilla perfume,"Accords: caramel, vanilla, white floral. Notes: litchi, mandarin orange, lily-of-the-valley, bergamot, tuberose, caramel, vanila, amber. Profile: It smells like citrus peel and orange peel at first, then creamy caramel and sweet vanilla, finishing with a warm, slightly woody base..","Accords: caramel, fruity, sweet. Notes: pear, apple, mandarin orange, sandalwood, violet, freesia, caramel, musk. Profile: It smells like ripe pear and orange peel at first, then white flowers and vanilla, finishing with a warm, slightly powdery base..",7329
9582,floral candy smell with bergamot,"Accords: caramel, vanilla, white floral. Notes: litchi, mandarin orange, lily-of-the-valley, bergamot, tuberose, caramel, vanila, amber. Profile: It smells like citrus peel and orange peel at first, then creamy caramel and sweet vanilla, finishing with a warm, slightly woody base..","Accords: caramel, powdery, fresh spicy. Notes: black pepper, mandarin orange, bergamot, heliotrope, rose, orris, caramel, moss. Profile: It smells like a spice market at dawn — sweet peppercorns and citrus peel mixed with white flowers, then softened by something powdery and slightly woody..",6480
9582,warm sugary amber sandalwood scent,"Accords: caramel, vanilla, white floral. Notes: litchi, mandarin orange, lily-of-the-valley, bergamot, tuberose, caramel, vanila, amber. Profile: It smells like citrus peel and orange peel at first, then creamy caramel and sweet vanilla, finishing with a warm, slightly woody base..","Accords: caramel, sweet, cinnamon. Notes: red apple, apricot, mandarin orange, cinnamon, jasmine, caramel, vanilla, sandalwood. Profile: It smells like ripe apples and citrus peel at first, then sweet vanilla and caramel, finishing with a soft vanilla-vanilla base..",13450
18676,spicy leather with pepper and orange,"Accords: oud, warm spicy, fresh spicy. Notes: black pepper, bitter orange, neroli, saffron, cardamom, olibanum, agarwood (oud), patchouli. Profile: It smells like a spice market at dawn — sweet pepper and citrus peel mixed with saffron and cardamom, with something earthy and slightly leathery underneath..","Accords: oud, musky, woody. Notes: cambodian oud, musk, indian oud. Profile: It smells like a leather jacket left in an old wooden cabinet, with something earthy and slightly musky underneath..",20883
18676,dark oud wood incense smell,"Accords: oud, warm spicy, fresh spicy. Notes: black pepper, bitter orange, neroli, saffron, cardamom, olibanum, agarwood (oud), patchouli. Profile: It smells like a spice market at dawn — sweet pepper and citrus peel mixed with saffron and cardamom, with something earthy and slightly leathery underneath..","Accords: oud, amber, aromatic. Notes: rosemary, mandarin orange, bergamot, agarwood (oud), vetiver, amber, musk. Profile: It smells like citrus peel and orange peel at first, then soft wood and a hint of powdery amber..",20701
18676,warm cardamom saffron fragrance,"Accords: oud, warm spicy, fresh spicy. Notes: black pepper, bitter orange, neroli, saffron, cardamom, olibanum, agarwood (oud), patchouli. Profile: It smells like a spice market at dawn — sweet pepper and citrus peel mixed with saffron and cardamom, with something earthy and slightly leathery underneath..","Accords: oud, green, woody. Notes: pink pepper, bergamot, violet leaves, saffron, galbanum, agarwood (oud), amber, vetiver. Profile: It smells like powdery pepper and bergamot at first, then soft vanilla and earthy saffron, with a warm, slightly woody base..",20015
14732,earthy patchouli with rose and jasmine,"Accords: patchouli, citrus, rose. Notes: italian mandarin, rose, egyptian jasmine, patchouli, musk. Profile: It smells like a perfumer's closet at dawn — bright citrus peel and rose petals mixed with powdery jasmine, finishing with something earthy and slightly floral..","Accords: patchouli, woody, white floral. Notes: grapefruit, tangerine, orange blossom, jasmine, rose, lily-of-the-valley, patchouli, vanilla. Profile: It smells like citrus peel and tangerine at first, then rose petals and vanilla, finishing with something earthy and slightly woody..",4529
14732,musky floral perfume with citrus,"Accords: patchouli, citrus, rose. Notes: italian mandarin, rose, egyptian jasmine, patchouli, musk. Profile: It smells like a perfumer's closet at dawn — bright citrus peel and rose petals mixed with powdery jasmine, finishing with something earthy and slightly floral..","Accords: patchouli, amber, rose. Notes: bergamot, patchouli, rose, amber, musk. Profile: It smells like bergamot and rose petals at first, then settles into something earthy and slightly powdery..",14898
14732,hippie patchouli smell but prettier,"Accords: patchouli, citrus, rose. Notes: italian mandarin, rose, egyptian jasmine, patchouli, musk. Profile: It smells like a perfumer's closet at dawn — bright citrus peel and rose petals mixed with powdery jasmine, finishing with something earthy and slightly floral..","Accords: patchouli, rose, citrus. Notes: bergamot, damask rose, patchouli. Profile: It smells like bergamot and rose petals at first, then settles into something earthy and slightly floral..",860
15932,fresh powdery iris perfume,"Accords: iris, green, powdery. Notes: galbanum, neroli, mandarin orange, iris, jasmine, vetiver, musk, tonka bean. Profile: It smells like citrus peel and orange peel at first, then iris and jasmine, finishing with a soft, slightly powdery base..","Accords: iris, tuberose, powdery. Notes: iris, tuberose, vanilla. Profile: It smells like a flower shop next to an old church — sweet iris and white flowers mixed with powdery vanilla..",7484
15932,clean soapy citrus and jasmine scent,"Accords: iris, green, powdery. Notes: galbanum, neroli, mandarin orange, iris, jasmine, vetiver, musk, tonka bean. Profile: It smells like citrus peel and orange peel at first, then iris and jasmine, finishing with a soft, slightly powdery base..","Accords: iris, powdery, woody. Notes: iris, coriander, carnation, amber, iris, neroli, rose, cedar. Profile: It smells like a flower shop next to an antique store — sweet iris and roses mixed with powdery flowers, then soft vanilla and warm honey..",17768
15932,soft musky floral with earthy vetiver,"Accords: iris, green, powdery. Notes: galbanum, neroli, mandarin orange, iris, jasmine, vetiver, musk, tonka bean. Profile: It smells like citrus peel and orange peel at first, then iris and jasmine, finishing with a soft, slightly powdery base..","Accords: iris, woody, floral. Notes: freesia, bergamot, mandarin orange, tarragon, peppertree, orris, honey, ylang-ylang. Profile: It smells like a florist's pantry full of dried flowers and citrus peel, with something sweet and slightly earthy lurking in the background..",19675
7095,fresh cold stone after rain smell,"Accords: mineral, aromatic, amber. Notes: green almond, juniper, mineral notes, ambergris, oakmoss. Profile: It smells like dried almonds and juniper leaves at first, then settles into something earthy and woody with a hint of powdery amber..","Accords: mineral, aromatic, citrus. Notes: mineral notes, citruses, italian lemon, green leaves, calabrian bergamot, pebbles, sage, orris. Profile: It smells like dried flowers and citrus peel at first, then settles into something earthy and slightly woody..",3572
7095,green juniper and wet rocks perfume,"Accords: mineral, aromatic, amber. Notes: green almond, juniper, mineral notes, ambergris, oakmoss. Profile: It smells like dried almonds and juniper leaves at first, then settles into something earthy and woody with a hint of powdery amber..","Accords: mineral, aromatic, citrus. Notes: mineral notes, citruses, italian lemon, green leaves, calabrian bergamot, pebbles, sage, orris. Profile: It smells like dried flowers and citrus peel at first, then settles into something earthy and slightly woody..",3572
7095,ocean salt and moss fragrance,"Accords: mineral, aromatic, amber. Notes: green almond, juniper, mineral notes, ambergris, oakmoss. Profile: It smells like dried almonds and juniper leaves at first, then settles into something earthy and woody with a hint of powdery amber..","Accords: mineral, aromatic, citrus. Notes: mineral notes, citruses, italian lemon, green leaves, calabrian bergamot, pebbles, sage, orris. Profile: It smells like dried flowers and citrus peel at first, then settles into something earthy and slightly woody..",3572
6841,tropical coconut sunscreen beach smell,"Accords: coconut, sweet, vanilla. Notes: coconut nectar, bergamot, water fruit, freesia, sandalwood, tonka bean. Profile: It smells like a tropical fruit stand next to the beach — sweet coconut nectar and bergamot mixed with water, then softens into something earthy and slightly woody..","Accords: coconut, powdery, sweet. Notes: solar notes, bergamot, peach, heliotrope, lily-of-the-valley, coconut, musk, cedar. Profile: It smells like a flower shop at dawn — sweet peaches and bergamot mixed with powdery flowers, then softened by something earthy and slightly woody..",5463
6841,creamy coconut and vanilla sandalwood,"Accords: coconut, sweet, vanilla. Notes: coconut nectar, bergamot, water fruit, freesia, sandalwood, tonka bean. Profile: It smells like a tropical fruit stand next to the beach — sweet coconut nectar and bergamot mixed with water, then softens into something earthy and slightly woody..","Accords: coconut, powdery, sweet. Notes: solar notes, bergamot, peach, heliotrope, lily-of-the-valley, coconut, musk, cedar. Profile: It smells like a flower shop at dawn — sweet peaches and bergamot mixed with powdery flowers, then softened by something earthy and slightly woody..",5463
6841,sweet coconut water summer perfume,"Accords: coconut, sweet, vanilla. Notes: coconut nectar, bergamot, water fruit, freesia, sandalwood, tonka bean. Profile: It smells like a tropical fruit stand next to the beach — sweet coconut nectar and bergamot mixed with water, then softens into something earthy and slightly woody..","Accords: coconut, vanilla, sweet. Notes: vanillin, cedar, coconut, co2 extracts, vanilla absolute, sandalwood, ambretone. Profile: It smells like a spice market at dawn — sweet vanilla and dark wood mixed with powdery white flowers, with something earthy and slightly bitter underneath..",3072
6311,fresh rose perfume with pear and vanilla,"Accords: rose, musky, fruity. Notes: pear, bergamot, pink pepper, rose, jasmine, white musk, vanilla, patchouli. Profile: It smells like ripe pear and roses at first, then white flowers with a hint of vanilla and white musk..","Accords: rose, powdery, vanilla. Notes: cassis, bergamot, green notes, rose, orange blossom, gardenia, lily-of-the-valley, vanilla. Profile: It smells like a flower shop at dawn — sweet citrus and roses mixed with white flowers, then soft vanilla and powdery wood..",3316
6311,light floral scent rose jasmine everyday wear,"Accords: rose, musky, fruity. Notes: pear, bergamot, pink pepper, rose, jasmine, white musk, vanilla, patchouli. Profile: It smells like ripe pear and roses at first, then white flowers with a hint of vanilla and white musk..","Accords: rose, citrus, floral. Notes: orange, peach, mulberry, wild rose, rose, magnolia, amber, musk. Profile: It smells like sweet orange peel and peach at first, then white flowers with a hint of powdery amber, finishing with soft leather..",13904
6311,soft pink pepper rose cedar women's fragrance,"Accords: rose, musky, fruity. Notes: pear, bergamot, pink pepper, rose, jasmine, white musk, vanilla, patchouli. Profile: It smells like ripe pear and roses at first, then white flowers with a hint of vanilla and white musk..","Accords: rose, floral, citrus. Notes: mandarin orange, rose, peony, vanilla. Profile: It smells like orange peel and rose petals at first, then soft vanilla and a hint of sweet peony..",4762
1216,smoky cedar perfume with vanilla and musk,"Accords: smoky, musky, woody. Notes: musk, lime (linden) blossom, citruses, castoreum, iris, vanila, musk, ash. Profile: It smells like a flower shop at dawn — mossy flowers and soft iris, with something earthy and slightly powdery underneath..","Accords: smoky, vanilla, tobacco. Notes: cognac, tobacco, vanilla, cannabis, smoke, incense, agarwood (oud). Profile: It smells like a cigar shop next to an incense cabinet filled with tobacco smoke, with something faintly sweet and woody lurking in the background..",1792
1216,ash and amber scent like campfire smoke,"Accords: smoky, musky, woody. Notes: musk, lime (linden) blossom, citruses, castoreum, iris, vanila, musk, ash. Profile: It smells like a flower shop at dawn — mossy flowers and soft iris, with something earthy and slightly powdery underneath..","Accords: smoky, warm spicy, woody. Notes: smoke, cardamom, incense, ginger, ylang-ylang, agarwood (oud), tobacco, guaiac wood. Profile: It smells like burning tobacco incense and cardamom at first, then settling into something earthy and slightly sweet..",1498
1216,citrus and iris with smoky wood smell,"Accords: smoky, musky, woody. Notes: musk, lime (linden) blossom, citruses, castoreum, iris, vanila, musk, ash. Profile: It smells like a flower shop at dawn — mossy flowers and soft iris, with something earthy and slightly powdery underneath..","Accords: smoky, warm spicy, woody. Notes: smoke, cardamom, incense, ginger, ylang-ylang, agarwood (oud), tobacco, guaiac wood. Profile: It smells like burning tobacco incense and cardamom at first, then settling into something earthy and slightly sweet..",1498
10945,rose perfume with coffee and vanilla,"Accords: rose, vanilla, coffee. Notes: floral notes, rose, coffee, vanila, white musk, amber. Profile: It smells like coffee and roses at first, then settles into something earthy and slightly powdery..","Accords: rose, floral, warm spicy. Notes: floral notes, mandarin orange, palisander rosewood, herbal notes, rose, floral notes, cloves, musk. Profile: It smells like a florist's pantry full of orange blossoms and roses, with something earthy and slightly floral lurking in the air..",2047
10945,sweet floral with warm amber musk,"Accords: rose, vanilla, coffee. Notes: floral notes, rose, coffee, vanila, white musk, amber. Profile: It smells like coffee and roses at first, then settles into something earthy and slightly powdery..","Accords: rose, floral, fresh spicy. Notes: rose, geranium, palmarosa, honey, moss, patchouli. Profile: It smells like rose petals and geranium at first, then settles into something earthy and slightly sweet..",12270
10945,romantic rose scent for date night,"Accords: rose, vanilla, coffee. Notes: floral notes, rose, coffee, vanila, white musk, amber. Profile: It smells like coffee and roses at first, then settles into something earthy and slightly powdery..","Accords: rose, oud, warm spicy. Notes: dried fruits, bergamot, rose, saffron, geranium, agarwood (oud), amber, sandalwood. Profile: It smells like dried fruits and bergamot at first, then rose petals and vanilla, finishing with a warm, slightly powdery base..",4157
8628,fruity floral perfume with peach and jasmine,"Accords: floral, soft spicy, fruity. Notes: pink pepper, mandarin orange, bergamot, lilac, peach, geranium, jasmine, black currant. Profile: It smells like a spice market at dawn — sweet pepper and citrus peel mixed with white flowers, then soft vanilla and powdery musk..","Accords: floral, powdery, citrus. Notes: mimosa, bergamot, orange blossom, brazilian rosewood, coriander, pepper, rose, magnolia. Profile: It smells like a flower shop at dawn — sweet citrus peel and white flowers mixed with powdery roses, finishing with something earthy and slightly floral..",15014
8628,fresh citrus and flowers everyday scent,"Accords: floral, soft spicy, fruity. Notes: pink pepper, mandarin orange, bergamot, lilac, peach, geranium, jasmine, black currant. Profile: It smells like a spice market at dawn — sweet pepper and citrus peel mixed with white flowers, then soft vanilla and powdery musk..","Accords: floral, powdery, soft spicy. Notes: pink pepper, mandarin orange, lilac, violet, heliotrope, amber, patchouli. Profile: It smells like a spice cabinet left open in an old warehouse — sweet pepper and orange peel mixed with white flowers, then soft amber and something slightly earthy..",15375
8628,sweet vanilla musk with lilac,"Accords: floral, soft spicy, fruity. Notes: pink pepper, mandarin orange, bergamot, lilac, peach, geranium, jasmine, black currant. Profile: It smells like a spice market at dawn — sweet pepper and citrus peel mixed with white flowers, then soft vanilla and powdery musk..","Accords: floral, fruity, sweet. Notes: raspberry, violet leaf, peony, magnolia, musk, cedar. Profile: It smells like ripe raspberries and white flowers at first, then settles into something earthy and slightly woody..",7016
19310,spicy pepper and cardamom cologne,"Accords: fresh spicy, rose, warm spicy. Notes: black pepper, cardamom, caraway, rose, nutmeg, sandalwood. Profile: It smells like a spice market at dawn — sweet pepper and cardamom mixed with white flowers, finishing with something earthy and slightly woody..","Accords: fresh spicy, aromatic, citrus. Notes: mandarin orange, lavender, bergamot, anise, nutmeg, sea water, cardamom, pepper. Profile: It smells like citrus peel and lavender at first, then sweet cardamom and nutmeg, finishing with something earthy and slightly powdery..",15629
19310,fresh rose with black pepper scent,"Accords: fresh spicy, rose, warm spicy. Notes: black pepper, cardamom, caraway, rose, nutmeg, sandalwood. Profile: It smells like a spice market at dawn — sweet pepper and cardamom mixed with white flowers, finishing with something earthy and slightly woody..","Accords: fresh spicy, aromatic, citrus. Notes: grapefruit, ginger, pepper, geranium, vetiver. Profile: It smells like a spice market at dawn — citrus peel and pepper in the background, with something earthy and slightly powdery underneath..",3517
19310,warm sandalwood nutmeg fragrance,"Accords: fresh spicy, rose, warm spicy. Notes: black pepper, cardamom, caraway, rose, nutmeg, sandalwood. Profile: It smells like a spice market at dawn — sweet pepper and cardamom mixed with white flowers, finishing with something earthy and slightly woody..","Accords: fresh spicy, aromatic, amber. Notes: bergamot, tonka bean, geranium, amber. Profile: It smells like a spice market at dawn — bergamot and tonka in the background, with something earthy and slightly amber underneath..",15055
9921,sweet caramel vanilla perfume for women,"Accords: caramel, sweet, powdery. Notes: violet, orange, bergamot, coffee, pear, iris, orange blossom, rose. Profile: It smells like a fruit stand next to an old coffee shop, where orange peel meets rose petals, with something sweet and slightly sweet lingering in the background..","Accords: caramel, sweet, amber. Notes: citruses, sweet pea, caramel, benzoin, white musk. Profile: It smells like sweet peas and caramel at first, then white musk with a hint of vanilla and warm wood..",10630
9921,coffee and caramel scent with flowers,"Accords: caramel, sweet, powdery. Notes: violet, orange, bergamot, coffee, pear, iris, orange blossom, rose. Profile: It smells like a fruit stand next to an old coffee shop, where orange peel meets rose petals, with something sweet and slightly sweet lingering in the background..","Accords: caramel, fruity, floral. Notes: pomegranate, blackberry blossom, jasmine, caramel. Profile: It smells like ripe pomegranate and blackberry at first, then soft white flowers with a hint of caramel underneath..",21356
9921,warm sugary fragrance with orange and pear,"Accords: caramel, sweet, powdery. Notes: violet, orange, bergamot, coffee, pear, iris, orange blossom, rose. Profile: It smells like a fruit stand next to an old coffee shop, where orange peel meets rose petals, with something sweet and slightly sweet lingering in the background..","Accords: caramel, powdery, amber. Notes: caramel, powdery notes, musk, benzoin, vanilla. Profile: It smells like sweet caramel and powdery notes at first, then soft vanilla and musk, finishing with a warm vanilla-vanilla base..",5014
3145,warm spicy perfume with orange and jasmine,"Accords: balsamic, amber, citrus. Notes: elemi, mandarin orange, pink pepper, bergamot, immortelle, heliotrope, jasmine, iris. Profile: It smells like citrus peel and orange peel at first, then iris and jasmine, finishing with powdery florals and a hint of woody musk..","Accords: balsamic, warm spicy, woody. Notes: mate, black pepper, pink pepper, cardamom, bergamot, water lily, magnolia, rose. Profile: It smells like a flower shop at dawn — black pepper and cardamom mixed with white flowers, then softens into something earthy and slightly powdery..",20469
3145,sweet resinous incense scent,"Accords: balsamic, amber, citrus. Notes: elemi, mandarin orange, pink pepper, bergamot, immortelle, heliotrope, jasmine, iris. Profile: It smells like citrus peel and orange peel at first, then iris and jasmine, finishing with powdery florals and a hint of woody musk..","Accords: balsamic, woody, amber. Notes: ylang-ylang, rose, bergamot, orris root, jasmine, peru balsam. Profile: It smells like a flower shop at dawn — sweet rose petals and bergamot mixed with white flowers, finishing with something earthy and slightly floral..",3139
3145,patchouli musk perfume with pepper,"Accords: balsamic, amber, citrus. Notes: elemi, mandarin orange, pink pepper, bergamot, immortelle, heliotrope, jasmine, iris. Profile: It smells like citrus peel and orange peel at first, then iris and jasmine, finishing with powdery florals and a hint of woody musk..","Accords: balsamic, woody, amber. Notes: ylang-ylang, rose, bergamot, orris root, jasmine, peru balsam. Profile: It smells like a flower shop at dawn — sweet rose petals and bergamot mixed with white flowers, finishing with something earthy and slightly floral..",3139
2855,smoky gunpowder and lime cologne,"Accords: smoky, woody, aromatic. Notes: smoke, gunpowder, lime, sea water, brandy, balsam fir, cedar, amber. Profile: It smells like a fisherman's cabin next to the ocean, with something earthy and slightly powdery lingering in the air..","Accords: smoky, musky, woody. Notes: musk, lime (linden) blossom, citruses, castoreum, iris, vanila, musk, ash. Profile: It smells like a flower shop at dawn — mossy flowers and soft iris, with something earthy and slightly powdery underneath..",1216
2855,ocean breeze with campfire smoke,"Accords: smoky, woody, aromatic. Notes: smoke, gunpowder, lime, sea water, brandy, balsam fir, cedar, amber. Profile: It smells like a fisherman's cabin next to the ocean, with something earthy and slightly powdery lingering in the air..","Accords: smoky, warm spicy, woody. Notes: smoke, cardamom, incense, ginger, ylang-ylang, agarwood (oud), tobacco, guaiac wood. Profile: It smells like burning tobacco incense and cardamom at first, then settling into something earthy and slightly sweet..",1498
2855,cedar wood and sea salt fragrance,"Accords: smoky, woody, aromatic. Notes: smoke, gunpowder, lime, sea water, brandy, balsam fir, cedar, amber. Profile: It smells like a fisherman's cabin next to the ocean, with something earthy and slightly powdery lingering in the air..","Accords: smoky, woody, ozonic. Notes: ozonic notes, water notes, green grass, palisander rosewood, cyclamen, jasmine, lily-of-the-valley, smoke. Profile: It smells like a garden shed left open in the middle of the woods, where mossy leaves meet dry flowers, with something earthy and slightly woody underfoot..",424
13813,warm spicy vanilla perfume with flowers,"Accords: soft spicy, anis, vanilla. Notes: star anise, fennel, neroli, bergamot, frangipani, orchid, clove, tuberose. Profile: It smells like a spice market at dawn — sweet citrus peel mixed with white flowers, then soft vanilla and powdery florals, finishing with something earthy and slightly woody..","Accords: soft spicy, aromatic, woody. Notes: absinthe, anise, fennel, wormwood, woody notes, patchouli, cashmere musk, oakmoss. Profile: It smells like a spice market at dawn — sweet florals mixed with fennel and wormwood, with something earthy and slightly woody underneath..",10399
13813,creamy jasmine and clove scent,"Accords: soft spicy, anis, vanilla. Notes: star anise, fennel, neroli, bergamot, frangipani, orchid, clove, tuberose. Profile: It smells like a spice market at dawn — sweet citrus peel mixed with white flowers, then soft vanilla and powdery florals, finishing with something earthy and slightly woody..","Accords: soft spicy, anis, sweet. Notes: lavender, violet, lemon, licorice, anise, hay, coumarin, vetiver. Profile: It smells like a perfumer's closet at dawn — sweet lavender and white flowers mixed with licorice, then settles into something earthy and resinous..",12940
13813,cozy sweet spice fragrance for evening,"Accords: soft spicy, anis, vanilla. Notes: star anise, fennel, neroli, bergamot, frangipani, orchid, clove, tuberose. Profile: It smells like a spice market at dawn — sweet citrus peel mixed with white flowers, then soft vanilla and powdery florals, finishing with something earthy and slightly woody..","Accords: soft spicy, anis, tobacco. Notes: star anise, pink pepper, cassis, sicilian bergamot, mandarin orange, chinese cinnamon wood, cedar, cashmeran. Profile: It smells like a spice market at dawn — sweet citrus peel mixed with powdery tobacco, then softened by warm wood and something earthy underneath..",13019
9717,smoky whiskey and tobacco scent,"Accords: smoky, warm spicy, leather. Notes: tea leaf, black pepper, cardamom, whiskey, incense, opium, birch, tobacco. Profile: It smells like a spice shop at dawn — sweet tea leaves and cardamom spilled on the counter, with something earthy and woody lingering in the background..","Accords: smoky, rose, amber. Notes: incense, pimento, bergamot, rose, leather, tobacco, guaiac wood, cashmere wood. Profile: It smells like a leather jacket left in an old woodshop, with something sweet and earthy lingering in the background..",18479
9717,spicy incense with black pepper,"Accords: smoky, warm spicy, leather. Notes: tea leaf, black pepper, cardamom, whiskey, incense, opium, birch, tobacco. Profile: It smells like a spice shop at dawn — sweet tea leaves and cardamom spilled on the counter, with something earthy and woody lingering in the background..","Accords: smoky, leather, oud. Notes: saffron, bitter orange, leather, smoke, incense, agarwood (oud). Profile: It smells like a leather jacket draped over an incense burner, with something sweet and earthy lurking in the air..",20508
9717,dark oud and birch wood smoke,"Accords: smoky, warm spicy, leather. Notes: tea leaf, black pepper, cardamom, whiskey, incense, opium, birch, tobacco. Profile: It smells like a spice shop at dawn — sweet tea leaves and cardamom spilled on the counter, with something earthy and woody lingering in the background..","Accords: smoky, aromatic, woody. Notes: chrysanthemum, orris, elemi, rum, vetiver, rose, ash, leather. Profile: It smells like a leather jacket draped over an old wooden desk, where dried orchids sit next to white flowers, with something earthy and slightly powdery underneath..",19190
18579,sweet honey vanilla perfume,"Accords: honey, sweet, anis. Notes: anise, bergamot, honey, vanilla, patchouli. Profile: It smells like a spice market at dawn — sweet citrus and honey mixed with vanilla syrup, then softens into something earthy and slightly sweet..","Accords: honey, sweet, warm spicy. Notes: rum, bergamot, tarragon, tobacco, ginger, rose, honey, beeswax. Profile: It smells like rum and honey at first, then sweet honey and vanilla, finishing with soft leather and warm wood..",20102
18579,warm spicy anise and honey scent,"Accords: honey, sweet, anis. Notes: anise, bergamot, honey, vanilla, patchouli. Profile: It smells like a spice market at dawn — sweet citrus and honey mixed with vanilla syrup, then softens into something earthy and slightly sweet..","Accords: honey, sweet, warm spicy. Notes: rum, bergamot, tarragon, tobacco, ginger, rose, honey, beeswax. Profile: It smells like rum and honey at first, then sweet honey and vanilla, finishing with soft leather and warm wood..",20102
18579,bergamot patchouli with honeyed sweetness,"Accords: honey, sweet, anis. Notes: anise, bergamot, honey, vanilla, patchouli. Profile: It smells like a spice market at dawn — sweet citrus and honey mixed with vanilla syrup, then softens into something earthy and slightly sweet..","Accords: honey, sweet, warm spicy. Notes: rum, bergamot, tarragon, tobacco, ginger, rose, honey, beeswax. Profile: It smells like rum and honey at first, then sweet honey and vanilla, finishing with soft leather and warm wood..",20102
13002,soapy clean floral perfume for special occasions,"Accords: aldehydic, woody, fresh spicy. Notes: aldehydes, bergamot, bourbon geranium, ylang-ylang, tuberose, rose, jasmine, olibanum. Profile: It smells like a perfumer's closet at dawn — sweet aldehydes mixed with powdery roses, then softened by something earthy and slightly woody..","Accords: aldehydic, fresh, mossy. Notes: aldehydes, blood mandarin, syringa, may rose, lily-of-the-valley, ylang-ylang, oakmoss, musk. Profile: It smells like a perfumer's purse full of aldehydes and white flowers, with something earthy and slightly floral lurking in the air..",768
13002,powdery white flowers with vanilla and sandalwood,"Accords: aldehydic, woody, fresh spicy. Notes: aldehydes, bergamot, bourbon geranium, ylang-ylang, tuberose, rose, jasmine, olibanum. Profile: It smells like a perfumer's closet at dawn — sweet aldehydes mixed with powdery roses, then softened by something earthy and slightly woody..","Accords: aldehydic, fresh, musky. Notes: aldehydes, pear, lily-of-the-valley, orange blossom, rose, iris, white musk, ambrette (musk mallow). Profile: It smells like ripe pear and roses at first, then white flowers with a hint of powdery musk underneath..",14166
13002,classic perfume that smells like expensive soap and jasmine,"Accords: aldehydic, woody, fresh spicy. Notes: aldehydes, bergamot, bourbon geranium, ylang-ylang, tuberose, rose, jasmine, olibanum. Profile: It smells like a perfumer's closet at dawn — sweet aldehydes mixed with powdery roses, then softened by something earthy and slightly woody..","Accords: aldehydic, musky, powdery. Notes: aldehydes, bergamot, heliotrope, jasmine, white musk, cashmeran. Profile: It smells like a perfumer's locker room at dawn — powdery aldehydes mixed with white flowers, then softens into something earthy and slightly sweet..",10749
14479,spicy cinnamon perfume with oud and incense,"Accords: warm spicy, tobacco, woody. Notes: cinnamon, agarwood (oud), incense, saffron, nutmeg, green apple, white pear, patchouli. Profile: It smells like a spice market at dawn — sweet cinnamon and sugar mixed with powdery incense, then settles into something earthy and slightly woody..","Accords: warm spicy, woody, cinnamon. Notes: cinnamon, clove, saffron, caraway, mandarin orange, calabrian bergamot, sandalwood, vanilla. Profile: It smells like a spice market at dawn — sweet cinnamon and orange peel mixed with white flowers, then soft vanilla and powdered sugar, finishing with something earthy and slightly sweet..",17869
14479,warm tobacco and vanilla scent,"Accords: warm spicy, tobacco, woody. Notes: cinnamon, agarwood (oud), incense, saffron, nutmeg, green apple, white pear, patchouli. Profile: It smells like a spice market at dawn — sweet cinnamon and sugar mixed with powdery incense, then settles into something earthy and slightly woody..","Accords: warm spicy, aromatic, herbal. Notes: coriander, artemisia, lemon, bergamot, clove, cardamom, sage, bulgarian rose. Profile: It smells like a spice market at dawn — citrus peel mixed with cardamom, then dried herbs and powdered roses, finishing with something earthy and slightly sweet..",1740
14479,perfume that smells like apple cinnamon and sandalwood,"Accords: warm spicy, tobacco, woody. Notes: cinnamon, agarwood (oud), incense, saffron, nutmeg, green apple, white pear, patchouli. Profile: It smells like a spice market at dawn — sweet cinnamon and sugar mixed with powdery incense, then settles into something earthy and slightly woody..","Accords: warm spicy, floral, fresh spicy. Notes: pepper, saffron, cloves, champaca, pepper, vetiver, musk, cedar. Profile: It smells like powdery pepper and saffron at first, then soft vetiver and wood, finishing with something earthy and slightly woody..",11742
16574,fresh fig and bergamot perfume,"Accords: amber, citrus, fresh spicy. Notes: calabrian bergamot, water notes, grapefruit, fig leaf, ambroxan, black pepper, patchouli, violet leaf. Profile: It smells like a spice market at dawn — citrus peel and fig leaves mixed with powdery incense, then softens into something earthy and slightly sweet..","Accords: amber, vanilla, warm spicy. Notes: cardamom, green apple, green mandarin, nutmeg, lavender, orange blossom, tonka bean, amber. Profile: It smells like a spice market at dawn — sweet almonds and citrus peel mixed with nutmeg, then soft leather with something earthy and slightly leathery..",18602
16574,clean aquatic amber musk cologne,"Accords: amber, citrus, fresh spicy. Notes: calabrian bergamot, water notes, grapefruit, fig leaf, ambroxan, black pepper, patchouli, violet leaf. Profile: It smells like a spice market at dawn — citrus peel and fig leaves mixed with powdery incense, then softens into something earthy and slightly sweet..","Accords: amber, warm spicy, musky. Notes: angelica, thyme, mint, cinnamon, pepper, gentiana, rose, amber. Profile: It smells like a spice market at dawn — sweet citrus and mint mixed with warm wood, finishing with something earthy and slightly powdery..",16341
16574,warm spicy incense with tonka bean,"Accords: amber, citrus, fresh spicy. Notes: calabrian bergamot, water notes, grapefruit, fig leaf, ambroxan, black pepper, patchouli, violet leaf. Profile: It smells like a spice market at dawn — citrus peel and fig leaves mixed with powdery incense, then softens into something earthy and slightly sweet..","Accords: amber, musky, powdery. Notes: pink pepper, bergamot, geranium, ambergris, violet, patchouli, agarwood (oud), musk. Profile: It smells like a spice market at dawn — sweet peppercorns mixed with white flowers, then soft vanilla and something powdery lingers in the air..",21786
15966,fresh citrus leaves and herbs,"Accords: herbal, aromatic, fresh spicy. Notes: petitgrain, neroli, chamomile, basil. Profile: It smells like a spice market at dawn — sweet citrus peel mixed with white flowers, then softens into something earthy and slightly floral..","Accords: herbal, patchouli, woody. Notes: rum, artemisia, patchouli. Profile: It smells like a cocktail bar at dawn, with something sweet and slightly earthy lurking in the background..",7638
15966,calming chamomile tea scent,"Accords: herbal, aromatic, fresh spicy. Notes: petitgrain, neroli, chamomile, basil. Profile: It smells like a spice market at dawn — sweet citrus peel mixed with white flowers, then softens into something earthy and slightly floral..","Accords: herbal, patchouli, woody. Notes: rum, artemisia, patchouli. Profile: It smells like a cocktail bar at dawn, with something sweet and slightly earthy lurking in the background..",7638
15966,green basil and orange blossom perfume,"Accords: herbal, aromatic, fresh spicy. Notes: petitgrain, neroli, chamomile, basil. Profile: It smells like a spice market at dawn — sweet citrus peel mixed with white flowers, then softens into something earthy and slightly floral..","Accords: herbal, patchouli, woody. Notes: rum, artemisia, patchouli. Profile: It smells like a cocktail bar at dawn, with something sweet and slightly earthy lurking in the background..",7638
1198,fresh cucumber and lime scent,"Accords: ozonic, aquatic, aromatic. Notes: cucumber, juniper berries, lime, rose, musk, sandalwood. Profile: It smells like a spice market at dawn — sweet currants and berries mixed with powdery roses, then softening into something earthy and slightly woody..","Accords: ozonic, powdery, iris. Notes: violet leaf, lemon verbena, mint, iris, lavender, geranium, bergamot, sandalwood. Profile: It smells like a perfumer's closet at dawn — white flowers blooming in the air, with something powdery and slightly woody underneath..",9461
1198,clean watery smell like after rain,"Accords: ozonic, aquatic, aromatic. Notes: cucumber, juniper berries, lime, rose, musk, sandalwood. Profile: It smells like a spice market at dawn — sweet currants and berries mixed with powdery roses, then softening into something earthy and slightly woody..","Accords: ozonic, powdery, iris. Notes: violet leaf, lemon verbena, mint, iris, lavender, geranium, bergamot, sandalwood. Profile: It smells like a perfumer's closet at dawn — white flowers blooming in the air, with something powdery and slightly woody underneath..",9461
1198,light airy perfume with juniper,"Accords: ozonic, aquatic, aromatic. Notes: cucumber, juniper berries, lime, rose, musk, sandalwood. Profile: It smells like a spice market at dawn — sweet currants and berries mixed with powdery roses, then softening into something earthy and slightly woody..","Accords: ozonic, aquatic, fruity. Notes: pineapple, watermelon, melon, musk. Profile: It smells like ripe pineapple and watermelon at first, then settles into something soft and slightly powdery..",21371
14731,dark woody perfume with roses,"Accords: oud, rose, woody. Notes: labdanum, rose, patchouli, saffron, agarwood (oud), sandalwood, cedar. Profile: It smells like a flower shop at dawn — powdery roses and saffron in the background, with something earthy and slightly woody underneath..","Accords: oud, rose, woody. Notes: rose, saffron, ylang-ylang, cedar, amber, iris, agarwood (oud), musk. Profile: It smells like rose petals and saffron at first, then woody iris and amber, finishing with a hint of earthy wood..",11801
14731,spicy oud and saffron scent,"Accords: oud, rose, woody. Notes: labdanum, rose, patchouli, saffron, agarwood (oud), sandalwood, cedar. Profile: It smells like a flower shop at dawn — powdery roses and saffron in the background, with something earthy and slightly woody underneath..","Accords: oud, woody, amber. Notes: labdanum, mandarin orange, saffron, ylang-ylang, lily, cypriol oil or nagarmotha, agarwood (oud), labdanum. Profile: It smells like citrus peel and orange peel at first, then agarwood (oud) and warm saffron, finishing with something earthy and slightly sweet..",10183
14731,heavy incense church smell,"Accords: oud, rose, woody. Notes: labdanum, rose, patchouli, saffron, agarwood (oud), sandalwood, cedar. Profile: It smells like a flower shop at dawn — powdery roses and saffron in the background, with something earthy and slightly woody underneath..","Accords: oud, sweet, nutty. Notes: cardamom, coriander, ginger, hazelnut, caramel, praline, agarwood (oud). Profile: It smells like cardamom and ginger at first, then caramelized almonds, finishing with a hint of woody sweetness..",21064
10215,white chocolate and fruity flowers perfume,"Accords: cacao, fruity, woody. Notes: apple, peach, grapefruit, magnolia, floral notes, lily, white chocolate truffle, cacao. Profile: It smells like ripe apple and peach at first, then white chocolate and vanilla, finishing with a soft, slightly woody base..","Accords: cacao, vanilla, white floral. Notes: gardenia, cacao, vanilla. Profile: It smells like a spice market at dawn — sweet tropical fruits mixed with vanilla and powdered sugar..",16046
10215,peach magnolia lily sweet scent,"Accords: cacao, fruity, woody. Notes: apple, peach, grapefruit, magnolia, floral notes, lily, white chocolate truffle, cacao. Profile: It smells like ripe apple and peach at first, then white chocolate and vanilla, finishing with a soft, slightly woody base..","Accords: cacao, warm spicy, sweet. Notes: red fruits, red apple, orange blossom, jasmine, cacao, vanilla, sandalwood, musk. Profile: It smells like ripe apples and orange blossoms at first, then soft vanilla and powdery wood, finishing with a warm, slightly earthy base..",15260
10215,creamy chocolate sandalwood musk,"Accords: cacao, fruity, woody. Notes: apple, peach, grapefruit, magnolia, floral notes, lily, white chocolate truffle, cacao. Profile: It smells like ripe apple and peach at first, then white chocolate and vanilla, finishing with a soft, slightly woody base..","Accords: cacao, fruity, nutty. Notes: cranberry, hazelnut, jasmine, cacao pod, amber. Profile: It smells like sweet cranberries and hazelnuts at first, then soft vanilla and powdery amber..",18147
19677,cold metallic cologne with pepper and lavender,"Accords: fresh spicy, amber, lavender. Notes: bergamot, pepper, lavender, metallic notes, watery notes, coal, soil tincture, ambroxan. Profile: It smells like dried pepper and powdered coal at first, then settles into something earthy and slightly rusty..","Accords: fresh spicy, citrus, warm spicy. Notes: citron, lime, lemon, sichuan pepper, cardamom, coriander, nutmeg, cinnamon. Profile: It smells like a spice market at dawn — citrus peel mixed with peppercorns, then dried herbs and powdery spices, finishing with something earthy and slightly sweet..",14862
19677,fresh bergamot perfume that smells like wet stones,"Accords: fresh spicy, amber, lavender. Notes: bergamot, pepper, lavender, metallic notes, watery notes, coal, soil tincture, ambroxan. Profile: It smells like dried pepper and powdered coal at first, then settles into something earthy and slightly rusty..","Accords: fresh spicy, leather, warm spicy. Notes: pepper, nutmeg, grapefruit, leather, cardamom, labdanum, amber, peppertree. Profile: It smells like a leather jacket left open in an old spice shop — powdery pepper and cardamom mixed with amber, with something earthy and slightly sweet underneath..",16300
19677,earthy spicy fragrance with watery mineral vibe,"Accords: fresh spicy, amber, lavender. Notes: bergamot, pepper, lavender, metallic notes, watery notes, coal, soil tincture, ambroxan. Profile: It smells like dried pepper and powdered coal at first, then settles into something earthy and slightly rusty..","Accords: fresh spicy, aromatic, woody. Notes: grapefruit, orange, pepper, pelargonium, cedar, vetiver, patchouli, benzoin. Profile: It smells like citrus peel and orange peel at first, then sweet pepper and powdery vetiver, finishing with something earthy and slightly leathery..",16498
2216,soft powdery rose perfume,"Accords: powdery, floral, violet. Notes: bulgarian rose, hawthorn, black currant, mandarin orange, parma violet, rose, opoponax, jasmine. Profile: It smells like a rose garden at dawn — sweet rose petals and citrus peel mixed with white flowers, then settles into powdery incense..","Accords: powdery, floral, musky. Notes: iris, peach, bergamot, heliotrope, peony, bulgarian rose, white musk, suede. Profile: It smells like peach and pear at first, then white musk and soft suede, with a warm, slightly powdery base..",8044
2216,vanilla musk with violet and jasmine,"Accords: powdery, floral, violet. Notes: bulgarian rose, hawthorn, black currant, mandarin orange, parma violet, rose, opoponax, jasmine. Profile: It smells like a rose garden at dawn — sweet rose petals and citrus peel mixed with white flowers, then settles into powdery incense..","Accords: powdery, musky, iris. Notes: iris, rose, musk, amber. Profile: It smells like iris petals and rose petals at first, then soft amber and warm wood..",11820
2216,sweet floral with incense and berries,"Accords: powdery, floral, violet. Notes: bulgarian rose, hawthorn, black currant, mandarin orange, parma violet, rose, opoponax, jasmine. Profile: It smells like a rose garden at dawn — sweet rose petals and citrus peel mixed with white flowers, then settles into powdery incense..","Accords: powdery, violet, woody. Notes: red currant, pink grapefruit, violet, rose, white musk, tea, sandalwood, patchouli. Profile: It smells like ripe grapefruit and white flowers at first, then settles into something earthy and slightly woody..",16610
9999,creamy coconut milk perfume with warm spices,"Accords: lactonic, woody, sweet. Notes: wheat, milk, licorice, coconut, immortelle, sandalwood, apricot, spices. Profile: It smells like a spice market at dawn — milky and powdery, with something sweet and earthy lurking in the background..","Accords: lactonic, sweet, anis. Notes: star anise, bergamot, heliotrope, milk, caramel, almond, vanille, musk. Profile: It smells like sweet almond milk and caramel, with a creamy vanilla-vanille base underneath..",16808
9999,sweet apricot and sandalwood fragrance,"Accords: lactonic, woody, sweet. Notes: wheat, milk, licorice, coconut, immortelle, sandalwood, apricot, spices. Profile: It smells like a spice market at dawn — milky and powdery, with something sweet and earthy lurking in the background..","Accords: lactonic, sweet, anis. Notes: star anise, bergamot, heliotrope, milk, caramel, almond, vanille, musk. Profile: It smells like sweet almond milk and caramel, with a creamy vanilla-vanille base underneath..",16808
9999,perfume that smells like wheat and licorice,"Accords: lactonic, woody, sweet. Notes: wheat, milk, licorice, coconut, immortelle, sandalwood, apricot, spices. Profile: It smells like a spice market at dawn — milky and powdery, with something sweet and earthy lurking in the background..","Accords: lactonic, sweet, vanilla. Notes: butter, sugar, milk, milk chocolate, vanilla, white musk. Profile: It smells like butter and sugar at first, then milk chocolate and vanilla, with a hint of white musk underneath..",1795
11223,warm woody perfume with vanilla and musk,"Accords: woody, amber, balsamic. Notes: brazilian rosewood, aldehydes, mandarin orange, bergamot, peony, lily, ylang-ylang, wallflower. Profile: It smells like a florist's pantry full of rose petals and citrus peel, with something earthy and slightly sweet lurking in the air..","Accords: woody, iris, earthy. Notes: orange blossom, bergamot, mandarin orange, iris flower, ylang-ylang, osmanthus, jasmine sambac, rose. Profile: It smells like orange blossoms and citrus peel at first, then white flowers with a hint of rose, finishing with something earthy and slightly floral..",6886
11223,jasmine rose sandalwood perfume,"Accords: woody, amber, balsamic. Notes: brazilian rosewood, aldehydes, mandarin orange, bergamot, peony, lily, ylang-ylang, wallflower. Profile: It smells like a florist's pantry full of rose petals and citrus peel, with something earthy and slightly sweet lurking in the air..","Accords: woody, fruity, powdery. Notes: strawberry, pomegranate, peony, lily-of-the-valley, powdery notes, woody notes. Profile: It smells like ripe strawberries and peonies at first, then settles into something earthy and woody..",3974
11223,fresh citrus bergamot turning into soft amber vanilla,"Accords: woody, amber, balsamic. Notes: brazilian rosewood, aldehydes, mandarin orange, bergamot, peony, lily, ylang-ylang, wallflower. Profile: It smells like a florist's pantry full of rose petals and citrus peel, with something earthy and slightly sweet lurking in the air..","Accords: woody, citrus, warm spicy. Notes: pineapple, grapefruit, amalfi lemon, jasmine, rose, sandalwood, spices, virginia cedar. Profile: It smells like ripe citrus and white flowers at first, then settles into something earthy and slightly woody..",12433
3609,tropical coconut sunscreen beach scent,"Accords: coconut, green, woody. Notes: palm leaf, gardenia, coconut, sea salt, vanilla, sandalwood, virginia cedar, benzoin. Profile: It smells like a tropical garden at dawn — powdery palms mixed with salty seaweed, then softening into something earthy and slightly sweet..","Accords: coconut, marine, vanilla. Notes: coconut nectar, lemon zest, lotus, wild orchid, jasmine sambac, sea notes, vanilla, amber. Profile: It smells like a tropical garden at dawn — sweet coconut and citrus peel mixed with white flowers, then softens into something earthy and slightly powdery..",14304
3609,creamy vanilla coconut with salt air,"Accords: coconut, green, woody. Notes: palm leaf, gardenia, coconut, sea salt, vanilla, sandalwood, virginia cedar, benzoin. Profile: It smells like a tropical garden at dawn — powdery palms mixed with salty seaweed, then softening into something earthy and slightly sweet..","Accords: coconut, marine, vanilla. Notes: coconut nectar, lemon zest, lotus, wild orchid, jasmine sambac, sea notes, vanilla, amber. Profile: It smells like a tropical garden at dawn — sweet coconut and citrus peel mixed with white flowers, then softens into something earthy and slightly powdery..",14304
3609,sweet coconut sandalwood perfume,"Accords: coconut, green, woody. Notes: palm leaf, gardenia, coconut, sea salt, vanilla, sandalwood, virginia cedar, benzoin. Profile: It smells like a tropical garden at dawn — powdery palms mixed with salty seaweed, then softening into something earthy and slightly sweet..","Accords: coconut, woody, vanilla. Notes: coconut, coconut, white wood, musk, vanilla. Profile: It smells like a spice counter at dawn — dark chocolate mixed with powdered wood, then soft vanilla and something faintly sweet..",2317
15039,warm cinnamon tea with roses,"Accords: fresh spicy, rose, woody. Notes: caraway, cinnamon, pink nerium oleander, damask rose, tea, geranium, jasmine, agarwood (oud). Profile: It smells like a spice shop at dawn — sweet vanilla and citrus peel mixed with powdered sugar, then settles into something earthy and slightly floral..","Accords: fresh spicy, rose, warm spicy. Notes: bergamot, may rose, geranium, ylang-ylang, galbanum, pepper, birch, cinnamon. Profile: It smells like a spice market at dawn — sweet citrus peel mixed with powdery spices, then dried herbs and vanilla, finishing with something earthy and slightly floral..",9002
15039,spicy incense and vanilla,"Accords: fresh spicy, rose, woody. Notes: caraway, cinnamon, pink nerium oleander, damask rose, tea, geranium, jasmine, agarwood (oud). Profile: It smells like a spice shop at dawn — sweet vanilla and citrus peel mixed with powdered sugar, then settles into something earthy and slightly floral..","Accords: fresh spicy, woody, citrus. Notes: bergamot, pepper, rose, black tea, lavender, fig, peony, jasmine. Profile: It smells like a spice shop next to an old wooden furniture store — sweet pear and rose petals mixed with powdery white flowers, finishing with something earthy and slightly woody..",8654
15039,sandalwood oud morning tea scent,"Accords: fresh spicy, rose, woody. Notes: caraway, cinnamon, pink nerium oleander, damask rose, tea, geranium, jasmine, agarwood (oud). Profile: It smells like a spice shop at dawn — sweet vanilla and citrus peel mixed with powdered sugar, then settles into something earthy and slightly floral..","Accords: fresh spicy, amber, floral. Notes: chamomile, coriander, bergamot, peach, red berries, pepper, rose, jasmine. Profile: It smells like a spice market at dawn — sweet peaches and citrus peel mixed with white flowers, then soft leather and mossy wood..",8873
18377,spicy licorice vanilla perfume,"Accords: anis, soft spicy, rose. Notes: star anise, rose, ginger, african orange flower, vanilla, amber. Profile: It smells like a florist's pantry full of rose petals and citrus peel at first, then settles into something earthy and slightly sweet..","Accords: anis, soft spicy, powdery. Notes: star anise, peach, mandarin orange, orange blossom, heliotrope, jasmine, freesia, lily-of-the-valley. Profile: It smells like sweet peach and orange peel at first, then white flowers and jasmine, finishing with something earthy and slightly musky..",3833
18377,warm ginger rose scent,"Accords: anis, soft spicy, rose. Notes: star anise, rose, ginger, african orange flower, vanilla, amber. Profile: It smells like a florist's pantry full of rose petals and citrus peel at first, then settles into something earthy and slightly sweet..","Accords: anis, soft spicy, powdery. Notes: star anise, peach, mandarin orange, orange blossom, heliotrope, jasmine, freesia, lily-of-the-valley. Profile: It smells like sweet peach and orange peel at first, then white flowers and jasmine, finishing with something earthy and slightly musky..",3833
18377,sweet anise amber fragrance,"Accords: anis, soft spicy, rose. Notes: star anise, rose, ginger, african orange flower, vanilla, amber. Profile: It smells like a florist's pantry full of rose petals and citrus peel at first, then settles into something earthy and slightly sweet..","Accords: anis, soft spicy, powdery. Notes: star anise, peach, mandarin orange, orange blossom, heliotrope, jasmine, freesia, lily-of-the-valley. Profile: It smells like sweet peach and orange peel at first, then white flowers and jasmine, finishing with something earthy and slightly musky..",3833
6255,fresh lemon and bergamot perfume,"Accords: citrus, green, woody. Notes: lemon, green notes, bergamot, mandarin orange, pineapple, cardamom, papaya, lily-of-the-valley. Profile: It smells like citrus peel and orange peel at first, then white flowers and powdery roses, finishing with a warm, woody base..","Accords: citrus, amber, fresh spicy. Notes: nashi pear, kumquat, bergamot, caramel, geranium, ambergris, musk, oakmoss. Profile: It smells like sweet pear and kumquat at first, then creamy caramel with a hint of woody musk underneath..",13153
6255,citrus green tea cologne,"Accords: citrus, green, woody. Notes: lemon, green notes, bergamot, mandarin orange, pineapple, cardamom, papaya, lily-of-the-valley. Profile: It smells like citrus peel and orange peel at first, then white flowers and powdery roses, finishing with a warm, woody base..","Accords: citrus, woody, sweet. Notes: orange, bergamot, violet, black locust, fruity notes, virginia cedar, amber, patchouli. Profile: It smells like orange peel and bergamot at first, then white flowers with a hint of powdery amber underneath..",17963
6255,tropical pineapple papaya fragrance,"Accords: citrus, green, woody. Notes: lemon, green notes, bergamot, mandarin orange, pineapple, cardamom, papaya, lily-of-the-valley. Profile: It smells like citrus peel and orange peel at first, then white flowers and powdery roses, finishing with a warm, woody base..","Accords: citrus, green, musky. Notes: verbena, grapefruit, lemon, cactus, aloe vera, verbena, neroli, musk. Profile: It smells like a fruit stand next to an old church — citrus peel and lemon peel mixed with white flowers, then softens into something powdery and slightly sweet..",9444
13375,clean soapy perfume with citrus and powder,"Accords: aldehydic, yellow floral, powdery. Notes: yellow mandarin, aldehydes, cardamom, mimosa absolute, solar notes, violet leaf, beeswax, musk. Profile: It smells like a perfumer's closet at dawn — bright citrus peel and powdery beeswax mingling with white flowers, finishing with something earthy and slightly woody..","Accords: aldehydic, musky, powdery. Notes: aldehydes, bergamot, heliotrope, jasmine, white musk, cashmeran. Profile: It smells like a perfumer's locker room at dawn — powdery aldehydes mixed with white flowers, then softens into something earthy and slightly sweet..",10749
13375,fresh mandarin and violet leaves fragrance,"Accords: aldehydic, yellow floral, powdery. Notes: yellow mandarin, aldehydes, cardamom, mimosa absolute, solar notes, violet leaf, beeswax, musk. Profile: It smells like a perfumer's closet at dawn — bright citrus peel and powdery beeswax mingling with white flowers, finishing with something earthy and slightly woody..","Accords: aldehydic, musky, powdery. Notes: aldehydes, rose, orange blossom, hawthorn, musk, sandalwood. Profile: It smells like a perfumer's closet at dawn — sweet rose petals and white flowers mixed with powdery sandalwood, finishing with something earthy and woody..",7000
13375,warm waxy floral with cedar musk,"Accords: aldehydic, yellow floral, powdery. Notes: yellow mandarin, aldehydes, cardamom, mimosa absolute, solar notes, violet leaf, beeswax, musk. Profile: It smells like a perfumer's closet at dawn — bright citrus peel and powdery beeswax mingling with white flowers, finishing with something earthy and slightly woody..","Accords: aldehydic, fruity, fresh. Notes: aldehydes, white peach, tea, bergamot, osmanthus, jasmine, magnolia, musk. Profile: It smells like sweet peaches and white flowers at first, then soft vanilla and resinous wood, finishing with a hint of powdery amber..",1495
12504,warm musky vanilla amber perfume,"Accords: musky, powdery, white floral. Notes: african orange flower, osmanthus, bergamot, musk, amber, vetiver, vanille, patchouli. Profile: It smells like a flower shop at dawn — orange blossoms blooming in the air, with something powdery and slightly woody underneath..","Accords: musky, powdery, fresh. Notes: aldehydes, bergamot, mandarin orange, iris, lily-of-the-valley, rose, musk, benzoin. Profile: It smells like citrus peel and iris at first, then white flowers, with a hint of vanilla and resinous wood underneath..",12349
12504,clean white musk with orange blossom,"Accords: musky, powdery, white floral. Notes: african orange flower, osmanthus, bergamot, musk, amber, vetiver, vanille, patchouli. Profile: It smells like a flower shop at dawn — orange blossoms blooming in the air, with something powdery and slightly woody underneath..","Accords: musky, rose, powdery. Notes: white pepper, pink pepper, black pepper, damask rose, indian jasmine, iris, white musk, ambrette (musk mallow). Profile: It smells like a spice market at dawn — sweet peppercorns mixed with white flowers, then soft musk and something faintly floral..",19143
12504,soft skin scent with patchouli and musk,"Accords: musky, powdery, white floral. Notes: african orange flower, osmanthus, bergamot, musk, amber, vetiver, vanille, patchouli. Profile: It smells like a flower shop at dawn — orange blossoms blooming in the air, with something powdery and slightly woody underneath..","Accords: musky, white floral, woody. Notes: jasmine, bulgarian rose, orange blossom, musk, coumarin, cedar, vetiver, patchouli. Profile: It smells like a flower shop at dawn — jasmine and rose petals mixed with musk, then softens into something earthy and slightly powdery..",14485
4935,sweet vanilla jasmine perfume,"Accords: balsamic, vanilla, woody. Notes: jasmine sambac, pink grapefruit, vanilla flower, pink lotus, white lotus, dragon blood resin, sandalwood, siam benzoin. Profile: It smells like citrus peel and white flowers at first, then soft vanilla and powdery lotus, finishing with a warm, slightly woody base..","Accords: balsamic, aromatic, amber. Notes: absinthe, bergamot, lemon, peru balsam, orange blossom, spices, carnation, musk. Profile: It smells like a perfumer's closet at dawn — sweet citrus peel mixed with white flowers, then softens into something earthy and slightly powdery..",5667
4935,grapefruit and sandalwood fragrance,"Accords: balsamic, vanilla, woody. Notes: jasmine sambac, pink grapefruit, vanilla flower, pink lotus, white lotus, dragon blood resin, sandalwood, siam benzoin. Profile: It smells like citrus peel and white flowers at first, then soft vanilla and powdery lotus, finishing with a warm, slightly woody base..","Accords: balsamic, aromatic, amber. Notes: absinthe, bergamot, lemon, peru balsam, orange blossom, spices, carnation, musk. Profile: It smells like a perfumer's closet at dawn — sweet citrus peel mixed with white flowers, then softens into something earthy and slightly powdery..",5667
4935,warm resin incense with flowers,"Accords: balsamic, vanilla, woody. Notes: jasmine sambac, pink grapefruit, vanilla flower, pink lotus, white lotus, dragon blood resin, sandalwood, siam benzoin. Profile: It smells like citrus peel and white flowers at first, then soft vanilla and powdery lotus, finishing with a warm, slightly woody base..","Accords: balsamic, aromatic, amber. Notes: absinthe, bergamot, lemon, peru balsam, orange blossom, spices, carnation, musk. Profile: It smells like a perfumer's closet at dawn — sweet citrus peel mixed with white flowers, then softens into something earthy and slightly powdery..",5667
21182,fresh mint vanilla with lavender,"Accords: vanilla, fruity, sweet. Notes: pear, lavender, mint, bergamot, lemon, cinnamon, clary sage, caraway. Profile: It smells like ripe pear and mint at first, then creamy vanilla with a hint of spiced wood underneath..","Accords: vanilla, iris, powdery. Notes: lavender, elemi, pink pepper, orris, black pepper, geranium, vanilla, sesame. Profile: It smells like powdery lavender and apricots at first, then sweet vanilla and white flowers, finishing with something earthy and slightly sweet..",18658
21182,sweet pear and cinnamon perfume,"Accords: vanilla, fruity, sweet. Notes: pear, lavender, mint, bergamot, lemon, cinnamon, clary sage, caraway. Profile: It smells like ripe pear and mint at first, then creamy vanilla with a hint of spiced wood underneath..","Accords: vanilla, fruity, sweet. Notes: pear, lavender, mint, bergamot, lemon, cinammon, sage, coriander. Profile: It smells like ripe pear and mint at first, then sweet vanilla and powdery sage, finishing with a hint of white cedar..",21944
21182,cozy amber vanilla cedar scent,"Accords: vanilla, fruity, sweet. Notes: pear, lavender, mint, bergamot, lemon, cinnamon, clary sage, caraway. Profile: It smells like ripe pear and mint at first, then creamy vanilla with a hint of spiced wood underneath..","Accords: vanilla, powdery, violet. Notes: yuzu, pepper, violet, vanilla, cedar. Profile: It smells like a spice market at dawn — sweet pepper and spice mixed with powdery white flowers, with something earthy and slightly woody underneath..",12553
6276,fresh spring flowers with green stems,"Accords: floral, white floral, fresh. Notes: green notes, freesia, pink pepper, violet, violet leaf, tuberose, red berries, lily-of-the-valley. Profile: It smells like a flower shop at dawn — bright green flowers and white flowers mixed with powdery roses, then softened by something earthy and slightly woody..","Accords: floral, white floral, fresh. Notes: white musk, peony, freesia, peach, plum, green notes, lily-of-the-valley, jasmine. Profile: It smells like a coffee shop at dawn — white flowers and peaches mixed with powdery flowers, then settles into something earthy and slightly sweet..",7929
6276,light perfume violet and lily of the valley,"Accords: floral, white floral, fresh. Notes: green notes, freesia, pink pepper, violet, violet leaf, tuberose, red berries, lily-of-the-valley. Profile: It smells like a flower shop at dawn — bright green flowers and white flowers mixed with powdery roses, then softened by something earthy and slightly woody..","Accords: floral, sweet, fruity. Notes: pear blossom, red berries, frangipani, magnolia, jasmine, gardenia, sugar, patchouli. Profile: It smells like ripe pear and red berries at first, then white flowers with a hint of powdery sugar, finishing with something earthy and slightly sweet..",10668
6276,pink pepper and white flowers scent,"Accords: floral, white floral, fresh. Notes: green notes, freesia, pink pepper, violet, violet leaf, tuberose, red berries, lily-of-the-valley. Profile: It smells like a flower shop at dawn — bright green flowers and white flowers mixed with powdery roses, then softened by something earthy and slightly woody..","Accords: floral, fresh, rose. Notes: peony, freesia, vetiver. Profile: It smells like sweet peony and freesia at first, then soft vetiver, with a warm, slightly earthy base..",1267
20238,spicy leather jacket smell,"Accords: leather, animalic, warm spicy. Notes: cardamom, leather, jasmine sambac, amber, moss, patchouli. Profile: It smells like a leather jacket left open in an old wooden shed, with something earthy and slightly powdery underneath..","Accords: leather, woody, warm spicy. Notes: saffron, bergamot, lavender, cypriol oil or nagarmotha, rose, incense, leather, oud. Profile: It smells like a leather jacket left in an old church — saffron and lavender mixed with white flowers, then softened by something earthy and slightly woody..",17778
20238,jasmine and leather perfume,"Accords: leather, animalic, warm spicy. Notes: cardamom, leather, jasmine sambac, amber, moss, patchouli. Profile: It smells like a leather jacket left open in an old wooden shed, with something earthy and slightly powdery underneath..","Accords: leather, smoky, animalic. Notes: castoreum, cumin, osmanthus, juniper berry, castoreum, birch tar, orris, vanilla. Profile: It smells like a spice market at dawn — powdery florals mixed with white flowers, then softening into something earthy and slightly woody..",20134
20238,warm amber and moss fragrance,"Accords: leather, animalic, warm spicy. Notes: cardamom, leather, jasmine sambac, amber, moss, patchouli. Profile: It smells like a leather jacket left open in an old wooden shed, with something earthy and slightly powdery underneath..","Accords: leather, woody, citrus. Notes: raspberry, brazilian orange, sicilian lemon, rose, red thyme, honeysuckle, petitgrain, leather. Profile: It smells like ripe raspberries and citrus peel at first, then settles into soft leather and warm wood..",13131
18974,warm vanilla amber perfume for winter,"Accords: amber, warm spicy, sweet. Notes: bulgarian rose, coriander, peach, jasmine, mandarin orange, cloves, rose, orange blossom. Profile: It smells like a flower shop at dawn — sweet roses and peaches mixed with powdery flowers, then softened by something earthy and slightly floral..","Accords: amber, soft spicy, vanilla. Notes: iris, myrrh, licorice, jasmine sambac, benzoin, vanilla. Profile: It smells like sweet iris and white flowers at first, then soft vanilla and licorice, with a faint sweetness that fades into powdery vanilla..",19819
18974,rose and sandalwood cozy scent,"Accords: amber, warm spicy, sweet. Notes: bulgarian rose, coriander, peach, jasmine, mandarin orange, cloves, rose, orange blossom. Profile: It smells like a flower shop at dawn — sweet roses and peaches mixed with powdery flowers, then softened by something earthy and slightly floral..","Accords: amber, warm spicy, floral. Notes: pear, ginger, bergamot, white magnolia, white ginger lily, jasmine, benzoin, cashmere wood. Profile: It smells like sweet pear and citrus peel at first, then white flowers and jasmine, finishing with soft wood and a hint of powdery wood..",17803
18974,sweet peachy floral with spices,"Accords: amber, warm spicy, sweet. Notes: bulgarian rose, coriander, peach, jasmine, mandarin orange, cloves, rose, orange blossom. Profile: It smells like a flower shop at dawn — sweet roses and peaches mixed with powdery flowers, then softened by something earthy and slightly floral..","Accords: amber, warm spicy, fruity. Notes: blackberry, ginger, pomelo, freesia, orchid, jasmine, iris, incense. Profile: It smells like ripe blackberries and white flowers at first, then soft jasmine and incense, finishing with something earthy and slightly sweet..",5089
13965,sweet cherry almond perfume for women,"Accords: cherry, sweet, vanilla. Notes: cherry, almond, pink pepper, cherry blossom, violet, magnolia, vanilla, tonka bean. Profile: It smells like a spice market at dawn — sweet cherries and almonds mixed with white flowers, then soft vanilla and powdery vanilla, finishing with something earthy and slightly woody..","Accords: cherry, amber, sweet. Notes: cherry, pepper, lactones, oud, incense, benzoin, cypriol oil or nagarmotha, labdanum. Profile: It smells like a spice market at dawn — sweet cherries and pepper mixed with powdery incense, then softened by something earthy and slightly mossy..",10083
13965,fresh cherry blossom and vanilla scent,"Accords: cherry, sweet, vanilla. Notes: cherry, almond, pink pepper, cherry blossom, violet, magnolia, vanilla, tonka bean. Profile: It smells like a spice market at dawn — sweet cherries and almonds mixed with white flowers, then soft vanilla and powdery vanilla, finishing with something earthy and slightly woody..","Accords: cherry, amber, sweet. Notes: cherry, pepper, lactones, oud, incense, benzoin, cypriol oil or nagarmotha, labdanum. Profile: It smells like a spice market at dawn — sweet cherries and pepper mixed with powdery incense, then softened by something earthy and slightly mossy..",10083
13965,fruity floral with pink pepper and sandalwood,"Accords: cherry, sweet, vanilla. Notes: cherry, almond, pink pepper, cherry blossom, violet, magnolia, vanilla, tonka bean. Profile: It smells like a spice market at dawn — sweet cherries and almonds mixed with white flowers, then soft vanilla and powdery vanilla, finishing with something earthy and slightly woody..","Accords: cherry, sweet, almond. Notes: cherry, bitter almond, liquor, plum, almond, peru balsam, damask rose, jasmine. Profile: It smells like a spice shop at dawn — sweet almonds mixed with powdered sugar, then softened by something earthy and slightly woody..",13334
17028,fresh lemon leather jacket smell,"Accords: citrus, leather, anis. Notes: lemon, bergamot, star anise, olive blossom, guaiac wood, leather, tonka bean, tobacco. Profile: It smells like citrus peel and bergamot at first, then soft leather and warm wood, finishing with a hint of tobacco..","Accords: citrus, woody, aromatic. Notes: clementine, herbal notes, orange, lemon, nutmeg, cardamom, floral notes, vetiver. Profile: It smells like a spice market at dawn — citrus peel and orange peel mixed with nutmeg, then softens into something earthy and slightly powdery..",428
17028,bergamot tobacco with warm spices,"Accords: citrus, leather, anis. Notes: lemon, bergamot, star anise, olive blossom, guaiac wood, leather, tonka bean, tobacco. Profile: It smells like citrus peel and bergamot at first, then soft leather and warm wood, finishing with a hint of tobacco..","Accords: citrus, fresh spicy, aromatic. Notes: blood orange, grapefruit, lemon, pear, pink pepper, nutmeg, geranium, sandalwood. Profile: It smells like citrus peel and pear at first, then sweet pepper and nutmeg, finishing with something earthy and slightly woody..",15024
17028,citrus perfume with woody leather base,"Accords: citrus, leather, anis. Notes: lemon, bergamot, star anise, olive blossom, guaiac wood, leather, tonka bean, tobacco. Profile: It smells like citrus peel and bergamot at first, then soft leather and warm wood, finishing with a hint of tobacco..","Accords: citrus, aromatic, warm spicy. Notes: bergamot, lime, amalfi lemon, jasmine, sage, cardamom, cinnamon, sandalwood. Profile: It smells like citrus peel and lemon at first, then white flowers and sandalwood, finishing with something earthy and slightly leathery..",18088
15986,coffee shop with fresh roses,"Accords: coffee, rose, vanilla. Notes: coffee, turkey red rose, roasted coffee beans, french rose, woodsy notes, vanilla, caramel, white musk. Profile: It smells like roasted coffee beans and vanilla, with a soft vanilla-caramel base underneath..","Accords: coffee, warm spicy, lactonic. Notes: apple, sea notes, mint, coffee, milk, amber, leather, cedar. Profile: It smells like ripe apple and mint at first, then settles into something earthy and slightly woody..",10143
15986,sweet vanilla coffee and caramel,"Accords: coffee, rose, vanilla. Notes: coffee, turkey red rose, roasted coffee beans, french rose, woodsy notes, vanilla, caramel, white musk. Profile: It smells like roasted coffee beans and vanilla, with a soft vanilla-caramel base underneath..","Accords: coffee, warm spicy, aromatic. Notes: roasted coffee beans, tobacco, vetiver. Profile: It smells like roasted coffee beans and tobacco smoke at first, then settles into something earthy and slightly sweet..",6205
15986,roasted coffee beans with woody smell,"Accords: coffee, rose, vanilla. Notes: coffee, turkey red rose, roasted coffee beans, french rose, woodsy notes, vanilla, caramel, white musk. Profile: It smells like roasted coffee beans and vanilla, with a soft vanilla-caramel base underneath..","Accords: coffee, warm spicy, lactonic. Notes: apple, sea notes, mint, coffee, milk, amber, leather, cedar. Profile: It smells like ripe apple and mint at first, then settles into something earthy and slightly woody..",10143
1270,perfume that smells like coca cola,"Accords: coca-cola, warm spicy, woody. Notes: coca-cola, lime, cinnamon, apple, nutmeg, cedar, amberwood. Profile: It smells like a coffee shop at dawn — citrus peel mixed with cinnamon, then dried fruit, finishing with something earthy and woody..","Accords: coca-cola, warm spicy, rum. Notes: coca-cola, rum, lime, black pepper, birch, davana, vanilla, white musk. Profile: It smells like a liquor store next to an old-fashioned coffee shop — sweet rum mixed with powdered sugar, then softened by something powdery and slightly amber..",16100
1270,spicy cinnamon apple fragrance,"Accords: coca-cola, warm spicy, woody. Notes: coca-cola, lime, cinnamon, apple, nutmeg, cedar, amberwood. Profile: It smells like a coffee shop at dawn — citrus peel mixed with cinnamon, then dried fruit, finishing with something earthy and woody..","Accords: coca-cola, warm spicy, rum. Notes: coca-cola, rum, lime, black pepper, birch, davana, vanilla, white musk. Profile: It smells like a liquor store next to an old-fashioned coffee shop — sweet rum mixed with powdered sugar, then softened by something powdery and slightly amber..",16100
1270,warm fizzy soda scent with lime,"Accords: coca-cola, warm spicy, woody. Notes: coca-cola, lime, cinnamon, apple, nutmeg, cedar, amberwood. Profile: It smells like a coffee shop at dawn — citrus peel mixed with cinnamon, then dried fruit, finishing with something earthy and woody..","Accords: coca-cola, warm spicy, rum. Notes: coca-cola, rum, lime, black pepper, birch, davana, vanilla, white musk. Profile: It smells like a liquor store next to an old-fashioned coffee shop — sweet rum mixed with powdered sugar, then softened by something powdery and slightly amber..",16100
10948,warm skin with rose and peach,"Accords: musky, rose, powdery. Notes: rose, peach, musk, amber, patchouli, sandalwood. Profile: It smells like fresh roses and peaches at first, then soft amber and woody, with something earthy and slightly smoky underneath..","Accords: musky, floral, fruity. Notes: red currant, blackberry, floral notes, white musk, sandalwood. Profile: It smells like ripe red currants and blackberries at first, then settles into soft white flowers with a warm woody base..",8511
10948,soft musky perfume with amber,"Accords: musky, rose, powdery. Notes: rose, peach, musk, amber, patchouli, sandalwood. Profile: It smells like fresh roses and peaches at first, then soft amber and woody, with something earthy and slightly smoky underneath..","Accords: musky, iris, powdery. Notes: ambrette (musk mallow), pink pepper, iris, orris, hibiscus, rose, oriental notes, musk. Profile: It smells like a flower shop at dawn — powdery florals mixed with white flowers, with something earthy and slightly sweet lingering in the background..",7688
10948,clean musk and sandalwood scent,"Accords: musky, rose, powdery. Notes: rose, peach, musk, amber, patchouli, sandalwood. Profile: It smells like fresh roses and peaches at first, then soft amber and woody, with something earthy and slightly smoky underneath..","Accords: musky, powdery, vanilla. Notes: linen, mimosa, sand, violet, musk, vanilla. Profile: It smells like soft linen and sand, with a hint of powdery musk underneath..",10344
17984,coffee and citrus perfume,"Accords: coffee, warm spicy, woody. Notes: mandarin orange, bergamot, coffee, pink pepper, amyris, tonka bean, patchouli, vetyver. Profile: It smells like a coffee shop at dawn — sweet orange peel mixed with powdered coffee, then soft vanilla and warm spices, finishing with something earthy and slightly floral..","Accords: coffee, vanilla, sweet. Notes: lavender, bergamot, cappuccino, raspberry, jasmine, virginia cedar, lily-of-the-valley, vanille. Profile: It smells like a florist's coffee shop next to an old church — sweet lavender and white flowers mixed with powdery vanilla, finishing with something earthy and slightly woody..",16835
17984,warm spicy coffee bean fragrance,"Accords: coffee, warm spicy, woody. Notes: mandarin orange, bergamot, coffee, pink pepper, amyris, tonka bean, patchouli, vetyver. Profile: It smells like a coffee shop at dawn — sweet orange peel mixed with powdered coffee, then soft vanilla and warm spices, finishing with something earthy and slightly floral..","Accords: coffee, lavender, vanilla. Notes: lavender, citruses, cappuccino, cedar, vanilla. Profile: It smells like a coffee shop at dawn — sweet lavender and citrus peel mixed with creamy vanilla, finishing with something earthy and slightly sweet..",17093
17984,bitter coffee with earthy woods,"Accords: coffee, warm spicy, woody. Notes: mandarin orange, bergamot, coffee, pink pepper, amyris, tonka bean, patchouli, vetyver. Profile: It smells like a coffee shop at dawn — sweet orange peel mixed with powdered coffee, then soft vanilla and warm spices, finishing with something earthy and slightly floral..","Accords: coffee, warm spicy, woody. Notes: brandy, anise, cabreuva, coffee, orange blossom, jasmine, vanilla, patchouli. Profile: It smells like a coffee shop at dawn — sweet vanilla and orange blossoms mixed with powdery vanilla, with something slightly floral and slightly woody undertones..",15472
8985,light fresh perfume with pear and citrus,"Accords: fresh, fruity, white floral. Notes: pear, citruses, cassis, lily-of-the-valley, jasmine, brazil nut, sandalwood, musk. Profile: It smells like sweet pear and citrus peel at first, then white flowers with a soft woody base..","Accords: fresh, green, white floral. Notes: grass, black currant, lily-of-the-valley, sweet pea, apple, musk, carnation. Profile: It smells like sweet peas and black currants at first, then soft musk and dried fruit, finishing with something earthy and slightly powdery..",513
8985,clean white flowers musk fragrance,"Accords: fresh, fruity, white floral. Notes: pear, citruses, cassis, lily-of-the-valley, jasmine, brazil nut, sandalwood, musk. Profile: It smells like sweet pear and citrus peel at first, then white flowers with a soft woody base..","Accords: fresh, aquatic, floral. Notes: pear, mandarin orange, blackberry, water notes, lily-of-the-valley, peony, orchid, rose. Profile: It smells like ripe pear and orange peel at first, then white flowers with a hint of jasmine underneath..",10085
8985,fresh fruity scent for spring,"Accords: fresh, fruity, white floral. Notes: pear, citruses, cassis, lily-of-the-valley, jasmine, brazil nut, sandalwood, musk. Profile: It smells like sweet pear and citrus peel at first, then white flowers with a soft woody base..","Accords: fresh, aromatic, floral. Notes: tea, coriander, cardamom, bergamot, lemon, peony, jasmine, neroli. Profile: It smells like a tea room at dawn — sweet tea mixed with citrus peel, then softened by something powdery and slightly floral..",1144
13419,lavender soap fresh clean smell,"Accords: lavender, vanilla, aromatic. Notes: lavender, rosemary, bergamot, lemon, clary sage, coriander, geranium, cedar. Profile: It smells like fresh lavender and rose petals at first, then warm vanilla and powdery roses, finishing with a soft, slightly earthy base..","Accords: lavender, powdery, vanilla. Notes: bergamot, heliotrope, cumin, lavender, almond, jasmine, sage, vanilla. Profile: It smells like a spice market at dawn — sweet almonds mixed with powdery sandalwood, then soft vanilla and warm wood..",5946
13419,herbs rosemary men's cologne,"Accords: lavender, vanilla, aromatic. Notes: lavender, rosemary, bergamot, lemon, clary sage, coriander, geranium, cedar. Profile: It smells like fresh lavender and rose petals at first, then warm vanilla and powdery roses, finishing with a soft, slightly earthy base..","Accords: lavender, aromatic, vanilla. Notes: mint, ginger, lavender, vanilla. Profile: It smells like a perfumer's desk at dawn — minty, slightly floral, and something faintly vanilla-like..",20085
13419,barbershop shaving cream scent,"Accords: lavender, vanilla, aromatic. Notes: lavender, rosemary, bergamot, lemon, clary sage, coriander, geranium, cedar. Profile: It smells like fresh lavender and rose petals at first, then warm vanilla and powdery roses, finishing with a soft, slightly earthy base..","Accords: lavender, white floral, aromatic. Notes: lavender, orange blossom, ambroxan, patchouli, vetiver. Profile: It smells like sweet lavender and orange blossom at first, then soft vetiver, with a slightly earthy base..",8958
1842,light fresh perfume with melon and water flowers,"Accords: fresh, floral, fruity. Notes: melon, lotus, lemon, pineapple, quince, calone, lily, black currant. Profile: It smells like sweet melon and citrus peel at first, then white flowers and roses, finishing with a hint of honey and resinous wood..","Accords: fresh, floral, fruity. Notes: pear, lemon, red berries, water lily, jasmine, violet, musk, cedar. Profile: It smells like ripe pear and citrus peel at first, then white flowers and jasmine, finishing with something earthy and slightly powdery..",696
1842,clean summery scent fruity but not too sweet,"Accords: fresh, floral, fruity. Notes: melon, lotus, lemon, pineapple, quince, calone, lily, black currant. Profile: It smells like sweet melon and citrus peel at first, then white flowers and roses, finishing with a hint of honey and resinous wood..","Accords: fresh, floral, fruity. Notes: litchi, bergamot, orange blossom, peony, red apple, red rose, lily-of-the-valley, white musk. Profile: It smells like a flower shop next to an apple orchard, where apples and peonies meet white flowers, then settle into something earthy and slightly woody..",866
1842,fresh aquatic perfume for everyday wear,"Accords: fresh, floral, fruity. Notes: melon, lotus, lemon, pineapple, quince, calone, lily, black currant. Profile: It smells like sweet melon and citrus peel at first, then white flowers and roses, finishing with a hint of honey and resinous wood..","Accords: fresh, floral, fruity. Notes: litchi, cocktail fruits, bergamot, peach blossom, peony, lily of the valley, jasmine sambac, tiare flower. Profile: It smells like a flower shop at dawn — citrus peel and peach blossoms mixed with white flowers, then settles into soft vanilla and powdery wood..",21087
7866,chocolate mint perfume,"Accords: cacao, lavender, warm spicy. Notes: lavender, mint, syringa, cacao pod, cedar, myrrh, wheat. Profile: It smells like powdery lavender and mint at first, then creamy white flowers with a hint of honeyed wood..","Accords: cacao, warm spicy, chocolate. Notes: watermelon, rose, black currant, grapefruit, dark chocolate, cacao, coconut, musk. Profile: It smells like watermelon and roses at first, then dark chocolate and vanilla, with a hint of powdery wood underneath..",2026
7866,cozy bakery with lavender fields,"Accords: cacao, lavender, warm spicy. Notes: lavender, mint, syringa, cacao pod, cedar, myrrh, wheat. Profile: It smells like powdery lavender and mint at first, then creamy white flowers with a hint of honeyed wood..","Accords: cacao, warm spicy, sweet. Notes: wormwood, pink pepper, grapefruit, tuberose, champaca, cacao, patchouli, amber. Profile: It smells like a spice market at dawn — sweet citrus peel mixed with powdery vanilla, then softened by creamy vanilla..",9124
7866,warm cedarwood and dark chocolate scent,"Accords: cacao, lavender, warm spicy. Notes: lavender, mint, syringa, cacao pod, cedar, myrrh, wheat. Profile: It smells like powdery lavender and mint at first, then creamy white flowers with a hint of honeyed wood..","Accords: cacao, warm spicy, lactonic. Notes: cacao, milk, liquor, cacao, jasmine, lily-of-the-valley, coumarin, musk. Profile: It smells like a coffee shop at dawn — milky and sweet, with something slightly floral and woody undertones..",17672
20868,smoky incense with violet flowers,"Accords: smoky, green, herbal. Notes: green notes, floral notes, chrysanthemum, violet, spices, incense, ash, woodsy notes. Profile: It smells like a flower shop next to an incense stand — green flowers and violets mixed with white flowers, then settles into something earthy and woody..","Accords: smoky, musky, woody. Notes: musk, lime (linden) blossom, citruses, castoreum, iris, vanila, musk, ash. Profile: It smells like a flower shop at dawn — mossy flowers and soft iris, with something earthy and slightly powdery underneath..",1216
20868,green woods and ash smell,"Accords: smoky, green, herbal. Notes: green notes, floral notes, chrysanthemum, violet, spices, incense, ash, woodsy notes. Profile: It smells like a flower shop next to an incense stand — green flowers and violets mixed with white flowers, then settles into something earthy and woody..","Accords: smoky, amber, leather. Notes: saffron, orange, bergamot, incense, patchouli, rose, cedar, castoreum. Profile: It smells like a spice market at dawn — sweet orange peel mixed with white flowers, then soft vanilla and warm wood..",21086
20868,spicy floral with burnt wood,"Accords: smoky, green, herbal. Notes: green notes, floral notes, chrysanthemum, violet, spices, incense, ash, woodsy notes. Profile: It smells like a flower shop next to an incense stand — green flowers and violets mixed with white flowers, then settles into something earthy and woody..","Accords: smoky, woody, amber. Notes: earl grey tea, gunpowder, rooibos tea, hinoki wood, ambroxan, leather, guaiac wood. Profile: It smells like powdered earl grey tea and rooibos tea at first, then settles into soft leather and warm wood..",9866
10630,sweet caramel perfume with citrus,"Accords: caramel, sweet, amber. Notes: citruses, sweet pea, caramel, benzoin, white musk. Profile: It smells like sweet peas and caramel at first, then white musk with a hint of vanilla and warm wood..","Accords: caramel, warm spicy, vanilla. Notes: cardamom, pimento, caramel, salt, vanilla, tobacco, cashmeran. Profile: It smells like sweet cardamom and spiced caramel at first, then creamy vanilla and a hint of powdery tobacco..",19833
10630,warm sugary vanilla caramel scent,"Accords: caramel, sweet, amber. Notes: citruses, sweet pea, caramel, benzoin, white musk. Profile: It smells like sweet peas and caramel at first, then white musk with a hint of vanilla and warm wood..","Accords: caramel, fruity, sweet. Notes: pear, apple, mandarin orange, sandalwood, violet, freesia, caramel, musk. Profile: It smells like ripe pear and orange peel at first, then white flowers and vanilla, finishing with a warm, slightly powdery base..",7329
10630,candy shop caramel and flowers,"Accords: caramel, sweet, amber. Notes: citruses, sweet pea, caramel, benzoin, white musk. Profile: It smells like sweet peas and caramel at first, then white musk with a hint of vanilla and warm wood..","Accords: caramel, sweet, amber. Notes: coconut, fruits, bergamot, frangipani, gardenia, white flowers, caramel, amber. Profile: It smells like a spice market at dawn — sweet almonds and citrus peel mixed with white flowers, finishing with something earthy and slightly powdery..",17884
21117,soft powdery iris with spices,"Accords: powdery, iris, violet. Notes: neroli, black pepper, cardamom, carrot seeds, iris, violet, geranium, mate. Profile: It smells like a spice market at dawn — sweet neroli and cardamom mixed with white flowers, then settles into something earthy and slightly woody..","Accords: powdery, musky, amber. Notes: angelica, lime, white pepper, green tea, violet root, patchouli, jasmine, suede. Profile: It smells like a leather jacket left in an old wooden cabinet — citrus peel mixed with white flowers, then softens into something earthy and slightly powdery..",15763
21117,clean cedar and violet soap smell,"Accords: powdery, iris, violet. Notes: neroli, black pepper, cardamom, carrot seeds, iris, violet, geranium, mate. Profile: It smells like a spice market at dawn — sweet neroli and cardamom mixed with white flowers, then settles into something earthy and slightly woody..","Accords: powdery, woody, violet. Notes: cardamom, mandarin orange, iris, violet, heliotrope, virginia cedar, jasmine, benzoin. Profile: It smells like sweet cardamom and orange peel at first, then white flowers and jasmine, finishing with a soft woody base..",8236
21117,warm sandalwood pepper neroli perfume,"Accords: powdery, iris, violet. Notes: neroli, black pepper, cardamom, carrot seeds, iris, violet, geranium, mate. Profile: It smells like a spice market at dawn — sweet neroli and cardamom mixed with white flowers, then settles into something earthy and slightly woody..","Accords: powdery, citrus, ozonic. Notes: lemon verbena, bergamot, tea, violet leaf, iris, powdery notes, ambergris, musk. Profile: It smells like citrus peel and bergamot at first, then settles into something powdery and slightly woody..",13435
11818,clean fresh water smell with pepper,"Accords: mineral, woody, white floral. Notes: mineral notes, pink pepper, lotus, syringa, hinoki wood, white amber. Profile: It smells like powdery pepper and syringa at first, then soft wood with a hint of white amber..","Accords: mineral, leather, warm spicy. Notes: mineral notes, spicy notes, leather. Profile: It smells like a leather jacket left in an old wooden shed, with soft leather underneath..",11578
11818,spa stones and white flowers perfume,"Accords: mineral, woody, white floral. Notes: mineral notes, pink pepper, lotus, syringa, hinoki wood, white amber. Profile: It smells like powdery pepper and syringa at first, then soft wood with a hint of white amber..","Accords: mineral, leather, warm spicy. Notes: mineral notes, spicy notes, leather. Profile: It smells like a leather jacket left in an old wooden shed, with soft leather underneath..",11578
11818,japanese wood and lotus scent,"Accords: mineral, woody, white floral. Notes: mineral notes, pink pepper, lotus, syringa, hinoki wood, white amber. Profile: It smells like powdery pepper and syringa at first, then soft wood with a hint of white amber..","Accords: mineral, leather, warm spicy. Notes: mineral notes, spicy notes, leather. Profile: It smells like a leather jacket left in an old wooden shed, with soft leather underneath..",11578
6668,spicy earthy patchouli perfume,"Accords: patchouli, woody, citrus. Notes: mandarin orange, pink pepper, jasmine, nutmeg, patchouli, vetiver. Profile: It smells like citrus peel and jasmine at first, then soft vanilla and powdery nutmeg, finishing with something earthy and slightly sweet..","Accords: patchouli, floral, fresh. Notes: tangerine, pink peony, patchouli. Profile: It smells like a spice market at dawn — sweet peony and citrus peel mixed with white flowers, then softens into something slightly earthy..",2041
6668,fresh citrus with warm spices and woods,"Accords: patchouli, woody, citrus. Notes: mandarin orange, pink pepper, jasmine, nutmeg, patchouli, vetiver. Profile: It smells like citrus peel and jasmine at first, then soft vanilla and powdery nutmeg, finishing with something earthy and slightly sweet..","Accords: patchouli, woody, white floral. Notes: grapefruit, tangerine, orange blossom, jasmine, rose, lily-of-the-valley, patchouli, vanilla. Profile: It smells like citrus peel and tangerine at first, then rose petals and vanilla, finishing with something earthy and slightly woody..",4529
6668,jasmine and pepper with earthy base,"Accords: patchouli, woody, citrus. Notes: mandarin orange, pink pepper, jasmine, nutmeg, patchouli, vetiver. Profile: It smells like citrus peel and jasmine at first, then soft vanilla and powdery nutmeg, finishing with something earthy and slightly sweet..","Accords: patchouli, white floral, vanilla. Notes: exotic fruits, lily, lily-of-the-valley, patchouli, vanilla. Profile: It smells like exotic fruits and lily-of-the-valley at first, then sweet vanilla and powdery flowers, finishing with a soft vanilla-vanilla base..",1164
12270,sweet rose perfume with honey,"Accords: rose, floral, fresh spicy. Notes: rose, geranium, palmarosa, honey, moss, patchouli. Profile: It smells like rose petals and geranium at first, then settles into something earthy and slightly sweet..","Accords: rose, sweet, powdery. Notes: pear, rhubarb, rose petals, patchouli, white flowers, ginger, musk, sugar. Profile: It smells like ripe pear and rose petals at first, then white flowers with a hint of powdery sugar, finishing with something earthy and slightly sweet..",9317
12270,earthy rose garden after rain,"Accords: rose, floral, fresh spicy. Notes: rose, geranium, palmarosa, honey, moss, patchouli. Profile: It smells like rose petals and geranium at first, then settles into something earthy and slightly sweet..","Accords: rose, sweet, ozonic. Notes: salt, ozonic notes, turkish rose, praline, amber xtreme, vanilla, patchouli. Profile: It smells like a spice market at dawn — salty, sweet, and slightly floral, with something faintly sweet and powdery underneath..",20129
12270,rose and moss natural scent,"Accords: rose, floral, fresh spicy. Notes: rose, geranium, palmarosa, honey, moss, patchouli. Profile: It smells like rose petals and geranium at first, then settles into something earthy and slightly sweet..","Accords: rose, aromatic, fresh spicy. Notes: aldehydes, mint, rose, geranium, oakmoss, virginia cedar, indonesian patchouli leaf. Profile: It smells like dried mint leaves and rose petals at first, then settles into a warm woody base with something earthy and slightly floral..",17925
20243,spicy cinnamon perfume with citrus,"Accords: cinnamon, tobacco, warm spicy. Notes: cinnamon, pomelo, neroli, tobacco. Profile: It smells like a spice market at dawn — sweet cinnamon and pomegranate juice mixed with tobacco, then settling into something earthy and slightly sweet..","Accords: cinnamon, woody, warm spicy. Notes: bergamot, lavender, cinnamon, leather, mimosa, guaiac wood, tobacco, opoponax. Profile: It smells like a leather jacket left open in an old wooden shed, with something sweet and woody lingering in the background..",7609
20243,tobacco and orange blossom scent,"Accords: cinnamon, tobacco, warm spicy. Notes: cinnamon, pomelo, neroli, tobacco. Profile: It smells like a spice market at dawn — sweet cinnamon and pomegranate juice mixed with tobacco, then settling into something earthy and slightly sweet..","Accords: cinnamon, warm spicy, musky. Notes: apple, violet leaf, bergamot, cinnamon, pink pepper, geranium, musk, cedar. Profile: It smells like ripe apples and citrus peel at first, then warm spices and powdery cedar, finishing with a soft woody base..",13843
20243,warm cinnamon grapefruit fragrance,"Accords: cinnamon, tobacco, warm spicy. Notes: cinnamon, pomelo, neroli, tobacco. Profile: It smells like a spice market at dawn — sweet cinnamon and pomegranate juice mixed with tobacco, then settling into something earthy and slightly sweet..","Accords: cinnamon, woody, warm spicy. Notes: bergamot, lavender, cinnamon, leather, mimosa, guaiac wood, tobacco, opoponax. Profile: It smells like a leather jacket left open in an old wooden shed, with something sweet and woody lingering in the background..",7609
7441,warm spicy woody perfume for winter,"Accords: woody, amber, warm spicy. Notes: saffron, jasmine, amberwood, ambergris, fir resin, cedar. Profile: It smells like sweet saffron and jasmine at first, then settles into something earthy and resinous..","Accords: woody, powdery, amber. Notes: cedar, amber, sandalwood. Profile: It smells like dried cedar and amber at first, then soft wood and a hint of sandalwood..",8508
7441,amber cedar fragrance with saffron,"Accords: woody, amber, warm spicy. Notes: saffron, jasmine, amberwood, ambergris, fir resin, cedar. Profile: It smells like sweet saffron and jasmine at first, then settles into something earthy and resinous..","Accords: woody, warm spicy, fresh spicy. Notes: cognac, plum, saffron, pepper, nutmeg, chili pepper, rose, cedar. Profile: It smells like a spice market at dawn — sweet cognac mixed with powdery spice, then dried rose petals, finishing with something earthy and slightly floral..",16634
7441,cozy forest smell with jasmine and wood,"Accords: woody, amber, warm spicy. Notes: saffron, jasmine, amberwood, ambergris, fir resin, cedar. Profile: It smells like sweet saffron and jasmine at first, then settles into something earthy and resinous..","Accords: woody, aromatic, fresh spicy. Notes: juniper, bergamot, rosemary, orange, laurels, fig leaf, basil, fig. Profile: It smells like a flower shop at dawn — sweet juniper and citrus peel mixed with white flowers, then settles into something earthy and slightly powdery..",10580
10244,fresh peony and rose bouquet,"Accords: floral, rose, fresh. Notes: peony, litchi, freesia, rose, lily-of-the-valley, magnolia, virginia cedar, amber. Profile: It smells like sweet peony and white flowers at first, then soft roses and lily-of-the-valley, finishing with a warm, slightly earthy base..","Accords: floral, powdery, lavender. Notes: lavender, freesia, peony, bergamot, iris, violet, magnolia, mate. Profile: It smells like sweet lavender and peony at first, then white flowers and iris, finishing with a soft vanilla-musk base..",5899
10244,sweet fruity floral perfume,"Accords: floral, rose, fresh. Notes: peony, litchi, freesia, rose, lily-of-the-valley, magnolia, virginia cedar, amber. Profile: It smells like sweet peony and white flowers at first, then soft roses and lily-of-the-valley, finishing with a warm, slightly earthy base..","Accords: floral, amber, powdery. Notes: lotus, pink pepper, mandarin orange, vanilla orchid, rose, jasmine, amber, musk. Profile: It smells like a spice market at dawn — sweet citrus peel and white flowers mixed with powdery roses, finishing with something earthy and slightly floral..",17680
10244,light springtime garden flowers,"Accords: floral, rose, fresh. Notes: peony, litchi, freesia, rose, lily-of-the-valley, magnolia, virginia cedar, amber. Profile: It smells like sweet peony and white flowers at first, then soft roses and lily-of-the-valley, finishing with a warm, slightly earthy base..","Accords: floral, fresh, fruity. Notes: mandarin orange, green apple, black currant, peony, jasmine, white musk, benzoin. Profile: It smells like a fruit stand next to an apple orchard, with something sweet and slightly earthy underneath..",4061
8347,fresh ocean breeze perfume,"Accords: marine, amber, woody. Notes: grapefruit, violet leaf, sea notes, violet, woody notes, palisander rosewood, ambergris, amberwood. Profile: It smells like ripe peaches and citrus peel at first, then settles into something earthy and woody..","Accords: marine, aromatic, fresh spicy. Notes: sea water, geranium, musk, woody notes. Profile: It smells like salty sea water and geranium at first, then woody notes with a soft, slightly earthy base..",1613
8347,grapefruit and sea salt cologne,"Accords: marine, amber, woody. Notes: grapefruit, violet leaf, sea notes, violet, woody notes, palisander rosewood, ambergris, amberwood. Profile: It smells like ripe peaches and citrus peel at first, then settles into something earthy and woody..","Accords: marine, fruity, aromatic. Notes: pineapple, green apple, mandarin orange, sea water, lavender, cardamom, anise, driftwood. Profile: It smells like ripe peaches and citrus peel at first, then settles into something earthy and slightly woody..",6469
8347,woody beach scent for summer,"Accords: marine, amber, woody. Notes: grapefruit, violet leaf, sea notes, violet, woody notes, palisander rosewood, ambergris, amberwood. Profile: It smells like ripe peaches and citrus peel at first, then settles into something earthy and woody..","Accords: marine, aromatic, salty. Notes: sea water, amalfi lemon, salt, geranium, lavender, teak wood, amber. Profile: It smells like salty sea water and lemon peel at first, then warm lavender and woody musk, finishing with something earthy and slightly sweet..",13912
16059,warm cinnamon spice cologne for men,"Accords: cinnamon, warm spicy, amber. Notes: mandarin orange, patchouli, bergamot, cinnamon, amber, virginia cedar, leather, musk. Profile: It smells like orange peel and citrus peel at first, then warm leather and soft wood, finishing with a hint of earthy wood..","Accords: cinnamon, woody, warm spicy. Notes: bergamot, lavender, cinnamon, leather, mimosa, guaiac wood, tobacco, opoponax. Profile: It smells like a leather jacket left open in an old wooden shed, with something sweet and woody lingering in the background..",7609
16059,leather jacket with woodsy smell,"Accords: cinnamon, warm spicy, amber. Notes: mandarin orange, patchouli, bergamot, cinnamon, amber, virginia cedar, leather, musk. Profile: It smells like orange peel and citrus peel at first, then warm leather and soft wood, finishing with a hint of earthy wood..","Accords: cinnamon, woody, warm spicy. Notes: bergamot, lavender, cinnamon, leather, mimosa, guaiac wood, tobacco, opoponax. Profile: It smells like a leather jacket left open in an old wooden shed, with something sweet and woody lingering in the background..",7609
16059,cozy amber and cedar winter fragrance,"Accords: cinnamon, warm spicy, amber. Notes: mandarin orange, patchouli, bergamot, cinnamon, amber, virginia cedar, leather, musk. Profile: It smells like orange peel and citrus peel at first, then warm leather and soft wood, finishing with a hint of earthy wood..","Accords: cinnamon, warm spicy, musky. Notes: apple, violet leaf, bergamot, cinnamon, pink pepper, geranium, musk, cedar. Profile: It smells like ripe apples and citrus peel at first, then warm spices and powdery cedar, finishing with a soft woody base..",13843
10591,leather jacket with jasmine flowers,"Accords: animalic, white floral, amber. Notes: jasmine, camelia, black pepper, beeswax, leather, guaiac wood, civet, ambergris. Profile: It smells like a leather jacket left in an old wooden shed, where beeswax washes away, and something earthy and woody lingers in the air..","Accords: animalic, musky, woody. Notes: peach, bergamot, aldehydes, cambodian oud, carnation, patchouli, angelica, russian leather. Profile: It smells like fresh peaches and bergamot at first, then creamy leather and soft moss, finishing with a warm, slightly powdery base..",21139
10591,musky beeswax candle smell,"Accords: animalic, white floral, amber. Notes: jasmine, camelia, black pepper, beeswax, leather, guaiac wood, civet, ambergris. Profile: It smells like a leather jacket left in an old wooden shed, where beeswax washes away, and something earthy and woody lingers in the air..","Accords: animalic, warm spicy, amber. Notes: tobacco, cacao, vanilla, osmanthus, benzoin, dried fruits, kopi luwak coffee, almond. Profile: It smells like a leather jacket left in an old wooden cabinet — sweet tobacco and vanilla, with something powdery and slightly earthy underneath..",21152
10591,animalic vetiver and black pepper perfume,"Accords: animalic, white floral, amber. Notes: jasmine, camelia, black pepper, beeswax, leather, guaiac wood, civet, ambergris. Profile: It smells like a leather jacket left in an old wooden shed, where beeswax washes away, and something earthy and woody lingers in the air..","Accords: animalic, musky, oud. Notes: agarwood (oud), aldehydes, bergamot, amber, rose, civetta, leather, patchouli. Profile: It smells like a leather jacket left in an old wooden shed, with something earthy and slightly woody lurking in the background..",9039
18765,warm buttery hazelnut cookie smell,"Accords: nutty, sweet, woody. Notes: butter, salt, toast, cookie dough, hazelnut cocoa spread, hazelnut. Profile: It smells like warm butter and salt at first, then soft chocolate, with a slightly sweet sweetness that's slightly caramelized..","Accords: nutty, floral, citrus. Notes: cashew, apple, bergamot, freesia, orange blossom, rose, musk, amber. Profile: It smells like a fruit stand next to an apple orchard, where apples and orange blossoms meet white flowers, then settle into something earthy and slightly floral..",21561
18765,salted caramel and toasted nuts perfume,"Accords: nutty, sweet, woody. Notes: butter, salt, toast, cookie dough, hazelnut cocoa spread, hazelnut. Profile: It smells like warm butter and salt at first, then soft chocolate, with a slightly sweet sweetness that's slightly caramelized..","Accords: nutty, sweet, warm spicy. Notes: chestnut, hazelnut, green mandarin, honey, cinnamon leaf, jasmine sambac, tobacco, leather. Profile: It smells like a leather jacket left in an old wooden cabinet — sweet almonds and honey mixed with powdered tobacco, then settled into something earthy and slightly powdery..",17910
18765,nutella spread and fresh baked cookies fragrance,"Accords: nutty, sweet, woody. Notes: butter, salt, toast, cookie dough, hazelnut cocoa spread, hazelnut. Profile: It smells like warm butter and salt at first, then soft chocolate, with a slightly sweet sweetness that's slightly caramelized..","Accords: nutty, vanilla, white floral. Notes: hazelnut, coffee, cinnamon, tuberose, coconut, jasmine sambac, vanilla, white musk. Profile: It smells like roasted hazelnuts and coffee at first, then creamy vanilla and white musk, finishing with a warm, slightly powdery base..",10975
18394,black licorice and tobacco smell,"Accords: anis, soft spicy, tobacco. Notes: star anise, tobacco, amber, leather. Profile: It smells like a leather jacket left in an old leather store — sweet tobacco and tobacco smoke mixed with leather..","Accords: anis, soft spicy, powdery. Notes: star anise, bergamot, brazilian rosewood, caraway, fennel, iris, jasmine, vanilla. Profile: It smells like a flower shop next to an antique jewelry store — sweet citrus peel and white flowers mixed with powdery vanilla, finishing with something earthy and slightly floral..",13729
18394,warm leather jacket with spices,"Accords: anis, soft spicy, tobacco. Notes: star anise, tobacco, amber, leather. Profile: It smells like a leather jacket left in an old leather store — sweet tobacco and tobacco smoke mixed with leather..","Accords: anis, soft spicy, fresh spicy. Notes: star anise, pomelo, black pepper, geranium, iris, incense, patchouli, haitian vetiver. Profile: It smells like a spice market at dawn — sweet citrus peel mixed with powdery incense, with something earthy and slightly spicy lurking in the air..",8749
18394,anise candy mixed with amber,"Accords: anis, soft spicy, tobacco. Notes: star anise, tobacco, amber, leather. Profile: It smells like a leather jacket left in an old leather store — sweet tobacco and tobacco smoke mixed with leather..","Accords: anis, soft spicy, powdery. Notes: star anise, bergamot, brazilian rosewood, caraway, fennel, iris, jasmine, vanilla. Profile: It smells like a flower shop next to an antique jewelry store — sweet citrus peel and white flowers mixed with powdery vanilla, finishing with something earthy and slightly floral..",13729
13119,fresh jasmine and orange blossom perfume,"Accords: white floral, citrus, woody. Notes: jasmine, orange, bergamot, sicilian mandarin, gardenia, orange blossom, sandalwood, white amber. Profile: It smells like a perfumer's closet at dawn — sweet jasmine and citrus peel mixed with white flowers, then settles into powdery amber and soft wood..","Accords: white floral, fresh, floral. Notes: peony, jasmine, cyclamen, lily-of-the-valley, rose, amber, musk, patchouli. Profile: It smells like sweet peony and jasmine at first, then warm roses and amber, finishing with a soft woody base..",8678
13119,clean white flowers that smell like a garden,"Accords: white floral, citrus, woody. Notes: jasmine, orange, bergamot, sicilian mandarin, gardenia, orange blossom, sandalwood, white amber. Profile: It smells like a perfumer's closet at dawn — sweet jasmine and citrus peel mixed with white flowers, then settles into powdery amber and soft wood..","Accords: white floral, citrus, aromatic. Notes: lemon, neroli, pepper, jasmine, carnation, lavender, lily-of-the-valley, rose. Profile: It smells like citrus peel and jasmine at first, then soft florals, finishing with a hint of powdery wood and warm wood..",7243
13119,light floral scent with citrus and sandalwood,"Accords: white floral, citrus, woody. Notes: jasmine, orange, bergamot, sicilian mandarin, gardenia, orange blossom, sandalwood, white amber. Profile: It smells like a perfumer's closet at dawn — sweet jasmine and citrus peel mixed with white flowers, then settles into powdery amber and soft wood..","Accords: white floral, amber, fruity. Notes: orange blossom, red berries, mandarin orange, bergamot, jasmine, peach, white amber, white musk. Profile: It smells like ripe peaches and citrus peel at first, then white flowers with a hint of powdery amber underneath..",14703
2082,earthy vetiver sandalwood cologne,"Accords: earthy, woody, animalic. Notes: geranium, lemon, pink pepper, animal notes, vetiver, sandalwood, earthy notes, labdanum. Profile: It smells like a spice market at dawn — sweet citrus peel and dried herbs mixed with earthy wood, with something faintly woody and slightly herbal lurking in the background..","Accords: earthy, mossy, woody. Notes: aldehydes, cumin, bergamot, lemon, rose, orange blossom, pineapple, jasmine. Profile: It smells like a spice market at dawn — sweet citrus peel mixed with white flowers, then settling into something earthy and slightly woody..",5152
2082,dirty leather animal musk perfume,"Accords: earthy, woody, animalic. Notes: geranium, lemon, pink pepper, animal notes, vetiver, sandalwood, earthy notes, labdanum. Profile: It smells like a spice market at dawn — sweet citrus peel and dried herbs mixed with earthy wood, with something faintly woody and slightly herbal lurking in the background..","Accords: earthy, mossy, woody. Notes: aldehydes, cumin, bergamot, lemon, rose, orange blossom, pineapple, jasmine. Profile: It smells like a spice market at dawn — sweet citrus peel mixed with white flowers, then settling into something earthy and slightly woody..",5152
2082,woods and soil after rain smell,"Accords: earthy, woody, animalic. Notes: geranium, lemon, pink pepper, animal notes, vetiver, sandalwood, earthy notes, labdanum. Profile: It smells like a spice market at dawn — sweet citrus peel and dried herbs mixed with earthy wood, with something faintly woody and slightly herbal lurking in the background..","Accords: earthy, fresh spicy, vanilla. Notes: black pepper, sage, truffle, woodsy notes, vanila, frankincense. Profile: It smells like dried peppercorns and sage at first, then woody vanila, finishing with a warm, resinous base..",9248
7621,musky leather jacket with spices,"Accords: animalic, musky, leather. Notes: black pepper, coriander, leather, carrot seeds, jasmine, civetta, olibanum, musk. Profile: It smells like a leather jacket left in an old church — peppery spice mixed with white flowers, then softened by something powdery and slightly earthy..","Accords: animalic, warm spicy, amber. Notes: tobacco, cacao, vanilla, osmanthus, benzoin, dried fruits, kopi luwak coffee, almond. Profile: It smells like a leather jacket left in an old wooden cabinet — sweet tobacco and vanilla, with something powdery and slightly earthy underneath..",21152
7621,dirty sexy skin smell perfume,"Accords: animalic, musky, leather. Notes: black pepper, coriander, leather, carrot seeds, jasmine, civetta, olibanum, musk. Profile: It smells like a leather jacket left in an old church — peppery spice mixed with white flowers, then softened by something powdery and slightly earthy..","Accords: animalic, musky, oud. Notes: agarwood (oud), aldehydes, bergamot, amber, rose, civetta, leather, patchouli. Profile: It smells like a leather jacket left in an old wooden shed, with something earthy and slightly woody lurking in the background..",9039
7621,animalic jasmine black pepper scent,"Accords: animalic, musky, leather. Notes: black pepper, coriander, leather, carrot seeds, jasmine, civetta, olibanum, musk. Profile: It smells like a leather jacket left in an old church — peppery spice mixed with white flowers, then softened by something powdery and slightly earthy..","Accords: animalic, rose, woody. Notes: turkish rose, indian oud, woodsy notes, exotic spices, cambodian oud, amber, rose, animal notes. Profile: It smells like a spice market at dawn — earthy roses and exotic spices mixed with woody incense, with something powdery and resinous lurking in the background..",21821
13724,sweet vanilla rose perfume for women,"Accords: herbal, caramel, aromatic. Notes: rose, neroli, jasmine, artemisia, caramel, vanilla. Profile: It smells like rose petals and jasmine at first, then creamy caramel and vanilla, finishing with a soft vanilla-vanilla base..","Accords: herbal, earthy, fresh spicy. Notes: pepperwood or hercules club, nard himalayan (jatamansi), ylang-ylang. Profile: It smells like a spice shop at dawn — sweet pepperwood or hercules club mingling with powdery wood, with something faintly floral and slightly earthy underneath..",9310
13724,herbal jasmine with caramel scent,"Accords: herbal, caramel, aromatic. Notes: rose, neroli, jasmine, artemisia, caramel, vanilla. Profile: It smells like rose petals and jasmine at first, then creamy caramel and vanilla, finishing with a soft vanilla-vanilla base..","Accords: herbal, white floral, citrus. Notes: orange, jasmine, artemisia. Profile: It smells like orange peel and jasmine at first, then settles into something earthy and slightly sweet..",8545
13724,neroli and vanilla fragrance soft floral,"Accords: herbal, caramel, aromatic. Notes: rose, neroli, jasmine, artemisia, caramel, vanilla. Profile: It smells like rose petals and jasmine at first, then creamy caramel and vanilla, finishing with a soft vanilla-vanilla base..","Accords: herbal, woody, floral. Notes: chamomile, bitter almond, musk, indian jasmine, jasmine, sandalwood, cedar, vanilla. Profile: It smells like chamomile and mint at first, then soft jasmine and vanilla, with a hint of powdery wood underneath..",4982
3139,sweet floral perfume with vanilla warmth,"Accords: balsamic, woody, amber. Notes: ylang-ylang, rose, bergamot, orris root, jasmine, peru balsam. Profile: It smells like a flower shop at dawn — sweet rose petals and bergamot mixed with white flowers, finishing with something earthy and slightly floral..","Accords: balsamic, amber, citrus. Notes: elemi, mandarin orange, pink pepper, bergamot, immortelle, heliotrope, jasmine, iris. Profile: It smells like citrus peel and orange peel at first, then iris and jasmine, finishing with powdery florals and a hint of woody musk..",3145
3139,rose and jasmine bouquet with powder,"Accords: balsamic, woody, amber. Notes: ylang-ylang, rose, bergamot, orris root, jasmine, peru balsam. Profile: It smells like a flower shop at dawn — sweet rose petals and bergamot mixed with white flowers, finishing with something earthy and slightly floral..","Accords: balsamic, warm spicy, woody. Notes: mate, black pepper, pink pepper, cardamom, bergamot, water lily, magnolia, rose. Profile: It smells like a flower shop at dawn — black pepper and cardamom mixed with white flowers, then softens into something earthy and slightly powdery..",20469
3139,church incense mixed with flowers,"Accords: balsamic, woody, amber. Notes: ylang-ylang, rose, bergamot, orris root, jasmine, peru balsam. Profile: It smells like a flower shop at dawn — sweet rose petals and bergamot mixed with white flowers, finishing with something earthy and slightly floral..","Accords: balsamic, amber, citrus. Notes: elemi, mandarin orange, pink pepper, bergamot, immortelle, heliotrope, jasmine, iris. Profile: It smells like citrus peel and orange peel at first, then iris and jasmine, finishing with powdery florals and a hint of woody musk..",3145
16501,fresh lemon and herbs perfume,"Accords: citrus, aromatic, fresh spicy. Notes: yuzu, lemon, bergamot, lemon verbena, mandarin orange, cypress, calone, coriander. Profile: It smells like citrus peel and lemon peel at first, then warm spices and powdery saffron, finishing with a hint of spiced wood..","Accords: citrus, mossy, lavender. Notes: bergamot, lemon, orange blossom, lavender, spicy notes, oakmoss, lavender, amber. Profile: It smells like citrus peel and orange peel at first, then mossy oak, with a hint of powdery wood underneath..",20273
16501,citrus with warm spices and wood,"Accords: citrus, aromatic, fresh spicy. Notes: yuzu, lemon, bergamot, lemon verbena, mandarin orange, cypress, calone, coriander. Profile: It smells like citrus peel and lemon peel at first, then warm spices and powdery saffron, finishing with a hint of spiced wood..","Accords: citrus, almond, fresh spicy. Notes: grapefruit, orange, bergamot, pink pepper, almond, neroli, vetiver, white musk. Profile: It smells like ripe grapefruit and orange peel at first, then soft almonds and powdery musk, finishing with a hint of white flowers..",20080
16501,clean bergamot sage cologne,"Accords: citrus, aromatic, fresh spicy. Notes: yuzu, lemon, bergamot, lemon verbena, mandarin orange, cypress, calone, coriander. Profile: It smells like citrus peel and lemon peel at first, then warm spices and powdery saffron, finishing with a hint of spiced wood..","Accords: citrus, aromatic, woody. Notes: lime, lemongrass, carambola (star fruit), elemi, sage, juniper, driftwood, musk. Profile: It smells like citrus peel and sage at first, then sweet juniper and woody moss, finishing with a hint of powdery wood..",9011
10276,fresh gardenia jasmine perfume,"Accords: white floral, fresh spicy, woody. Notes: nutmeg, gardenia, african orange flower, green notes, bergamot, tuberose, jasmine, honeysuckle. Profile: It smells like a spice market at dawn — powdery florals mixed with white flowers, with something earthy and slightly woody settling into the air..","Accords: white floral, tuberose, fruity. Notes: violet leaf, mandarin orange, gardenia, tuberose, jasmine, rose, plum, vanilla. Profile: It smells like a flower shop at dawn — sweet violets and orange peel mixed with white flowers, then soft vanilla and powdery roses..",10337
10276,creamy white flowers with vanilla and wood,"Accords: white floral, fresh spicy, woody. Notes: nutmeg, gardenia, african orange flower, green notes, bergamot, tuberose, jasmine, honeysuckle. Profile: It smells like a spice market at dawn — powdery florals mixed with white flowers, with something earthy and slightly woody settling into the air..","Accords: white floral, warm spicy, sweet. Notes: immortelle, ginger, cassis, gardenia, jasmine sambac, orange blossom, sandalwood, honey. Profile: It smells like a perfumer's closet at dawn — sweet citrus peel and white flowers mixed with powdery honey, finishing with something earthy and slightly floral..",6508
10276,tuberose perfume that smells like a garden,"Accords: white floral, fresh spicy, woody. Notes: nutmeg, gardenia, african orange flower, green notes, bergamot, tuberose, jasmine, honeysuckle. Profile: It smells like a spice market at dawn — powdery florals mixed with white flowers, with something earthy and slightly woody settling into the air..","Accords: white floral, tuberose, citrus. Notes: bergamot, tuberose, jasmine, gardenia, neroli, woody notes. Profile: It smells like a perfumer's closet at dawn — bergamot and jasmine mixed with white flowers, finishing with woody notes..",12467
2619,soft powdery perfume with peach and rose,"Accords: powdery, woody, musky. Notes: peach, wormwood, freesia, rose, sandalwood, iris, musk, cashmere wood. Profile: It smells like sweet peaches and roses at first, then soft iris and white flowers, finishing with warm vanilla and a hint of powdery wood..","Accords: powdery, musky, rose. Notes: angelica, bergamot, may rose, violet, iris, musk, amber. Profile: It smells like a flower shop next to an antique jewelry store — faint violets and roses mixed with powdery white flowers, finishing with something earthy and slightly floral..",12120
2619,clean baby powder smell with vanilla,"Accords: powdery, woody, musky. Notes: peach, wormwood, freesia, rose, sandalwood, iris, musk, cashmere wood. Profile: It smells like sweet peaches and roses at first, then soft iris and white flowers, finishing with warm vanilla and a hint of powdery wood..","Accords: powdery, iris, warm spicy. Notes: spices, grapefruit, ivy, iris, orchid, lily-of-the-valley, sandalwood, cinnamon. Profile: It smells like citrus peel and iris at first, then white flowers with a hint of spice, finishing with something earthy and slightly woody..",20574
2619,warm fuzzy sweater scent with musk,"Accords: powdery, woody, musky. Notes: peach, wormwood, freesia, rose, sandalwood, iris, musk, cashmere wood. Profile: It smells like sweet peaches and roses at first, then soft iris and white flowers, finishing with warm vanilla and a hint of powdery wood..","Accords: powdery, woody, vanilla. Notes: ylang-ylang, bergamot, green accord, peach, lemon, iris, violet, jasmine. Profile: It smells like a flower shop at dawn — sweet peach and rose petals mixed with white flowers, then soft vanilla and powdery wood..",15575
14556,coffee shop with flowers and vanilla,"Accords: coffee, woody, amber. Notes: neroli, pink pepper, bergamot, coffee, rose, hazelnut, orange blossom, jasmine. Profile: It smells like a coffee shop at dawn — sweet neroli and roses mixed with powdery flowers, then soft vanilla and musk, finishing with something earthy and slightly floral..","Accords: coffee, warm spicy, green. Notes: coffee, tobacco, melon, kiwi, mint, tea. Profile: It smells like coffee and tobacco at first, then melon and mint, with something sweet and slightly bitter underneath..",4909
14556,hazelnut coffee perfume for women,"Accords: coffee, woody, amber. Notes: neroli, pink pepper, bergamot, coffee, rose, hazelnut, orange blossom, jasmine. Profile: It smells like a coffee shop at dawn — sweet neroli and roses mixed with powdery flowers, then soft vanilla and musk, finishing with something earthy and slightly floral..","Accords: coffee, warm spicy, sweet. Notes: sichuan pepper, rose, tangerine, ylang-ylang, patchouli, tiramisu, jasmine, coffee. Profile: It smells like a coffee shop at dawn — spicy peppercorns and rose petals mixed with powdered sugar, then softened by creamy vanilla and whipped cream..",372
14556,warm coffee and orange blossom scent,"Accords: coffee, woody, amber. Notes: neroli, pink pepper, bergamot, coffee, rose, hazelnut, orange blossom, jasmine. Profile: It smells like a coffee shop at dawn — sweet neroli and roses mixed with powdery flowers, then soft vanilla and musk, finishing with something earthy and slightly floral..","Accords: coffee, sweet, caramel. Notes: cappuccino, coffee, sweet notes, coffee, caramel, almond, vanilla, resin. Profile: It smells like a coffee shop at dawn — sweet coffee and caramel mixed with vanilla syrup, then softened by something powdery and slightly rubbery..",6135
21579,powdery iris perfume with warm leather,"Accords: iris, powdery, amber. Notes: iris, amber, patchouli, tonka bean, leather, sandalwood. Profile: It smells like iris and amber at first, then warm leather and soft leather, with something earthy and slightly woody underneath..","Accords: iris, aromatic, citrus. Notes: bergamot, lemon, iris, vetiver, cardamom, black pepper. Profile: It smells like a spice market at dawn — citrus peel mixed with cardamom, then dried herbs and powdered black pepper..",21804
21579,soft makeup compact smell with sandalwood,"Accords: iris, powdery, amber. Notes: iris, amber, patchouli, tonka bean, leather, sandalwood. Profile: It smells like iris and amber at first, then warm leather and soft leather, with something earthy and slightly woody underneath..","Accords: iris, earthy, aromatic. Notes: tuscan iris, guatemalan cardamom, vetiver. Profile: It smells like a spice market at dawn — sweet iris and cardamom mixed with earthy vetiver, with something faintly floral and slightly woody underneath..",21855
21579,cozy amber and tonka bean fragrance,"Accords: iris, powdery, amber. Notes: iris, amber, patchouli, tonka bean, leather, sandalwood. Profile: It smells like iris and amber at first, then warm leather and soft leather, with something earthy and slightly woody underneath..","Accords: iris, powdery, leather. Notes: bergamot, iris, leather. Profile: It smells like a leather jacket left in an old leather bag, with something earthy and slightly leathery underneath..",17575
11578,clean stone smell perfume,"Accords: mineral, leather, warm spicy. Notes: mineral notes, spicy notes, leather. Profile: It smells like a leather jacket left in an old wooden shed, with soft leather underneath..","Accords: mineral, woody, white floral. Notes: mineral notes, pink pepper, lotus, syringa, hinoki wood, white amber. Profile: It smells like powdery pepper and syringa at first, then soft wood with a hint of white amber..",11818
11578,spicy leather jacket scent,"Accords: mineral, leather, warm spicy. Notes: mineral notes, spicy notes, leather. Profile: It smells like a leather jacket left in an old wooden shed, with soft leather underneath..","Accords: mineral, woody, white floral. Notes: mineral notes, pink pepper, lotus, syringa, hinoki wood, white amber. Profile: It smells like powdery pepper and syringa at first, then soft wood with a hint of white amber..",11818
11578,wet rocks after rain fragrance,"Accords: mineral, leather, warm spicy. Notes: mineral notes, spicy notes, leather. Profile: It smells like a leather jacket left in an old wooden shed, with soft leather underneath..","Accords: mineral, woody, white floral. Notes: mineral notes, pink pepper, lotus, syringa, hinoki wood, white amber. Profile: It smells like powdery pepper and syringa at first, then soft wood with a hint of white amber..",11818
6622,sweet cherry and coffee perfume,"Accords: cherry, coffee, fruity. Notes: maraschino cherry, coffee, musk, woody notes. Profile: It smells like a coffee shop at dawn — sweet cherry juice mixed with coffee grounds, with something woody and slightly earthy underneath..","Accords: cherry, sweet, vanilla. Notes: cherry, almond, pink pepper, cherry blossom, violet, magnolia, vanilla, tonka bean. Profile: It smells like a spice market at dawn — sweet cherries and almonds mixed with white flowers, then soft vanilla and powdery vanilla, finishing with something earthy and slightly woody..",13965
6622,maraschino cherry scent musky,"Accords: cherry, coffee, fruity. Notes: maraschino cherry, coffee, musk, woody notes. Profile: It smells like a coffee shop at dawn — sweet cherry juice mixed with coffee grounds, with something woody and slightly earthy underneath..","Accords: cherry, sweet, musky. Notes: pink pepper, bergamot, mandarin orange, rose, jasmine, lily-of-the-valley, musk, amber. Profile: It smells like a floral garden at dawn — sweet pepper and citrus mixed with white flowers, finishing with something earthy and slightly powdery..",1856
6622,dark cherry woody fragrance,"Accords: cherry, coffee, fruity. Notes: maraschino cherry, coffee, musk, woody notes. Profile: It smells like a coffee shop at dawn — sweet cherry juice mixed with coffee grounds, with something woody and slightly earthy underneath..","Accords: cherry, sweet, vanilla. Notes: cherry, almond, pink pepper, cherry blossom, violet, magnolia, vanilla, tonka bean. Profile: It smells like a spice market at dawn — sweet cherries and almonds mixed with white flowers, then soft vanilla and powdery vanilla, finishing with something earthy and slightly woody..",13965
8912,perfume that smells like coca cola soda,"Accords: coca-cola, vanilla, citrus. Notes: coca-cola, grapefruit, cassis, rose, jasmine, lily-of-the-valley, vanilla, musk. Profile: It smells like a flower shop at dawn — citrus peel and roses mixed with white flowers, then softened by something powdery and slightly woody..","Accords: coca-cola, warm spicy, amber. Notes: coca-cola, mandarin orange, jasmine, tuberose, tonka bean, sandalwood, amber. Profile: It smells like a coffee shop at dawn — orange peel and jasmine mixing with white flowers, then softens into something earthy and slightly powdery..",19940
8912,sweet fizzy drink with flowers and vanilla,"Accords: coca-cola, vanilla, citrus. Notes: coca-cola, grapefruit, cassis, rose, jasmine, lily-of-the-valley, vanilla, musk. Profile: It smells like a flower shop at dawn — citrus peel and roses mixed with white flowers, then softened by something powdery and slightly woody..","Accords: coca-cola, warm spicy, amber. Notes: coca-cola, mandarin orange, jasmine, tuberose, tonka bean, sandalwood, amber. Profile: It smells like a coffee shop at dawn — orange peel and jasmine mixing with white flowers, then softens into something earthy and slightly powdery..",19940
8912,grapefruit and musky rose scent,"Accords: coca-cola, vanilla, citrus. Notes: coca-cola, grapefruit, cassis, rose, jasmine, lily-of-the-valley, vanilla, musk. Profile: It smells like a flower shop at dawn — citrus peel and roses mixed with white flowers, then softened by something powdery and slightly woody..","Accords: coca-cola, sweet, fruity. Notes: raspberry, granny smith apple, lime, sweet notes, peony, magnolia, coca-cola. Profile: It smells like a fruit stand next to an apple orchard — sweet raspberries and peony in the background, with something powdery and slightly sweet underneath..",5588
14087,fresh ocean breeze citrus cologne,"Accords: aquatic, citrus, aromatic. Notes: grapefruit, neroli, mandarin orange, petitgrain, water notes, seaweed, rosemary, virginia cedar. Profile: It smells like ripe citrus and citrus peel at first, then settles into something earthy and slightly woody..","Accords: aquatic, woody, aromatic. Notes: water notes, rosemary, cardamom, sequoia, musk, patchouli. Profile: It smells like a flower shop at dawn — sweet water and cardamom mixed with white flowers, then dried herbs and musk..",738
14087,clean salty seawater grapefruit scent,"Accords: aquatic, citrus, aromatic. Notes: grapefruit, neroli, mandarin orange, petitgrain, water notes, seaweed, rosemary, virginia cedar. Profile: It smells like ripe citrus and citrus peel at first, then settles into something earthy and slightly woody..","Accords: aquatic, citrus, green. Notes: watery notes, mandarin orange, bergamot, nutmeg, green notes, violet, jasmine, woodsy notes. Profile: It smells like citrus peel and orange peel at first, then white flowers and jasmine, finishing with warm wood and a hint of powdery amber..",10365
14087,smell like the beach in summer,"Accords: aquatic, citrus, aromatic. Notes: grapefruit, neroli, mandarin orange, petitgrain, water notes, seaweed, rosemary, virginia cedar. Profile: It smells like ripe citrus and citrus peel at first, then settles into something earthy and slightly woody..","Accords: aquatic, green, fresh. Notes: lavender, mint, mandarin orange, water notes, green notes, cardamom, nutmeg, musk. Profile: It smells like fresh lavender and mint at first, then warm wood with a soft, leathery base..",325
17954,coffee shop with fresh herbs smell,"Accords: coffee, warm spicy, vanilla. Notes: lavender, bergamot, green leaves, coffee, cedar, vanilla, patchouli, tonka bean. Profile: It smells like a coffee shop at dawn — sweet lavender and mint mixed with powdery vanilla, with something earthy and slightly bitter underneath..","Accords: coffee, warm spicy, sweet. Notes: sichuan pepper, rose, tangerine, ylang-ylang, patchouli, tiramisu, jasmine, coffee. Profile: It smells like a coffee shop at dawn — spicy peppercorns and rose petals mixed with powdered sugar, then softened by creamy vanilla and whipped cream..",372
17954,morning coffee with vanilla and woods,"Accords: coffee, warm spicy, vanilla. Notes: lavender, bergamot, green leaves, coffee, cedar, vanilla, patchouli, tonka bean. Profile: It smells like a coffee shop at dawn — sweet lavender and mint mixed with powdery vanilla, with something earthy and slightly bitter underneath..","Accords: coffee, warm spicy, lactonic. Notes: apple, sea notes, mint, coffee, milk, amber, leather, cedar. Profile: It smells like ripe apple and mint at first, then settles into something earthy and slightly woody..",10143
17954,lavender coffee perfume cedar,"Accords: coffee, warm spicy, vanilla. Notes: lavender, bergamot, green leaves, coffee, cedar, vanilla, patchouli, tonka bean. Profile: It smells like a coffee shop at dawn — sweet lavender and mint mixed with powdery vanilla, with something earthy and slightly bitter underneath..","Accords: coffee, warm spicy, aromatic. Notes: roasted coffee beans, tobacco, vetiver. Profile: It smells like roasted coffee beans and tobacco smoke at first, then settles into something earthy and slightly sweet..",6205
9276,fresh cut flowers white lily smell,"Accords: green, white floral, floral. Notes: freesia, lily-of-the-valley, rose, palm tree, narcissus, lily, gardenia, black currant. Profile: It smells like a flower shop at dawn — white flowers blooming in the air, with something earthy and slightly woody underneath..","Accords: green, floral, fresh. Notes: grass, blueberry, hyacinth, rose, pink tulip, teak wood, vetiver. Profile: It smells like a flower shop next to an old church — grassy flowers and hyacinths mingling with white flowers, finishing with something earthy and slightly woody..",11194
9276,green garden after rain with roses,"Accords: green, white floral, floral. Notes: freesia, lily-of-the-valley, rose, palm tree, narcissus, lily, gardenia, black currant. Profile: It smells like a flower shop at dawn — white flowers blooming in the air, with something earthy and slightly woody underneath..","Accords: green, white floral, floral. Notes: green notes, freesia, pink pepper, lily-of-the-valley, jasmine, orchid, rose, oakmoss. Profile: It smells like a flower shop at dawn — bright green flowers mixed with white flowers, then soft powdery wood and something faintly floral..",562
9276,clean floral perfume for spring,"Accords: green, white floral, floral. Notes: freesia, lily-of-the-valley, rose, palm tree, narcissus, lily, gardenia, black currant. Profile: It smells like a flower shop at dawn — white flowers blooming in the air, with something earthy and slightly woody underneath..","Accords: green, citrus, floral. Notes: lemon verbena, jasmine, hyacinth, musk, lemon, galbanum, cedar, moss. Profile: It smells like citrus peel and jasmine at first, then white flowers and hyacinth, finishing with something earthy and slightly powdery..",49
19851,spicy cinnamon incense perfume,"Accords: cinnamon, warm spicy, amber. Notes: bergamot, cinnamon, juniper berries, incense. Profile: It smells like a spice market at dawn — bergamot and cinnamon mixed with powdery incense, finishing with something earthy and slightly sweet..","Accords: cinnamon, warm spicy, vanilla. Notes: peach, citruses, plum, bergamot, mandarin orange, cinnamon, jasmine, lily-of-the-valley. Profile: It smells like sweet peaches and citrus peel at first, then soft vanilla and powdery wood, finishing with something earthy and slightly musky..",10324
19851,warm church incense with citrus,"Accords: cinnamon, warm spicy, amber. Notes: bergamot, cinnamon, juniper berries, incense. Profile: It smells like a spice market at dawn — bergamot and cinnamon mixed with powdery incense, finishing with something earthy and slightly sweet..","Accords: cinnamon, warm spicy, vanilla. Notes: peach, citruses, plum, bergamot, mandarin orange, cinnamon, jasmine, lily-of-the-valley. Profile: It smells like sweet peaches and citrus peel at first, then soft vanilla and powdery wood, finishing with something earthy and slightly musky..",10324
19851,juniper and cinnamon candle smell,"Accords: cinnamon, warm spicy, amber. Notes: bergamot, cinnamon, juniper berries, incense. Profile: It smells like a spice market at dawn — bergamot and cinnamon mixed with powdery incense, finishing with something earthy and slightly sweet..","Accords: cinnamon, warm spicy, vanilla. Notes: peach, citruses, plum, bergamot, mandarin orange, cinnamon, jasmine, lily-of-the-valley. Profile: It smells like sweet peaches and citrus peel at first, then soft vanilla and powdery wood, finishing with something earthy and slightly musky..",10324
14157,sweet fruity perfume with vanilla and caramel,"Accords: sweet, fruity, vanilla. Notes: pear, tangerine, bergamot, strawberry, vanilla orchid, black rose, passionfruit, praline. Profile: It smells like tart pear and tangerine at first, then sweet vanilla and powdery roses, finishing with a soft vanilla-incense base..","Accords: sweet, ozonic, fruity. Notes: red berries, watermelon, sugar, woody notes. Profile: It smells like ripe berries and watermelon at first, then settles into sweet sugar and woody notes..",1753
14157,candy store with strawberries and pears,"Accords: sweet, fruity, vanilla. Notes: pear, tangerine, bergamot, strawberry, vanilla orchid, black rose, passionfruit, praline. Profile: It smells like tart pear and tangerine at first, then sweet vanilla and powdery roses, finishing with a soft vanilla-incense base..","Accords: sweet, citrus, almond. Notes: rhubarb, mandarin orange, pink grapefruit, peony, magnolia petals, jasmine sambac, macarons, patchouli. Profile: It smells like rhubarb and orange peel at first, then soft peony and white flowers, finishing with a warm, slightly powdery base..",819
14157,sweet coffee shop dessert fragrance,"Accords: sweet, fruity, vanilla. Notes: pear, tangerine, bergamot, strawberry, vanilla orchid, black rose, passionfruit, praline. Profile: It smells like tart pear and tangerine at first, then sweet vanilla and powdery roses, finishing with a soft vanilla-incense base..","Accords: sweet, white floral, green. Notes: mint, amalfi lemon, pink pepper, jasmine, sugar, cashmeran, virginia cedar. Profile: It smells like fresh mint and citrus peel at first, then white flowers with a hint of powdery sugar, finishing with something earthy and slightly sweet..",6543
2243,fresh clean laundry smell perfume,"Accords: ozonic, woody, citrus. Notes: green mandarin, italian lemon, violet leaf, eucalyptus, bulgarian rose, musk, patchouli, madagascar vanilla. Profile: It smells like a flower shop at dawn — citrus peel and white flowers mixed with powdery vanilla, finishing with something earthy and slightly sweet..","Accords: ozonic, aquatic, floral. Notes: ozonic notes, lotus, melon, coconut, flowers, dew drop, amberwood, musk. Profile: It smells like dried fruit and melon at first, then soft vanilla and powdery flowers, finishing with a warm, slightly woody base..",14102
2243,perfume that smells like ocean breeze and citrus,"Accords: ozonic, woody, citrus. Notes: green mandarin, italian lemon, violet leaf, eucalyptus, bulgarian rose, musk, patchouli, madagascar vanilla. Profile: It smells like a flower shop at dawn — citrus peel and white flowers mixed with powdery vanilla, finishing with something earthy and slightly sweet..","Accords: ozonic, sweet, aquatic. Notes: melon, white tea, arum lily, spun sugar, tahitian vanilla. Profile: It smells like sweet melon and white tea at first, then sweet vanilla and sweet sugar, with a warm, slightly powdery sweetness underneath..",3541
2243,light airy scent with lemon and vanilla,"Accords: ozonic, woody, citrus. Notes: green mandarin, italian lemon, violet leaf, eucalyptus, bulgarian rose, musk, patchouli, madagascar vanilla. Profile: It smells like a flower shop at dawn — citrus peel and white flowers mixed with powdery vanilla, finishing with something earthy and slightly sweet..","Accords: ozonic, aquatic, fruity. Notes: melon, violet leaf, lemon, osmanthus, jasmine, mint, vetiver, moss. Profile: It smells like sweet melon and citrus peel at first, then white flowers and jasmine, finishing with something earthy and mossy..",2809
21254,spicy tobacco and incense perfume,"Accords: tobacco, vanilla, warm spicy. Notes: cinnamon, pepperwood, tobacco leaf, incense, osmanthus, labdanum, vanilla, iso e super. Profile: It smells like a spice shop at dawn — sweet cinnamon and tobacco leaves mixed with powdery incense, then settles into something earthy and slightly floral..","Accords: tobacco, sweet, aromatic. Notes: clary sage, black currant, tobacco leaf, nutmeg, orris, tonka bean, oakmoss. Profile: It smells like sweet sage and black currants at first, then soft tobacco and powdery nutmeg, finishing with something earthy and slightly woody..",21206
21254,warm vanilla cedar cologne for fall,"Accords: tobacco, vanilla, warm spicy. Notes: cinnamon, pepperwood, tobacco leaf, incense, osmanthus, labdanum, vanilla, iso e super. Profile: It smells like a spice shop at dawn — sweet cinnamon and tobacco leaves mixed with powdery incense, then settles into something earthy and slightly floral..","Accords: tobacco, soft spicy, sweet. Notes: pink pepper, cardamom, lemon, tobacco, black tea, white woods, balsamic notes, leather. Profile: It smells like a leather jacket left open in an old wood shop — sweet peppercorn and cardamom mixed with white flowers, then soft leather and something earthy-musky..",11977
21254,smoky woody fragrance with cinnamon,"Accords: tobacco, vanilla, warm spicy. Notes: cinnamon, pepperwood, tobacco leaf, incense, osmanthus, labdanum, vanilla, iso e super. Profile: It smells like a spice shop at dawn — sweet cinnamon and tobacco leaves mixed with powdery incense, then settles into something earthy and slightly floral..","Accords: tobacco, citrus, woody. Notes: bitter orange, grapefruit, neroli, clary sage, tea, cinnamon, jasmine, coriander. Profile: It smells like sweet orange peel and citrus peel at first, then creamy vanilla and nutmeg, finishing with something earthy and slightly spiced..",19434
4982,calming chamomile tea with almond,"Accords: herbal, woody, floral. Notes: chamomile, bitter almond, musk, indian jasmine, jasmine, sandalwood, cedar, vanilla. Profile: It smells like chamomile and mint at first, then soft jasmine and vanilla, with a hint of powdery wood underneath..","Accords: herbal, fresh spicy, green. Notes: chamomile, acai berry, lavender, violet leaf, cumin, beeswax, marigold, nard himalayan (jatamansi). Profile: It smells like a flower shop at dawn — chamomile and lavender mixed with powdered beeswax, then softens into something earthy and slightly sweet..",3323
4982,soft jasmine and warm vanilla perfume,"Accords: herbal, woody, floral. Notes: chamomile, bitter almond, musk, indian jasmine, jasmine, sandalwood, cedar, vanilla. Profile: It smells like chamomile and mint at first, then soft jasmine and vanilla, with a hint of powdery wood underneath..","Accords: herbal, leather, aromatic. Notes: artemisia, incense, lemon, leather, chamomile, apricot, iris, vanilla. Profile: It smells like a leather jacket left open in an old church — dried herbs mixed with white flowers, then softens into something powdery and slightly woody..",8457
4982,herbal spa with sandalwood and musk,"Accords: herbal, woody, floral. Notes: chamomile, bitter almond, musk, indian jasmine, jasmine, sandalwood, cedar, vanilla. Profile: It smells like chamomile and mint at first, then soft jasmine and vanilla, with a hint of powdery wood underneath..","Accords: herbal, white floral, citrus. Notes: orange, jasmine, artemisia. Profile: It smells like orange peel and jasmine at first, then settles into something earthy and slightly sweet..",8545
3412,coconut sunscreen at the beach,"Accords: salty, mineral, marine. Notes: salt, coconut water, frangipani, jasmine, mineral notes, driftwood, tonka bean. Profile: It smells like salty water and powdery soap at first, then settles into a warm woody base with something earthy and slightly sweet..","Accords: salty, citrus, musky. Notes: lemon, water notes, sea salt, peach, musk, cedar. Profile: It smells like citrus peel and sea salt at first, then settles into something earthy and slightly musky..",12386
3412,salty ocean air with white flowers,"Accords: salty, mineral, marine. Notes: salt, coconut water, frangipani, jasmine, mineral notes, driftwood, tonka bean. Profile: It smells like salty water and powdery soap at first, then settles into a warm woody base with something earthy and slightly sweet..","Accords: salty, citrus, musky. Notes: lemon, water notes, sea salt, peach, musk, cedar. Profile: It smells like citrus peel and sea salt at first, then settles into something earthy and slightly musky..",12386
3412,driftwood and sea spray perfume,"Accords: salty, mineral, marine. Notes: salt, coconut water, frangipani, jasmine, mineral notes, driftwood, tonka bean. Profile: It smells like salty water and powdery soap at first, then settles into a warm woody base with something earthy and slightly sweet..","Accords: salty, citrus, musky. Notes: lemon, water notes, sea salt, peach, musk, cedar. Profile: It smells like citrus peel and sea salt at first, then settles into something earthy and slightly musky..",12386
21258,earthy patchouli with rose and vanilla,"Accords: patchouli, amber, vanilla. Notes: violet leaf, coriander, bergamot, rose, black pepper, lily-of-the-valley, patchouli, ambergris. Profile: It smells like a flower shop at dawn — white flowers and herbs mixed with sweet vanilla, with an earthy sweetness that's slightly sweeter than vanilla..","Accords: patchouli, fruity, woody. Notes: plum, rose, patchouli. Profile: It smells like a flower shop at dawn — sweet plums and roses mingling with white flowers..",8176
21258,spicy floral perfume with pepper and bergamot,"Accords: patchouli, amber, vanilla. Notes: violet leaf, coriander, bergamot, rose, black pepper, lily-of-the-valley, patchouli, ambergris. Profile: It smells like a flower shop at dawn — white flowers and herbs mixed with sweet vanilla, with an earthy sweetness that's slightly sweeter than vanilla..","Accords: patchouli, woody, citrus. Notes: bergamot, mandarin orange, lavender, geranium, rose, patchouli, cedar, oakmoss. Profile: It smells like citrus peel and rose petals at first, then settles into something earthy and slightly powdery, with a warm, slightly woody base..",13537
21258,hippie patchouli scent but cleaner and softer,"Accords: patchouli, amber, vanilla. Notes: violet leaf, coriander, bergamot, rose, black pepper, lily-of-the-valley, patchouli, ambergris. Profile: It smells like a flower shop at dawn — white flowers and herbs mixed with sweet vanilla, with an earthy sweetness that's slightly sweeter than vanilla..","Accords: patchouli, woody, citrus. Notes: bergamot, mandarin orange, lavender, geranium, rose, patchouli, cedar, oakmoss. Profile: It smells like citrus peel and rose petals at first, then settles into something earthy and slightly powdery, with a warm, slightly woody base..",13537
16573,fresh lemon and cedar cologne,"Accords: citrus, aromatic, woody. Notes: lemon, bergamot, carambola (star fruit), cardamom, brazilian rosewood, cedar, tarragon, sage. Profile: It smells like a spice market at dawn — citrus peel and cardamom mixed with white flowers, with something earthy and slightly woody underneath..","Accords: citrus, aromatic, woody. Notes: bergamot, lemon, clary sage, galbanum, oakmoss, cedar. Profile: It smells like citrus peel and lemon at first, then white flowers and moss, with something earthy and slightly woody underneath..",951
16573,clean citrus with spicy pepper,"Accords: citrus, aromatic, woody. Notes: lemon, bergamot, carambola (star fruit), cardamom, brazilian rosewood, cedar, tarragon, sage. Profile: It smells like a spice market at dawn — citrus peel and cardamom mixed with white flowers, with something earthy and slightly woody underneath..","Accords: citrus, woody, aromatic. Notes: amalfi lemon, orange, mandarin orange, petitgrain, mint, anise, oak moss, virginia cedar. Profile: It smells like citrus peel and orange peel at first, then mossy wood with a soft, woody base..",16879
16573,bright bergamot woody musk,"Accords: citrus, aromatic, woody. Notes: lemon, bergamot, carambola (star fruit), cardamom, brazilian rosewood, cedar, tarragon, sage. Profile: It smells like a spice market at dawn — citrus peel and cardamom mixed with white flowers, with something earthy and slightly woody underneath..","Accords: citrus, fresh spicy, soft spicy. Notes: pepper, grapefruit, lime, anise, apple, freesia, orange blossom, rose. Profile: It smells like ripe pepper and citrus peel at first, then soft roses and licorice, finishing with something earthy and slightly woody..",517
9550,sweet fruity perfume with white chocolate,"Accords: sweet, fruity, tropical. Notes: kiwi, red litchi, quince, white chocolate, cupcake, orchid, jasmine, musk. Profile: It smells like sweet kiwi and white chocolate at first, then creamy white flowers, finishing with a soft woody base..","Accords: sweet, white floral, yellow floral. Notes: ylang-ylang, caramel, lilac, bergamot, tuberose, jasmine, raspberry, iris. Profile: It smells like a flower shop at dawn — sweet caramel and rose petals mixed with white flowers, then soft vanilla and powdery wood..",9180
9550,cupcake bakery smell with flowers,"Accords: sweet, fruity, tropical. Notes: kiwi, red litchi, quince, white chocolate, cupcake, orchid, jasmine, musk. Profile: It smells like sweet kiwi and white chocolate at first, then creamy white flowers, finishing with a soft woody base..","Accords: sweet, vanilla, woody. Notes: vanilla, pear, marshmallow, rum, violet leaves, ylang-ylang, bubble gum, jellybean. Profile: It smells like ripe pear and sweet vanilla at first, then creamy white flowers, finishing with a soft woody base..",10289
9550,candy sweet kiwi and lychee fragrance,"Accords: sweet, fruity, tropical. Notes: kiwi, red litchi, quince, white chocolate, cupcake, orchid, jasmine, musk. Profile: It smells like sweet kiwi and white chocolate at first, then creamy white flowers, finishing with a soft woody base..","Accords: sweet, fruity, vanilla. Notes: blackberry, pear, bergamot, whipped cream, marshmallow, black currant, frangipani, jasmine. Profile: It smells like ripe pear and sweet vanilla at first, then creamy white flowers with a hint of powdery sweetness..",13754
14383,chocolate and vanilla perfume,"Accords: cacao, vanilla, rum. Notes: vanilla, vanilla orchid, cacao pod, rum. Profile: It smells like a spice market at dawn — sweet vanilla and orchids mixed with powdered sugar, then settling into something earthy and slightly bitter..","Accords: cacao, warm spicy, sweet. Notes: cacao, dark chocolate, hazelnut, hazelnut, tonka bean. Profile: It smells like dark chocolate and hazelnut at first, then soft chocolate, with a hint of vanilla and warm chocolate underneath..",3016
14383,warm boozy dessert fragrance,"Accords: cacao, vanilla, rum. Notes: vanilla, vanilla orchid, cacao pod, rum. Profile: It smells like a spice market at dawn — sweet vanilla and orchids mixed with powdered sugar, then settling into something earthy and slightly bitter..","Accords: cacao, coconut, sweet. Notes: bergamot, neroli, cacao, coconut, agarwood (oud), musk. Profile: It smells like a spice market at dawn — bergamot and neroli mixed with dark chocolate, with something earthy and slightly woody underneath..",20286
14383,sweet rum and cocoa scent,"Accords: cacao, vanilla, rum. Notes: vanilla, vanilla orchid, cacao pod, rum. Profile: It smells like a spice market at dawn — sweet vanilla and orchids mixed with powdered sugar, then settling into something earthy and slightly bitter..","Accords: cacao, warm spicy, chocolate. Notes: watermelon, rose, black currant, grapefruit, dark chocolate, cacao, coconut, musk. Profile: It smells like watermelon and roses at first, then dark chocolate and vanilla, with a hint of powdery wood underneath..",2026
10975,coffee shop with hazelnut and cinnamon,"Accords: nutty, vanilla, white floral. Notes: hazelnut, coffee, cinnamon, tuberose, coconut, jasmine sambac, vanilla, white musk. Profile: It smells like roasted hazelnuts and coffee at first, then creamy vanilla and white musk, finishing with a warm, slightly powdery base..","Accords: nutty, vanilla, woody. Notes: lemon, bergamot, jasmine, lily-of-the-valley, hazelnut, vanilla, amber, musk. Profile: It smells like citrus peel and bergamot at first, then white flowers and vanilla, finishing with something earthy and slightly powdery..",13719
10975,warm vanilla coconut perfume,"Accords: nutty, vanilla, white floral. Notes: hazelnut, coffee, cinnamon, tuberose, coconut, jasmine sambac, vanilla, white musk. Profile: It smells like roasted hazelnuts and coffee at first, then creamy vanilla and white musk, finishing with a warm, slightly powdery base..","Accords: nutty, sweet, woody. Notes: butter, salt, toast, cookie dough, hazelnut cocoa spread, hazelnut. Profile: It smells like warm butter and salt at first, then soft chocolate, with a slightly sweet sweetness that's slightly caramelized..",18765
10975,sweet nutty coffee fragrance,"Accords: nutty, vanilla, white floral. Notes: hazelnut, coffee, cinnamon, tuberose, coconut, jasmine sambac, vanilla, white musk. Profile: It smells like roasted hazelnuts and coffee at first, then creamy vanilla and white musk, finishing with a warm, slightly powdery base..","Accords: nutty, sweet, woody. Notes: butter, salt, toast, cookie dough, hazelnut cocoa spread, hazelnut. Profile: It smells like warm butter and salt at first, then soft chocolate, with a slightly sweet sweetness that's slightly caramelized..",18765
2801,fresh ocean breeze perfume,"Accords: marine, aromatic, aldehydic. Notes: sea notes, aldehydes, coriander, red pepper, juniper, iris, amyl salicylate, rose. Profile: It smells like salty water and seaweed at first, then settles into something earthy and slightly woody..","Accords: marine, aromatic, aquatic. Notes: wildflowers, tea, seaweed, pine tree, ylang-ylang, jasmine, agarwood (oud), musk. Profile: It smells like dried flowers and seaweed at first, then settles into something sweet and slightly earthy with a hint of powdery wood..",5379
2801,salty sea air with spices,"Accords: marine, aromatic, aldehydic. Notes: sea notes, aldehydes, coriander, red pepper, juniper, iris, amyl salicylate, rose. Profile: It smells like salty water and seaweed at first, then settles into something earthy and slightly woody..","Accords: marine, woody, salty. Notes: sea salt, bergamot, seaweed, cedar, ambergris, woody notes. Profile: It smells like sea salt and bergamot at first, then dried cedar, with a woody base..",16682
2801,clean aquatic scent like the beach,"Accords: marine, aromatic, aldehydic. Notes: sea notes, aldehydes, coriander, red pepper, juniper, iris, amyl salicylate, rose. Profile: It smells like salty water and seaweed at first, then settles into something earthy and slightly woody..","Accords: marine, aromatic, lavender. Notes: sea notes, lavender, tonka bean. Profile: It smells like salty water and smoky sea air, with something earthy and slightly sweet lingering in the background..",1997
12816,fresh pear and apple perfume,"Accords: musky, amber, woody. Notes: pear, apple, citruses, ambrette (musk mallow), amyl salicylate, moss, jasmine, iso e super. Profile: It smells like ripe pear and apple juice at first, then soft white flowers with a powdery base that's soft and slightly sweet..","Accords: musky, aldehydic, fresh. Notes: aldehydes, cassis, green notes, lily, peony, jasmine, musk, amber. Profile: It smells like a flower shop at dawn — sweet citrus and white flowers mixed with powdery woods, finishing with something earthy and slightly woody..",3113
12816,clean musky scent with fruit,"Accords: musky, amber, woody. Notes: pear, apple, citruses, ambrette (musk mallow), amyl salicylate, moss, jasmine, iso e super. Profile: It smells like ripe pear and apple juice at first, then soft white flowers with a powdery base that's soft and slightly sweet..","Accords: musky, powdery, herbal. Notes: chamomile, jasmine, geranium, musk, sandalwood, amber. Profile: It smells like chamomile and jasmine at first, then settles into something earthy and slightly woody..",7602
12816,light jasmine moss fragrance,"Accords: musky, amber, woody. Notes: pear, apple, citruses, ambrette (musk mallow), amyl salicylate, moss, jasmine, iso e super. Profile: It smells like ripe pear and apple juice at first, then soft white flowers with a powdery base that's soft and slightly sweet..","Accords: musky, amber, vanilla. Notes: osmanthus, black currant, white musk, cetalox, ambroxan, madagascar vanilla. Profile: It smells like sweet osmanthus and black currants at first, then white musk and vanilla, with a warm, slightly powdery base..",2328
6945,fresh ocean breeze with berries and flowers,"Accords: aquatic, citrus, fresh. Notes: watery notes, grapefruit, raspberry, peony, jasmine, iris, pink pepper, suede. Profile: It smells like fresh fruit and citrus at first, then iris and white flowers, finishing with a soft powdery finish..","Accords: aquatic, fruity, white floral. Notes: water notes, passionfruit, fruity notes, bergamot, jasmine, lily, musk, heliotrope. Profile: It smells like citrus peel and jasmine at first, then soft florals, finishing with something earthy and slightly musky..",20743
6945,clean grapefruit and raspberry water perfume,"Accords: aquatic, citrus, fresh. Notes: watery notes, grapefruit, raspberry, peony, jasmine, iris, pink pepper, suede. Profile: It smells like fresh fruit and citrus at first, then iris and white flowers, finishing with a soft powdery finish..","Accords: aquatic, citrus, ozonic. Notes: watery notes, bergamot, mandarin orange, violet leaf, galbanum, watermelon, bamboo, jasmine. Profile: It smells like watermelon and citrus peel at first, then white flowers and jasmine, finishing with something earthy and slightly floral..",10448
6945,soft watery floral with pink pepper and suede,"Accords: aquatic, citrus, fresh. Notes: watery notes, grapefruit, raspberry, peony, jasmine, iris, pink pepper, suede. Profile: It smells like fresh fruit and citrus at first, then iris and white flowers, finishing with a soft powdery finish..","Accords: aquatic, floral, fresh. Notes: water notes, water lily, lilac, apricot, rose, jasmine, violet, vetiver. Profile: It smells like a flower shop at dawn — sweet water lilies and roses mixed with white flowers, then settles into something earthy and slightly powdery..",8879
11718,sweet fruity perfume with peach and vanilla,"Accords: fruity, powdery, woody. Notes: peach, apricot, pear, black currant, green apple, sandalwood, jasmine, moss. Profile: It smells like sweet peaches and apricots at first, then white flowers and powdery sandalwood, finishing with something earthy and slightly woody..","Accords: fruity, powdery, sweet. Notes: blackberry, black currant, peach, rose, violet, jasmine, vanille, sandalwood. Profile: It smells like ripe peaches and roses at first, then white flowers and vanilla, finishing with a soft woody base..",6690
11718,fresh green apple and pear scent,"Accords: fruity, powdery, woody. Notes: peach, apricot, pear, black currant, green apple, sandalwood, jasmine, moss. Profile: It smells like sweet peaches and apricots at first, then white flowers and powdery sandalwood, finishing with something earthy and slightly woody..","Accords: fruity, sweet, citrus. Notes: pink pepper, white tea, raspberry, blood orange, violet, apricot, tiare flower, musk. Profile: It smells like a spice shop at dawn — sweet pepper and white flowers mixed with powdered berries, then softened by something earthy and slightly powdery..",9978
11718,summer fruit basket fragrance,"Accords: fruity, powdery, woody. Notes: peach, apricot, pear, black currant, green apple, sandalwood, jasmine, moss. Profile: It smells like sweet peaches and apricots at first, then white flowers and powdery sandalwood, finishing with something earthy and slightly woody..","Accords: fruity, floral, tropical. Notes: guava, red berries, magnolia, lime (linden) blossom, frangipani, coconut, woodsy notes. Profile: It smells like fresh guava and red berries at first, then soft vanilla and sweet almonds, with a warm, woody base..",15445
12277,fresh bergamot and green fig perfume,"Accords: citrus, woody, fresh spicy. Notes: bergamot, citruses, green mandarin, fig, pear, cardamom, lily, jasmine. Profile: It smells like a flower shop at dawn — sweet citrus peel and white flowers mixed with powdery flowers, finishing with something earthy and woody..","Accords: citrus, soft spicy, white floral. Notes: lemon, mandarin orange, guava, peach, licorice, jasmine, tuberose, aloe vera. Profile: It smells like citrus peel and orange peel at first, then licorice and jasmine, finishing with soft wood and a hint of white flowers..",18477
12277,clean citrus with white flowers,"Accords: citrus, woody, fresh spicy. Notes: bergamot, citruses, green mandarin, fig, pear, cardamom, lily, jasmine. Profile: It smells like a flower shop at dawn — sweet citrus peel and white flowers mixed with powdery flowers, finishing with something earthy and woody..","Accords: citrus, woody, patchouli. Notes: orange, mandarin orange, bergamot, jasmine, rose, patchouli, sandalwood, vetiver. Profile: It smells like orange peel and citrus peel at first, then rose petals and vetiver, finishing with a soft woody base..",15946
12277,light summery pear and jasmine scent,"Accords: citrus, woody, fresh spicy. Notes: bergamot, citruses, green mandarin, fig, pear, cardamom, lily, jasmine. Profile: It smells like a flower shop at dawn — sweet citrus peel and white flowers mixed with powdery flowers, finishing with something earthy and woody..","Accords: citrus, leather, white floral. Notes: green tea, tangerine, lemon tree, petitgrain, black currant, lydia broom, jasmine, leather. Profile: It smells like sweet green tea and citrus peel at first, then settles into something earthy and slightly leathery..",6632
3255,classic floral perfume like grandma wore,"Accords: powdery, woody, aldehydic. Notes: aldehydes, ylang-ylang, neroli, bergamot, lemon, iris, jasmine, rose. Profile: It smells like a flower shop at dawn — citrus peel mixed with white flowers, then soft florals and moss, finishing with something earthy and slightly sweet..","Accords: powdery, lactonic, woody. Notes: lily-of-the-valley, milk, peach, sandalwood, musk. Profile: It smells like fresh peaches and milk at first, then soft wood and a hint of powdery wood..",14006
3255,soft powdery makeup smell perfume,"Accords: powdery, woody, aldehydic. Notes: aldehydes, ylang-ylang, neroli, bergamot, lemon, iris, jasmine, rose. Profile: It smells like a flower shop at dawn — citrus peel mixed with white flowers, then soft florals and moss, finishing with something earthy and slightly sweet..","Accords: powdery, woody, warm spicy. Notes: jasmine, bergamot, grapefruit, iris, nutmeg, clove, orchid, rose. Profile: It smells like citrus peel and iris at first, then white flowers with a hint of powdery musk underneath..",19933
3255,elegant white flowers with vanilla base,"Accords: powdery, woody, aldehydic. Notes: aldehydes, ylang-ylang, neroli, bergamot, lemon, iris, jasmine, rose. Profile: It smells like a flower shop at dawn — citrus peel mixed with white flowers, then soft florals and moss, finishing with something earthy and slightly sweet..","Accords: powdery, fruity, sweet. Notes: peach, orchid, musk. Profile: It smells like fresh peaches and apricots at first, then soft musk and powdery wood..",6609
10356,warm vanilla and spices perfume,"Accords: yellow floral, amber, vanilla. Notes: bergamot, mandarin orange, aldehydes, fruity notes, ylang-ylang, mimosa, rose, jasmine. Profile: It smells like citrus peel and orange peel at first, then white flowers and vanilla, finishing with a warm, earthy base..","Accords: yellow floral, green, powdery. Notes: mimosa, neroli, bergamot, mimosa absolute, violet leaf, jasmine sambac, myrrh, ambergris. Profile: It smells like a flower shop at dawn — sweet citrus peel mixed with white flowers, then settling into something earthy and slightly powdery..",17412
10356,bright floral with cinnamon and sandalwood,"Accords: yellow floral, amber, vanilla. Notes: bergamot, mandarin orange, aldehydes, fruity notes, ylang-ylang, mimosa, rose, jasmine. Profile: It smells like citrus peel and orange peel at first, then white flowers and vanilla, finishing with a warm, earthy base..","Accords: yellow floral, white floral, citrus. Notes: bergamot, petitgrain, lime (linden) blossom, lily-of-the-valley, tarragon, jasmine, rose, beeswax. Profile: It smells like a flower shop at dawn — bergamot and citrus peel mixed with white flowers, then softens into something powdery and slightly waxy..",8643
10356,powdery jasmine rose with amber base,"Accords: yellow floral, amber, vanilla. Notes: bergamot, mandarin orange, aldehydes, fruity notes, ylang-ylang, mimosa, rose, jasmine. Profile: It smells like citrus peel and orange peel at first, then white flowers and vanilla, finishing with a warm, earthy base..","Accords: yellow floral, sweet, woody. Notes: white peach, sicilian mandarin, ylang-ylang, jasmine, benzoin, cedar. Profile: It smells like ripe peaches and citrus peel at first, then settles into something earthy and slightly sweet with a hint of jasmine..",1526
9567,earthy patchouli with sweet pineapple and vanilla,"Accords: patchouli, woody, sweet. Notes: patchouli, pink pepper, pineapple, hiacynth, iris, lemon, jasmine, rose. Profile: It smells like a spice market at dawn — sweet citrus peel and white flowers mixed with powdery roses, finishing with something earthy and slightly floral..","Accords: patchouli, vanilla, caramel. Notes: mandarin orange, orange, pepper, rose, jasmine, plum, patchouli, vanilla. Profile: It smells like citrus peel and orange peel at first, then rose petals and vanilla, finishing with a soft vanilla-caramel base..",20909
9567,fresh floral perfume with musk and spicy pepper,"Accords: patchouli, woody, sweet. Notes: patchouli, pink pepper, pineapple, hiacynth, iris, lemon, jasmine, rose. Profile: It smells like a spice market at dawn — sweet citrus peel and white flowers mixed with powdery roses, finishing with something earthy and slightly floral..","Accords: patchouli, fruity, woody. Notes: raspberry, pear, grapefruit, bergamot, peach, black currant, rose, freesia. Profile: It smells like fresh raspberries and peaches at first, then soft roses and white flowers, finishing with a warm, slightly powdery base..",11278
9567,woody patchouli rose scent for everyday wear,"Accords: patchouli, woody, sweet. Notes: patchouli, pink pepper, pineapple, hiacynth, iris, lemon, jasmine, rose. Profile: It smells like a spice market at dawn — sweet citrus peel and white flowers mixed with powdery roses, finishing with something earthy and slightly floral..","Accords: patchouli, soft spicy, musky. Notes: red berries, citruses, pink pepper, freesia, lily-of-the-valley, patchouli, vanilla, musk. Profile: It smells like ripe berries and dried flowers at first, then soft vanilla and powdery florals, finishing with a warm, slightly woody base..",11320
3861,clean rose soap with pepper,"Accords: fresh, aldehydic, musky. Notes: aldehydes, rose, pink pepper, peony, violet, african orange flower, musk, woodsy notes. Profile: It smells like a florist's pantry full of rose petals and peonies, with something earthy and slightly woody lingering in the air..","Accords: fresh, floral, fruity. Notes: litchi, bergamot, orange blossom, peony, red apple, red rose, lily-of-the-valley, white musk. Profile: It smells like a flower shop next to an apple orchard, where apples and peonies meet white flowers, then settle into something earthy and slightly woody..",866
3861,fresh flowers after spring rain,"Accords: fresh, aldehydic, musky. Notes: aldehydes, rose, pink pepper, peony, violet, african orange flower, musk, woodsy notes. Profile: It smells like a florist's pantry full of rose petals and peonies, with something earthy and slightly woody lingering in the air..","Accords: fresh, powdery, floral. Notes: aldehydes, coriander, peach, bergamot, lemon, lilac, orris root, ylang-ylang. Profile: It smells like sweet peach and citrus at first, then white flowers and roses, finishing with a soft vanilla-musk base..",17358
3861,light woody perfume for everyday wear,"Accords: fresh, aldehydic, musky. Notes: aldehydes, rose, pink pepper, peony, violet, african orange flower, musk, woodsy notes. Profile: It smells like a florist's pantry full of rose petals and peonies, with something earthy and slightly woody lingering in the air..","Accords: fresh, citrus, fruity. Notes: citrus, floral notes, watery notes, red berries, red currant, red tulip, musk, sandalwood. Profile: It smells like sweet citrus and berries at first, then soft musk and powdery wood, finishing with something earthy and slightly floral..",15990
7097,perfume that smells like sweet milk and vanilla,"Accords: lactonic, vanilla, sweet. Notes: bergamot, lily-of-the-valley, green notes, rose, milk, sugar, vanilla. Profile: It smells like a florist's pantry full of rose petals, with something powdery and sweet lingering in the air..","Accords: lactonic, woody, sweet. Notes: wheat, milk, licorice, coconut, immortelle, sandalwood, apricot, spices. Profile: It smells like a spice market at dawn — milky and powdery, with something sweet and earthy lurking in the background..",9999
7097,fresh flowers with creamy sugary smell,"Accords: lactonic, vanilla, sweet. Notes: bergamot, lily-of-the-valley, green notes, rose, milk, sugar, vanilla. Profile: It smells like a florist's pantry full of rose petals, with something powdery and sweet lingering in the air..","Accords: lactonic, sweet, vanilla. Notes: butter, sugar, milk, milk chocolate, vanilla, white musk. Profile: It smells like butter and sugar at first, then milk chocolate and vanilla, with a hint of white musk underneath..",1795
7097,clean soapy rose with bergamot,"Accords: lactonic, vanilla, sweet. Notes: bergamot, lily-of-the-valley, green notes, rose, milk, sugar, vanilla. Profile: It smells like a florist's pantry full of rose petals, with something powdery and sweet lingering in the air..","Accords: lactonic, sweet, anis. Notes: star anise, bergamot, heliotrope, milk, caramel, almond, vanille, musk. Profile: It smells like sweet almond milk and caramel, with a creamy vanilla-vanille base underneath..",16808
6831,creamy milky skin perfume,"Accords: lactonic, citrus, floral. Notes: aqual, yuzu, hexyl acetate, milk, skin, jasmine, mugane, orcanox. Profile: It smells like powdered yuzu and milk at first, then creamy mugane, with a hint of powdery moss underneath..","Accords: lactonic, vanilla, powdery. Notes: musk, tulip, vanilla, white orchid, milk. Profile: It smells like dried flowers and tulips at first, then soft vanilla and powdery orchids, finishing with milky-sweet vanilla..",14884
6831,clean laundry and jasmine soap,"Accords: lactonic, citrus, floral. Notes: aqual, yuzu, hexyl acetate, milk, skin, jasmine, mugane, orcanox. Profile: It smells like powdered yuzu and milk at first, then creamy mugane, with a hint of powdery moss underneath..","Accords: lactonic, sweet, vanilla. Notes: butter, sugar, milk, milk chocolate, vanilla, white musk. Profile: It smells like butter and sugar at first, then milk chocolate and vanilla, with a hint of white musk underneath..",1795
6831,fresh citrus with soft musk,"Accords: lactonic, citrus, floral. Notes: aqual, yuzu, hexyl acetate, milk, skin, jasmine, mugane, orcanox. Profile: It smells like powdered yuzu and milk at first, then creamy mugane, with a hint of powdery moss underneath..","Accords: lactonic, sweet, anis. Notes: star anise, bergamot, heliotrope, milk, caramel, almond, vanille, musk. Profile: It smells like sweet almond milk and caramel, with a creamy vanilla-vanille base underneath..",16808
18198,soft powdery perfume with violet and iris,"Accords: powdery, floral, violet. Notes: anise, bergamot, lemon, violet, mimosa, rose, freesia, carnation. Profile: It smells like a florist's pantry full of dried flowers and citrus peel, with something sweet and earthy lurking in the background..","Accords: powdery, violet, woody. Notes: lemon, violet, orange blossom, iris, white flowers, neroli, damask rose, vetiver. Profile: It smells like citrus peel and white flowers at first, then soft iris and rose petals, with a hint of powdery musk underneath..",17340
18198,clean baby powder smell with vanilla,"Accords: powdery, floral, violet. Notes: anise, bergamot, lemon, violet, mimosa, rose, freesia, carnation. Profile: It smells like a florist's pantry full of dried flowers and citrus peel, with something sweet and earthy lurking in the background..","Accords: powdery, violet, fruity. Notes: aldehydes, litchi, raspberry, turkish rose, grasse rose, peach, violet, powdery notes. Profile: It smells like a leather jacket left in an old wooden cabinet — sweet almonds and powdered roses mixed with white flowers, then soft leather with something earthy and slightly floral..",13775
18198,grandma's makeup compact with rose and almond,"Accords: powdery, floral, violet. Notes: anise, bergamot, lemon, violet, mimosa, rose, freesia, carnation. Profile: It smells like a florist's pantry full of dried flowers and citrus peel, with something sweet and earthy lurking in the background..","Accords: powdery, yellow floral, fruity. Notes: mimosa, green notes, anise, iris, peach, musk, sandalwood. Profile: It smells like a fruit stand next to an old wooden furniture store — sweet peaches and citrus peel mixed with soft wood, finishing with something earthy and slightly woody..",4368
11529,sweet fruity flowers for spring,"Accords: yellow floral, white floral, powdery. Notes: narcissus, datura, peach, plum, himalayan poppy, mandarin orange, black currant, bergamot. Profile: It smells like a fruit stand next to an orange blossom shop — sweet peaches and plums mixed with white flowers, then softens into something earthy and slightly powdery..","Accords: yellow floral, citrus, powdery. Notes: mimosa, bitter orange, coriander, jasmine, tangerine, narcissus, black currant, amber. Profile: It smells like citrus peel and orange peel at first, then tangerine and jasmine, finishing with a hint of vanilla and soft wood..",13742
11529,creamy white flowers with peach and vanilla,"Accords: yellow floral, white floral, powdery. Notes: narcissus, datura, peach, plum, himalayan poppy, mandarin orange, black currant, bergamot. Profile: It smells like a fruit stand next to an orange blossom shop — sweet peaches and plums mixed with white flowers, then softens into something earthy and slightly powdery..","Accords: yellow floral, powdery, floral. Notes: mimosa, red lily, iris, tonka bean. Profile: It smells like a flower shop at dawn — soft flowers and iris blooming in the background, with something earthy and slightly sweet underneath..",26
11529,bright orange blossom perfume not too heavy,"Accords: yellow floral, white floral, powdery. Notes: narcissus, datura, peach, plum, himalayan poppy, mandarin orange, black currant, bergamot. Profile: It smells like a fruit stand next to an orange blossom shop — sweet peaches and plums mixed with white flowers, then softens into something earthy and slightly powdery..","Accords: yellow floral, floral, white floral. Notes: orange blossom, ylang-ylang, narcissus, freesia, osmanthus, apricot, gardenia, mimosa. Profile: It smells like sweet orange blossoms and apricots at first, then soft peony and white flowers, finishing with woody notes..",18833
10291,white flowers with spicy pepper and mango,"Accords: tuberose, musky, white floral. Notes: pink pepper, cloves, mandarin orange, tuberose, mango, ylang-ylang, rose, angelica. Profile: It smells like a spice market at dawn — sweet peppercorns and citrus peel mixed with white flowers, then soft resin and musk..","Accords: tuberose, tobacco, white floral. Notes: green tea, tuberose, ambergris, tobacco, agarwood (oud), vanilla. Profile: It smells like sweet green tea and white flowers at first, then soft tobacco, finishing with a hint of vanilla and woody sweetness..",16173
10291,tuberose rose perfume warm and sweet,"Accords: tuberose, musky, white floral. Notes: pink pepper, cloves, mandarin orange, tuberose, mango, ylang-ylang, rose, angelica. Profile: It smells like a spice market at dawn — sweet peppercorns and citrus peel mixed with white flowers, then soft resin and musk..","Accords: tuberose, powdery, amber. Notes: pink pepper, bergamot, indian tuberose, heliotrope, cashmeran, benzoin. Profile: It smells like a spice market at dawn — spicy peppercorns and bergamot mixed with powdery white flowers, then softens into something earthy and slightly sweet..",8480
10291,tropical floral with cloves and woods,"Accords: tuberose, musky, white floral. Notes: pink pepper, cloves, mandarin orange, tuberose, mango, ylang-ylang, rose, angelica. Profile: It smells like a spice market at dawn — sweet peppercorns and citrus peel mixed with white flowers, then soft resin and musk..","Accords: tuberose, powdery, amber. Notes: pink pepper, bergamot, indian tuberose, heliotrope, cashmeran, benzoin. Profile: It smells like a spice market at dawn — spicy peppercorns and bergamot mixed with powdery white flowers, then softens into something earthy and slightly sweet..",8480
9010,warm spicy perfume with chocolate and vanilla,"Accords: warm spicy, earthy, woody. Notes: truffle, gardenia, black currant, ylang-ylang, jasmine, bergamot, mandarin orange, amalfi lemon. Profile: It smells like a spice market at dawn — sweet strawberries and citrus peel mixed with white flowers, then settles into something sweet and slightly chocolatey..","Accords: warm spicy, amber, leather. Notes: brandy, apple, saffron, bergamot, benzoin, myrhh, cinnamon, may rose. Profile: It smells like a leather jacket left in an old wooden shed — sweet apple juice mixed with powdery spices, then soft leather and something earthy underneath..",7982
9010,exotic flowers with truffle and bergamot,"Accords: warm spicy, earthy, woody. Notes: truffle, gardenia, black currant, ylang-ylang, jasmine, bergamot, mandarin orange, amalfi lemon. Profile: It smells like a spice market at dawn — sweet strawberries and citrus peel mixed with white flowers, then settles into something sweet and slightly chocolatey..","Accords: warm spicy, woody, cinnamon. Notes: incense, bergamot, lemon, cinnamon, ylang-ylang, pink pepper, sandalwood, milk. Profile: It smells like burning incense and citrus peel at first, then soft vanilla and powdery musk, finishing with a faint sweetness that's slightly sweet..",14504
9010,sweet jasmine gardenia with sandalwood musk,"Accords: warm spicy, earthy, woody. Notes: truffle, gardenia, black currant, ylang-ylang, jasmine, bergamot, mandarin orange, amalfi lemon. Profile: It smells like a spice market at dawn — sweet strawberries and citrus peel mixed with white flowers, then settles into something sweet and slightly chocolatey..","Accords: warm spicy, sweet, citrus. Notes: ginger, pear, clementine, honey, bitter orange, almond, artemisia, saffron. Profile: It smells like sweet pear and orange peel at first, then sweet honey and saffron, finishing with a warm, slightly powdery base..",5737
2512,sweet peach and vanilla perfume,"Accords: fruity, powdery, floral. Notes: peach, rose, apricot blossom, lilac, pineapple, lily-of-the-valley, bergamot, rose. Profile: It smells like sweet peaches and roses at first, then white flowers and vanilla, finishing with a soft woody base that's soft and powdery..","Accords: fruity, rose, oud. Notes: raspberry, black currant, pink pepper, rose, peony, jasmine, agarwood (oud), vanilla. Profile: It smells like ripe raspberries and roses at first, then soft vanilla and white flowers, finishing with a warm, slightly powdery base..",5908
2512,fresh fruit and flowers smell,"Accords: fruity, powdery, floral. Notes: peach, rose, apricot blossom, lilac, pineapple, lily-of-the-valley, bergamot, rose. Profile: It smells like sweet peaches and roses at first, then white flowers and vanilla, finishing with a soft woody base that's soft and powdery..","Accords: fruity, sweet, woody. Notes: red berries, orange, mandarin orange, petitgrain, pineapple, peach, jasmine, violet. Profile: It smells like red berries and orange peel at first, then white flowers and jasmine, finishing with soft wood and a hint of powdery musk..",2457
2512,summery apricot rose scent,"Accords: fruity, powdery, floral. Notes: peach, rose, apricot blossom, lilac, pineapple, lily-of-the-valley, bergamot, rose. Profile: It smells like sweet peaches and roses at first, then white flowers and vanilla, finishing with a soft woody base that's soft and powdery..","Accords: fruity, powdery, woody. Notes: black currant, big strawberry, raspberry, violet, rose, peony, orris root, musk. Profile: It smells like ripe strawberries and raspberries at first, then soft roses and peony, finishing with something earthy and slightly woody..",7847
21463,warm spicy cologne with ginger and cardamom,"Accords: warm spicy, amber, tobacco. Notes: grapefruit, coriander, basil, cardamom, ginger, orange blossom, amber, tobacco. Profile: It smells like citrus peel and cardamom at first, then warm wood and a hint of spice, finishing with something earthy and slightly sweet..","Accords: warm spicy, aromatic, amber. Notes: clary sage, lavender, bergamot, lemon, petitgrain, carnation, ginger, jasmine. Profile: It smells like a flower shop at dawn — sweet lavender and citrus peel mixed with powdery roses, then soft wood and something earthy-musky..",19658
21463,tobacco and cedar mens fragrance,"Accords: warm spicy, amber, tobacco. Notes: grapefruit, coriander, basil, cardamom, ginger, orange blossom, amber, tobacco. Profile: It smells like citrus peel and cardamom at first, then warm wood and a hint of spice, finishing with something earthy and slightly sweet..","Accords: warm spicy, tobacco, woody. Notes: ginger, clove, cardamom, lavender, tobacco, amber, sandalwood, virginia cedar. Profile: It smells like a spice shop at dawn — sweet citrus peel and cardamom mixed with powdery tobacco, finishing with something earthy and slightly woody..",11733
21463,citrus spice perfume with orange blossom,"Accords: warm spicy, amber, tobacco. Notes: grapefruit, coriander, basil, cardamom, ginger, orange blossom, amber, tobacco. Profile: It smells like citrus peel and cardamom at first, then warm wood and a hint of spice, finishing with something earthy and slightly sweet..","Accords: warm spicy, ozonic, green. Notes: violet leaf, bergamot, black tea, cinnamon, pimento, tobacco leaf, myrrh, musk. Profile: It smells like a spice shop at dawn — sweet vanilla and cinnamon mixed with powdery tobacco leaves, finishing with something earthy and slightly woody..",20334
21699,powdery iris and soft leather perfume,"Accords: iris, woody, leather. Notes: tuscan iris, italian orange, leather, rose, sandalwood, ambrette (musk mallow), agarwood (oud), cedar. Profile: It smells like a leather jacket left in an old wooden shed, with something earthy and slightly woody underneath..","Accords: iris, aromatic, woody. Notes: bergamot, juniper, coriander, iris, cardamom, pepper, amber, cedar. Profile: It smells like a spice market at dawn — citrus peel mixed with cardamom powder, with something earthy and slightly woody underneath..",18867
21699,orange blossom woody musk scent,"Accords: iris, woody, leather. Notes: tuscan iris, italian orange, leather, rose, sandalwood, ambrette (musk mallow), agarwood (oud), cedar. Profile: It smells like a leather jacket left in an old wooden shed, with something earthy and slightly woody underneath..","Accords: iris, powdery, woody. Notes: mint, iris, sandalwood. Profile: It smells like fresh mint and iris at first, then settles into something earthy and woody..",15755
21699,earthy rose with sandalwood and oud,"Accords: iris, woody, leather. Notes: tuscan iris, italian orange, leather, rose, sandalwood, ambrette (musk mallow), agarwood (oud), cedar. Profile: It smells like a leather jacket left in an old wooden shed, with something earthy and slightly woody underneath..","Accords: iris, powdery, woody. Notes: pimento, iris, sandalwood. Profile: It smells like a flower shop next to an old wooden furniture store — powdery iris and soft wood, with something earthy and slightly woody underneath..",16587
14756,fresh cut grass and mint tea,"Accords: green, aromatic, citrus. Notes: lemon, clover, mint, green tea, lily-of-the-valley, cyclamen. Profile: It smells like citrus peel and mint at first, then green tea and white flowers, with something earthy and slightly floral lingering in the air..","Accords: green, fresh, white floral. Notes: green grass, narcissus, apple, ylang-ylang, pink pepper, jasmine, freesia, water notes. Profile: It smells like a flower shop next to an old church — green grass and fresh flowers mixed with powdery white flowers, then settles into something earthy and slightly woody..",2003
14756,clean lemon and white flowers,"Accords: green, aromatic, citrus. Notes: lemon, clover, mint, green tea, lily-of-the-valley, cyclamen. Profile: It smells like citrus peel and mint at first, then green tea and white flowers, with something earthy and slightly floral lingering in the air..","Accords: green, floral, fresh. Notes: apple, green notes, petitgrain, apple blossom, lilac, jasmine, rose de mai, white musk. Profile: It smells like ripe apples and white flowers at first, then soft roses and jasmine, finishing with a warm, slightly powdery base..",14038
14756,green tea with spring flowers perfume,"Accords: green, aromatic, citrus. Notes: lemon, clover, mint, green tea, lily-of-the-valley, cyclamen. Profile: It smells like citrus peel and mint at first, then green tea and white flowers, with something earthy and slightly floral lingering in the air..","Accords: green, aromatic, woody. Notes: mint, calabrian bergamot, herbal notes, sage, lotus, green tea, sea notes, caramel. Profile: It smells like fresh mint and bergamot at first, then creamy sandalwood and vanilla, finishing with a hint of earthy sweetness..",7447
6433,fresh cut grass and wet dirt,"Accords: earthy, green, aromatic. Notes: fennel, mint, green notes, clary sage, oakmoss, fern, angelica, clover. Profile: It smells like a spice market at dawn — fresh mint and white flowers mixed with powdery moss, then settle into something earthy and slightly sweet..","Accords: earthy, amber, warm spicy. Notes: cinnamon, patchouli, vanilla, earthy notes, amber, labdanum, honey, moss. Profile: It smells like a spice market at dawn — sweet cinnamon and vanilla mixed with earthy notes, then softened by powdery wood and moss..",14421
6433,walking through a pine forest after rain,"Accords: earthy, green, aromatic. Notes: fennel, mint, green notes, clary sage, oakmoss, fern, angelica, clover. Profile: It smells like a spice market at dawn — fresh mint and white flowers mixed with powdery moss, then settle into something earthy and slightly sweet..","Accords: earthy, woody, vanilla. Notes: coffee, caramel, milk, almond, cambodian oud, earthy notes, truffle, vanilla. Profile: It smells like a coffee shop at dawn — sweet caramel and milk mixed with powdery vanilla, with something earthy and slightly floral lurking in the background..",1360
6433,earthy mushrooms and moss,"Accords: earthy, green, aromatic. Notes: fennel, mint, green notes, clary sage, oakmoss, fern, angelica, clover. Profile: It smells like a spice market at dawn — fresh mint and white flowers mixed with powdery moss, then settle into something earthy and slightly sweet..","Accords: earthy, fruity, musky. Notes: apple, tea, ozonic notes, mandarin orange, osmanthus, magnolia, lily, earthy notes. Profile: It smells like ripe apple and orange peel at first, then settles into something earthy and slightly floral, with a hint of powdery wood underneath..",3932
19635,soft leather jacket with vanilla and woods,"Accords: leather, vanilla, sweet. Notes: grass, bergamot, grapefruit, woodsy notes, nutmeg, violet, saffron, jasmine. Profile: It smells like a leather jacket left in an old leather store — sweet grass and citrus peel mixed with white flowers, then soft wood and mossy wood..","Accords: leather, green, smoky. Notes: bitter orange, mint, tea, salt, osmanthus, clove, birch. Profile: It smells like orange peel and mint at first, then settles into something earthy and slightly sweet..",15181
19635,fresh cut grass and suede smell,"Accords: leather, vanilla, sweet. Notes: grass, bergamot, grapefruit, woodsy notes, nutmeg, violet, saffron, jasmine. Profile: It smells like a leather jacket left in an old leather store — sweet grass and citrus peel mixed with white flowers, then soft wood and mossy wood..","Accords: leather, fruity, sweet. Notes: blood orange, sicilian lemon, fig, saffron, leather, woody notes. Profile: It smells like orange peel and citrus peel at first, then soft leather and woody notes, finishing with a warm, slightly earthy base..",2205
19635,spicy leather perfume with bergamot and amber,"Accords: leather, vanilla, sweet. Notes: grass, bergamot, grapefruit, woodsy notes, nutmeg, violet, saffron, jasmine. Profile: It smells like a leather jacket left in an old leather store — sweet grass and citrus peel mixed with white flowers, then soft wood and mossy wood..","Accords: leather, fruity, aromatic. Notes: clary sage, mandarin orange, pineapple, pepper, leather, musk. Profile: It smells like a leather jacket draped over an orange blossom, with something earthy and slightly powdery underneath..",14776
5987,fresh watermelon and kiwi summer perfume,"Accords: fruity, ozonic, aquatic. Notes: kiwi, rhuburb, pink pepper, watermelon, cyclamen, jasmine, lemon tree, musk. Profile: It smells like fresh kiwi and watermelon at first, then white flowers with a hint of jasmine, finishing with something earthy and slightly woody..","Accords: fruity, white floral, sweet. Notes: passionfruit, pineapple, black currant, cassia, peach, marigold, grapefruit, bergamot. Profile: It smells like ripe peaches and citrus peel at first, then sweet honeysuckle and white flowers, finishing with a warm, slightly earthy base..",9861
5987,light fruity jasmine scent for women,"Accords: fruity, ozonic, aquatic. Notes: kiwi, rhuburb, pink pepper, watermelon, cyclamen, jasmine, lemon tree, musk. Profile: It smells like fresh kiwi and watermelon at first, then white flowers with a hint of jasmine, finishing with something earthy and slightly woody..","Accords: fruity, sweet, rose. Notes: raspberry, strawberry, violet, rose, iris, osmanthus, patchouli, musk. Profile: It smells like ripe raspberries and roses at first, then settles into something sweet and slightly earthy, with a hint of powdery wood underneath..",1069
5987,pink pepper rhubarb perfume not too sweet,"Accords: fruity, ozonic, aquatic. Notes: kiwi, rhuburb, pink pepper, watermelon, cyclamen, jasmine, lemon tree, musk. Profile: It smells like fresh kiwi and watermelon at first, then white flowers with a hint of jasmine, finishing with something earthy and slightly woody..","Accords: fruity, white floral, fresh. Notes: green apple, mandarin orange, red currant, lily-of-the-valley, orange blossom, violet leaf, musk. Profile: It smells like ripe apple and orange peel at first, then white flowers with a hint of citrus peel, finishing with something earthy and slightly powdery..",3283
15473,chocolate perfume with fruity citrus,"Accords: chocolate, warm spicy, sweet. Notes: watermelon, mandarin orange, bergamot, lotus, jasmine, rose, mexican chocolate, rice. Profile: It smells like watermelon and orange peel at first, then rose petals and white flowers, finishing with a sweet, slightly powdery sweetness..","Accords: chocolate, sweet, warm spicy. Notes: milk chocolate, green apple, mandarin orange, dark chocolate, vanilla flower, sandalwood, white musk, praline. Profile: It smells like a chocolate bar at dawn — dark chocolate mixed with white flowers, then soft vanilla and powdery musk..",16666
15473,sweet watermelon and jasmine scent,"Accords: chocolate, warm spicy, sweet. Notes: watermelon, mandarin orange, bergamot, lotus, jasmine, rose, mexican chocolate, rice. Profile: It smells like watermelon and orange peel at first, then rose petals and white flowers, finishing with a sweet, slightly powdery sweetness..","Accords: chocolate, sweet, warm spicy. Notes: milk chocolate, green apple, mandarin orange, dark chocolate, vanilla flower, sandalwood, white musk, praline. Profile: It smells like a chocolate bar at dawn — dark chocolate mixed with white flowers, then soft vanilla and powdery musk..",16666
15473,dark chocolate and orange fragrance,"Accords: chocolate, warm spicy, sweet. Notes: watermelon, mandarin orange, bergamot, lotus, jasmine, rose, mexican chocolate, rice. Profile: It smells like watermelon and orange peel at first, then rose petals and white flowers, finishing with a sweet, slightly powdery sweetness..","Accords: chocolate, vanilla, sweet. Notes: mandarin orange, chocolate, chocolate flower, vanilla. Profile: It smells like a fruit stand next to an orange peel, with something sweet and slightly sweet underneath..",9229
10550,sweet cherry and raspberry perfume for women,"Accords: sweet, fruity, cherry. Notes: plum, sour cherry, raspberry, orchid, iris, freesia, vanilla, amber. Profile: It smells like ripe plums and raspberries at first, then creamy white flowers and vanilla, finishing with a warm, slightly powdery base..","Accords: sweet, fruity, violet. Notes: raspberry, violet, wild rose, whipped cream, cassis. Profile: It smells like a fruit stand next to an old-fashioned coffee shop — sweet raspberries mixed with white flowers, then creamy cream and whipped cream..",9979
10550,fruity vanilla scent with plum and berries,"Accords: sweet, fruity, cherry. Notes: plum, sour cherry, raspberry, orchid, iris, freesia, vanilla, amber. Profile: It smells like ripe plums and raspberries at first, then creamy white flowers and vanilla, finishing with a warm, slightly powdery base..","Accords: sweet, patchouli, citrus. Notes: sweet orange, pear, orchid, patchouli, toffee. Profile: It smells like sweet orange peel and pear at first, then soft chocolate, with a hint of vanilla and earthy toffee..",1633
10550,soft floral perfume with sweet fruit notes,"Accords: sweet, fruity, cherry. Notes: plum, sour cherry, raspberry, orchid, iris, freesia, vanilla, amber. Profile: It smells like ripe plums and raspberries at first, then creamy white flowers and vanilla, finishing with a warm, slightly powdery base..","Accords: sweet, vanilla, caramel. Notes: caramel, pistachio, cardamom, bergamot, sugar, bellini, violet, peony. Profile: It smells like a spice market at dawn — sweet caramel and cardamom mixed with powdered sugar, then soft vanilla and musk, finishing with something earthy and slightly floral..",18861
1320,tropical coconut and white flowers perfume,"Accords: coconut, amber, white floral. Notes: bergamot, hibiscus, cardamom, lemon, coconut, gardenia, green notes, jasmine. Profile: It smells like a spice market at dawn — citrus peel and cardamom mixed with white flowers, with something earthy and slightly sweet underneath..","Accords: coconut, marine, aromatic. Notes: coconut, sea water, lime, mint, tiare flower, fruits, woody notes, musk. Profile: It smells like a tropical island at dawn — sweet coconut and citrus peel mixed with salty sea water, finishing with something woody and slightly musky..",10195
1320,fresh coconut beach vacation scent,"Accords: coconut, amber, white floral. Notes: bergamot, hibiscus, cardamom, lemon, coconut, gardenia, green notes, jasmine. Profile: It smells like a spice market at dawn — citrus peel and cardamom mixed with white flowers, with something earthy and slightly sweet underneath..","Accords: coconut, sweet, fruity. Notes: fruity notes, bergamot, violet, lily of the valley, coconut milk, amber, siam benzoin. Profile: It smells like a florist's bowl full of powdered almonds and sweet vanilla, with something earthy and slightly sweet underneath..",21484
1320,creamy coconut vanilla with citrus,"Accords: coconut, amber, white floral. Notes: bergamot, hibiscus, cardamom, lemon, coconut, gardenia, green notes, jasmine. Profile: It smells like a spice market at dawn — citrus peel and cardamom mixed with white flowers, with something earthy and slightly sweet underneath..","Accords: coconut, green, woody. Notes: palm leaf, gardenia, coconut, sea salt, vanilla, sandalwood, virginia cedar, benzoin. Profile: It smells like a tropical garden at dawn — powdery palms mixed with salty seaweed, then softening into something earthy and slightly sweet..",3609
5221,fruity floral perfume with pear and jasmine,"Accords: white floral, floral, fruity. Notes: pear, melon, magnolia, peach, mandarin orange, bergamot, jasmine, lily-of-the-valley. Profile: It smells like sweet pear and peach at first, then melon and white flowers, with a hint of vanilla and powdery musk underneath..","Accords: white floral, fruity, amber. Notes: kiwi, jasmine, orchid, vanille, amber, woodsy notes. Profile: It smells like a flower shop next to an orchid garden — fresh flowers and jasmine blooming in the background, with something earthy and woody underneath..",13837
5221,fresh white flowers and sweet melon scent,"Accords: white floral, floral, fruity. Notes: pear, melon, magnolia, peach, mandarin orange, bergamot, jasmine, lily-of-the-valley. Profile: It smells like sweet pear and peach at first, then melon and white flowers, with a hint of vanilla and powdery musk underneath..","Accords: white floral, sweet, warm spicy. Notes: pink pepper, cinnamon, blood mandarin, turkish rose, tuberose, orange blossom, indonesian patchouli leaf, toffee. Profile: It smells like a spice market at dawn — sweet pepper and spice mixed with powdery incense, finishing with something earthy and slightly floral..",4521
5221,light spring perfume magnolia peach,"Accords: white floral, floral, fruity. Notes: pear, melon, magnolia, peach, mandarin orange, bergamot, jasmine, lily-of-the-valley. Profile: It smells like sweet pear and peach at first, then melon and white flowers, with a hint of vanilla and powdery musk underneath..","Accords: white floral, amber, warm spicy. Notes: lily, myrhh, incense, sea water, ylang-ylang, tuberose, caramel, patchouli. Profile: It smells like a flower shop next to the beach — lily blossoms and incense mixed with sea water, then softens into something earthy and slightly sweet..",19403
3572,fresh lemon and stones smell perfume,"Accords: mineral, aromatic, citrus. Notes: mineral notes, citruses, italian lemon, green leaves, calabrian bergamot, pebbles, sage, orris. Profile: It smells like dried flowers and citrus peel at first, then settles into something earthy and slightly woody..","Accords: mineral, aromatic, amber. Notes: green almond, juniper, mineral notes, ambergris, oakmoss. Profile: It smells like dried almonds and juniper leaves at first, then settles into something earthy and woody with a hint of powdery amber..",7095
3572,clean mineral water with herbs and bergamot,"Accords: mineral, aromatic, citrus. Notes: mineral notes, citruses, italian lemon, green leaves, calabrian bergamot, pebbles, sage, orris. Profile: It smells like dried flowers and citrus peel at first, then settles into something earthy and slightly woody..","Accords: mineral, aromatic, amber. Notes: green almond, juniper, mineral notes, ambergris, oakmoss. Profile: It smells like dried almonds and juniper leaves at first, then settles into something earthy and woody with a hint of powdery amber..",7095
3572,crisp green leaves with woody musk base,"Accords: mineral, aromatic, citrus. Notes: mineral notes, citruses, italian lemon, green leaves, calabrian bergamot, pebbles, sage, orris. Profile: It smells like dried flowers and citrus peel at first, then settles into something earthy and slightly woody..","Accords: mineral, aromatic, amber. Notes: green almond, juniper, mineral notes, ambergris, oakmoss. Profile: It smells like dried almonds and juniper leaves at first, then settles into something earthy and woody with a hint of powdery amber..",7095
2791,earthy forest floor after rain perfume,"Accords: mossy, herbal, earthy. Notes: chrysanthemum, narcissus, violet leaf, labdanum, carnation, ambergris, patchouli, moss. Profile: It smells like a flower shop next to an old wooden furniture store — chrysanthemum and narcissus mixed with white flowers, then settles into something earthy and slightly mossy..","Accords: mossy, fruity, floral. Notes: litchi, mirabelle, citruses, freesia, rose, davana, oakmoss. Profile: It smells like a flower shop at dawn — bright citrus and white flowers mixed with powdery roses, then softens into something earthy and slightly mossy..",5977
2791,vintage leather jacket with moss and flowers,"Accords: mossy, herbal, earthy. Notes: chrysanthemum, narcissus, violet leaf, labdanum, carnation, ambergris, patchouli, moss. Profile: It smells like a flower shop next to an old wooden furniture store — chrysanthemum and narcissus mixed with white flowers, then settles into something earthy and slightly mossy..","Accords: mossy, earthy, woody. Notes: bergamot, lily, lilac, neroli, jasmine, cloves, cinnamon, oakmoss. Profile: It smells like a flower shop at dawn — citrus blossoms blooming in the air, with something powdery and woody underneath..",16599
2791,green mossy smell with soft musk,"Accords: mossy, herbal, earthy. Notes: chrysanthemum, narcissus, violet leaf, labdanum, carnation, ambergris, patchouli, moss. Profile: It smells like a flower shop next to an old wooden furniture store — chrysanthemum and narcissus mixed with white flowers, then settles into something earthy and slightly mossy..","Accords: mossy, warm spicy, earthy. Notes: saffron, amber, moss. Profile: It smells like saffron and amber at first, then dark wood and moss..",692
14456,fresh apple and cedar wood cologne,"Accords: woody, fruity, vanilla. Notes: apple, plum, lemon, bergamot, oakmoss, geranium, cinnamon, mahogany. Profile: It smells like ripe apples and plums at first, then soft wood and vanilla, finishing with a warm, slightly woody base..","Accords: woody, aromatic, earthy. Notes: amyris, cedarwood, cypriol oil or nagarmotha. Profile: It smells like a flower shop next to an old wooden furniture store — woody and resinous, with something faintly floral and earthy underneath..",9886
14456,warm cinnamon vanilla sandalwood perfume,"Accords: woody, fruity, vanilla. Notes: apple, plum, lemon, bergamot, oakmoss, geranium, cinnamon, mahogany. Profile: It smells like ripe apples and plums at first, then soft wood and vanilla, finishing with a warm, slightly woody base..","Accords: woody, amber, leather. Notes: thyme, mint, cardamom, sage, apple, cedar, violet, lavender. Profile: It smells like a spice cabinet left open in an old leather closet — minty and slightly powdery, with something faintly floral and earthy underneath..",12115
14456,spicy woody scent with bergamot,"Accords: woody, fruity, vanilla. Notes: apple, plum, lemon, bergamot, oakmoss, geranium, cinnamon, mahogany. Profile: It smells like ripe apples and plums at first, then soft wood and vanilla, finishing with a warm, slightly woody base..","Accords: woody, fruity, amber. Notes: guarana, grapefruit, red apple, walnut, guaiac wood, amber, vetiver. Profile: It smells like guarana and citrus peel at first, then white flowers and wood, finishing with something earthy and slightly sweet..",4934
9672,lavender orange blossom perfume,"Accords: white floral, citrus, lavender. Notes: lavender, mandarin orange, black currant, petitgrain, lavender, orange blossom, jasmine, madagascar vanilla. Profile: It smells like a spice market at dawn — sweet lavender and orange peel mixed with white flowers, then soft vanilla and powdery wood..","Accords: white floral, patchouli, citrus. Notes: pear, sweet orange, grapefruit, jasmine, honeysuckle, violet, patchouli, vanilla. Profile: It smells like ripe pear and orange peel at first, then sweet honeysuckle and vanilla, finishing with a soft vanilla-vanilla base..",4317
9672,white flowers with vanilla and musk,"Accords: white floral, citrus, lavender. Notes: lavender, mandarin orange, black currant, petitgrain, lavender, orange blossom, jasmine, madagascar vanilla. Profile: It smells like a spice market at dawn — sweet lavender and orange peel mixed with white flowers, then soft vanilla and powdery wood..","Accords: white floral, woody, fresh. Notes: melon, citruses, cassis, lily, jasmine, black violet, sandalwood, white wood. Profile: It smells like sweet melon and citrus peel at first, then white flowers and soft wood, finishing with something earthy and slightly powdery..",8752
9672,jasmine cedar perfume for women,"Accords: white floral, citrus, lavender. Notes: lavender, mandarin orange, black currant, petitgrain, lavender, orange blossom, jasmine, madagascar vanilla. Profile: It smells like a spice market at dawn — sweet lavender and orange peel mixed with white flowers, then soft vanilla and powdery wood..","Accords: white floral, floral, woody. Notes: ylang-ylang, orange blossom, jasmine, freesia, bulgarian rose, iris, sandalwood, musk. Profile: It smells like a flower shop at dawn — bright orange blossoms mixed with white flowers, then settles into something soft and slightly woody..",7475
3903,sweet coffee with fruity smell,"Accords: coffee, woody, warm spicy. Notes: black currant, bergamot, peach, coffee, amber, floral notes, woody notes, sweet notes. Profile: It smells like a coffee shop at dawn — black currants and peach in the background, with something earthy and slightly sweet underneath..","Accords: coffee, warm spicy, woody. Notes: coffee, bergamot, lemon, coffee, sandalwood, lily-of-the-valley, cedar, amber. Profile: It smells like coffee and bergamot at first, then white flowers and soft wood, finishing with something earthy and slightly powdery..",17671
3903,perfume that smells like coffee and berries,"Accords: coffee, woody, warm spicy. Notes: black currant, bergamot, peach, coffee, amber, floral notes, woody notes, sweet notes. Profile: It smells like a coffee shop at dawn — black currants and peach in the background, with something earthy and slightly sweet underneath..","Accords: coffee, warm spicy, lactonic. Notes: apple, sea notes, mint, coffee, milk, amber, leather, cedar. Profile: It smells like ripe apple and mint at first, then settles into something earthy and slightly woody..",10143
3903,warm coffee and peach scent,"Accords: coffee, woody, warm spicy. Notes: black currant, bergamot, peach, coffee, amber, floral notes, woody notes, sweet notes. Profile: It smells like a coffee shop at dawn — black currants and peach in the background, with something earthy and slightly sweet underneath..","Accords: coffee, floral, warm spicy. Notes: floral notes, coffee, bulgarian rose, vanilla, white musk, amber. Profile: It smells like a coffee shop at dawn — sweet florals mixed with white flowers, then softened by something powdery and slightly earthy..",1187
13804,soft vanilla perfume with flowers,"Accords: vanilla, lavender, woody. Notes: lavender, bergamot, iris, jasmine sambac, rose, tahitian vanilla, coumarin, australian sandalwood. Profile: It smells like sweet lavender and iris at first, then soft vanilla and warm vanilla, with a faint sweetness that's slightly floral and slightly earthy..","Accords: vanilla, sweet, amber. Notes: wild berries, plum, raspberry, bergamot, peach, creme brulee, jasmine, frangipani. Profile: It smells like ripe raspberries and peaches at first, then soft vanilla and sweet vanilla, finishing with a warm, slightly woody base..",16002
13804,cozy vanilla and lavender scent,"Accords: vanilla, lavender, woody. Notes: lavender, bergamot, iris, jasmine sambac, rose, tahitian vanilla, coumarin, australian sandalwood. Profile: It smells like sweet lavender and iris at first, then soft vanilla and warm vanilla, with a faint sweetness that's slightly floral and slightly earthy..","Accords: vanilla, soft spicy, anis. Notes: neroli, star anise, ginger, rose, vanilla, amber. Profile: It smells like a spice market at dawn — sweet neroli and rose petals mixed with powdery amber, with something faintly floral and slightly earthy underneath..",21575
13804,sweet vanilla with powder and spice,"Accords: vanilla, lavender, woody. Notes: lavender, bergamot, iris, jasmine sambac, rose, tahitian vanilla, coumarin, australian sandalwood. Profile: It smells like sweet lavender and iris at first, then soft vanilla and warm vanilla, with a faint sweetness that's slightly floral and slightly earthy..","Accords: vanilla, warm spicy, rose. Notes: rose, orchid, narcissus, rum, vanilla, ginger, tonka bean, amber. Profile: It smells like rose petals and orchids at first, then vanilla and rum, finishing with something earthy and slightly woody..",21677
11774,fresh lemon bergamot cologne daily wear,"Accords: citrus, amber, woody. Notes: citruses, bergamot, lemon, cedar, mandarin orange, iris, patchouli, vetiver. Profile: It smells like a leather jacket left open in an old church — sweet citrus peel and white flowers mixed with resinous wood, then softened by something powdery and slightly earthy..","Accords: citrus, woody, patchouli. Notes: orange, mandarin orange, bergamot, jasmine, rose, patchouli, sandalwood, vetiver. Profile: It smells like orange peel and citrus peel at first, then rose petals and vetiver, finishing with a soft woody base..",15946
11774,clean citrus with warm woody base,"Accords: citrus, amber, woody. Notes: citruses, bergamot, lemon, cedar, mandarin orange, iris, patchouli, vetiver. Profile: It smells like a leather jacket left open in an old church — sweet citrus peel and white flowers mixed with resinous wood, then softened by something powdery and slightly earthy..","Accords: citrus, patchouli, earthy. Notes: mandarin orange, orange, bergamot, ground cherry, lotus, almond, patchouli, oakmoss. Profile: It smells like citrus peel and orange peel at first, then sweet cherry and ground cherry, finishing with a hint of vanilla and powdery moss..",1694
11774,bright orange scent that lasts all day,"Accords: citrus, amber, woody. Notes: citruses, bergamot, lemon, cedar, mandarin orange, iris, patchouli, vetiver. Profile: It smells like a leather jacket left open in an old church — sweet citrus peel and white flowers mixed with resinous wood, then softened by something powdery and slightly earthy..","Accords: citrus, sweet, white floral. Notes: mandarin orange, pear, pink pepper, orchid, african orange flower, jasmine, benzoin, musk. Profile: It smells like ripe pear and orange peel at first, then white flowers with a hint of jasmine, finishing with something earthy and woody..",6402
9294,warm spicy perfume with vanilla and amber,"Accords: warm spicy, fresh spicy, vanilla. Notes: cloves, cumin, mandarin orange, cardamom, caraway, licorice, mango, ylang-ylang. Profile: It smells like cloves and citrus peel at first, then sweet vanilla and powdery licorice, finishing with a warm, slightly earthy base..","Accords: warm spicy, cinnamon, citrus. Notes: white honey, candied orange, gingerbread, cinnamon, star anise, rose, vanille. Profile: It smells like sweet honey and citrus peel at first, then sweet vanilla and sweet cinnamon, finishing with a hint of vanilla sweetness..",15675
9294,exotic spices and tropical mango scent,"Accords: warm spicy, fresh spicy, vanilla. Notes: cloves, cumin, mandarin orange, cardamom, caraway, licorice, mango, ylang-ylang. Profile: It smells like cloves and citrus peel at first, then sweet vanilla and powdery licorice, finishing with a warm, slightly earthy base..","Accords: warm spicy, patchouli, fresh spicy. Notes: geranium, cinnamon, patchouli. Profile: It smells like a spice cabinet left open in an old kitchen, with something sweet and slightly earthy lurking in the background..",15026
9294,cozy cardamom clove fragrance for winter,"Accords: warm spicy, fresh spicy, vanilla. Notes: cloves, cumin, mandarin orange, cardamom, caraway, licorice, mango, ylang-ylang. Profile: It smells like cloves and citrus peel at first, then sweet vanilla and powdery licorice, finishing with a warm, slightly earthy base..","Accords: warm spicy, fresh spicy, amber. Notes: pepper, cardamom, cinnamon, spices, rose, jasmine, myrhh, vanille. Profile: It smells like powdery spice and cardamom at first, then sweet vanilla and musk, finishing with a hint of white flowers..",19302
4595,warm honey and cinnamon perfume,"Accords: honey, sweet, warm spicy. Notes: rum, davana, honey, bran, cinnamon, vanilla, cacao, sandalwood. Profile: It smells like a spice shop at dawn — sweet rum and honey mixed with vanilla syrup, then softened by warm wood and something slightly earthy..","Accords: honey, citrus, vanilla. Notes: citruses, honey, whiskey, jasmine, vanilla, sandalwood. Profile: It smells like sweet honey and white flowers at first, then soft vanilla and a hint of powdery wood..",16364
4595,sweet rum and vanilla scent,"Accords: honey, sweet, warm spicy. Notes: rum, davana, honey, bran, cinnamon, vanilla, cacao, sandalwood. Profile: It smells like a spice shop at dawn — sweet rum and honey mixed with vanilla syrup, then softened by warm wood and something slightly earthy..","Accords: honey, leather, musky. Notes: lavender, lemon, bergamot, lavender, petitgrain, rose, lily-of-the-valley, orchid. Profile: It smells like a leather jacket draped over an old wooden dresser, with something sweet and slightly earthy lurking in the background..",21911
4595,cozy sandalwood with chocolate notes,"Accords: honey, sweet, warm spicy. Notes: rum, davana, honey, bran, cinnamon, vanilla, cacao, sandalwood. Profile: It smells like a spice shop at dawn — sweet rum and honey mixed with vanilla syrup, then softened by warm wood and something slightly earthy..","Accords: honey, oud, powdery. Notes: honey, jasmine sambac, calabrian bergamot, agarwood (oud), black tea, sandalwood, amber, musk. Profile: It smells like sweet honey and agarwood at first, then soft vanilla, finishing with something earthy and slightly powdery..",17562
15934,fresh melon and peach perfume,"Accords: earthy, woody, mossy. Notes: mandarin orange, melon, jasmine, peach, ylang-ylang, oakmoss, vetiver. Profile: It smells like citrus peel and jasmine at first, then settles into something earthy and slightly mossy..","Accords: earthy, floral, woody. Notes: hyacinth, bergamot, rose, iris, jasmine, lily-of-the-valley, leather, oak moss. Profile: It smells like white flowers and roses at first, then settles into something earthy and slightly mossy..",21097
15934,jasmine perfume with earthy smell,"Accords: earthy, woody, mossy. Notes: mandarin orange, melon, jasmine, peach, ylang-ylang, oakmoss, vetiver. Profile: It smells like citrus peel and jasmine at first, then settles into something earthy and slightly mossy..","Accords: earthy, white floral, woody. Notes: truffle, peach, bergamot, madagascar vanilla, tuberose, italian jasmine, patchouli, oakmoss. Profile: It smells like ripe peaches and vanilla at first, then settles into something earthy and slightly woody..",13880
15934,light fruity floral with mossy base,"Accords: earthy, woody, mossy. Notes: mandarin orange, melon, jasmine, peach, ylang-ylang, oakmoss, vetiver. Profile: It smells like citrus peel and jasmine at first, then settles into something earthy and slightly mossy..","Accords: earthy, mossy, floral. Notes: hyacinth, iris, violet, jasmine, vetiver, coriander, rose, musk. Profile: It smells like a florist's closet full of flowers and roses, with something earthy and slightly floral lurking in the background..",16299
7119,fresh spring flowers with vanilla and musk,"Accords: floral, white floral, yellow floral. Notes: lime (linden blossom), lily-of-the-valley, lilac, magnolia, bergamot, mandarin orange, jasmine, tuberose. Profile: It smells like a flower shop at dawn — citrus blossoms mixed with white flowers, then soft powdery roses, finishing with something earthy and slightly spiced..","Accords: floral, powdery, white floral. Notes: mandarin orange, bergamot, cassis, nutmeg, pink pepper, mimosa, jasmine, magnolia. Profile: It smells like a spice market at dawn — citrus peel and white flowers mixed with powdery roses, then softens into something earthy and slightly woody..",4851
7119,white floral perfume with peach and sandalwood,"Accords: floral, white floral, yellow floral. Notes: lime (linden blossom), lily-of-the-valley, lilac, magnolia, bergamot, mandarin orange, jasmine, tuberose. Profile: It smells like a flower shop at dawn — citrus blossoms mixed with white flowers, then soft powdery roses, finishing with something earthy and slightly spiced..","Accords: floral, white floral, tropical. Notes: freesia, water lily, violet, frangipani, lily, jasmine, musk, vanille. Profile: It smells like a flower shop at dawn — white flowers blooming in the air, with something powdery and slightly sweet underneath..",671
7119,jasmine rose perfume for weddings,"Accords: floral, white floral, yellow floral. Notes: lime (linden blossom), lily-of-the-valley, lilac, magnolia, bergamot, mandarin orange, jasmine, tuberose. Profile: It smells like a flower shop at dawn — citrus blossoms mixed with white flowers, then soft powdery roses, finishing with something earthy and slightly spiced..","Accords: floral, fresh spicy, citrus. Notes: gooseberry, lotus, pink grapefruit, white pepper, white magnolia, musk, woody notes, amber. Profile: It smells like ripe grapefruit and white flowers at first, then settles into something earthy and slightly woody..",13877
10656,sweet caramel and peach perfume,"Accords: caramel, sweet, citrus. Notes: peach, mandarin orange, orange, caramel, orange blossom, jasmine, amber, sandalwood. Profile: It smells like sweet peaches and orange peel at first, then white flowers with a soft woody base..","Accords: caramel, fruity, sweet. Notes: apple, raspberry, passionfruit, cherry, lily-of-the-valley, magnolia, rose, apricot. Profile: It smells like ripe apples and raspberries at first, then soft roses and caramel, finishing with something earthy and slightly sweet..",5517
10656,warm orange blossom with creamy vanilla smell,"Accords: caramel, sweet, citrus. Notes: peach, mandarin orange, orange, caramel, orange blossom, jasmine, amber, sandalwood. Profile: It smells like sweet peaches and orange peel at first, then white flowers with a soft woody base..","Accords: caramel, fruity, fresh. Notes: caramel, green apple, lily. Profile: It smells like a fruit stand next to an apple orchard, with something sweet and slightly earthy underneath..",395
10656,cozy sandalwood and amber fragrance,"Accords: caramel, sweet, citrus. Notes: peach, mandarin orange, orange, caramel, orange blossom, jasmine, amber, sandalwood. Profile: It smells like sweet peaches and orange peel at first, then white flowers with a soft woody base..","Accords: caramel, vanilla, white floral. Notes: jasmine, caramel, salt, vanilla. Profile: It smells like a spice market at dawn — sweet jasmine and caramel mixed with salty vanilla..",17514
20842,warm leather jacket with herbs and spices,"Accords: iris, warm spicy, aromatic. Notes: lavender, sage, bergamot, iris, cacao, amber, cardamom, leather. Profile: It smells like lavender and sage at first, then warm leather and cardamom, with something earthy and slightly powdery underneath..","Accords: iris, earthy, woody. Notes: iris, vetiver, musk. Profile: It smells like iris and vetiver at first, then soft musk with a hint of wood..",4541
20842,powdery iris with dark chocolate and vetiver,"Accords: iris, warm spicy, aromatic. Notes: lavender, sage, bergamot, iris, cacao, amber, cardamom, leather. Profile: It smells like lavender and sage at first, then warm leather and cardamom, with something earthy and slightly powdery underneath..","Accords: iris, warm spicy, aromatic. Notes: lavender, pepper, bergamot, orris, cardamom, vetiver, cedar, amber. Profile: It smells like powdery lavender and cardamom at first, then sweet vetiver, with something earthy and slightly woody underneath..",20792
20842,cozy amber lavender scent for cold weather,"Accords: iris, warm spicy, aromatic. Notes: lavender, sage, bergamot, iris, cacao, amber, cardamom, leather. Profile: It smells like lavender and sage at first, then warm leather and cardamom, with something earthy and slightly powdery underneath..","Accords: iris, woody, powdery. Notes: peach, black pepper, bergamot, iris flower, sage, lavender, leather, cedar. Profile: It smells like fresh peaches and citrus peel at first, then soft leather and powdery iris, with something earthy and slightly woody underneath..",15291
19849,warm spicy vanilla perfume for winter,"Accords: soft spicy, powdery, fruity. Notes: black currant, star anise, pepper, galanga, bourbon vanilla, tolu balsam, atlas cedar. Profile: It smells like sweet black currants and spiced vanilla at first, then creamy vanilla with a hint of tolu balsam underneath..","Accords: soft spicy, lavender, anis. Notes: licorice, citruses, grapefruit, bergamot, lavender, star anise, vanilla, almond. Profile: It smells like licorice and citrus peel at first, then sweet vanilla and vanilla, finishing with a soft woody base..",16596
19849,black currant and pepper fragrance,"Accords: soft spicy, powdery, fruity. Notes: black currant, star anise, pepper, galanga, bourbon vanilla, tolu balsam, atlas cedar. Profile: It smells like sweet black currants and spiced vanilla at first, then creamy vanilla with a hint of tolu balsam underneath..","Accords: soft spicy, anis, amber. Notes: licorice, lime, star anise, cacao pod, violet, jasmine, amber, patchouli. Profile: It smells like licorice and citrus peel at first, then white flowers and jasmine, finishing with something earthy and slightly woody..",15009
19849,cozy spiced wood scent with vanilla,"Accords: soft spicy, powdery, fruity. Notes: black currant, star anise, pepper, galanga, bourbon vanilla, tolu balsam, atlas cedar. Profile: It smells like sweet black currants and spiced vanilla at first, then creamy vanilla with a hint of tolu balsam underneath..","Accords: soft spicy, green, woody. Notes: lime, green notes, watery notes, licorice, guaiac wood. Profile: It smells like citrus peel and licorice at first, then settles into something woody and slightly sweet..",1558
12737,white flowers jasmine rose perfume,"Accords: white floral, honey, sweet. Notes: african orange flower, jasmine, white honey, patchouli, rose, virginia cedar. Profile: It smells like a florist's closet full of white flowers and honeyed flowers, with something earthy and slightly floral lurking in the background..","Accords: white floral, fruity, fresh. Notes: lily-of-the-valley, rose, mandarin orange, jasmine, black currant, plum, musk, red currant. Profile: It smells like a flower shop at dawn — sweet roses and citrus peel mixed with white flowers, then softens into something slightly powdery and slightly waxy..",11266
12737,sweet honey floral scent,"Accords: white floral, honey, sweet. Notes: african orange flower, jasmine, white honey, patchouli, rose, virginia cedar. Profile: It smells like a florist's closet full of white flowers and honeyed flowers, with something earthy and slightly floral lurking in the background..","Accords: white floral, sweet, vanilla. Notes: tiare flower, coconut, bergamot, jasmine, ylang-ylang, orange blossom, vanilla, musk. Profile: It smells like a flower shop at dawn — sweet cocoa powder mixed with white flowers, then soft vanilla and musk..",14136
12737,orange blossom perfume for spring,"Accords: white floral, honey, sweet. Notes: african orange flower, jasmine, white honey, patchouli, rose, virginia cedar. Profile: It smells like a florist's closet full of white flowers and honeyed flowers, with something earthy and slightly floral lurking in the background..","Accords: white floral, citrus, woody. Notes: calabrian bergamot, orange blossom, sandalwood. Profile: It smells like a florist's pantry full of orange blossoms, with something earthy and woody lingering in the background..",7088
20066,clean soapy floral perfume for work,"Accords: aldehydic, woody, fresh. Notes: aldehydes, ylang-ylang, neroli, jasmine, rose, vanilla, sandalwood, vetiver. Profile: It smells like a perfumer's closet at dawn — sweet aldehydes mixed with white flowers, then soft vanilla and something slightly earthy..","Accords: aldehydic, fresh, woody. Notes: aldehydes, citruses, plum, peach, cinnamon, rose, african orange flower, violet. Profile: It smells like a fruit stand next to an old spice shop — sweet peaches and roses mixed with white flowers, then soft vanilla and moss, finishing with something earthy and slightly floral..",18271
20066,classic powdery rose and jasmine scent,"Accords: aldehydic, woody, fresh. Notes: aldehydes, ylang-ylang, neroli, jasmine, rose, vanilla, sandalwood, vetiver. Profile: It smells like a perfumer's closet at dawn — sweet aldehydes mixed with white flowers, then soft vanilla and something slightly earthy..","Accords: aldehydic, white floral, fresh. Notes: aldehydes, neroli, jasmine, may rose, woody notes. Profile: It smells like a perfumer's closet at dawn — powdery aldehydes mixed with jasmine, with something woody and slightly earthy underneath..",16774
20066,vintage perfume smells like expensive soap,"Accords: aldehydic, woody, fresh. Notes: aldehydes, ylang-ylang, neroli, jasmine, rose, vanilla, sandalwood, vetiver. Profile: It smells like a perfumer's closet at dawn — sweet aldehydes mixed with white flowers, then soft vanilla and something slightly earthy..","Accords: aldehydic, fresh, yellow floral. Notes: aldehydes, ylang-ylang, jasmine, musk, vetiver. Profile: It smells like a perfumer's locker room at dawn — sweet aldehydes mixed with powdery jasmine, with something earthy and slightly floral lurking in the background..",5155
6281,warm vanilla and patchouli perfume,"Accords: woody, vanilla, aromatic. Notes: cassis, may rose, freesia, vanilla, patchouli, woody notes, ambroxan. Profile: It smells like a flower shop at dawn — sweet rose petals mixed with white flowers, then soft vanilla and warm wood..","Accords: woody, white floral, fruity. Notes: pomegranate, jasmine, amberwood. Profile: It smells like pomegranate and jasmine at first, then settles into something earthy and slightly woody..",3454
6281,fresh rose and blackcurrant fragrance,"Accords: woody, vanilla, aromatic. Notes: cassis, may rose, freesia, vanilla, patchouli, woody notes, ambroxan. Profile: It smells like a flower shop at dawn — sweet rose petals mixed with white flowers, then soft vanilla and warm wood..","Accords: woody, white floral, floral. Notes: jasmine, ylang-ylang, magnolia, lily, woodsy notes, amber, sandalwood, white honey. Profile: It smells like a flower shop at dawn — jasmine blossoms mixed with white flowers, then soft honeyed wood and something faintly citrusy..",2787
6281,woody amber scent for women,"Accords: woody, vanilla, aromatic. Notes: cassis, may rose, freesia, vanilla, patchouli, woody notes, ambroxan. Profile: It smells like a flower shop at dawn — sweet rose petals mixed with white flowers, then soft vanilla and warm wood..","Accords: woody, warm spicy, fresh spicy. Notes: black pepper, bergamot, saffron, floral notes, woody notes, amber, musk. Profile: It smells like sweet pepper and saffron at first, then woody notes, finishing with something earthy and slightly powdery..",12573
2016,fresh cucumber and green apple perfume,"Accords: green, fruity, aquatic. Notes: cucumber, grapefruit, magnolia, green apple, lily-of-the-valley, tuberose, violet, rose. Profile: It smells like ripe peaches and green apple at first, then white flowers and violets, finishing with warm wood and a hint of earthy wood..","Accords: green, yellow floral, mossy. Notes: chamomile, galbanum, cloves, gardenia, grapefruit, rose, lime (linden) blossom, ylang-ylang. Profile: It smells like a florist's closet full of rose petals and citrus peel, with something earthy and slightly floral lurking in the background..",4626
2016,crisp morning garden smell with flowers,"Accords: green, fruity, aquatic. Notes: cucumber, grapefruit, magnolia, green apple, lily-of-the-valley, tuberose, violet, rose. Profile: It smells like ripe peaches and green apple at first, then white flowers and violets, finishing with warm wood and a hint of earthy wood..","Accords: green, white floral, mossy. Notes: rhuburb, lily-of-the-valley, rose, oakmoss, patchouli, musk. Profile: It smells like rhubarb and roses at first, then settles into something earthy and slightly powdery..",1652
2016,clean grapefruit and white floral scent,"Accords: green, fruity, aquatic. Notes: cucumber, grapefruit, magnolia, green apple, lily-of-the-valley, tuberose, violet, rose. Profile: It smells like ripe peaches and green apple at first, then white flowers and violets, finishing with warm wood and a hint of earthy wood..","Accords: green, floral, white floral. Notes: hyacinth, african orange flower, stephanotis, narcissus, orchid, arum lily, musk, vetyver. Profile: It smells like a flower shop at dawn — hyacinth and orange blossoms mixed with white flowers, then settles into powdery florals and soft wood..",279
9362,light floral perfume with tea and vanilla,"Accords: floral, patchouli, white floral. Notes: tea, bergamot, osmanthus, orchid, jasmine, rose, freesia, african orange flower. Profile: It smells like sweet tea and citrus peel at first, then warm rose petals, finishing with a soft vanilla-musk base..","Accords: floral, rose, musky. Notes: neroli, papaya flower, rose, turkish rose, water lily, narcissus, amaryllis, musk. Profile: It smells like a flower shop at dawn — neroli and roses mixed with water lily, then settles into soft wood and soft musk..",2204
9362,jasmine rose perfume not too heavy,"Accords: floral, patchouli, white floral. Notes: tea, bergamot, osmanthus, orchid, jasmine, rose, freesia, african orange flower. Profile: It smells like sweet tea and citrus peel at first, then warm rose petals, finishing with a soft vanilla-musk base..","Accords: floral, rose, woody. Notes: raspberry, bergamot, orange blossom, rose, rosa rubiginosa, magnolia, violet, iris. Profile: It smells like ripe raspberries and roses at first, then soft violets and white flowers, finishing with warm vanilla and a hint of powdery wood..",3667
9362,soft white flowers bergamot scent,"Accords: floral, patchouli, white floral. Notes: tea, bergamot, osmanthus, orchid, jasmine, rose, freesia, african orange flower. Profile: It smells like sweet tea and citrus peel at first, then warm rose petals, finishing with a soft vanilla-musk base..","Accords: floral, powdery, rose. Notes: rose, mimosa, hiacynth, geranium, green notes, nasturtium, orange blossom, hawthorn. Profile: It smells like a rose garden at dawn — sweet roses and violets mixed with white flowers, then softened by warm vanilla and warm wood..",7477
9944,fresh leather jacket with flowers,"Accords: leather, rose, citrus. Notes: grapefruit, narcissus, lily-of-the-valley, rose, mimosa, tuberose, leather, iris. Profile: It smells like citrus peel and narcissus at first, then white flowers and soft leather, finishing with something earthy and slightly leathery..","Accords: leather, oud, warm spicy. Notes: cardamom, orange blossom, agarwood (oud), leather, bulgarian rose, saffron, vanilla, woody notes. Profile: It smells like cardamom and orange blossom at first, then agarwood (oud) and vanilla, with something earthy and woody underneath..",10006
9944,citrus and leather perfume for women,"Accords: leather, rose, citrus. Notes: grapefruit, narcissus, lily-of-the-valley, rose, mimosa, tuberose, leather, iris. Profile: It smells like citrus peel and narcissus at first, then white flowers and soft leather, finishing with something earthy and slightly leathery..","Accords: leather, warm spicy, fruity. Notes: pink pepper, bergamot, plum, spices, rose, jasmine, leather, patchouli. Profile: It smells like a leather jacket left open in an old church — sweet pepper and spice mixed with powdery roses, then soft leather with something earthy and slightly leathery underneath..",17123
9944,clean soapy leather scent spring flowers,"Accords: leather, rose, citrus. Notes: grapefruit, narcissus, lily-of-the-valley, rose, mimosa, tuberose, leather, iris. Profile: It smells like citrus peel and narcissus at first, then white flowers and soft leather, finishing with something earthy and slightly leathery..","Accords: leather, cherry, powdery. Notes: leather, cherry, saffron, pink pepper, suede, violet, orris, may rose. Profile: It smells like a leather jacket left in an old wooden cabinet — soft leather and powdery saffron mixed with white flowers, finishing with something earthy and slightly woody..",4847
13579,salty ocean breeze perfume,"Accords: salty, white floral, musky. Notes: sea salt, orange blossom, musk. Profile: It smells like sea salt and sand at first, then settles into something earthy and musky..","Accords: salty, marine, fruity. Notes: acai berry, sea salt, driftwood. Profile: It smells like ripe acai berries and sea salt at first, then settles into something earthy and woody..",6506
13579,fresh sea salt and white flowers,"Accords: salty, white floral, musky. Notes: sea salt, orange blossom, musk. Profile: It smells like sea salt and sand at first, then settles into something earthy and musky..","Accords: salty, marine, fruity. Notes: acai berry, sea salt, driftwood. Profile: It smells like ripe acai berries and sea salt at first, then settles into something earthy and woody..",6506
13579,clean beach smell with musk,"Accords: salty, white floral, musky. Notes: sea salt, orange blossom, musk. Profile: It smells like sea salt and sand at first, then settles into something earthy and musky..","Accords: salty, marine, fruity. Notes: acai berry, sea salt, driftwood. Profile: It smells like ripe acai berries and sea salt at first, then settles into something earthy and woody..",6506
21584,sweet honey and lavender perfume,"Accords: sweet, vanilla, honey. Notes: lavender, bergamot, lemon, honey, cinnamon, cashmeran, jasmine sambac, tobacco leaf. Profile: It smells like sweet lavender and citrus peel at first, then sweet honey and vanilla, finishing with a warm vanilla-tonka base..","Accords: sweet, vanilla, fruity. Notes: passionfruit, peach, pear, orchid, egyptian jasmine, orange blossom, vanilla, amber. Profile: It smells like ripe peaches and pear at first, then white flowers with an earthy sweetness, finishing with a soft vanilla-sweet finish..",12980
21584,warm vanilla tobacco scent,"Accords: sweet, vanilla, honey. Notes: lavender, bergamot, lemon, honey, cinnamon, cashmeran, jasmine sambac, tobacco leaf. Profile: It smells like sweet lavender and citrus peel at first, then sweet honey and vanilla, finishing with a warm vanilla-tonka base..","Accords: sweet, fruity, woody. Notes: peach, mandarin orange, bergamot, rose, orange blossom, magnolia, geranium, praline. Profile: It smells like fresh peaches and orange peel at first, then rose petals and vanilla, finishing with a hint of powdery wood..",21051
21584,cozy cinnamon and tonka bean fragrance,"Accords: sweet, vanilla, honey. Notes: lavender, bergamot, lemon, honey, cinnamon, cashmeran, jasmine sambac, tobacco leaf. Profile: It smells like sweet lavender and citrus peel at first, then sweet honey and vanilla, finishing with a warm vanilla-tonka base..","Accords: sweet, fruity, vanilla. Notes: lemon, bergamot, pineapple, black pepper, vanilla, cedar, amberwood, patchouli. Profile: It smells like citrus peel and bergamot at first, then white flowers and sweet vanilla, with a warm, slightly woody base..",21756
11236,sweet orange blossom honey perfume,"Accords: citrus, white floral, sweet. Notes: italian orange, jasmine, bitter orange, jasmine, orange blossom, ginger, honey, vanilla. Profile: It smells like citrus peel and jasmine at first, then sweet honey and vanilla, finishing with a hint of sweetness..","Accords: citrus, fruity, musky. Notes: litchi, bergamot, lemon, rose, musk, amber. Profile: It smells like a spice market at dawn — citrus peel mixed with rose petals, then softened by something earthy and slightly floral..",4445
11236,fresh jasmine with warm vanilla,"Accords: citrus, white floral, sweet. Notes: italian orange, jasmine, bitter orange, jasmine, orange blossom, ginger, honey, vanilla. Profile: It smells like citrus peel and jasmine at first, then sweet honey and vanilla, finishing with a hint of sweetness..","Accords: citrus, green, aromatic. Notes: tea, cassis, mandarin orange, lemon, magnolia, rose, tonka bean, rice. Profile: It smells like a coffee shop at dawn — sweet tea mixed with citrus peel, then dried rose petals, finishing with something slightly sweet and earthy..",4358
11236,citrus ginger scent for summer,"Accords: citrus, white floral, sweet. Notes: italian orange, jasmine, bitter orange, jasmine, orange blossom, ginger, honey, vanilla. Profile: It smells like citrus peel and jasmine at first, then sweet honey and vanilla, finishing with a hint of sweetness..","Accords: citrus, honey, fruity. Notes: blood orange, cardamom, mandarin orange, litchi, peony, jasmine, honey, white wood. Profile: It smells like citrus peel and cardamom at first, then sweet honey and white flowers, finishing with a warm woody base..",1900
12171,fresh pear and tea perfume,"Accords: woody, floral, musky. Notes: bamboo, pear, lotus, tea, cassia, musk, guaiac wood, oakmoss. Profile: It smells like sweet pear and pears at first, then soft tea and wood, with a hint of earthy wood underneath..","Accords: woody, white floral, violet. Notes: green tea, jasmine, violet, hinoki wood, vanilla. Profile: It smells like white flowers and jasmine at first, then soft wood and a faint vanilla-vanilla base..",5746
12171,clean bamboo lotus spa scent,"Accords: woody, floral, musky. Notes: bamboo, pear, lotus, tea, cassia, musk, guaiac wood, oakmoss. Profile: It smells like sweet pear and pears at first, then soft tea and wood, with a hint of earthy wood underneath..","Accords: woody, sweet, warm spicy. Notes: praline, sandalwood, tonka bean. Profile: It smells like praline and sandalwood at first, then settles into something earthy and slightly sweet..",13898
12171,woody musk with green tea,"Accords: woody, floral, musky. Notes: bamboo, pear, lotus, tea, cassia, musk, guaiac wood, oakmoss. Profile: It smells like sweet pear and pears at first, then soft tea and wood, with a hint of earthy wood underneath..","Accords: woody, amber, powdery. Notes: calamus, fig, osmanthus, iris, jasmine, rose, ylang-ylang, styrax. Profile: It smells like a flower shop at dawn — sweet figs and white flowers mixed with powdery roses, finishing with something earthy and woody..",1230
19786,fresh lemon and clean soap smell,"Accords: citrus, ozonic, iris. Notes: lemon verbena, iris, violet leaf, ambergris, sandalwood. Profile: It smells like a flower shop next to an old wooden furniture store — sweet citrus peel mixed with white flowers, then settled into something earthy and woody..","Accords: citrus, aromatic, warm spicy. Notes: pink grapefruit, litsea cubeba, black currant, rhubarb, ginger, cardamom, patchouli, labdanum. Profile: It smells like ripe grapefruit and citrus peel at first, then dark chocolate and cardamom, finishing with something earthy and slightly powdery..",4942
19786,light violet and sandalwood perfume,"Accords: citrus, ozonic, iris. Notes: lemon verbena, iris, violet leaf, ambergris, sandalwood. Profile: It smells like a flower shop next to an old wooden furniture store — sweet citrus peel mixed with white flowers, then settled into something earthy and woody..","Accords: citrus, woody, warm spicy. Notes: lemon, bergamot, brazilian redwood, orange, lime, tangerine, basil, rose. Profile: It smells like citrus peel and orange peel at first, then soft florals with a hint of powdery wood underneath..",19493
19786,citrus with powdery iris scent,"Accords: citrus, ozonic, iris. Notes: lemon verbena, iris, violet leaf, ambergris, sandalwood. Profile: It smells like a flower shop next to an old wooden furniture store — sweet citrus peel mixed with white flowers, then settled into something earthy and woody..","Accords: citrus, ozonic, aquatic. Notes: lavender, blood orange, amalfi lemon, watermelon, granny smith apple, thyme, vanille, amber. Profile: It smells like a leather jacket left open in an old wooden shed — citrus peel and lemon peel mixed with white flowers, then softens into something earthy and slightly powdery..",1884
9318,fresh grapefruit and orange juice smell,"Accords: citrus, sweet, aromatic. Notes: grapefruit, orange, lemon, red currant, sugar cane, bulrush, lily-of-the-valley, tea rose. Profile: It smells like citrus peel and orange peel at first, then white flowers and sweet vanilla, finishing with a hint of woody musk..","Accords: citrus, fresh, white floral. Notes: italian lemon, mandarin orange, pear, peony, orange blossom, lily-of-the-valley, musk, resins. Profile: It smells like citrus peel and orange peel at first, then soft pear and peony, finishing with a hint of powdery resin and something slightly woody..",277
9318,sweet citrus with warm cinnamon spice,"Accords: citrus, sweet, aromatic. Notes: grapefruit, orange, lemon, red currant, sugar cane, bulrush, lily-of-the-valley, tea rose. Profile: It smells like citrus peel and orange peel at first, then white flowers and sweet vanilla, finishing with a hint of woody musk..","Accords: citrus, white floral, sweet. Notes: orange, neroli, petitgrain, bitter orange, jasmine, orange blossom, orchid, musk. Profile: It smells like sweet orange peel and citrus peel at first, then white flowers with a hint of powdery amber underneath..",9442
9318,bright lemon perfume with soft musk,"Accords: citrus, sweet, aromatic. Notes: grapefruit, orange, lemon, red currant, sugar cane, bulrush, lily-of-the-valley, tea rose. Profile: It smells like citrus peel and orange peel at first, then white flowers and sweet vanilla, finishing with a hint of woody musk..","Accords: citrus, white floral, sweet. Notes: raspberry, orange, bergamot, orange blossom, jasmine, patchouli, musk, vanilla. Profile: It smells like ripe raspberries and orange peel at first, then white flowers and vanilla, finishing with a hint of powdery amber..",5581
21206,tobacco and sage mens cologne,"Accords: tobacco, sweet, aromatic. Notes: clary sage, black currant, tobacco leaf, nutmeg, orris, tonka bean, oakmoss. Profile: It smells like sweet sage and black currants at first, then soft tobacco and powdery nutmeg, finishing with something earthy and slightly woody..","Accords: tobacco, vanilla, sweet. Notes: bay leaf, tobacco, vanilla, suede. Profile: It smells like a spice market at dawn — smokey tobacco and sweet vanilla, with something soft and slightly leathery underneath..",19155
21206,warm nutmeg tonka bean perfume,"Accords: tobacco, sweet, aromatic. Notes: clary sage, black currant, tobacco leaf, nutmeg, orris, tonka bean, oakmoss. Profile: It smells like sweet sage and black currants at first, then soft tobacco and powdery nutmeg, finishing with something earthy and slightly woody..","Accords: tobacco, citrus, woody. Notes: bitter orange, grapefruit, neroli, clary sage, tea, cinnamon, jasmine, coriander. Profile: It smells like sweet orange peel and citrus peel at first, then creamy vanilla and nutmeg, finishing with something earthy and slightly spiced..",19434
21206,earthy moss and dark berries fragrance,"Accords: tobacco, sweet, aromatic. Notes: clary sage, black currant, tobacco leaf, nutmeg, orris, tonka bean, oakmoss. Profile: It smells like sweet sage and black currants at first, then soft tobacco and powdery nutmeg, finishing with something earthy and slightly woody..","Accords: tobacco, soft spicy, sweet. Notes: pink pepper, cardamom, lemon, tobacco, black tea, white woods, balsamic notes, leather. Profile: It smells like a leather jacket left open in an old wood shop — sweet peppercorn and cardamom mixed with white flowers, then soft leather and something earthy-musky..",11977
13807,sweet vanilla perfume with flowers,"Accords: vanilla, powdery, citrus. Notes: bergamot, orange, green notes, iris, patchouli, vetiver, rose, jasmine. Profile: It smells like citrus peel and orange peel at first, then sweet vanilla and iris, with a soft vanilla-caramel base underneath..","Accords: vanilla, warm spicy, rose. Notes: damask rose, aromatic spices, rose, patchouli, jasmine, vanila, benzoin, leather. Profile: It smells like rose petals and jasmine at first, then settles into something earthy and slightly leathery..",19508
13807,caramel and musk scent,"Accords: vanilla, powdery, citrus. Notes: bergamot, orange, green notes, iris, patchouli, vetiver, rose, jasmine. Profile: It smells like citrus peel and orange peel at first, then sweet vanilla and iris, with a soft vanilla-caramel base underneath..","Accords: vanilla, woody, yellow floral. Notes: bergamot, mandarin orange, ylang ylang, rose, vanilla, patchouli. Profile: It smells like citrus peel and orange peel at first, then white flowers and vanilla, finishing with a warm, slightly powdery base..",5976
13807,warm vanilla and orange fragrance for everyday,"Accords: vanilla, powdery, citrus. Notes: bergamot, orange, green notes, iris, patchouli, vetiver, rose, jasmine. Profile: It smells like citrus peel and orange peel at first, then sweet vanilla and iris, with a soft vanilla-caramel base underneath..","Accords: vanilla, powdery, floral. Notes: orchid, vanilla, sandalwood. Profile: It smells like dried orchids and apricots at first, then settles into soft vanilla and warm wood..",3700
5749,fresh watery flowers soap smell,"Accords: floral, fresh, white floral. Notes: lotus, melon, freesia, rose water, rose, calone, cyclamen, lily-of-the-valley. Profile: It smells like sweet melon and rose water at first, then creamy white flowers, with a soft woody base that's soft and powdery..","Accords: floral, aquatic, white floral. Notes: lemon blossom, freesia, dew drop, lotus, woodsy notes. Profile: It smells like a flower shop next to an old church — citrus blossoms blooming in the background, with something earthy and woody underneath..",4341
5749,clean lily rose perfume for summer,"Accords: floral, fresh, white floral. Notes: lotus, melon, freesia, rose water, rose, calone, cyclamen, lily-of-the-valley. Profile: It smells like sweet melon and rose water at first, then creamy white flowers, with a soft woody base that's soft and powdery..","Accords: floral, white floral, patchouli. Notes: osmanthus, tea, bergamot, orchid, jasmine, freesia, rose, orange blossom. Profile: It smells like a florist's tea party at dawn — sweet citrus and white flowers mixed with powdery roses, finishing with something earthy and slightly floral..",20870
5749,light floral melon scent not too sweet,"Accords: floral, fresh, white floral. Notes: lotus, melon, freesia, rose water, rose, calone, cyclamen, lily-of-the-valley. Profile: It smells like sweet melon and rose water at first, then creamy white flowers, with a soft woody base that's soft and powdery..","Accords: floral, fruity, fresh. Notes: freesia, green apple, grapefruit, violet leaf, peony, peach, hawthorn, musk. Profile: It smells like ripe peaches and green apple at first, then soft peach and white flowers, finishing with something earthy and slightly woody..",1001
13892,creamy vanilla coffee with warm milk,"Accords: lactonic, sweet, vanilla. Notes: rice, anise, bourbon pepper, coffee, orange blossom, coriander, peony, vanilla. Profile: It smells like a coffee shop next to an old spice shop — sweet vanilla and powdered sugar mixed with caramelized milk, then softened by something powdery and slightly woody..","Accords: lactonic, vanilla, warm spicy. Notes: cardamom, italian lemon, pink pepper, yogurt, water lily, rose, bourbon vanilla, cedar. Profile: It smells like sweet cardamom and lemon peel at first, then creamy vanilla and a hint of powdery florals, finishing with something earthy and slightly woody..",4048
13892,sweet caramel and sandalwood perfume,"Accords: lactonic, sweet, vanilla. Notes: rice, anise, bourbon pepper, coffee, orange blossom, coriander, peony, vanilla. Profile: It smells like a coffee shop next to an old spice shop — sweet vanilla and powdered sugar mixed with caramelized milk, then softened by something powdery and slightly woody..","Accords: lactonic, powdery, sweet. Notes: pear, peach, freesia, bergamot, rose, raspberry, violet, peony. Profile: It smells like ripe peaches and white flowers at first, then soft vanilla and powdery vanilla, finishing with a warm, slightly woody base..",6571
13892,soft milky floral scent,"Accords: lactonic, sweet, vanilla. Notes: rice, anise, bourbon pepper, coffee, orange blossom, coriander, peony, vanilla. Profile: It smells like a coffee shop next to an old spice shop — sweet vanilla and powdered sugar mixed with caramelized milk, then softened by something powdery and slightly woody..","Accords: lactonic, fruity, vanilla. Notes: apricot, apple, osmanthus, jasmine, rose, milk, vanilla, amber. Profile: It smells like ripe apricots and apples at first, then white flowers and vanilla, finishing with something earthy and slightly powdery..",20619
16013,sweet violet perfume with honey,"Accords: violet, honey, powdery. Notes: black violet, saffron, honey, lavender, tonka bean, cedar, patchouli. Profile: It smells like a spice market at dawn — sweet violets and honey mixed with powdery vanilla, with something earthy and slightly sweet underneath..","Accords: violet, powdery, fresh spicy. Notes: violet leaf, saffron, bergamot, violet, black pepper, pimento leaf, agarwood (oud), musk. Profile: It smells like a spice market at dawn — powdery white flowers mixed with saffron and black pepper, then softens into something earthy and slightly woody..",18208
16013,lavender and cedar woody scent,"Accords: violet, honey, powdery. Notes: black violet, saffron, honey, lavender, tonka bean, cedar, patchouli. Profile: It smells like a spice market at dawn — sweet violets and honey mixed with powdery vanilla, with something earthy and slightly sweet underneath..","Accords: violet, powdery, fresh spicy. Notes: violet leaf, saffron, bergamot, violet, black pepper, pimento leaf, agarwood (oud), musk. Profile: It smells like a spice market at dawn — powdery white flowers mixed with saffron and black pepper, then softens into something earthy and slightly woody..",18208
16013,dark floral with patchouli and tonka,"Accords: violet, honey, powdery. Notes: black violet, saffron, honey, lavender, tonka bean, cedar, patchouli. Profile: It smells like a spice market at dawn — sweet violets and honey mixed with powdery vanilla, with something earthy and slightly sweet underneath..","Accords: violet, powdery, aromatic. Notes: mandarin orange, bergamot, violet, geranium, vetiver, musk. Profile: It smells like citrus peel and bergamot at first, then settles into something earthy and slightly powdery..",17239
13458,soft musky perfume with vanilla and flowers,"Accords: musky, patchouli, powdery. Notes: pink pepper, jasmine, iris, patchouli, musk, vanilla. Profile: It smells like a spice market at dawn — sweet pepper and jasmine mixed with powdery iris, then soft vanilla and musk..","Accords: musky, floral, fresh. Notes: pink pepper, bergamot, peony, lily-of-the-valley, musk. Profile: It smells like a flower shop at dawn — sweet pepper and peony in the background, with something earthy and slightly musky underneath..",5380
13458,jasmine iris clean skin scent,"Accords: musky, patchouli, powdery. Notes: pink pepper, jasmine, iris, patchouli, musk, vanilla. Profile: It smells like a spice market at dawn — sweet pepper and jasmine mixed with powdery iris, then soft vanilla and musk..","Accords: musky, iris, powdery. Notes: ambrette (musk mallow), pink pepper, iris, orris, hibiscus, rose, oriental notes, musk. Profile: It smells like a flower shop at dawn — powdery florals mixed with white flowers, with something earthy and slightly sweet lingering in the background..",7688
13458,warm patchouli musk vanilla perfume,"Accords: musky, patchouli, powdery. Notes: pink pepper, jasmine, iris, patchouli, musk, vanilla. Profile: It smells like a spice market at dawn — sweet pepper and jasmine mixed with powdery iris, then soft vanilla and musk..","Accords: musky, floral, powdery. Notes: ambrette (musk mallow), lily-of-the-valley, rose, tarragon, musk. Profile: It smells like a flower shop next to an old church — sweet roses and lily-of-the-valley blooms mixed with powdery florals, finishing with something earthy and slightly woody..",16362
18751,tobacco and leather jacket smell,"Accords: tobacco, vanilla, leather. Notes: tobacco leaf, bergamot, amber, birch, leather, vanilla, sandalwood, guaiac wood. Profile: It smells like a leather jacket left in an old wooden shed, where tobacco leaves sit next to birch trees, with something earthy and slightly woody lurking in the background..","Accords: tobacco, woody, warm spicy. Notes: clove, clary sage, tobacco, virginia cedar, labdanum, castoreum, tonka bean. Profile: It smells like cloves and tobacco at first, then settles into something earthy and slightly sweet..",4653
18751,warm vanilla tobacco perfume,"Accords: tobacco, vanilla, leather. Notes: tobacco leaf, bergamot, amber, birch, leather, vanilla, sandalwood, guaiac wood. Profile: It smells like a leather jacket left in an old wooden shed, where tobacco leaves sit next to birch trees, with something earthy and slightly woody lurking in the background..","Accords: tobacco, sweet, warm spicy. Notes: tobacco leaf, spicy notes, vanilla, tonka bean, tobacco blossom, cacao pod, dried fruits, woody notes. Profile: It smells like a spice market at dawn — sweet tobacco leaves mixed with powdery vanilla and dried fruits, with something earthy and woody underneath..",12038
18751,smoky wood and amber scent,"Accords: tobacco, vanilla, leather. Notes: tobacco leaf, bergamot, amber, birch, leather, vanilla, sandalwood, guaiac wood. Profile: It smells like a leather jacket left in an old wooden shed, where tobacco leaves sit next to birch trees, with something earthy and slightly woody lurking in the background..","Accords: tobacco, rose, warm spicy. Notes: green notes, bulgarian rose, saffron, patchouli, cedar, tobacco, musk, vanilla. Profile: It smells like a spice market at dawn — white flowers and sweet tobacco mixed with powdery tobacco, finishing with something earthy and slightly sweet..",9669
13349,fresh cut grass and wildflowers,"Accords: yellow floral, powdery, fresh spicy. Notes: dandelion, basil, black currant, cyclamen, jasmine, musk, guaiac wood, amber. Profile: It smells like a spice market at dawn — sweet dandelion and black currants mixed with white flowers, finishing with something earthy and slightly woody..","Accords: yellow floral, citrus, sweet. Notes: lemon, bergamot, mimosa, ylang-ylang, benzoin, vanilla. Profile: It smells like citrus peel and bergamot at first, then settles into something sweet and slightly floral, with a faint vanilla-vanilla base..",8957
13349,herbal jasmine perfume for spring,"Accords: yellow floral, powdery, fresh spicy. Notes: dandelion, basil, black currant, cyclamen, jasmine, musk, guaiac wood, amber. Profile: It smells like a spice market at dawn — sweet dandelion and black currants mixed with white flowers, finishing with something earthy and slightly woody..","Accords: yellow floral, sweet, green. Notes: lime (linden) blossom, mandarin orange, green notes, water notes, mimosa, violet leaf, musk, cashmere wood. Profile: It smells like citrus peel and orange peel at first, then soft white flowers with a hint of powdery wood underneath..",8582
13349,green floral with musk and amber,"Accords: yellow floral, powdery, fresh spicy. Notes: dandelion, basil, black currant, cyclamen, jasmine, musk, guaiac wood, amber. Profile: It smells like a spice market at dawn — sweet dandelion and black currants mixed with white flowers, finishing with something earthy and slightly woody..","Accords: yellow floral, ozonic, powdery. Notes: violet leaf, mimosa, sandalwood. Profile: It smells like a flower shop at dawn — white flowers and moss, with something earthy and slightly woody underneath..",1815
7523,sweet almond and honey perfume,"Accords: almond, vanilla, sweet. Notes: almond, cinnamon, mimosa, honey, heliotrope, black rose, labdanum, vanilla. Profile: It smells like sweet almonds and honey at first, then creamy vanilla and white flowers, finishing with a warm, slightly woody base..","Accords: almond, cacao, amber. Notes: cacao, ambergris, bitter almond. Profile: It smells like a spice market at dawn — creamy cacao nibs mixed with bitter almonds, with something slightly sweet and earthy undertones..",15591
7523,warm cinnamon vanilla scent,"Accords: almond, vanilla, sweet. Notes: almond, cinnamon, mimosa, honey, heliotrope, black rose, labdanum, vanilla. Profile: It smells like sweet almonds and honey at first, then creamy vanilla and white flowers, finishing with a warm, slightly woody base..","Accords: almond, white floral, sweet. Notes: orange blossom, jasmine, almond, heliotrope, incense, patchouli. Profile: It smells like sweet orange blossoms and jasmine at first, then heliotrope and resinous incense, finishing with something earthy and slightly powdery..",12746
7523,cozy bakery smell with spices,"Accords: almond, vanilla, sweet. Notes: almond, cinnamon, mimosa, honey, heliotrope, black rose, labdanum, vanilla. Profile: It smells like sweet almonds and honey at first, then creamy vanilla and white flowers, finishing with a warm, slightly woody base..","Accords: almond, fruity, sweet. Notes: amaretto, bitter almond, bergamot, sour cherry, liquor, nutmeg, tonka bean, vanilla. Profile: It smells like sweet almonds and bitter cherry at first, then creamy vanilla and cardamom, finishing with a soft vanilla-tonka base..",19573
19807,tropical coconut sunscreen lotion,"Accords: coconut, vanilla, sweet. Notes: bergamot, coconut, tonka bean. Profile: It smells like a spice market at dawn — bergamot-coconut juice mixed with cocoa powder, with something earthy and slightly sweet underneath..","Accords: coconut, woody, sweet. Notes: coconut, pink grapefruit, cardamom, orange blossom, fig, rosemary, ambroxan, cedar. Profile: It smells like a spice market at dawn — sweet almonds and citrus peel mixed with white flowers, then softened by something earthy and slightly powdery..",14846
19807,sweet vanilla coconut dessert,"Accords: coconut, vanilla, sweet. Notes: bergamot, coconut, tonka bean. Profile: It smells like a spice market at dawn — bergamot-coconut juice mixed with cocoa powder, with something earthy and slightly sweet underneath..","Accords: coconut, fruity, sweet. Notes: violet, piña colada, woody notes, incense. Profile: It smells like a spice market at dawn — white flowers blooming in the air, with something faintly woody and burning..",1461
19807,creamy coconut with citrus,"Accords: coconut, vanilla, sweet. Notes: bergamot, coconut, tonka bean. Profile: It smells like a spice market at dawn — bergamot-coconut juice mixed with cocoa powder, with something earthy and slightly sweet underneath..","Accords: coconut, fruity, sweet. Notes: violet, piña colada, woody notes, incense. Profile: It smells like a spice market at dawn — white flowers blooming in the air, with something faintly woody and burning..",1461
14825,earthy truffle and dark plum perfume,"Accords: earthy, sweet, woody. Notes: truffle, plum, rum, ylang-ylang, black orchid, patchouli. Profile: It smells like a spice market at dawn — powdery plums and sweet rum mixed with dark orchids, then softens into something earthy and slightly floral..","Accords: earthy, woody, powdery. Notes: carrot, cinnamon, bergamot, agarwood (oud), dry wood, cedar, tobacco, earthy notes. Profile: It smells like a spice market at dawn — sweet carrots and cinnamon mixed with dry wood, with something earthy and slightly leathery underneath..",29
14825,rich soil and sweet boozy scent,"Accords: earthy, sweet, woody. Notes: truffle, plum, rum, ylang-ylang, black orchid, patchouli. Profile: It smells like a spice market at dawn — powdery plums and sweet rum mixed with dark orchids, then softens into something earthy and slightly floral..","Accords: earthy, green, aromatic. Notes: fennel, mint, green notes, clary sage, oakmoss, fern, angelica, clover. Profile: It smells like a spice market at dawn — fresh mint and white flowers mixed with powdery moss, then settle into something earthy and slightly sweet..",6433
14825,deep earthy smell with dark fruit,"Accords: earthy, sweet, woody. Notes: truffle, plum, rum, ylang-ylang, black orchid, patchouli. Profile: It smells like a spice market at dawn — powdery plums and sweet rum mixed with dark orchids, then softens into something earthy and slightly floral..","Accords: earthy, woody, vanilla. Notes: coffee, caramel, milk, almond, cambodian oud, earthy notes, truffle, vanilla. Profile: It smells like a coffee shop at dawn — sweet caramel and milk mixed with powdery vanilla, with something earthy and slightly floral lurking in the background..",1360
5250,warm spicy floral perfume with citrus,"Accords: soft spicy, sweet, aromatic. Notes: mandarin orange, bergamot, pink pepper, elemi resin, sweet pea, heliotrope, wallflower, elemi. Profile: It smells like citrus peel and bergamot at first, then sweet peas and white flowers, finishing with something earthy and slightly powdery..","Accords: soft spicy, sweet, vanilla. Notes: licorice, red apple, grapefruit, frangipani, raspberry, tincture of rose, vanille, woodsy notes. Profile: It smells like licorice and apple juice at first, then white flowers with a hint of vanilla and woodsy notes..",15198
5250,patchouli amber tonka bean fragrance,"Accords: soft spicy, sweet, aromatic. Notes: mandarin orange, bergamot, pink pepper, elemi resin, sweet pea, heliotrope, wallflower, elemi. Profile: It smells like citrus peel and bergamot at first, then sweet peas and white flowers, finishing with something earthy and slightly powdery..","Accords: soft spicy, powdery, violet. Notes: anise, ivy, licorice, violet, iris, vanilla, tonka bean, musk. Profile: It smells like a florist's pantry full of white flowers and licorice at first, then settles into something earthy and slightly powdery..",8655
5250,pink pepper bergamot sweet scent,"Accords: soft spicy, sweet, aromatic. Notes: mandarin orange, bergamot, pink pepper, elemi resin, sweet pea, heliotrope, wallflower, elemi. Profile: It smells like citrus peel and bergamot at first, then sweet peas and white flowers, finishing with something earthy and slightly powdery..","Accords: soft spicy, sweet, woody. Notes: pink pepper, licorice, pear, mandarin orange, orange blossom, jasmine, vanilla, coffee. Profile: It smells like sweet pear and orange peel at first, then white flowers and vanilla, finishing with a powdery sweetness that's slightly sweet..",18090
3019,creamy coconut milk perfume,"Accords: lactonic, sweet, coconut. Notes: pineapple, bitter orange, cassis, fruity notes, lily-of-the-valley, milk, coconut, lily. Profile: It smells like a fruit stand next to an apple orchard — sweet apples and orange peel mixed with white flowers, then soft vanilla and powdery wood..","Accords: lactonic, powdery, sweet. Notes: pear, peach, freesia, bergamot, rose, raspberry, violet, peony. Profile: It smells like ripe peaches and white flowers at first, then soft vanilla and powdery vanilla, finishing with a warm, slightly woody base..",6571
3019,sweet strawberry and vanilla scent,"Accords: lactonic, sweet, coconut. Notes: pineapple, bitter orange, cassis, fruity notes, lily-of-the-valley, milk, coconut, lily. Profile: It smells like a fruit stand next to an apple orchard — sweet apples and orange peel mixed with white flowers, then soft vanilla and powdery wood..","Accords: lactonic, vanilla, sweet. Notes: pineapple, coconut, grapefruit, gardenia, lily-of-the-valley, cyclamen, rose, milk. Profile: It smells like ripe peaches and citrus peel at first, then soft vanilla and powdery white flowers, finishing with a warm, slightly woody base..",1817
3019,tropical fruity floral with sandalwood,"Accords: lactonic, sweet, coconut. Notes: pineapple, bitter orange, cassis, fruity notes, lily-of-the-valley, milk, coconut, lily. Profile: It smells like a fruit stand next to an apple orchard — sweet apples and orange peel mixed with white flowers, then soft vanilla and powdery wood..","Accords: lactonic, vanilla, soft spicy. Notes: star anise, licorice, hawthorn, red apple, jasmine, lily-of-the-valley, milk, vanille. Profile: It smells like sweet licorice and white flowers at first, then creamy vanilla and powdery milk, finishing with a soft vanilla-vanille base..",7856
20923,fresh ocean breeze with herbs,"Accords: aromatic, marine, fresh spicy. Notes: sea notes, bergamot, rosemary, sage, geranium, incense, patchouli. Profile: It smells like salty water and bergamot at first, then rose petals and resinous incense, finishing with a warm, earthy base..","Accords: aromatic, warm spicy, fresh spicy. Notes: cardamom, apple, sweet orange, juniper berries, lavender, clary sage, patchouli, amber. Profile: It smells like sweet orange peel and citrus peel at first, then white flowers with a powdery finish, finishing with something earthy and slightly woody..",17879
20923,salty sea air and rosemary,"Accords: aromatic, marine, fresh spicy. Notes: sea notes, bergamot, rosemary, sage, geranium, incense, patchouli. Profile: It smells like salty water and bergamot at first, then rose petals and resinous incense, finishing with a warm, earthy base..","Accords: aromatic, woody, fresh spicy. Notes: lavender, black pepper, clary sage, bergamot, ambergris, leather, cypress, apple. Profile: It smells like a leather jacket draped over cypress leaves, with something earthy and slightly powdery underneath..",4991
20923,coastal sage and bergamot scent,"Accords: aromatic, marine, fresh spicy. Notes: sea notes, bergamot, rosemary, sage, geranium, incense, patchouli. Profile: It smells like salty water and bergamot at first, then rose petals and resinous incense, finishing with a warm, earthy base..","Accords: aromatic, fresh spicy, marine. Notes: marine notes, bergamot, rosemary, clary sage, geranium, olibanum, patchouli. Profile: It smells like a spice market at dawn — citrus peel and rose petals mixed with powdery sage, then softening into something earthy and slightly floral..",20922
11092,fresh cut grass with herbs and vanilla,"Accords: herbal, aromatic, green. Notes: shiso, grass, artemisia, french labdanum, jasmine, white tobacco, immortelle, leather. Profile: It smells like a leather jacket left open in an old wooden shed, with something earthy and slightly powdery underneath..","Accords: herbal, aromatic, soft spicy. Notes: pink pepper, ginger, artemisia, sage, jasmine sambac, leather, tonka bean, vanilla. Profile: It smells like a leather jacket left open in an old wooden shed, with something sweet and earthy lurking in the background..",10704
11092,leather jacket with dried flowers and tobacco,"Accords: herbal, aromatic, green. Notes: shiso, grass, artemisia, french labdanum, jasmine, white tobacco, immortelle, leather. Profile: It smells like a leather jacket left open in an old wooden shed, with something earthy and slightly powdery underneath..","Accords: herbal, aromatic, fresh spicy. Notes: red algae, myrtle, immortelle, chamomile, thyme, musk, vanilla, cedar. Profile: It smells like a florist's pantry full of dried herbs and flowers, with something earthy and slightly powdery underneath..",9193
11092,herbal tea garden with sweet undertones,"Accords: herbal, aromatic, green. Notes: shiso, grass, artemisia, french labdanum, jasmine, white tobacco, immortelle, leather. Profile: It smells like a leather jacket left open in an old wooden shed, with something earthy and slightly powdery underneath..","Accords: herbal, leather, aromatic. Notes: artemisia, incense, lemon, leather, chamomile, apricot, iris, vanilla. Profile: It smells like a leather jacket left open in an old church — dried herbs mixed with white flowers, then softens into something powdery and slightly woody..",8457
17973,earthy patchouli with vanilla and amber,"Accords: patchouli, citrus, rose. Notes: bergamot, mandarin orange, rose, patchouli, amber, vanilla. Profile: It smells like citrus peel and orange peel at first, then rose petals and vanilla, finishing with a soft vanilla-vanilla base..","Accords: patchouli, rose, vanilla. Notes: white peach, rose, patchouli, vanilla. Profile: It smells like ripe peaches and roses at first, then sweet vanilla and powdery vanilla, with a hint of vanilla sweetness underneath..",14455
17973,citrus rose perfume with warm base,"Accords: patchouli, citrus, rose. Notes: bergamot, mandarin orange, rose, patchouli, amber, vanilla. Profile: It smells like citrus peel and orange peel at first, then rose petals and vanilla, finishing with a soft vanilla-vanilla base..","Accords: patchouli, white floral, vanilla. Notes: exotic fruits, lily, lily-of-the-valley, patchouli, vanilla. Profile: It smells like exotic fruits and lily-of-the-valley at first, then sweet vanilla and powdery flowers, finishing with a soft vanilla-vanilla base..",1164
17973,hippie patchouli but sweeter and softer,"Accords: patchouli, citrus, rose. Notes: bergamot, mandarin orange, rose, patchouli, amber, vanilla. Profile: It smells like citrus peel and orange peel at first, then rose petals and vanilla, finishing with a soft vanilla-vanilla base..","Accords: patchouli, citrus, woody. Notes: bergamot, pink pepper, jasmine, rose, patchouli, tonka bean. Profile: It smells like a perfumer's closet at dawn — bergamot and white flowers mixed with powdery jasmine, then softens into something earthy and slightly sweet..",4544
10232,creamy white flowers with dark berries,"Accords: tuberose, vanilla, white floral. Notes: black currant, davana, tuberose, vanilla absolute, myrrh. Profile: It smells like ripe black currants and dried flowers at first, then sweet vanilla and powdery white flowers, finishing with a hint of earthy sweetness..","Accords: tuberose, white floral, amber. Notes: angelica, tuberose, amber, woodsy notes. Profile: It smells like a perfumer's closet at dawn — white flowers blooming in the air, with something earthy and slightly woody underneath..",14770
10232,sweet vanilla tuberose night perfume,"Accords: tuberose, vanilla, white floral. Notes: black currant, davana, tuberose, vanilla absolute, myrrh. Profile: It smells like ripe black currants and dried flowers at first, then sweet vanilla and powdery white flowers, finishing with a hint of earthy sweetness..","Accords: tuberose, white floral, woody. Notes: tuberose, tropical fruits, woodsy notes. Profile: It smells like a florist's gift shop at dawn — white flowers and tropical fruits mixed with woody notes..",3325
10232,rich floral with blackcurrant and incense,"Accords: tuberose, vanilla, white floral. Notes: black currant, davana, tuberose, vanilla absolute, myrrh. Profile: It smells like ripe black currants and dried flowers at first, then sweet vanilla and powdery white flowers, finishing with a hint of earthy sweetness..","Accords: tuberose, white floral, musky. Notes: bergamot, tuberose, musk, woodsy notes. Profile: It smells like bergamot and white flowers at first, then soft woods and musk..",6219
12801,floral perfume with moss and spices,"Accords: earthy, mossy, warm spicy. Notes: bergamot, rose, jasmine, citruses, peach, ylang-ylang, rose, lilac. Profile: It smells like a flower shop at dawn — sweet peaches and roses mixed with white flowers, then softened by powdery moss and warm wood..","Accords: earthy, amber, sweet. Notes: truffle, blackberry, grapefruit, orchid, gardenia, lily-of-the-valley, mexican chocolate, incense. Profile: It smells like ripe strawberries and blackberries at first, then dark chocolate and incense, finishing with something earthy and slightly sweet..",5599
12801,rose jasmine with earthy vetiver base,"Accords: earthy, mossy, warm spicy. Notes: bergamot, rose, jasmine, citruses, peach, ylang-ylang, rose, lilac. Profile: It smells like a flower shop at dawn — sweet peaches and roses mixed with white flowers, then softened by powdery moss and warm wood..","Accords: earthy, woody, white floral. Notes: truffle, black pepper, lily-of-the-valley, pink pepper, ambrette (musk mallow), patchouli, amber, oakmoss. Profile: It smells like a flower shop at dawn — sweet plums and black pepper mixed with white flowers, then settles into something earthy and slightly woody..",12045
12801,citrus peach perfume that smells like dirt and flowers,"Accords: earthy, mossy, warm spicy. Notes: bergamot, rose, jasmine, citruses, peach, ylang-ylang, rose, lilac. Profile: It smells like a flower shop at dawn — sweet peaches and roses mixed with white flowers, then softened by powdery moss and warm wood..","Accords: earthy, woody, musky. Notes: oakmoss, vetiver, egyptian jasmine, white musk, leather, patchouli, agarwood (oud). Profile: It smells like a leather jacket left in an old wooden shed, with something powdery and slightly earthy lurking in the background..",3413
17496,tropical coconut sunscreen beach smell,"Accords: coconut, white floral, sweet. Notes: bergamot, mandarin orange, tiare flower, myrhh, jasmine, african orange flower, magnolia, coconut. Profile: It smells like a spice market at dawn — citrus peel and honey mixed with white flowers, then softened by something earthy and slightly powdery..","Accords: coconut, vanilla, sweet. Notes: coconut nectar, fruity notes, pink lotus, sand, vanilla, white musk. Profile: It smells like a beach bar left open in the middle of an old church — sweet coconut nectar mixed with powdery sand, then softened by white musk..",11859
17496,sweet caramel coconut perfume,"Accords: coconut, white floral, sweet. Notes: bergamot, mandarin orange, tiare flower, myrhh, jasmine, african orange flower, magnolia, coconut. Profile: It smells like a spice market at dawn — citrus peel and honey mixed with white flowers, then softened by something earthy and slightly powdery..","Accords: coconut, fruity, sweet. Notes: coconut nectar, boysenberry, pomegranate, butterfly orchid, honeysuckle, magnolia, amber, musk. Profile: It smells like a spice market at dawn — sweet honey and berries mixed with white flowers, then softens into something earthy and woody..",7819
17496,creamy white flowers with coconut,"Accords: coconut, white floral, sweet. Notes: bergamot, mandarin orange, tiare flower, myrhh, jasmine, african orange flower, magnolia, coconut. Profile: It smells like a spice market at dawn — citrus peel and honey mixed with white flowers, then softened by something earthy and slightly powdery..","Accords: coconut, floral, lavender. Notes: aqual, lavender, ambrette, lime, salt, coconut water, peony, black currant. Profile: It smells like dried lavender and lemon peel at first, then settles into something sweet and earthy with a hint of powdery sweetness..",454
20318,tobacco and leather jacket smell,"Accords: tobacco, oud, woody. Notes: grapefruit, lavender, artemisia, tobacco, spices, leather, agarwood (oud), dark woodsy notes. Profile: It smells like a leather jacket left open in an old leather store — sweet citrus peel and powdery tobacco mixed with dark woods, finishing with something earthy and woody..","Accords: tobacco, vanilla, warm spicy. Notes: cinnamon, pepperwood, tobacco leaf, incense, osmanthus, labdanum, vanilla, iso e super. Profile: It smells like a spice shop at dawn — sweet cinnamon and tobacco leaves mixed with powdery incense, then settles into something earthy and slightly floral..",21254
20318,dark woody cologne with grapefruit,"Accords: tobacco, oud, woody. Notes: grapefruit, lavender, artemisia, tobacco, spices, leather, agarwood (oud), dark woodsy notes. Profile: It smells like a leather jacket left open in an old leather store — sweet citrus peel and powdery tobacco mixed with dark woods, finishing with something earthy and woody..","Accords: tobacco, citrus, woody. Notes: bitter orange, grapefruit, neroli, clary sage, tea, cinnamon, jasmine, coriander. Profile: It smells like sweet orange peel and citrus peel at first, then creamy vanilla and nutmeg, finishing with something earthy and slightly spiced..",19434
20318,spicy tobacco with lavender men's fragrance,"Accords: tobacco, oud, woody. Notes: grapefruit, lavender, artemisia, tobacco, spices, leather, agarwood (oud), dark woodsy notes. Profile: It smells like a leather jacket left open in an old leather store — sweet citrus peel and powdery tobacco mixed with dark woods, finishing with something earthy and woody..","Accords: tobacco, vanilla, sweet. Notes: bay leaf, tobacco, vanilla, suede. Profile: It smells like a spice market at dawn — smokey tobacco and sweet vanilla, with something soft and slightly leathery underneath..",19155
17490,fresh lavender and spicy pepper cologne,"Accords: fresh spicy, citrus, amber. Notes: bergamot, sichuan pepper, lavender, star anise, nutmeg, ambroxan, vanilla. Profile: It smells like a spice market at dawn — bergamot and pepper mixed with powdery vanilla, with something sweet and earthy lurking in the background..","Accords: fresh spicy, warm spicy, aromatic. Notes: white pepper, bergamot, pink pepper, clary sage, cedarwood, vetiver, tonka, cacao. Profile: It smells like a spice market at dawn — sweet pepper and spice mixed with powdery sage, then settles into something earthy and slightly sweet..",3468
17490,warm vanilla with bergamot and spices,"Accords: fresh spicy, citrus, amber. Notes: bergamot, sichuan pepper, lavender, star anise, nutmeg, ambroxan, vanilla. Profile: It smells like a spice market at dawn — bergamot and pepper mixed with powdery vanilla, with something sweet and earthy lurking in the background..","Accords: fresh spicy, woody, aromatic. Notes: black pepper, rosemary, green apple, lavender, iris flower, cashmere wood, patchouli, amberwood. Profile: It smells like a spice market at dawn — sweet pepper and roses mixed with white flowers, then settles into something earthy and slightly powdery..",6988
17490,clean aromatic scent with pepper and nutmeg,"Accords: fresh spicy, citrus, amber. Notes: bergamot, sichuan pepper, lavender, star anise, nutmeg, ambroxan, vanilla. Profile: It smells like a spice market at dawn — bergamot and pepper mixed with powdery vanilla, with something sweet and earthy lurking in the background..","Accords: fresh spicy, aromatic, woody. Notes: grapefruit, orange, pepper, pelargonium, cedar, vetiver, patchouli, benzoin. Profile: It smells like citrus peel and orange peel at first, then sweet pepper and powdery vetiver, finishing with something earthy and slightly leathery..",16498
13464,warm spicy peach and vanilla perfume,"Accords: warm spicy, woody, powdery. Notes: peach, cardamom, lily, grapefruit, bergamot, rose, cinnamon, apricot. Profile: It smells like ripe peaches and cardamom at first, then sweet vanilla and powdery roses, finishing with a warm woody base..","Accords: warm spicy, woody, amber. Notes: gourmand accord, coffee, spicy notes, woody notes, amber, musk, fern. Profile: It smells like a coffee shop at dawn — sweet coffee and spiced coffee mixed with woody notes, finishing with something earthy and slightly powdery..",1999
13464,cardamom cinnamon sandalwood fragrance,"Accords: warm spicy, woody, powdery. Notes: peach, cardamom, lily, grapefruit, bergamot, rose, cinnamon, apricot. Profile: It smells like ripe peaches and cardamom at first, then sweet vanilla and powdery roses, finishing with a warm woody base..","Accords: warm spicy, white floral, woody. Notes: tangerine, jasmine, orange blossom, cloves, lily, lily-of-the-valley, olibanum, sandalwood. Profile: It smells like citrus peel and jasmine at first, then settles into something earthy and slightly woody..",10260
13464,cozy sweet fruit and wood scent,"Accords: warm spicy, woody, powdery. Notes: peach, cardamom, lily, grapefruit, bergamot, rose, cinnamon, apricot. Profile: It smells like ripe peaches and cardamom at first, then sweet vanilla and powdery roses, finishing with a warm woody base..","Accords: warm spicy, fresh, floral. Notes: ginger, peony, tangerine, jasmine, red fruits, patchouli, musk. Profile: It smells like sweet peony and citrus at first, then white flowers with a soft, slightly powdery base..",5621
11817,creamy white jasmine perfume,"Accords: white floral, amber, floral. Notes: jasmine sambac, cashmeran, amber. Profile: It smells like a perfumer's closet at dawn — sweet jasmine and powdery amber mixed with warm wood..","Accords: white floral, rose, sweet. Notes: gardenia, pear, tuberose, ylang-ylang, rose, lily-of-the-valley, jasmine, musk. Profile: It smells like sweet pear and rose at first, then white flowers, finishing with a soft woody base..",16726
11817,soft warm amber and flowers,"Accords: white floral, amber, floral. Notes: jasmine sambac, cashmeran, amber. Profile: It smells like a perfumer's closet at dawn — sweet jasmine and powdery amber mixed with warm wood..","Accords: white floral, fresh spicy, vanilla. Notes: black pepper, neroli, jasmine, rose, night blooming cereus, vanille, cashmere wood. Profile: It smells like a perfumer's closet at dawn — sweet pepper and white flowers mixed with powdery wood, then soft vanilla and warm wood..",11285
11817,jasmine night blooming scent,"Accords: white floral, amber, floral. Notes: jasmine sambac, cashmeran, amber. Profile: It smells like a perfumer's closet at dawn — sweet jasmine and powdery amber mixed with warm wood..","Accords: white floral, fruity, floral. Notes: magnolia, freesia, mandarin orange, bitter orange, orange, lily-of-the-valley, pear, honeysuckle. Profile: It smells like a fruit stand next to an old church — bright orange blossoms and citrus peel mixed with white flowers, finishing with something earthy and slightly powdery..",6270
6826,sweet peach and vanilla perfume,"Accords: fruity, white floral, vanilla. Notes: peach, litchi, mandarin orange, bergamot, lily, plum, jasmine, lily-of-the-valley. Profile: It smells like sweet peaches and citrus peel at first, then white flowers and vanilla, finishing with a hint of powdery amber..","Accords: fruity, citrus, fresh. Notes: orange, apple, watermelon, guava, rose, musk, amber, white wood. Profile: It smells like ripe orange peel and watermelon at first, then soft rose petals, finishing with something earthy and woody..",2414
6826,fruity floral scent for summer,"Accords: fruity, white floral, vanilla. Notes: peach, litchi, mandarin orange, bergamot, lily, plum, jasmine, lily-of-the-valley. Profile: It smells like sweet peaches and citrus peel at first, then white flowers and vanilla, finishing with a hint of powdery amber..","Accords: fruity, green, white floral. Notes: green apple, green notes, peach, fruity notes, lily-of-the-valley, magnolia, jasmine, musk. Profile: It smells like ripe apple and peach at first, then white flowers and vanilla, finishing with a soft woody base..",8164
6826,fresh lychee and jasmine fragrance,"Accords: fruity, white floral, vanilla. Notes: peach, litchi, mandarin orange, bergamot, lily, plum, jasmine, lily-of-the-valley. Profile: It smells like sweet peaches and citrus peel at first, then white flowers and vanilla, finishing with a hint of powdery amber..","Accords: fruity, sweet, fresh spicy. Notes: basil, grapefruit, bergamot, strawberry, cherry blossom, flower petals, cedar, musk. Profile: It smells like a flower shop at dawn — citrus peel and berries mixed with white flowers, then softens into something earthy and slightly powdery..",20724
12487,dark chocolate with berries and flowers,"Accords: cacao, fruity, warm spicy. Notes: black currant, rose, cacao, patchouli. Profile: It smells like a spice market at dawn — sweet black currants and roses mixed with powdery vanilla, with something earthy and slightly sweet underneath..","Accords: cacao, warm spicy, citrus. Notes: mandarin orange, coffee, osmanthus, cacao, tonka bean. Profile: It smells like a coffee shop at dawn — sweet orange peel mixed with coffee grounds, then settling into something earthy and slightly bitter..",14765
12487,rich cocoa patchouli perfume,"Accords: cacao, fruity, warm spicy. Notes: black currant, rose, cacao, patchouli. Profile: It smells like a spice market at dawn — sweet black currants and roses mixed with powdery vanilla, with something earthy and slightly sweet underneath..","Accords: cacao, warm spicy, sweet. Notes: red fruits, red apple, orange blossom, jasmine, cacao, vanilla, sandalwood, musk. Profile: It smells like ripe apples and orange blossoms at first, then soft vanilla and powdery wood, finishing with a warm, slightly earthy base..",15260
12487,sweet fruity chocolate rose scent,"Accords: cacao, fruity, warm spicy. Notes: black currant, rose, cacao, patchouli. Profile: It smells like a spice market at dawn — sweet black currants and roses mixed with powdery vanilla, with something earthy and slightly sweet underneath..","Accords: cacao, warm spicy, sweet. Notes: cherry, pink pepper, cardamom, pomelo, bergamot, mandarin orange, black pepper, blackberry. Profile: It smells like a spice market at dawn — sweet cherry blossoms and cardamom in the background, with something earthy and slightly powdery underneath..",18224
20070,spicy cinnamon perfume for winter,"Accords: warm spicy, fresh spicy, woody. Notes: nutmeg, cinnamon, cardamom, grapefruit, lavender, licorice, sandalwood, amber. Profile: It smells like a spice market at dawn — sweet cinnamon and cardamom mixed with white flowers, with something earthy and slightly woody underneath..","Accords: warm spicy, sweet, fruity. Notes: raspberry, pink pepper, mandarin orange, saffron, violet, cardamom, patchouli, musk. Profile: It smells like a spice market at dawn — sweet raspberries and citrus peel mixed with white flowers, then soft vanilla and powdery wood..",20266
20070,warm nutmeg and sandalwood cologne,"Accords: warm spicy, fresh spicy, woody. Notes: nutmeg, cinnamon, cardamom, grapefruit, lavender, licorice, sandalwood, amber. Profile: It smells like a spice market at dawn — sweet cinnamon and cardamom mixed with white flowers, with something earthy and slightly woody underneath..","Accords: warm spicy, woody, amber. Notes: cinnamon, pepper, incense, olibanum, sandalwood. Profile: It smells like a spice market at dawn — sweet cinnamon and spice mixed with powdery incense, finishing with something earthy and slightly woody..",20786
20070,cozy cardamom scent like chai tea,"Accords: warm spicy, fresh spicy, woody. Notes: nutmeg, cinnamon, cardamom, grapefruit, lavender, licorice, sandalwood, amber. Profile: It smells like a spice market at dawn — sweet cinnamon and cardamom mixed with white flowers, with something earthy and slightly woody underneath..","Accords: warm spicy, sweet, aromatic. Notes: pear, bergamot, basil, ginger, cardamom, coriander, pepper, chocolate. Profile: It smells like sweet pear and cardamom at first, then creamy vanilla and powdery musk, finishing with a hint of earthy sweetness..",3159
2819,sweet mango and berry perfume,"Accords: tropical, fruity, sweet. Notes: mango, blackberry, black pepper, jasmine, orris, lotus, vanilla, icing pink. Profile: It smells like ripe mango and blackberry at first, then sweet vanilla and powdery white flowers, finishing with a soft vanilla-sweet finish..","Accords: tropical, fruity, sweet. Notes: mango, papaya, pineapple, tangerine, cypress, plum, agarwood (oud), saffron. Profile: It smells like sweet mango and tangerine at first, then soft wood with a powdery sweetness, finishing with something earthy and slightly spiced..",20288
2819,tropical fruity scent with vanilla,"Accords: tropical, fruity, sweet. Notes: mango, blackberry, black pepper, jasmine, orris, lotus, vanilla, icing pink. Profile: It smells like ripe mango and blackberry at first, then sweet vanilla and powdery white flowers, finishing with a soft vanilla-sweet finish..","Accords: tropical, green, sweet. Notes: green leaves, mango, passionfruit, fir, red currant, heliotrope, hyacinth, ylang-ylang. Profile: It smells like a fruit stand next to an old church — green leaves and citrus peel mixed with white flowers, then settles into something earthy and slightly powdery..",4536
2819,black pepper jasmine flower perfume,"Accords: tropical, fruity, sweet. Notes: mango, blackberry, black pepper, jasmine, orris, lotus, vanilla, icing pink. Profile: It smells like ripe mango and blackberry at first, then sweet vanilla and powdery white flowers, finishing with a soft vanilla-sweet finish..","Accords: tropical, sweet, fruity. Notes: mango, orange, ylang-ylang, jasmine, neroli, agarwood (oud), oak moss, vetyver. Profile: It smells like sweet mango and orange peel at first, then white flowers with a soft, slightly earthy base..",251
19495,soft floral perfume with vanilla and powder,"Accords: powdery, floral, vanilla. Notes: anise, neroli, coriander, bergamot, lemon, heliotrope, carnation, violet. Profile: It smells like a flower shop at dawn — citrus peel and white flowers mixed with powdered rose petals, then settles into something slightly sweet and earthy..","Accords: powdery, vanilla, warm spicy. Notes: ginger, vanilla, violet, sandalwood. Profile: It smells like a spice market at dawn — sweet citrus peel mixed with white flowers, then settling into something earthy and slightly woody..",8100
19495,vintage violet and rose scent,"Accords: powdery, floral, vanilla. Notes: anise, neroli, coriander, bergamot, lemon, heliotrope, carnation, violet. Profile: It smells like a flower shop at dawn — citrus peel and white flowers mixed with powdered rose petals, then settles into something slightly sweet and earthy..","Accords: powdery, rose, woody. Notes: aldehydes, carrot, bergamot, rose, iris, amberwood, musk, moss. Profile: It smells like a spice market at dawn — sweet carrots and roses mixed with white flowers, with something earthy and slightly mossy underneath..",274
19495,powdery musk perfume like grandma's makeup,"Accords: powdery, floral, vanilla. Notes: anise, neroli, coriander, bergamot, lemon, heliotrope, carnation, violet. Profile: It smells like a flower shop at dawn — citrus peel and white flowers mixed with powdered rose petals, then settles into something slightly sweet and earthy..","Accords: powdery, white floral, vanilla. Notes: bergamot, freesia, rose, orange blossom, jasmine, tiare flower, musk, heliotrope. Profile: It smells like a flower shop at dawn — fresh roses and orange blossoms mixed with powdery flowers, then softening into something earthy and slightly floral..",13308
18639,leather jacket with spicy pepper and woods,"Accords: woody, citrus, aromatic. Notes: bergamot, pink pepper, clary sage, haitian vetiver, leather, ambroxan, akigalawood, indonesian patchouli leaf. Profile: It smells like a leather jacket left in an old wooden shed, with something powdery and slightly earthy lurking in the background..","Accords: woody, aromatic, citrus. Notes: lemon, bergamot, labdanum, rose de mai, jasmine, vetiver, oakmoss, cedar. Profile: It smells like citrus peel and bergamot at first, then white flowers with a hint of powdery spice, finishing with something earthy and slightly sweet..",21034
18639,dark chocolate and earthy vetiver cologne,"Accords: woody, citrus, aromatic. Notes: bergamot, pink pepper, clary sage, haitian vetiver, leather, ambroxan, akigalawood, indonesian patchouli leaf. Profile: It smells like a leather jacket left in an old wooden shed, with something powdery and slightly earthy lurking in the background..","Accords: woody, aromatic, fresh spicy. Notes: rhuburb, grapefruit, pepper, pink pepper, virginia cedar, lavender, sandalwood, vanille. Profile: It smells like rhubarb and citrus peel at first, then white flowers and powdery lavender, finishing with a soft vanilla-vanille base..",12319
18639,warm woody scent with sage and bergamot,"Accords: woody, citrus, aromatic. Notes: bergamot, pink pepper, clary sage, haitian vetiver, leather, ambroxan, akigalawood, indonesian patchouli leaf. Profile: It smells like a leather jacket left in an old wooden shed, with something powdery and slightly earthy lurking in the background..","Accords: woody, aromatic, warm spicy. Notes: pink pepper, guatemalan cardamom, mandarin orange, italian cypress, haitian vetiver, indonesian patchouli leaf, sandalowood, amber. Profile: It smells like a spice market at dawn — sweet pepper and cardamom in the air, with something earthy and slightly leathery underneath..",15635
16666,sweet chocolate and vanilla perfume,"Accords: chocolate, sweet, warm spicy. Notes: milk chocolate, green apple, mandarin orange, dark chocolate, vanilla flower, sandalwood, white musk, praline. Profile: It smells like a chocolate bar at dawn — dark chocolate mixed with white flowers, then soft vanilla and powdery musk..","Accords: chocolate, vanilla, sweet. Notes: mandarin orange, chocolate, chocolate flower, vanilla. Profile: It smells like a fruit stand next to an orange peel, with something sweet and slightly sweet underneath..",9229
16666,creamy milk chocolate with fruity notes,"Accords: chocolate, sweet, warm spicy. Notes: milk chocolate, green apple, mandarin orange, dark chocolate, vanilla flower, sandalwood, white musk, praline. Profile: It smells like a chocolate bar at dawn — dark chocolate mixed with white flowers, then soft vanilla and powdery musk..","Accords: chocolate, warm spicy, sweet. Notes: watermelon, mandarin orange, bergamot, lotus, jasmine, rose, mexican chocolate, rice. Profile: It smells like watermelon and orange peel at first, then rose petals and white flowers, finishing with a sweet, slightly powdery sweetness..",15473
16666,chocolate candy store scent,"Accords: chocolate, sweet, warm spicy. Notes: milk chocolate, green apple, mandarin orange, dark chocolate, vanilla flower, sandalwood, white musk, praline. Profile: It smells like a chocolate bar at dawn — dark chocolate mixed with white flowers, then soft vanilla and powdery musk..","Accords: chocolate, warm spicy, sweet. Notes: watermelon, mandarin orange, bergamot, lotus, jasmine, rose, mexican chocolate, rice. Profile: It smells like watermelon and orange peel at first, then rose petals and white flowers, finishing with a sweet, slightly powdery sweetness..",15473
5972,soft powder and violet flowers perfume,"Accords: powdery, amber, vanilla. Notes: plum, chinese cinnamon wood, iris, violet, lily, anise, jasmine, mimosa. Profile: It smells like a flower shop at dawn — sweet plums and white flowers mixed with powdery flowers, then settles into something earthy and resinous..","Accords: powdery, iris, musky. Notes: lily-of-the-valley, iris, rose, cotton flower, musk. Profile: It smells like a flower shop at dawn — sweet roses and iris blooming in the background, then soften into something warm and slightly powdery..",17167
5972,warm vanilla sandalwood with iris,"Accords: powdery, amber, vanilla. Notes: plum, chinese cinnamon wood, iris, violet, lily, anise, jasmine, mimosa. Profile: It smells like a flower shop at dawn — sweet plums and white flowers mixed with powdery flowers, then settles into something earthy and resinous..","Accords: powdery, ozonic, rose. Notes: watermelon, violet, cassis, tincture of rose, tea, iris, musk, sandalwood. Profile: It smells like watermelon and roses at first, then iris and musk, finishing with something earthy and slightly woody..",20408
5972,sweet floral with cinnamon and musk,"Accords: powdery, amber, vanilla. Notes: plum, chinese cinnamon wood, iris, violet, lily, anise, jasmine, mimosa. Profile: It smells like a flower shop at dawn — sweet plums and white flowers mixed with powdery flowers, then settles into something earthy and resinous..","Accords: powdery, violet, fruity. Notes: aldehydes, litchi, raspberry, turkish rose, grasse rose, peach, violet, powdery notes. Profile: It smells like a leather jacket left in an old wooden cabinet — sweet almonds and powdered roses mixed with white flowers, then soft leather with something earthy and slightly floral..",13775
167,clean soapy floral perfume,"Accords: aldehydic, musky, fresh. Notes: aldehydes, grapefruit, freesia, jasmine, lily-of-the-valley, orange, orchid, musk. Profile: It smells like citrus peel and white flowers at first, then soft florals, finishing with a warm woody base..","Accords: aldehydic, fresh, amber. Notes: aldehydes, bulgarian rose, jasmine, amber, musk, vanilla. Profile: It smells like a perfumer's closet at dawn — powdery rose petals mixed with white flowers, then soft vanilla and something faintly floral..",16676
167,fresh grapefruit and white flowers,"Accords: aldehydic, musky, fresh. Notes: aldehydes, grapefruit, freesia, jasmine, lily-of-the-valley, orange, orchid, musk. Profile: It smells like citrus peel and white flowers at first, then soft florals, finishing with a warm woody base..","Accords: aldehydic, fresh, woody. Notes: aldehydes, neroli, bergamot, mimosa, basil, mandarin orange, jasmine, patchouli. Profile: It smells like a spice market at dawn — citrus peel and white flowers mixed with powdery roses, then softens into something earthy and slightly floral..",14687
167,powder musk sandalwood scent,"Accords: aldehydic, musky, fresh. Notes: aldehydes, grapefruit, freesia, jasmine, lily-of-the-valley, orange, orchid, musk. Profile: It smells like citrus peel and white flowers at first, then soft florals, finishing with a warm woody base..","Accords: aldehydic, woody, white floral. Notes: aldehydes, african orange flower, bergamot, carnation, ylang-ylang, jasmine, rose, iris. Profile: It smells like a florist's pantry full of dried flowers and citrus peel, with something sweet and earthy lurking in the background..",20216
9628,spicy floral perfume with vanilla and musk,"Accords: soft spicy, fruity, sweet. Notes: pink pepper, red currant, bay leaf, rose, lotus, patchouli, vanilla, amber. Profile: It smells like a spice market at dawn — sweet pepper and white flowers mixed with powdery florals, finishing with something earthy and slightly woody..","Accords: soft spicy, sweet, aromatic. Notes: mandarin orange, bergamot, pink pepper, elemi resin, sweet pea, heliotrope, wallflower, elemi. Profile: It smells like citrus peel and bergamot at first, then sweet peas and white flowers, finishing with something earthy and slightly powdery..",5250
9628,pink pepper rose scent,"Accords: soft spicy, fruity, sweet. Notes: pink pepper, red currant, bay leaf, rose, lotus, patchouli, vanilla, amber. Profile: It smells like a spice market at dawn — sweet pepper and white flowers mixed with powdery florals, finishing with something earthy and slightly woody..","Accords: soft spicy, vanilla, warm spicy. Notes: licorice, dewberry, chili pepper, champaca, red rose, lotus, vanilla, leather. Profile: It smells like sweet licorice and dried roses at first, then soft vanilla and powdery leather, finishing with something earthy and slightly leathery..",9061
9628,warm amber vanilla with berries,"Accords: soft spicy, fruity, sweet. Notes: pink pepper, red currant, bay leaf, rose, lotus, patchouli, vanilla, amber. Profile: It smells like a spice market at dawn — sweet pepper and white flowers mixed with powdery florals, finishing with something earthy and slightly woody..","Accords: soft spicy, sweet, vanilla. Notes: licorice, red apple, grapefruit, frangipani, raspberry, tincture of rose, vanille, woodsy notes. Profile: It smells like licorice and apple juice at first, then white flowers with a hint of vanilla and woodsy notes..",15198
9918,sweet plum and berry perfume,"Accords: fruity, sweet, amber. Notes: plum, wild berries, coriander, anise, brazilian rosewood, tuberose, incense, white honey. Profile: It smells like a spice market at dawn — sweet plums and honey mixed with white flowers, then softened by powdery incense and warm vanilla..","Accords: fruity, woody, sweet. Notes: clementine, black currant, persimmon, lily-of-the-valley, rose, jasmine, sandalwood, patchouli. Profile: It smells like a florist's pantry full of dried flowers and sweet roses, with something earthy and slightly floral lurking in the background..",7129
9918,warm spicy honey vanilla scent,"Accords: fruity, sweet, amber. Notes: plum, wild berries, coriander, anise, brazilian rosewood, tuberose, incense, white honey. Profile: It smells like a spice market at dawn — sweet plums and honey mixed with white flowers, then softened by powdery incense and warm vanilla..","Accords: fruity, musky, fresh. Notes: peach, lemon, red fruits, peony, violet, green tea, musk, dry wood. Profile: It smells like fresh peaches and citrus peel at first, then soft wood and dry wood, finishing with a hint of powdery wood..",487
9918,fruity incense perfume women,"Accords: fruity, sweet, amber. Notes: plum, wild berries, coriander, anise, brazilian rosewood, tuberose, incense, white honey. Profile: It smells like a spice market at dawn — sweet plums and honey mixed with white flowers, then softened by powdery incense and warm vanilla..","Accords: fruity, vanilla, lactonic. Notes: red fruits, pink pepper, lemon, vanilla, milk, red apple, turkish rose, vanilla. Profile: It smells like ripe peaches and powdery fruit at first, then creamy vanilla and sweet almonds, finishing with a soft, slightly woody base..",19293
7804,fresh watermelon perfume for summer,"Accords: ozonic, fruity, aquatic. Notes: watermelon, red currant, yuzu, lilac, may rose, stephanotis, white musk, cedar. Profile: It smells like watermelon and yuzu at first, then white flowers with a hint of musk and soft wood underneath..","Accords: ozonic, aquatic, fruity. Notes: watermelon, red berries, lily, rose, leather. Profile: It smells like watermelon and berries at first, then soft roses and soft leather, with a warm, slightly leathery base..",14654
7804,clean laundry smell with light florals,"Accords: ozonic, fruity, aquatic. Notes: watermelon, red currant, yuzu, lilac, may rose, stephanotis, white musk, cedar. Profile: It smells like watermelon and yuzu at first, then white flowers with a hint of musk and soft wood underneath..","Accords: ozonic, aquatic, fruity. Notes: watermelon, red berries, lily, rose, leather. Profile: It smells like watermelon and berries at first, then soft roses and soft leather, with a warm, slightly leathery base..",14654
7804,crisp ozonic scent like after rain,"Accords: ozonic, fruity, aquatic. Notes: watermelon, red currant, yuzu, lilac, may rose, stephanotis, white musk, cedar. Profile: It smells like watermelon and yuzu at first, then white flowers with a hint of musk and soft wood underneath..","Accords: ozonic, aquatic, fruity. Notes: watermelon, red berries, lily, rose, leather. Profile: It smells like watermelon and berries at first, then soft roses and soft leather, with a warm, slightly leathery base..",14654
20652,warm cinnamon vanilla perfume,"Accords: woody, warm spicy, sweet. Notes: cognac, cinnamon, tonka bean, oak, vanilla, praline, sandalwood. Profile: It smells like a coffee shop next to an old wooden furniture store — dark chocolate and vanilla, with something sweet and slightly earthy underneath..","Accords: woody, aromatic, green. Notes: pink pepper, amberwood, cypress leaf, green notes, ginger, coriander, guaiac wood, patchouli. Profile: It smells like a spice market at dawn — sweet peppercorns and amber, with something earthy and slightly woody underneath..",17844
20652,cozy cognac and wood scent,"Accords: woody, warm spicy, sweet. Notes: cognac, cinnamon, tonka bean, oak, vanilla, praline, sandalwood. Profile: It smells like a coffee shop next to an old wooden furniture store — dark chocolate and vanilla, with something sweet and slightly earthy underneath..","Accords: woody, aromatic, citrus. Notes: sicilian lemon, calabrian bergamot, bourbon geranium, labdanum, haitian vetiver, papyrus, patchouli. Profile: It smells like tart lemon juice and bergamot at first, then sweet vanilla and earthy vetiver, finishing with a warm, slightly powdery base..",2168
20652,sweet praline tonka bean fragrance,"Accords: woody, warm spicy, sweet. Notes: cognac, cinnamon, tonka bean, oak, vanilla, praline, sandalwood. Profile: It smells like a coffee shop next to an old wooden furniture store — dark chocolate and vanilla, with something sweet and slightly earthy underneath..","Accords: woody, patchouli, balsamic. Notes: gurjan balsam, patchouli, elemi, sandalwood, musk, labdanum, vanilla. Profile: It smells like a spice market at dawn — balsam and spices mixed with powdery wood, with something slightly floral and earthy undertones..",13293
14735,sweet vanilla coconut perfume,"Accords: vanilla, sweet, almond. Notes: coconut, plum, apricot, brazilian rosewood, jasmine, caraway, tuberose, rose. Profile: It smells like a spice market at dawn — sweet almonds and powdered roses mixed with white flowers, then soft vanilla and soft wood..","Accords: vanilla, sweet, almond. Notes: bitter almond, rose, cherry, vetiver, jasmine, vanilla, tonka bean, oakmoss. Profile: It smells like sweet almonds and roses at first, then white flowers and jasmine, with something earthy and slightly mossy underneath..",12807
14735,tropical fruit and jasmine scent,"Accords: vanilla, sweet, almond. Notes: coconut, plum, apricot, brazilian rosewood, jasmine, caraway, tuberose, rose. Profile: It smells like a spice market at dawn — sweet almonds and powdered roses mixed with white flowers, then soft vanilla and soft wood..","Accords: vanilla, white floral, soft spicy. Notes: lily, heliotrope, anise, black currant, jasmine, cloves, tonka bean, vanilla. Profile: It smells like a flower shop next to an old church — sweet lilies and white flowers mixed with powdery jasmine, then softens into something creamy and vanilla-like..",5373
14735,creamy almond sandalwood fragrance,"Accords: vanilla, sweet, almond. Notes: coconut, plum, apricot, brazilian rosewood, jasmine, caraway, tuberose, rose. Profile: It smells like a spice market at dawn — sweet almonds and powdered roses mixed with white flowers, then soft vanilla and soft wood..","Accords: vanilla, powdery, floral. Notes: apricot, hiacynth, bergamot, aldehydes, orchid, rose, lily-of-the-valley, jasmine. Profile: It smells like sweet apricots and roses at first, then white flowers and vanilla, finishing with soft wood and moss..",18047
13719,hazelnut vanilla perfume for women,"Accords: nutty, vanilla, woody. Notes: lemon, bergamot, jasmine, lily-of-the-valley, hazelnut, vanilla, amber, musk. Profile: It smells like citrus peel and bergamot at first, then white flowers and vanilla, finishing with something earthy and slightly powdery..","Accords: nutty, sweet, warm spicy. Notes: chestnut, hazelnut, green mandarin, honey, cinnamon leaf, jasmine sambac, tobacco, leather. Profile: It smells like a leather jacket left in an old wooden cabinet — sweet almonds and honey mixed with powdered tobacco, then settled into something earthy and slightly powdery..",17910
13719,warm nutty scent with flowers,"Accords: nutty, vanilla, woody. Notes: lemon, bergamot, jasmine, lily-of-the-valley, hazelnut, vanilla, amber, musk. Profile: It smells like citrus peel and bergamot at first, then white flowers and vanilla, finishing with something earthy and slightly powdery..","Accords: nutty, sweet, woody. Notes: butter, salt, toast, cookie dough, hazelnut cocoa spread, hazelnut. Profile: It smells like warm butter and salt at first, then soft chocolate, with a slightly sweet sweetness that's slightly caramelized..",18765
13719,sweet almond smell with citrus,"Accords: nutty, vanilla, woody. Notes: lemon, bergamot, jasmine, lily-of-the-valley, hazelnut, vanilla, amber, musk. Profile: It smells like citrus peel and bergamot at first, then white flowers and vanilla, finishing with something earthy and slightly powdery..","Accords: nutty, warm spicy, coffee. Notes: sesame, bitter almond, ceylon cinnamon, peanut, orris root, coffee, praline, haitian vetiver. Profile: It smells like a coffee shop at dawn — sweet almonds mixed with powdered sugar, with something earthy and slightly sweet underneath..",5914
18638,warm spicy woods with vanilla,"Accords: woody, vanilla, balsamic. Notes: cloves, pink pepper, orange blossom, chestnut, guaiac wood, juniper, vanilla, peru balsam. Profile: It smells like a spice market at dawn — sweet cloves and orange blossoms mixed with powdery wood, then softened by something creamy and slightly earthy..","Accords: woody, amber, warm spicy. Notes: black cherry, saffron, frankincense, osmanthus, amyris, balsamic notes, guaiac wood, cypriol oil or nagarmotha. Profile: It smells like dried cherries and saffron at first, then woody musk and resinous wood, finishing with a warm, slightly earthy base..",21681
18638,cozy fireplace smell with cloves and chestnuts,"Accords: woody, vanilla, balsamic. Notes: cloves, pink pepper, orange blossom, chestnut, guaiac wood, juniper, vanilla, peru balsam. Profile: It smells like a spice market at dawn — sweet cloves and orange blossoms mixed with powdery wood, then softened by something creamy and slightly earthy..","Accords: woody, aromatic, warm spicy. Notes: juniper berries, lime, pear blossom, mandarin orange, cloves, vetiver, saffron, olibanum. Profile: It smells like ripe pear and citrus peel at first, then soft saffron and vetiver, with a hint of woody musk underneath..",18063
18638,peppery orange blossom perfume,"Accords: woody, vanilla, balsamic. Notes: cloves, pink pepper, orange blossom, chestnut, guaiac wood, juniper, vanilla, peru balsam. Profile: It smells like a spice market at dawn — sweet cloves and orange blossoms mixed with powdery wood, then softened by something creamy and slightly earthy..","Accords: woody, aromatic, aquatic. Notes: bergamot, mint, petitgrain, cascalone, cardamom, lily-of-the-valley, white woods, cedar. Profile: It smells like a flower shop at dawn — sweet mint and cardamom mixed with white flowers, with something earthy and slightly woody undertones..",341
11233,light floral perfume for spring,"Accords: fresh, floral, rose. Notes: pink pepper, peony, litchi, petalia, musk, white cedar extract, amber. Profile: It smells like a spice market at dawn — sweet pepper and peony mixed with powdery white flowers, finishing with something earthy and slightly amber..","Accords: fresh, green, fruity. Notes: green apple, lemon blossom, pepper, tea leaf, peony, lily-of-the-valley, musk, white cedar extract. Profile: It smells like ripe apple and pear at first, then soft peony and white flowers, with a hint of powdery wood underneath..",10515
11233,fresh pink pepper and peony scent,"Accords: fresh, floral, rose. Notes: pink pepper, peony, litchi, petalia, musk, white cedar extract, amber. Profile: It smells like a spice market at dawn — sweet pepper and peony mixed with powdery white flowers, finishing with something earthy and slightly amber..","Accords: fresh, aquatic, woody. Notes: water notes, citruses, pink pepper, mountain air, edelweiss, white violet, cedar, musk. Profile: It smells like fresh water and citruses at first, then creamy white flowers, finishing with something earthy and slightly powdery..",8492
11233,clean musky fragrance with lychee,"Accords: fresh, floral, rose. Notes: pink pepper, peony, litchi, petalia, musk, white cedar extract, amber. Profile: It smells like a spice market at dawn — sweet pepper and peony mixed with powdery white flowers, finishing with something earthy and slightly amber..","Accords: fresh, floral, musky. Notes: pink pepper, peony, litchi, musk, cedar, ambergris. Profile: It smells like a spice market at dawn — sweet pepper and peony mixed with powdery cedar, finishing with something earthy and slightly woody..",4671
14189,sweet honey perfume with pine,"Accords: honey, woody, aromatic. Notes: caraway, pine tree needles, honey, beeswax, jasmine, oakmoss, amber, vanilla. Profile: It smells like a spice market at dawn — sweet caraway and honey mixed with white flowers, then softens into something earthy and slightly powdery..","Accords: honey, oud, powdery. Notes: honey, jasmine sambac, calabrian bergamot, agarwood (oud), black tea, sandalwood, amber, musk. Profile: It smells like sweet honey and agarwood at first, then soft vanilla, finishing with something earthy and slightly powdery..",17562
14189,warm beeswax candle scent,"Accords: honey, woody, aromatic. Notes: caraway, pine tree needles, honey, beeswax, jasmine, oakmoss, amber, vanilla. Profile: It smells like a spice market at dawn — sweet caraway and honey mixed with white flowers, then softens into something earthy and slightly powdery..","Accords: honey, leather, musky. Notes: lavender, lemon, bergamot, lavender, petitgrain, rose, lily-of-the-valley, orchid. Profile: It smells like a leather jacket draped over an old wooden dresser, with something sweet and slightly earthy lurking in the background..",21911
14189,jasmine and honey fragrance,"Accords: honey, woody, aromatic. Notes: caraway, pine tree needles, honey, beeswax, jasmine, oakmoss, amber, vanilla. Profile: It smells like a spice market at dawn — sweet caraway and honey mixed with white flowers, then softens into something earthy and slightly powdery..","Accords: honey, citrus, vanilla. Notes: citruses, honey, whiskey, jasmine, vanilla, sandalwood. Profile: It smells like sweet honey and white flowers at first, then soft vanilla and a hint of powdery wood..",16364
21730,sweet vanilla and tobacco smell,"Accords: vanilla, sweet, honey. Notes: lavender, mint, vanilla, benzoin, honey, tonka bean, tobacco. Profile: It smells like powdery lavender and mint at first, then sweet vanilla and honey, finishing with a hint of tobacco..","Accords: vanilla, aromatic, fresh spicy. Notes: cardamom, mint, bergamot, grapefruit, apple, lavender, nutmeg, cedar. Profile: It smells like a spice market at dawn — sweet mint and citrus peel mixed with powdery vanilla, finishing with something earthy and slightly floral..",2824
21730,cozy honey lavender perfume,"Accords: vanilla, sweet, honey. Notes: lavender, mint, vanilla, benzoin, honey, tonka bean, tobacco. Profile: It smells like powdery lavender and mint at first, then sweet vanilla and honey, finishing with a hint of tobacco..","Accords: vanilla, aromatic, lavender. Notes: juniper berries, ginger, lavender, vanilla, tonka bean. Profile: It smells like a spice market at dawn — sweet berries mixed with powdery lavender, then soft vanilla and warm vanilla..",17088
21730,warm minty vanilla scent,"Accords: vanilla, sweet, honey. Notes: lavender, mint, vanilla, benzoin, honey, tonka bean, tobacco. Profile: It smells like powdery lavender and mint at first, then sweet vanilla and honey, finishing with a hint of tobacco..","Accords: vanilla, aromatic, woody. Notes: rosemary, mandarin orange, pepper, elemi, tiare flower, tonka bean, vanille, sandalwood. Profile: It smells like a spice market at dawn — sweet roses and orange peel mixed with powdery vanilla, then softened by warm wood..",2886
16799,warm leather jacket with spices,"Accords: animalic, amber, leather. Notes: ambergris, cardamom, coriander, cinnamon, peach, ylang-ylang, orange blossom, leather. Profile: It smells like a spice market at dawn — sweet amber and cardamom mixed with citrus peel, then soft leather with something earthy and woody underneath..","Accords: animalic, citrus, musky. Notes: lemon, sweet orange, rose, lime, absinthe, beeswax, orange blossom, peach. Profile: It smells like citrus peel and orange peel at first, then rose petals and jasmine, finishing with something earthy and slightly sweet..",18914
16799,sexy musky skin scent,"Accords: animalic, amber, leather. Notes: ambergris, cardamom, coriander, cinnamon, peach, ylang-ylang, orange blossom, leather. Profile: It smells like a spice market at dawn — sweet amber and cardamom mixed with citrus peel, then soft leather with something earthy and woody underneath..","Accords: animalic, rose, woody. Notes: turkish rose, indian oud, woodsy notes, exotic spices, cambodian oud, amber, rose, animal notes. Profile: It smells like a spice market at dawn — earthy roses and exotic spices mixed with woody incense, with something powdery and resinous lurking in the background..",21821
16799,peach and cinnamon with something dirty,"Accords: animalic, amber, leather. Notes: ambergris, cardamom, coriander, cinnamon, peach, ylang-ylang, orange blossom, leather. Profile: It smells like a spice market at dawn — sweet amber and cardamom mixed with citrus peel, then soft leather with something earthy and woody underneath..","Accords: animalic, white floral, amber. Notes: jasmine, camelia, black pepper, beeswax, leather, guaiac wood, civet, ambergris. Profile: It smells like a leather jacket left in an old wooden shed, where beeswax washes away, and something earthy and woody lingers in the air..",10591
15544,warm honey and tobacco perfume,"Accords: honey, sweet, white floral. Notes: tobacco blossom, ginger, bergamot, honey, vanilla orchid, mimosa, tonka bean, musk. Profile: It smells like sweet tobacco and honey at first, then creamy vanilla and musk, finishing with a soft, slightly powdery sweetness..","Accords: honey, sweet, white floral. Notes: blood orange, tangerine, honey, orange blossom, gardenia, jasmine, peach, caramel. Profile: It smells like citrus peel and honey at first, then sweet honey and tangerine, finishing with a hint of vanilla and beeswax..",21282
15544,spicy ginger vanilla scent,"Accords: honey, sweet, white floral. Notes: tobacco blossom, ginger, bergamot, honey, vanilla orchid, mimosa, tonka bean, musk. Profile: It smells like sweet tobacco and honey at first, then creamy vanilla and musk, finishing with a soft, slightly powdery sweetness..","Accords: honey, fruity, vanilla. Notes: apple, honey, vanilla, musk. Profile: It smells like a fruit stand next to an apple orchard, with something sweet and slightly sweet lingering in the background..",11608
15544,sweet musky perfume with bergamot,"Accords: honey, sweet, white floral. Notes: tobacco blossom, ginger, bergamot, honey, vanilla orchid, mimosa, tonka bean, musk. Profile: It smells like sweet tobacco and honey at first, then creamy vanilla and musk, finishing with a soft, slightly powdery sweetness..","Accords: honey, sweet, white floral. Notes: blood orange, mandarin orange, honey, orange blossom, gardenia, jasmine, peach, beeswax. Profile: It smells like orange peel and honey at first, then honeyed sugar and sweet honey, finishing with a soft, slightly powdery sweetness..",19118
13881,powdery iris perfume with leather and vanilla,"Accords: iris, rose, powdery. Notes: bergamot, grapefruit, iris, bulgarian rose, praline, mahonial, leather, vanilla. Profile: It smells like a leather jacket draped over the back of your handbag, with something sweet and slightly earthy lurking in the background..","Accords: iris, powdery, leather. Notes: tuberose, saffron, bergamot, sicilian mandarin, iris, tuberose, ylang-ylang, suede. Profile: It smells like a leather jacket left in an old wooden cabinet, with something sweet and slightly earthy lurking in the background..",5828
13881,fresh citrus rose with sweet praline base,"Accords: iris, rose, powdery. Notes: bergamot, grapefruit, iris, bulgarian rose, praline, mahonial, leather, vanilla. Profile: It smells like a leather jacket draped over the back of your handbag, with something sweet and slightly earthy lurking in the background..","Accords: iris, white floral, woody. Notes: citruses, iris, jasmine, woody notes, vanilla. Profile: It smells like a flower shop next to an old church — white flowers and jasmine blooming in the background, with something earthy and slightly sweet underneath..",18152
13881,soft floral leather scent for everyday wear,"Accords: iris, rose, powdery. Notes: bergamot, grapefruit, iris, bulgarian rose, praline, mahonial, leather, vanilla. Profile: It smells like a leather jacket draped over the back of your handbag, with something sweet and slightly earthy lurking in the background..","Accords: iris, fruity, woody. Notes: black currant, fig, orange blossom, orange blossom, jasmine, iris, gourmand accord, patchouli. Profile: It smells like ripe blackcurrants and figs at first, then white flowers and jasmine, finishing with a warm, slightly earthy base..",9301
14810,fruity sweet perfume with hazelnut and vanilla,"Accords: nutty, sweet, woody. Notes: cherry, pomegranate, pink pepper, lemon, grapefruit, apple, pear, litchi. Profile: It smells like a fruit stand next to an apple orchard, where dried fruit is mixed with powdered sugar, then settles into something sweet and slightly earthy..","Accords: nutty, sweet, fruity. Notes: cherry, melon, raspberry, red rose, peony, orange blossom, hazelnut, musk. Profile: It smells like a fruit stand next to an apple orchard — sweet cherries and melon mixed with white flowers, then softens into something earthy and slightly powdery..",2101
14810,candy shop with almonds and berries,"Accords: nutty, sweet, woody. Notes: cherry, pomegranate, pink pepper, lemon, grapefruit, apple, pear, litchi. Profile: It smells like a fruit stand next to an apple orchard, where dried fruit is mixed with powdered sugar, then settles into something sweet and slightly earthy..","Accords: nutty, almond, woody. Notes: bitter almond, bergamot, tagetes, chestnut, jasmine, gardenia, woody notes, tonka bean. Profile: It smells like sweet almonds and bergamot at first, then woody jasmine and vanilla, finishing with a hint of musk..",19259
14810,creamy nutty scent like dessert,"Accords: nutty, sweet, woody. Notes: cherry, pomegranate, pink pepper, lemon, grapefruit, apple, pear, litchi. Profile: It smells like a fruit stand next to an apple orchard, where dried fruit is mixed with powdered sugar, then settles into something sweet and slightly earthy..","Accords: nutty, fruity, almond. Notes: almond, walnut, butter, fruity notes, floral notes, woody notes. Profile: It smells like sweet almonds and butter at first, then soft wood and earthy notes, finishing with a warm, woody base..",12511
856,dark chocolate perfume with fruity notes,"Accords: chocolate, powdery, sweet. Notes: peach, black currant, mandarin orange, bergamot, dark chocolate, rose, violet, vanilla. Profile: It smells like ripe peaches and orange peel at first, then dark chocolate and white flowers, finishing with a hint of vanilla and powdery musk..","Accords: chocolate, sweet, nutty. Notes: dark chocolate, italian mandarin, brazilian orange, hazelnut, amberwood, tahitian vanilla, musk, ambergris. Profile: It smells like dark chocolate and citrus peel at first, then warm vanilla and musk, finishing with a soft, slightly powdery base..",9799
856,sweet peach and chocolate fragrance,"Accords: chocolate, powdery, sweet. Notes: peach, black currant, mandarin orange, bergamot, dark chocolate, rose, violet, vanilla. Profile: It smells like ripe peaches and orange peel at first, then dark chocolate and white flowers, finishing with a hint of vanilla and powdery musk..","Accords: chocolate, lactonic, vanilla. Notes: dark chocolate, jasmine, teak wood, cedar, chocolate, milk, vanilla, musk. Profile: It smells like dark chocolate and white flowers at first, then creamy vanilla and powdery wood, finishing with a soft vanilla-musk base..",10409
856,vanilla chocolate scent with berries,"Accords: chocolate, powdery, sweet. Notes: peach, black currant, mandarin orange, bergamot, dark chocolate, rose, violet, vanilla. Profile: It smells like ripe peaches and orange peel at first, then dark chocolate and white flowers, finishing with a hint of vanilla and powdery musk..","Accords: chocolate, warm spicy, citrus. Notes: blood orange, calabrian bergamot, dark chocolate, coffee, madagascar vanilla, pancake, maple sap. Profile: It smells like sweet orange peel and bergamot at first, then dark chocolate and vanilla, with a hint of vanilla sweetness underneath..",10465
13296,hazelnut vanilla perfume for everyday,"Accords: nutty, citrus, vanilla. Notes: orange, lemon, bergamot, hazelnut, coriander, lily-of-the-valley, vanilla, musk. Profile: It smells like orange peel and citrus peel at first, then warm vanilla and powdery flowers, finishing with a soft vanilla-musk base..","Accords: nutty, warm spicy, coffee. Notes: sesame, bitter almond, ceylon cinnamon, peanut, orris root, coffee, praline, haitian vetiver. Profile: It smells like a coffee shop at dawn — sweet almonds mixed with powdered sugar, with something earthy and slightly sweet underneath..",5914
13296,citrus and nuts fragrance,"Accords: nutty, citrus, vanilla. Notes: orange, lemon, bergamot, hazelnut, coriander, lily-of-the-valley, vanilla, musk. Profile: It smells like orange peel and citrus peel at first, then warm vanilla and powdery flowers, finishing with a soft vanilla-musk base..","Accords: nutty, vanilla, woody. Notes: lemon, bergamot, jasmine, lily-of-the-valley, hazelnut, vanilla, amber, musk. Profile: It smells like citrus peel and bergamot at first, then white flowers and vanilla, finishing with something earthy and slightly powdery..",13719
13296,warm nutty scent with orange and musk,"Accords: nutty, citrus, vanilla. Notes: orange, lemon, bergamot, hazelnut, coriander, lily-of-the-valley, vanilla, musk. Profile: It smells like orange peel and citrus peel at first, then warm vanilla and powdery flowers, finishing with a soft vanilla-musk base..","Accords: nutty, woody, warm spicy. Notes: hazelnut, bergamot, cannabis, lemon, cacao, walnut, cinnamon, caramel. Profile: It smells like roasted hazelnuts and citrus peel at first, then caramelized tobacco and vanilla, finishing with a powdery sweetness that's slightly sweet..",21088
13768,spicy tobacco with fresh herbs and citrus,"Accords: tobacco, warm spicy, amber. Notes: lavender, clementine, cucumber, cardamom, pepper, basil, osmanthus, tobacco. Profile: It smells like a spice market at dawn — sweet lavender and cardamom mixed with powdery tobacco, with something earthy and slightly woody underneath..","Accords: tobacco, sweet, rum. Notes: pink pepper, neroli, lemon, rum, java vetiver oil, clary sage, tobacco leaf, vanilla bean. Profile: It smells like a spice market at dawn — sweet pepper and citrus peel mixed with powdery tobacco leaves, then soft vanilla and smoky wood..",17786
13768,warm tobacco patchouli cologne for men,"Accords: tobacco, warm spicy, amber. Notes: lavender, clementine, cucumber, cardamom, pepper, basil, osmanthus, tobacco. Profile: It smells like a spice market at dawn — sweet lavender and cardamom mixed with powdery tobacco, with something earthy and slightly woody underneath..","Accords: tobacco, soft spicy, sweet. Notes: pink pepper, cardamom, lemon, tobacco, black tea, white woods, balsamic notes, leather. Profile: It smells like a leather jacket left open in an old wood shop — sweet peppercorn and cardamom mixed with white flowers, then soft leather and something earthy-musky..",11977
13768,cucumber basil pepper fragrance clean and woody,"Accords: tobacco, warm spicy, amber. Notes: lavender, clementine, cucumber, cardamom, pepper, basil, osmanthus, tobacco. Profile: It smells like a spice market at dawn — sweet lavender and cardamom mixed with powdery tobacco, with something earthy and slightly woody underneath..","Accords: tobacco, oud, woody. Notes: grapefruit, lavender, artemisia, tobacco, spices, leather, agarwood (oud), dark woodsy notes. Profile: It smells like a leather jacket left open in an old leather store — sweet citrus peel and powdery tobacco mixed with dark woods, finishing with something earthy and woody..",20318
6506,salty ocean breeze perfume,"Accords: salty, marine, fruity. Notes: acai berry, sea salt, driftwood. Profile: It smells like ripe acai berries and sea salt at first, then settles into something earthy and woody..","Accords: salty, white floral, citrus. Notes: mandarin orange, jasmine, ginger, lily, salt, vanilla, ambergris, sandalwood. Profile: It smells like citrus peel and jasmine at first, then white flowers with a hint of powdery sweetness, finishing with something earthy and slightly woody..",16814
6506,beachy driftwood fragrance,"Accords: salty, marine, fruity. Notes: acai berry, sea salt, driftwood. Profile: It smells like ripe acai berries and sea salt at first, then settles into something earthy and woody..","Accords: salty, white floral, musky. Notes: sea salt, orange blossom, musk. Profile: It smells like sea salt and sand at first, then settles into something earthy and musky..",13579
6506,sea salt and berries scent,"Accords: salty, marine, fruity. Notes: acai berry, sea salt, driftwood. Profile: It smells like ripe acai berries and sea salt at first, then settles into something earthy and woody..","Accords: salty, white floral, musky. Notes: sea salt, orange blossom, musk. Profile: It smells like sea salt and sand at first, then settles into something earthy and musky..",13579
12695,perfume that smells like fresh cut metal and roses,"Accords: metallic, rose, amber. Notes: metallic notes, green leaves, grapefruit, pink rose, incense, ambergris, cashmere wood, sandalwood. Profile: It smells like a spice market at dawn — green leaves mixed with powdery incense, then softened by warm wood..","Accords: metallic, mineral, fresh. Notes: aluminum, aldehydes, slate, pebbles, water notes, metallic notes, virginia cedar. Profile: It smells like powdered aluminum and sand, with a soft, powdery base that's been left in the sun for years..",1335
12695,grapefruit and incense fragrance clean and sharp,"Accords: metallic, rose, amber. Notes: metallic notes, green leaves, grapefruit, pink rose, incense, ambergris, cashmere wood, sandalwood. Profile: It smells like a spice market at dawn — green leaves mixed with powdery incense, then softened by warm wood..","Accords: metallic, citrus, mineral. Notes: aldehydes, lime peel, bitter orange, coriander leaf, jasmine, pitosporum, metallic notes, musk. Profile: It smells like citrus peel and orange peel at first, then resinous jasmine and powdery wood, finishing with a warm, leathery base..",8272
12695,metallic green scent with sandalwood base,"Accords: metallic, rose, amber. Notes: metallic notes, green leaves, grapefruit, pink rose, incense, ambergris, cashmere wood, sandalwood. Profile: It smells like a spice market at dawn — green leaves mixed with powdery incense, then softened by warm wood..","Accords: metallic, citrus, mineral. Notes: aldehydes, lime peel, bitter orange, coriander leaf, jasmine, pitosporum, metallic notes, musk. Profile: It smells like citrus peel and orange peel at first, then resinous jasmine and powdery wood, finishing with a warm, leathery base..",8272
4101,fresh ocean breeze citrus cologne,"Accords: citrus, marine, aromatic. Notes: sea notes, grapefruit, mandarin orange, bay leaf, jasmine, ambergris, guaiac wood, oakmoss. Profile: It smells like a seaside garden at dawn — citrus peel and orange peel mixed with white flowers, then settles into something earthy and slightly woody..","Accords: citrus, aromatic, fresh spicy. Notes: grapefruit, bergamot, mint, watermelon, cedar, musk, palisander rosewood. Profile: It smells like citrus peel and watermelon at first, then settles into something earthy and slightly woody..",11396
4101,grapefruit and sea salt fragrance,"Accords: citrus, marine, aromatic. Notes: sea notes, grapefruit, mandarin orange, bay leaf, jasmine, ambergris, guaiac wood, oakmoss. Profile: It smells like a seaside garden at dawn — citrus peel and orange peel mixed with white flowers, then settles into something earthy and slightly woody..","Accords: citrus, aromatic, woody. Notes: grapefruit, bitter orange, ginger flower, juniper berries, lavender, spruce, cedar, vetiver. Profile: It smells like citrus peel and orange peel at first, then soft lavender and spruce, finishing with something earthy and slightly woody..",11258
4101,light summery citrus perfume,"Accords: citrus, marine, aromatic. Notes: sea notes, grapefruit, mandarin orange, bay leaf, jasmine, ambergris, guaiac wood, oakmoss. Profile: It smells like a seaside garden at dawn — citrus peel and orange peel mixed with white flowers, then settles into something earthy and slightly woody..","Accords: citrus, woody, aromatic. Notes: calabrian bergamot, sicilian lemon, mandarin orange, violet leaf, ginger, cardamom, white woods, vetiver. Profile: It smells like citrus peel and lemon peel at first, then white flowers with a hint of spice, finishing with something earthy and slightly woody..",6410
13198,tropical coconut flower perfume,"Accords: tuberose, coconut, vanilla. Notes: coconut milk, sand, tuberose, ylang ylang, vanilla, amber. Profile: It smells like powdered coconut and sand at first, then creamy vanilla and amber, with a soft vanilla-ylang-vanilla base..","Accords: tuberose, white floral, woody. Notes: tuberose, tropical fruits, woodsy notes. Profile: It smells like a florist's gift shop at dawn — white flowers and tropical fruits mixed with woody notes..",3325
13198,beachy vanilla sunscreen smell,"Accords: tuberose, coconut, vanilla. Notes: coconut milk, sand, tuberose, ylang ylang, vanilla, amber. Profile: It smells like powdered coconut and sand at first, then creamy vanilla and amber, with a soft vanilla-ylang-vanilla base..","Accords: tuberose, sweet, vanilla. Notes: pear, tuberose, tonka bean. Profile: It smells like ripe pear and white flowers at first, then settles into something sweet and slightly earthy..",10666
13198,creamy tuberose ylang ylang scent,"Accords: tuberose, coconut, vanilla. Notes: coconut milk, sand, tuberose, ylang ylang, vanilla, amber. Profile: It smells like powdered coconut and sand at first, then creamy vanilla and amber, with a soft vanilla-ylang-vanilla base..","Accords: tuberose, woody, white floral. Notes: pomegranate, blood mandarin, tea, tuberose, freesia, sandalwood, musk. Profile: It smells like pomegranate juice and white flowers at first, then settles into something earthy and slightly woody..",6564
6290,warm vanilla perfume with flowers,"Accords: vanilla, sweet, warm spicy. Notes: saffron, thyme, mandarin orange, lily, ylang-ylang, orchid, vanilla, tonka bean. Profile: It smells like citrus peel and thyme at first, then creamy vanilla and sweet vanilla, with a hint of powdery wood underneath..","Accords: vanilla, citrus, white floral. Notes: calabrian bergamot, italian jasmine, ylang-ylang, vanilla, benzoin, white musk. Profile: It smells like a perfumer's closet at dawn — sweet citrus peel mixed with white flowers, then softens into something earthy and slightly powdery..",15052
6290,vanilla and spices scent women,"Accords: vanilla, sweet, warm spicy. Notes: saffron, thyme, mandarin orange, lily, ylang-ylang, orchid, vanilla, tonka bean. Profile: It smells like citrus peel and thyme at first, then creamy vanilla and sweet vanilla, with a hint of powdery wood underneath..","Accords: vanilla, woody, citrus. Notes: mandarin orange, amalfi lemon, vetiver, patchouli, jasmine, cedar, vanilla. Profile: It smells like orange peel and citrus peel at first, then vetiver and jasmine, finishing with a soft vanilla-vanilla base..",7253
6290,sweet creamy vanilla with citrus,"Accords: vanilla, sweet, warm spicy. Notes: saffron, thyme, mandarin orange, lily, ylang-ylang, orchid, vanilla, tonka bean. Profile: It smells like citrus peel and thyme at first, then creamy vanilla and sweet vanilla, with a hint of powdery wood underneath..","Accords: vanilla, yellow floral, green. Notes: black currant, bergamot, narcissus, gardenia, vanila, tonka bean. Profile: It smells like sweet black currants and bergamot at first, then soft narcissus and vanilla, finishing with a warm, earthy base..",14613
8705,warm amber perfume with vanilla and jasmine,"Accords: amber, balsamic, sweet. Notes: mandarin orange, bergamot, lily-of-the-valley, myrhh, jasmine, opoponax, amber, patchouli. Profile: It smells like citrus peel and bergamot at first, then white flowers with a hint of powdery amber, finishing with something sweet and slightly floral..","Accords: amber, warm spicy, white floral. Notes: spices, aldehydes, fruity notes, bergamot, carnation, tuberose, narcissus, gardenia. Profile: It smells like a flower shop at dawn — powdery florals and resinous flowers mixed with white flowers, then settles into something earthy and slightly sweet..",19043
8705,cozy sweet resinous scent like incense,"Accords: amber, balsamic, sweet. Notes: mandarin orange, bergamot, lily-of-the-valley, myrhh, jasmine, opoponax, amber, patchouli. Profile: It smells like citrus peel and bergamot at first, then white flowers with a hint of powdery amber, finishing with something sweet and slightly floral..","Accords: amber, white floral, musky. Notes: lily-of-the-valley, cyclamen, african orange flower, sandalwood, jasmine, ylang-ylang, french labdanum, suede. Profile: It smells like a leather jacket draped over an orange blossom, with something earthy and slightly sweet lurking in the air..",9743
8705,bergamot and patchouli evening fragrance,"Accords: amber, balsamic, sweet. Notes: mandarin orange, bergamot, lily-of-the-valley, myrhh, jasmine, opoponax, amber, patchouli. Profile: It smells like citrus peel and bergamot at first, then white flowers with a hint of powdery amber, finishing with something sweet and slightly floral..","Accords: amber, soft spicy, warm spicy. Notes: star anise, ginger, amber, lily, cassia, cashmere wood, tonka bean, benzoin. Profile: It smells like a flower shop at dawn — citrus peel mixed with amber, then dried flowers, finishing with something earthy and slightly sweet..",10940
9553,leather jacket with fruity perfume,"Accords: leather, fruity, woody. Notes: saffron, juniper berries, chinese grapefruit, leather, black violet, raspberry, cashmeran, vetiver. Profile: It smells like a leather jacket draped over berries and soft leather, with something earthy and slightly powdery underneath..","Accords: leather, animalic, citrus. Notes: grapefruit, rose, leather. Profile: It smells like citrus peel and rose petals at first, then soft leather and warm leather..",15468
9553,spicy leather with berries and citrus,"Accords: leather, fruity, woody. Notes: saffron, juniper berries, chinese grapefruit, leather, black violet, raspberry, cashmeran, vetiver. Profile: It smells like a leather jacket draped over berries and soft leather, with something earthy and slightly powdery underneath..","Accords: leather, animalic, tobacco. Notes: tobacco, beeswax, leather, vanilla. Profile: It smells like tobacco and beeswax at first, then soft leather and a hint of vanilla..",20236
9553,soft leather purse with violet scent,"Accords: leather, fruity, woody. Notes: saffron, juniper berries, chinese grapefruit, leather, black violet, raspberry, cashmeran, vetiver. Profile: It smells like a leather jacket draped over berries and soft leather, with something earthy and slightly powdery underneath..","Accords: leather, woody, smoky. Notes: ink, rum, ginger, leather, vanilla, birch, tobacco, cedar. Profile: It smells like rum and leather at first, then soft leather and wood, with a hint of spiced wood and something faintly woody..",14576
3323,calming lavender chamomile tea with honey,"Accords: herbal, fresh spicy, green. Notes: chamomile, acai berry, lavender, violet leaf, cumin, beeswax, marigold, nard himalayan (jatamansi). Profile: It smells like a flower shop at dawn — chamomile and lavender mixed with powdered beeswax, then softens into something earthy and slightly sweet..","Accords: herbal, woody, floral. Notes: chamomile, bitter almond, musk, indian jasmine, jasmine, sandalwood, cedar, vanilla. Profile: It smells like chamomile and mint at first, then soft jasmine and vanilla, with a hint of powdery wood underneath..",4982
3323,earthy mushroom forest floor with dried herbs,"Accords: herbal, fresh spicy, green. Notes: chamomile, acai berry, lavender, violet leaf, cumin, beeswax, marigold, nard himalayan (jatamansi). Profile: It smells like a flower shop at dawn — chamomile and lavender mixed with powdered beeswax, then softens into something earthy and slightly sweet..","Accords: herbal, leather, aromatic. Notes: artemisia, incense, lemon, leather, chamomile, apricot, iris, vanilla. Profile: It smells like a leather jacket left open in an old church — dried herbs mixed with white flowers, then softens into something powdery and slightly woody..",8457
3323,sweet hay barn with wildflowers and beeswax,"Accords: herbal, fresh spicy, green. Notes: chamomile, acai berry, lavender, violet leaf, cumin, beeswax, marigold, nard himalayan (jatamansi). Profile: It smells like a flower shop at dawn — chamomile and lavender mixed with powdered beeswax, then softens into something earthy and slightly sweet..","Accords: herbal, aromatic, green. Notes: shiso, grass, artemisia, french labdanum, jasmine, white tobacco, immortelle, leather. Profile: It smells like a leather jacket left open in an old wooden shed, with something earthy and slightly powdery underneath..",11092
21561,warm cashew and soft flowers perfume,"Accords: nutty, floral, citrus. Notes: cashew, apple, bergamot, freesia, orange blossom, rose, musk, amber. Profile: It smells like a fruit stand next to an apple orchard, where apples and orange blossoms meet white flowers, then settle into something earthy and slightly floral..","Accords: nutty, vanilla, white floral. Notes: hazelnut, coffee, cinnamon, tuberose, coconut, jasmine sambac, vanilla, white musk. Profile: It smells like roasted hazelnuts and coffee at first, then creamy vanilla and white musk, finishing with a warm, slightly powdery base..",10975
21561,fresh apple with nutty and musky smell,"Accords: nutty, floral, citrus. Notes: cashew, apple, bergamot, freesia, orange blossom, rose, musk, amber. Profile: It smells like a fruit stand next to an apple orchard, where apples and orange blossoms meet white flowers, then settle into something earthy and slightly floral..","Accords: nutty, woody, warm spicy. Notes: hazelnut, bergamot, cannabis, lemon, cacao, walnut, cinnamon, caramel. Profile: It smells like roasted hazelnuts and citrus peel at first, then caramelized tobacco and vanilla, finishing with a powdery sweetness that's slightly sweet..",21088
21561,creamy amber with orange blossom scent,"Accords: nutty, floral, citrus. Notes: cashew, apple, bergamot, freesia, orange blossom, rose, musk, amber. Profile: It smells like a fruit stand next to an apple orchard, where apples and orange blossoms meet white flowers, then settle into something earthy and slightly floral..","Accords: nutty, vanilla, white floral. Notes: hazelnut, coffee, cinnamon, tuberose, coconut, jasmine sambac, vanilla, white musk. Profile: It smells like roasted hazelnuts and coffee at first, then creamy vanilla and white musk, finishing with a warm, slightly powdery base..",10975
5588,fizzy cola perfume,"Accords: coca-cola, sweet, fruity. Notes: raspberry, granny smith apple, lime, sweet notes, peony, magnolia, coca-cola. Profile: It smells like a fruit stand next to an apple orchard — sweet raspberries and peony in the background, with something powdery and slightly sweet underneath..","Accords: coca-cola, warm spicy, amber. Notes: coca-cola, mandarin orange, jasmine, tuberose, tonka bean, sandalwood, amber. Profile: It smells like a coffee shop at dawn — orange peel and jasmine mixing with white flowers, then softens into something earthy and slightly powdery..",19940
5588,sweet raspberry lime fragrance,"Accords: coca-cola, sweet, fruity. Notes: raspberry, granny smith apple, lime, sweet notes, peony, magnolia, coca-cola. Profile: It smells like a fruit stand next to an apple orchard — sweet raspberries and peony in the background, with something powdery and slightly sweet underneath..","Accords: coca-cola, warm spicy, amber. Notes: coca-cola, mandarin orange, jasmine, tuberose, tonka bean, sandalwood, amber. Profile: It smells like a coffee shop at dawn — orange peel and jasmine mixing with white flowers, then softens into something earthy and slightly powdery..",19940
5588,coca cola scented body spray,"Accords: coca-cola, sweet, fruity. Notes: raspberry, granny smith apple, lime, sweet notes, peony, magnolia, coca-cola. Profile: It smells like a fruit stand next to an apple orchard — sweet raspberries and peony in the background, with something powdery and slightly sweet underneath..","Accords: coca-cola, fruity, citrus. Notes: pear, mandarin orange, neroli, coca-cola, rhubarb, orange blossom, vanilla, amber. Profile: It smells like ripe pear and orange peel at first, then sweet vanilla and cream, finishing with a hint of powdery amber..",1984
18422,warm vanilla tobacco smell,"Accords: vanilla, sweet, tobacco. Notes: tobacco leaf, spicy notes, vanilla, cacao, tonka bean, tobacco blossom, dried fruits, woody notes. Profile: It smells like a spice market at dawn — sweet tobacco leaves mixed with powdery vanilla and dried fruits, with something earthy and woody underneath..","Accords: vanilla, sweet, fruity. Notes: rum, white peach, green apple, saffron, tonka bean, patchouli, vetiver, jasmine. Profile: It smells like sweet peaches and white flowers at first, then creamy vanilla and smoky wood, finishing with something earthy and slightly powdery..",20716
18422,spicy chocolate perfume with wood,"Accords: vanilla, sweet, tobacco. Notes: tobacco leaf, spicy notes, vanilla, cacao, tonka bean, tobacco blossom, dried fruits, woody notes. Profile: It smells like a spice market at dawn — sweet tobacco leaves mixed with powdery vanilla and dried fruits, with something earthy and woody underneath..","Accords: vanilla, aromatic, caramel. Notes: vanilla, caramel, clary sage, juniper, jasmine, lily-of-the-valley, sea notes, amber. Profile: It smells like sweet vanilla and caramel at first, then soft juniper with a hint of white flowers, finishing with something earthy and mossy..",18908
18422,sweet tobacco and tonka bean fragrance,"Accords: vanilla, sweet, tobacco. Notes: tobacco leaf, spicy notes, vanilla, cacao, tonka bean, tobacco blossom, dried fruits, woody notes. Profile: It smells like a spice market at dawn — sweet tobacco leaves mixed with powdery vanilla and dried fruits, with something earthy and woody underneath..","Accords: vanilla, oud, woody. Notes: agarwood (oud), saffron, black pepper, cardamom, floral notes, madagascar vanilla, guaiac wood, sandalwood. Profile: It smells like a spice market at dawn — black pepper and cardamom mixed with sweet vanilla, with something earthy and woody lingering in the air..",17306
17786,spicy tobacco with vanilla and rum,"Accords: tobacco, sweet, rum. Notes: pink pepper, neroli, lemon, rum, java vetiver oil, clary sage, tobacco leaf, vanilla bean. Profile: It smells like a spice market at dawn — sweet pepper and citrus peel mixed with powdery tobacco leaves, then soft vanilla and smoky wood..","Accords: tobacco, citrus, woody. Notes: bitter orange, grapefruit, neroli, clary sage, tea, cinnamon, jasmine, coriander. Profile: It smells like sweet orange peel and citrus peel at first, then creamy vanilla and nutmeg, finishing with something earthy and slightly spiced..",19434
17786,warm tobacco leaf perfume,"Accords: tobacco, sweet, rum. Notes: pink pepper, neroli, lemon, rum, java vetiver oil, clary sage, tobacco leaf, vanilla bean. Profile: It smells like a spice market at dawn — sweet pepper and citrus peel mixed with powdery tobacco leaves, then soft vanilla and smoky wood..","Accords: tobacco, amber, citrus. Notes: grapefruit, coriander, basil, ginger, orange blossom, cardamom, tobacco, amber. Profile: It smells like a spice market at dawn — sweet citrus peel mixed with powdery tobacco, then softened by something earthy and woody..",6456
17786,citrus and tobacco with pepper,"Accords: tobacco, sweet, rum. Notes: pink pepper, neroli, lemon, rum, java vetiver oil, clary sage, tobacco leaf, vanilla bean. Profile: It smells like a spice market at dawn — sweet pepper and citrus peel mixed with powdery tobacco leaves, then soft vanilla and smoky wood..","Accords: tobacco, amber, sweet. Notes: cedar needles, lemon, bergamot, ozonic notes, tobacco, violet, cloves, jasmine. Profile: It smells like a spice market at dawn — citrus peel and white flowers mixed with powdered tobacco, then softens into something earthy and slightly sweet..",19824
10749,clean soapy perfume with powder,"Accords: aldehydic, musky, powdery. Notes: aldehydes, bergamot, heliotrope, jasmine, white musk, cashmeran. Profile: It smells like a perfumer's locker room at dawn — powdery aldehydes mixed with white flowers, then softens into something earthy and slightly sweet..","Accords: aldehydic, yellow floral, powdery. Notes: yellow mandarin, aldehydes, cardamom, mimosa absolute, solar notes, violet leaf, beeswax, musk. Profile: It smells like a perfumer's closet at dawn — bright citrus peel and powdery beeswax mingling with white flowers, finishing with something earthy and slightly woody..",13375
10749,bright fresh aldehydes jasmine musk,"Accords: aldehydic, musky, powdery. Notes: aldehydes, bergamot, heliotrope, jasmine, white musk, cashmeran. Profile: It smells like a perfumer's locker room at dawn — powdery aldehydes mixed with white flowers, then softens into something earthy and slightly sweet..","Accords: aldehydic, fresh, mossy. Notes: aldehydes, blood mandarin, syringa, may rose, lily-of-the-valley, ylang-ylang, oakmoss, musk. Profile: It smells like a perfumer's purse full of aldehydes and white flowers, with something earthy and slightly floral lurking in the air..",768
10749,vintage powdery floral like walking into fancy hotel,"Accords: aldehydic, musky, powdery. Notes: aldehydes, bergamot, heliotrope, jasmine, white musk, cashmeran. Profile: It smells like a perfumer's locker room at dawn — powdery aldehydes mixed with white flowers, then softens into something earthy and slightly sweet..","Accords: aldehydic, musky, citrus. Notes: aldehydes, orange, honey, geranium, musk, patchouli, amber. Profile: It smells like sweet orange peel and honey at first, then creamy vanilla and warm wood, with a hint of powdery amber..",4780
15680,warm spicy mimosa perfume,"Accords: yellow floral, warm spicy, powdery. Notes: cardamom, mimosa, tonka bean. Profile: It smells like cardamom and mint at first, then settles into a warm vanilla-tonka base..","Accords: yellow floral, powdery, green. Notes: mimosa, violet leaf, cyclamen, angelica, bitter orange blossom, narcissus, orris root, amber. Profile: It smells like a flower shop at dawn — white flowers and violet blossoms mixed with powdery orchids, finishing with something earthy and slightly sweet..",19683
15680,cardamom and vanilla cozy scent,"Accords: yellow floral, warm spicy, powdery. Notes: cardamom, mimosa, tonka bean. Profile: It smells like cardamom and mint at first, then settles into a warm vanilla-tonka base..","Accords: yellow floral, powdery, fresh spicy. Notes: dandelion, basil, black currant, cyclamen, jasmine, musk, guaiac wood, amber. Profile: It smells like a spice market at dawn — sweet dandelion and black currants mixed with white flowers, finishing with something earthy and slightly woody..",13349
15680,soft yellow flower fragrance with spice,"Accords: yellow floral, warm spicy, powdery. Notes: cardamom, mimosa, tonka bean. Profile: It smells like cardamom and mint at first, then settles into a warm vanilla-tonka base..","Accords: yellow floral, powdery, sweet. Notes: neroli, bergamot, yellow mandarin, mimosa absolute, broom, ylang-ylang, orange blossom, honey. Profile: It smells like a flower shop at dawn — citrus peel mixed with white flowers, then softens into something earthy and slightly powdery..",3983
14770,creamy white flowers with warm amber,"Accords: tuberose, white floral, amber. Notes: angelica, tuberose, amber, woodsy notes. Profile: It smells like a perfumer's closet at dawn — white flowers blooming in the air, with something earthy and slightly woody underneath..","Accords: tuberose, violet, white floral. Notes: bergamot, tuberose, violet, rose, patchouli. Profile: It smells like bergamot and white flowers at first, then rose petals and powdery roses, with a warm, slightly earthy base..",13816
14770,tuberose perfume woody base,"Accords: tuberose, white floral, amber. Notes: angelica, tuberose, amber, woodsy notes. Profile: It smells like a perfumer's closet at dawn — white flowers blooming in the air, with something earthy and slightly woody underneath..","Accords: tuberose, white floral, rose. Notes: tuberose, rose, ylang-ylang, spicy notes, musk, sandalwood. Profile: It smells like a rose garden at dawn — sweet rose petals and powdery florals mixed with soft wood, finishing with something earthy and slightly woody..",5944
14770,night blooming flowers with wood,"Accords: tuberose, white floral, amber. Notes: angelica, tuberose, amber, woodsy notes. Profile: It smells like a perfumer's closet at dawn — white flowers blooming in the air, with something earthy and slightly woody underneath..","Accords: tuberose, violet, white floral. Notes: bergamot, tuberose, violet, rose, patchouli. Profile: It smells like bergamot and white flowers at first, then rose petals and powdery roses, with a warm, slightly earthy base..",13816
8997,warm spicy perfume with cranberry and pink pepper,"Accords: warm spicy, cacao, vanilla. Notes: cranberry, pink pepper, tamarind, cacao, rose, black violet, vanilla, patchouli. Profile: It smells like cranberry jam and spiced roses at first, then creamy vanilla and powdery vanilla, finishing with a woody base..","Accords: warm spicy, white floral, floral. Notes: narcissus, orange blossom, ginger, pear, carnation, patchouli, jasmine, leather. Profile: It smells like a spice shop next to narcissus and pear trees, with something earthy and slightly powdery underneath..",15144
8997,cozy vanilla patchouli with dark chocolate,"Accords: warm spicy, cacao, vanilla. Notes: cranberry, pink pepper, tamarind, cacao, rose, black violet, vanilla, patchouli. Profile: It smells like cranberry jam and spiced roses at first, then creamy vanilla and powdery vanilla, finishing with a woody base..","Accords: warm spicy, marine, sweet. Notes: chutney, citruses, green notes, black fig, sea water, caviar, opoponax, immortelle. Profile: It smells like fresh chutney and dried figs at first, then settles into something earthy and slightly woody..",13174
8997,spicy rose scent for cold weather,"Accords: warm spicy, cacao, vanilla. Notes: cranberry, pink pepper, tamarind, cacao, rose, black violet, vanilla, patchouli. Profile: It smells like cranberry jam and spiced roses at first, then creamy vanilla and powdery vanilla, finishing with a woody base..","Accords: warm spicy, yellow floral, woody. Notes: ginger, cardamom, tangerine, ylang-ylang, jasmine, rose, vanilla, cedar. Profile: It smells like a spice market at dawn — ginger and cardamom mixed with white flowers, then softens into something earthy and slightly powdery..",15826
2365,sweet cherry perfume with vanilla,"Accords: cherry, sweet, vanilla. Notes: cherry, pink pepper, bergamot, violet, freesia, jasmine, tonka bean, vanilla. Profile: It smells like a spice market at dawn — sweet cherry and pepper mixed with white flowers, then soft vanilla and powdery amber..","Accords: cherry, coffee, fruity. Notes: maraschino cherry, coffee, musk, woody notes. Profile: It smells like a coffee shop at dawn — sweet cherry juice mixed with coffee grounds, with something woody and slightly earthy underneath..",6622
2365,fruity floral scent like cherry blossoms,"Accords: cherry, sweet, vanilla. Notes: cherry, pink pepper, bergamot, violet, freesia, jasmine, tonka bean, vanilla. Profile: It smells like a spice market at dawn — sweet cherry and pepper mixed with white flowers, then soft vanilla and powdery amber..","Accords: cherry, sweet, amber. Notes: cherry, pink pepper, bergamot, violet, jasmine, freesia, tonka bean, amber. Profile: It smells like a spice market at dawn — sweet cherry and pepper mixed with white flowers, then soft vanilla and powdery wood..",5213
2365,cherry and sandalwood fragrance,"Accords: cherry, sweet, vanilla. Notes: cherry, pink pepper, bergamot, violet, freesia, jasmine, tonka bean, vanilla. Profile: It smells like a spice market at dawn — sweet cherry and pepper mixed with white flowers, then soft vanilla and powdery amber..","Accords: cherry, floral, musky. Notes: cherry, cherry blossom, musk, woody notes. Profile: It smells like a spice market at dawn — cherry blossoms blooming in the background, with woody notes lingering on the ground..",13329
16211,fresh ocean breeze cologne for men,"Accords: aromatic, citrus, marine. Notes: grapefruit, mandarin orange, sea water, juniper, musk, amberwood. Profile: It smells like citrus peel and orange peel at first, then settles into something earthy and slightly musky..","Accords: aromatic, woody, sweet. Notes: lavender, anise, bergamot, basil, orange blossom, lemon, ylang-ylang, geranium. Profile: It smells like sweet lavender and citrus peel at first, then soft musk and woody moss, finishing with something earthy and slightly powdery..",13081
16211,citrus and sea salt summer fragrance,"Accords: aromatic, citrus, marine. Notes: grapefruit, mandarin orange, sea water, juniper, musk, amberwood. Profile: It smells like citrus peel and orange peel at first, then settles into something earthy and slightly musky..","Accords: aromatic, white floral, citrus. Notes: sage, neroli, petitgrain, lavender, sage, tunisian orange blossom, musk, tonka bean. Profile: It smells like a spice market at dawn — sage and lavender mixed with citrus peel, then softens into something earthy and slightly powdery..",12877
16211,light juniper and grapefruit perfume,"Accords: aromatic, citrus, marine. Notes: grapefruit, mandarin orange, sea water, juniper, musk, amberwood. Profile: It smells like citrus peel and orange peel at first, then settles into something earthy and slightly musky..","Accords: aromatic, fresh spicy, marine. Notes: sea notes, bergamot, rosemary, sage, geranium, patchouli, incense. Profile: It smells like salty water and bergamot at first, then sweet rosemary, with a hint of earthy incense burning in the background..",19795
14248,warm leather jacket with vanilla and musk,"Accords: patchouli, rum, woody. Notes: rum, osmanthus, leather, jasmine, rose, patchouli, vanille, amber. Profile: It smells like rum and leather at first, then rose petals and vanilla, finishing with something earthy and slightly powdery..","Accords: patchouli, citrus, woody. Notes: bergamot, pink pepper, jasmine, rose, patchouli, tonka bean. Profile: It smells like a perfumer's closet at dawn — bergamot and white flowers mixed with powdery jasmine, then softens into something earthy and slightly sweet..",4544
14248,sweet rum and dark patchouli perfume,"Accords: patchouli, rum, woody. Notes: rum, osmanthus, leather, jasmine, rose, patchouli, vanille, amber. Profile: It smells like rum and leather at first, then rose petals and vanilla, finishing with something earthy and slightly powdery..","Accords: patchouli, floral, woody. Notes: pineapple, bergamot, grapefruit, peach, magnolia, jasmine, blue rose, patchouli. Profile: It smells like ripe peaches and citrus peel at first, then white flowers with a hint of powdery amber underneath..",17578
14248,cozy amber rose scent for cold weather,"Accords: patchouli, rum, woody. Notes: rum, osmanthus, leather, jasmine, rose, patchouli, vanille, amber. Profile: It smells like rum and leather at first, then rose petals and vanilla, finishing with something earthy and slightly powdery..","Accords: patchouli, woody, floral. Notes: pink pepper, iris, magnolia, patchouli leaf. Profile: It smells like a spice market at dawn — sweet peppercorns mixed with white flowers, then dried herbs and powdery magnolia..",9412
14170,soft clean musk perfume,"Accords: musky, floral, powdery. Notes: musk, flowers, cashmeran. Profile: It smells like dried flowers and musk at first, then settles into something earthy and slightly sweet..","Accords: musky, yellow floral, powdery. Notes: ylang-ylang, jasmine, musk, cedar. Profile: It smells like a perfumer's closet at dawn — powdery florals mixed with white flowers, softening into something earthy and slightly woody..",18008
14170,fuzzy sweater with flowers,"Accords: musky, floral, powdery. Notes: musk, flowers, cashmeran. Profile: It smells like dried flowers and musk at first, then settles into something earthy and slightly sweet..","Accords: musky, powdery, rose. Notes: bergamot, apple, rose, iris, lily-of-the-valley, musk, amber. Profile: It smells like a flower shop next to an apple orchard, with something earthy and slightly floral lurking in the background..",16254
14170,warm skin scent with musk,"Accords: musky, floral, powdery. Notes: musk, flowers, cashmeran. Profile: It smells like dried flowers and musk at first, then settles into something earthy and slightly sweet..","Accords: musky, powdery, vanilla. Notes: osmanthus, orange blossom, vanilla, musk, vetiver. Profile: It smells like a flower shop at dawn — sweet orange blossoms mixed with powdery vanilla, finishing with something earthy and slightly woody..",12157
6271,fresh lemon mint cologne,"Accords: citrus, green, aromatic. Notes: lemon, bergamot, mint, orange peel, rhubarb, jasmine, oakmoss, musk. Profile: It smells like citrus peel and mint at first, then white flowers and musk, with a warm, slightly powdery base..","Accords: citrus, white floral, sweet. Notes: ginger, citron, orange blossom, marshamallow, vanilla, amber. Profile: It smells like a spice market at dawn — sweet citrus peel mixed with white flowers, then soft vanilla and warm amber..",15965
6271,citrus green tea perfume,"Accords: citrus, green, aromatic. Notes: lemon, bergamot, mint, orange peel, rhubarb, jasmine, oakmoss, musk. Profile: It smells like citrus peel and mint at first, then white flowers and musk, with a warm, slightly powdery base..","Accords: citrus, fresh, floral. Notes: apple, lemon, bergamot, lavender, peony, mandarin blossom, amber, sandalwood. Profile: It smells like a fruit stand next to an apple orchard, with something sweet and slightly earthy lurking in the background..",2040
6271,clean bergamot orange soap smell,"Accords: citrus, green, aromatic. Notes: lemon, bergamot, mint, orange peel, rhubarb, jasmine, oakmoss, musk. Profile: It smells like citrus peel and mint at first, then white flowers and musk, with a warm, slightly powdery base..","Accords: citrus, woody. Notes: citron, lemon, orange, pink pepper, spicy notes, woody notes, patchouli. Profile: It smells like citrus peel and orange peel at first, then sweet pepper and woody notes, finishing with a warm, slightly earthy base..",12661
10906,soft powdery violet perfume,"Accords: violet, powdery, green. Notes: violet, bergamot, grapefruit, fig leaf, iris, vanilla, vetiver. Profile: It smells like a fruit stand next to an old church — sweet violets and citrus peel mixed with powdery iris, finishing with something earthy and slightly floral..","Accords: violet, powdery, floral. Notes: litchi, mandarin orange, ginger, violet, freesia, musk. Profile: It smells like citrus peel and orange peel at first, then white flowers with a hint of powdery musk underneath..",8955
10906,fresh citrus and vanilla scent,"Accords: violet, powdery, green. Notes: violet, bergamot, grapefruit, fig leaf, iris, vanilla, vetiver. Profile: It smells like a fruit stand next to an old church — sweet violets and citrus peel mixed with powdery iris, finishing with something earthy and slightly floral..","Accords: violet, powdery, iris. Notes: pear, violet, iris. Profile: It smells like sweet pear and white flowers at first, then dark violet and iris, with a faint sweetness that fades into the background..",1960
10906,green fig leaf iris fragrance,"Accords: violet, powdery, green. Notes: violet, bergamot, grapefruit, fig leaf, iris, vanilla, vetiver. Profile: It smells like a fruit stand next to an old church — sweet violets and citrus peel mixed with powdery iris, finishing with something earthy and slightly floral..","Accords: violet, powdery, warm spicy. Notes: pepper, orange pepper, pimento, apricot, coriander, fresh almond, brazilian rosewood, violet. Profile: It smells like a spice market at dawn — sweet pepper and orange peel mixed with powdery white flowers, then settles into something earthy and slightly woody..",8348
4721,sweet berry floral perfume for spring,"Accords: violet, powdery, fruity. Notes: raspberry, red berries, bergamot, lemon, violet, rose, orange blossom, iris. Profile: It smells like ripe raspberries and red berries at first, then soft roses and violets, finishing with a hint of powdery wood and musk..","Accords: violet, powdery, fresh. Notes: tea, bergamot, violet, pear, vanilla. Profile: It smells like a fruit stand next to an old tea shop — sweet tea mixed with white flowers, then settling into something vanilla-vanilla-like..",700
4721,powdery violet and rose scent,"Accords: violet, powdery, fruity. Notes: raspberry, red berries, bergamot, lemon, violet, rose, orange blossom, iris. Profile: It smells like ripe raspberries and red berries at first, then soft roses and violets, finishing with a hint of powdery wood and musk..","Accords: violet, powdery, caramel. Notes: fruits, violet, caramel. Profile: It smells like ripe fruit and white flowers at first, then soft vanilla and caramel, with a warm, slightly sweet sweetness that lingers in the air..",5201
4721,fresh citrus with raspberry and soft florals,"Accords: violet, powdery, fruity. Notes: raspberry, red berries, bergamot, lemon, violet, rose, orange blossom, iris. Profile: It smells like ripe raspberries and red berries at first, then soft roses and violets, finishing with a hint of powdery wood and musk..","Accords: violet, powdery, rose. Notes: violet, may rose, vanilla. Profile: It smells like white flowers and rose petals at first, then sweet vanilla and a hint of powdery sweetness..",9025
19344,warm spicy vanilla with coffee and tobacco,"Accords: amber, vanilla, fresh spicy. Notes: black pepper, tobacco, pineapple, patchouli, coffee, iris, vanilla, amber. Profile: It smells like a coffee shop at dawn — sweet pepper and spice mixed with powdery tobacco, then settles into something earthy and slightly woody..","Accords: amber, citrus, coconut. Notes: green mandarin, coconut nectar, amber. Profile: It smells like a spice market at dawn — green mandarin and dark chocolate mixed with amber..",14108
19344,cozy amber perfume with pineapple and pepper,"Accords: amber, vanilla, fresh spicy. Notes: black pepper, tobacco, pineapple, patchouli, coffee, iris, vanilla, amber. Profile: It smells like a coffee shop at dawn — sweet pepper and spice mixed with powdery tobacco, then settles into something earthy and slightly woody..","Accords: amber, soft spicy, ozonic. Notes: sage, fennel, black tea, violet leaf, amber, woody notes. Profile: It smells like dried herbs and fennel at first, then white flowers and amber, with something earthy and woody underneath..",16147
19344,woody coffee scent with sweet vanilla base,"Accords: amber, vanilla, fresh spicy. Notes: black pepper, tobacco, pineapple, patchouli, coffee, iris, vanilla, amber. Profile: It smells like a coffee shop at dawn — sweet pepper and spice mixed with powdery tobacco, then settles into something earthy and slightly woody..","Accords: amber, warm spicy, aromatic. Notes: cranberry, ginger, pink grapefruit, clary sage, lavender, labdanum, benzoin, opoponax. Profile: It smells like sweet cranberries and citrus peel at first, then soft lavender and powdery lavender, finishing with a warm woody base..",12523
632,black licorice and smoky wood,"Accords: anis, musky, soft spicy. Notes: smoke, camphor, mimosa, anise, cedar, ambrette (musk mallow), juniper. Profile: It smells like a spice market at dawn — woody and slightly floral, with something sweet and earthy underneath..","Accords: anis, soft spicy, tobacco. Notes: star anise, tobacco, amber, leather. Profile: It smells like a leather jacket left in an old leather store — sweet tobacco and tobacco smoke mixed with leather..",18394
632,medicinal herbs with soft musk,"Accords: anis, musky, soft spicy. Notes: smoke, camphor, mimosa, anise, cedar, ambrette (musk mallow), juniper. Profile: It smells like a spice market at dawn — woody and slightly floral, with something sweet and earthy underneath..","Accords: anis, soft spicy, tobacco. Notes: star anise, tobacco, amber, leather. Profile: It smells like a leather jacket left in an old leather store — sweet tobacco and tobacco smoke mixed with leather..",18394
632,anise spice and cedar closet,"Accords: anis, musky, soft spicy. Notes: smoke, camphor, mimosa, anise, cedar, ambrette (musk mallow), juniper. Profile: It smells like a spice market at dawn — woody and slightly floral, with something sweet and earthy underneath..","Accords: anis, soft spicy, tobacco. Notes: star anise, tobacco, amber, leather. Profile: It smells like a leather jacket left in an old leather store — sweet tobacco and tobacco smoke mixed with leather..",18394
14485,white flowers with musky skin scent,"Accords: musky, white floral, woody. Notes: jasmine, bulgarian rose, orange blossom, musk, coumarin, cedar, vetiver, patchouli. Profile: It smells like a flower shop at dawn — jasmine and rose petals mixed with musk, then softens into something earthy and slightly powdery..","Accords: musky, floral, fruity. Notes: red currant, blackberry, floral notes, white musk, sandalwood. Profile: It smells like ripe red currants and blackberries at first, then settles into soft white flowers with a warm woody base..",8511
14485,jasmine rose perfume clean and warm,"Accords: musky, white floral, woody. Notes: jasmine, bulgarian rose, orange blossom, musk, coumarin, cedar, vetiver, patchouli. Profile: It smells like a flower shop at dawn — jasmine and rose petals mixed with musk, then softens into something earthy and slightly powdery..","Accords: musky, white floral, vanilla. Notes: musk, musk, orange blossom, musk, vanilla. Profile: It smells like a flower shop next to an orange blossom, with something faintly sweet and powdery underneath..",13864
14485,soft powdery musk with cedar wood,"Accords: musky, white floral, woody. Notes: jasmine, bulgarian rose, orange blossom, musk, coumarin, cedar, vetiver, patchouli. Profile: It smells like a flower shop at dawn — jasmine and rose petals mixed with musk, then softens into something earthy and slightly powdery..","Accords: musky, white floral, fruity. Notes: plum, peach, jasmine, violet leaf, cashmere wood, musk. Profile: It smells like ripe peaches and jasmine at first, then soft white flowers with a hint of powdery wood underneath..",5438
15019,sweet almond perfume for winter,"Accords: almond, woody, fruity. Notes: amaretto, bitter almond, gardenia, neroli, cedar, iris, musk, jasmine. Profile: It smells like sweet almonds and citrus peel at first, then creamy white flowers, finishing with a dark chocolate-like sweetness..","Accords: almond, citrus, white floral. Notes: jasmine, lemon zest, candied almond, rose, sandalwood. Profile: It smells like sweet jasmine and citrus peel at first, then soft rose petals and a hint of earthy wood..",19163
15019,amaretto and chocolate scent,"Accords: almond, woody, fruity. Notes: amaretto, bitter almond, gardenia, neroli, cedar, iris, musk, jasmine. Profile: It smells like sweet almonds and citrus peel at first, then creamy white flowers, finishing with a dark chocolate-like sweetness..","Accords: almond, sweet, cherry. Notes: damask rose, sour cherry, almond milk, madagascar vanilla, woodsy notes. Profile: It smells like sweet cherry and vanilla at first, then creamy vanilla and sweet vanilla, with a woody sweetness underneath..",10294
15019,warm nutty caramel fragrance,"Accords: almond, woody, fruity. Notes: amaretto, bitter almond, gardenia, neroli, cedar, iris, musk, jasmine. Profile: It smells like sweet almonds and citrus peel at first, then creamy white flowers, finishing with a dark chocolate-like sweetness..","Accords: almond, sweet, nutty. Notes: orange blossom, bergamot, orange, mandarin orange, lemon, almond, milk, praline. Profile: It smells like orange peel and citrus peel at first, then soft almonds and vanilla, finishing with a powdery sweetness that's slightly sweet..",10428
5553,creamy almond milk perfume,"Accords: almond, powdery, woody. Notes: almond milk, bergamot, pink pepper, heliotrope, jasmine sambac, carnation, sandalwood, cashmere wood. Profile: It smells like sweet almond milk and bergamot at first, then creamy white flowers with a hint of powdery wood underneath..","Accords: almond, fruity, sweet. Notes: pear, almond blossom, bergamot, almond, iris, peony, musk, amber. Profile: It smells like dried pear and almonds at first, then iris and bergamot, with something earthy and slightly woody underneath..",427
5553,soft pink pepper and jasmine,"Accords: almond, powdery, woody. Notes: almond milk, bergamot, pink pepper, heliotrope, jasmine sambac, carnation, sandalwood, cashmere wood. Profile: It smells like sweet almond milk and bergamot at first, then creamy white flowers with a hint of powdery wood underneath..","Accords: almond, fruity, white floral. Notes: amaretto, orange blossom, tonka bean. Profile: It smells like fresh amaretto and orange blossom at first, then soft vanilla and a hint of powdery sweetness..",20898
5553,warm cozy sandalwood fragrance,"Accords: almond, powdery, woody. Notes: almond milk, bergamot, pink pepper, heliotrope, jasmine sambac, carnation, sandalwood, cashmere wood. Profile: It smells like sweet almond milk and bergamot at first, then creamy white flowers with a hint of powdery wood underneath..","Accords: almond, citrus, white floral. Notes: jasmine, lemon zest, candied almond, rose, sandalwood. Profile: It smells like sweet jasmine and citrus peel at first, then soft rose petals and a hint of earthy wood..",19163
9963,fresh flowers with spicy ginger,"Accords: floral, citrus, warm spicy. Notes: litchi, freesia, magnolia, pepper, ginger, mandarin orange, jasmine, jasmine. Profile: It smells like a spice market at dawn — sweet citrus peel mixed with powdery flowers, then softens into something earthy and slightly floral..","Accords: floral, fresh, citrus. Notes: pear blossom, green tea, bergamot, freesia, peony, orange blossom, musk, cedar. Profile: It smells like ripe pear and green tea at first, then soft white flowers with a hint of powdery wood underneath..",13011
9963,sweet lychee and white floral perfume,"Accords: floral, citrus, warm spicy. Notes: litchi, freesia, magnolia, pepper, ginger, mandarin orange, jasmine, jasmine. Profile: It smells like a spice market at dawn — sweet citrus peel mixed with powdery flowers, then softens into something earthy and slightly floral..","Accords: floral, citrus, white floral. Notes: passionfruit, orange, japanese osmanthus, sicilian bergamot, white rose, tuberose, orange blossom, water lily. Profile: It smells like citrus peel and orange peel at first, then white flowers with a powdery base, finishing with something slightly sweet and earthy..",3197
9963,jasmine and mandarin orange scent,"Accords: floral, citrus, warm spicy. Notes: litchi, freesia, magnolia, pepper, ginger, mandarin orange, jasmine, jasmine. Profile: It smells like a spice market at dawn — sweet citrus peel mixed with powdery flowers, then softens into something earthy and slightly floral..","Accords: floral, powdery, sweet. Notes: pepper, cappuccino, clementine, cactus flower, vanilla orchid, camellia, hortensia, mimosa. Profile: It smells like sweet pepper and spiced coffee at first, then creamy vanilla and musk, finishing with a hint of powdery amber..",12281
20942,calming lavender soap smell,"Accords: lavender, amber, vanilla. Notes: lavender, tonka bean, benzoin, ylang-ylang. Profile: It smells like a perfumer's locker at first, then settles into something earthy and slightly floral..","Accords: lavender, oud, powdery. Notes: lavender, saffron, bergamot, lemon, patchouli, flowers, agarwood (oud), powdery notes. Profile: It smells like sweet lavender and saffron at first, then white flowers with a hint of powdery wood, finishing with something earthy and slightly floral..",1969
20942,lavender vanilla perfume for sleep,"Accords: lavender, amber, vanilla. Notes: lavender, tonka bean, benzoin, ylang-ylang. Profile: It smells like a perfumer's locker at first, then settles into something earthy and slightly floral..","Accords: lavender, oud, powdery. Notes: lavender, saffron, bergamot, lemon, patchouli, flowers, agarwood (oud), powdery notes. Profile: It smells like sweet lavender and saffron at first, then white flowers with a hint of powdery wood, finishing with something earthy and slightly floral..",1969
20942,soft powdery lavender scent,"Accords: lavender, amber, vanilla. Notes: lavender, tonka bean, benzoin, ylang-ylang. Profile: It smells like a perfumer's locker at first, then settles into something earthy and slightly floral..","Accords: lavender, aromatic, fresh spicy. Notes: anise, herbal notes, eucalyptus, lavender, clove leaf, geranium, sandalwood, moss. Profile: It smells like a spice shop next to eucalyptus trees, where lavender and lavender meet mossy flowers, with something earthy and slightly woody underneath..",17242
9365,soapy floral perfume like my grandma wore,"Accords: aldehydic, white floral, woody. Notes: aldehydes, green notes, honeysuckle, bergamot, peach, lemon, rose, iris. Profile: It smells like a flower shop at dawn — citrus peel and honeysuckle mixed with white flowers, then settles into something earthy and slightly floral..","Accords: aldehydic, fresh, white floral. Notes: aldehydes, green leaves, raspberry, jasmine, lily-of-the-valley, rose, violet, orris root. Profile: It smells like a flower shop at dawn — white flowers and roses mixed with powdered sugar, then softened by something earthy and slightly woody..",2158
9365,fresh cut flowers with powder and musk,"Accords: aldehydic, white floral, woody. Notes: aldehydes, green notes, honeysuckle, bergamot, peach, lemon, rose, iris. Profile: It smells like a flower shop at dawn — citrus peel and honeysuckle mixed with white flowers, then settles into something earthy and slightly floral..","Accords: aldehydic, rose, yellow floral. Notes: aldehydes, bulgarian rose, ylang-ylang, jasmine, may rose, amber, liatris, vetiver. Profile: It smells like a rose garden at dawn — sweet aldehydes mixed with powdery rose petals, then softens into something earthy and slightly floral..",18345
9365,clean white flowers with a hint of peach,"Accords: aldehydic, white floral, woody. Notes: aldehydes, green notes, honeysuckle, bergamot, peach, lemon, rose, iris. Profile: It smells like a flower shop at dawn — citrus peel and honeysuckle mixed with white flowers, then settles into something earthy and slightly floral..","Accords: aldehydic, fresh, iris. Notes: aldehydes, jasmine, rose, iris, vanilla, woodsy notes. Profile: It smells like white flowers and roses at first, then iris and vanilla, with a woody sweetness that's softening the air..",19497
9224,tropical mango coconut perfume,"Accords: tropical, sweet, coconut. Notes: mango, spices, mandarin orange, coconut, jasmine, rose, sandalwood, amber. Profile: It smells like sweet mango and orange peel at first, then white flowers with a warm, slightly powdery base..","Accords: tropical, sweet, vanilla. Notes: mango, coconut, passionfruit, jasmine, heliotrope, orange blossom, vanilla, cashmeran. Profile: It smells like a fruit stand next to an old church — sweet mango juice mixed with white flowers, then softened by something powdery and slightly earthy..",10614
9224,spicy floral beach vacation scent,"Accords: tropical, sweet, coconut. Notes: mango, spices, mandarin orange, coconut, jasmine, rose, sandalwood, amber. Profile: It smells like sweet mango and orange peel at first, then white flowers with a warm, slightly powdery base..","Accords: tropical, floral, fruity. Notes: carambola (star fruit), frangipani, musk. Profile: It smells like ripe tropical fruit at first, then softens into something earthy and slightly powdery..",76
9224,sweet fruity summery jasmine fragrance,"Accords: tropical, sweet, coconut. Notes: mango, spices, mandarin orange, coconut, jasmine, rose, sandalwood, amber. Profile: It smells like sweet mango and orange peel at first, then white flowers with a warm, slightly powdery base..","Accords: tropical, citrus, fruity. Notes: carambola (star fruit), paprika, mandarin orange, neroli, strelitzia, woodsy notes, musk, iris. Profile: It smells like ripe orange peel and citrus peel at first, then soft paprika and neroli, finishing with woody notes..",5452
12519,smoky leather jacket with incense,"Accords: animalic, leather, woody. Notes: animal notes, woody notes, violet, leather, incense, cade oil, labdanum, cedar. Profile: It smells like a leather jacket left in an old church — earthy and woody, with something faintly floral and slightly powdery underneath..","Accords: animalic, musky, woody. Notes: peach, bergamot, aldehydes, cambodian oud, carnation, patchouli, angelica, russian leather. Profile: It smells like fresh peaches and bergamot at first, then creamy leather and soft moss, finishing with a warm, slightly powdery base..",21139
12519,dark woody perfume with animal musk,"Accords: animalic, leather, woody. Notes: animal notes, woody notes, violet, leather, incense, cade oil, labdanum, cedar. Profile: It smells like a leather jacket left in an old church — earthy and woody, with something faintly floral and slightly powdery underneath..","Accords: animalic, rose, woody. Notes: turkish rose, indian oud, woodsy notes, exotic spices, cambodian oud, amber, rose, animal notes. Profile: It smells like a spice market at dawn — earthy roses and exotic spices mixed with woody incense, with something powdery and resinous lurking in the background..",21821
12519,church incense and old leather smell,"Accords: animalic, leather, woody. Notes: animal notes, woody notes, violet, leather, incense, cade oil, labdanum, cedar. Profile: It smells like a leather jacket left in an old church — earthy and woody, with something faintly floral and slightly powdery underneath..","Accords: animalic, white floral, amber. Notes: jasmine, camelia, black pepper, beeswax, leather, guaiac wood, civet, ambergris. Profile: It smells like a leather jacket left in an old wooden shed, where beeswax washes away, and something earthy and woody lingers in the air..",10591
14733,fresh peach and rose perfume for spring,"Accords: floral, rose, fresh. Notes: sicilian mandarin, pink peony, damask rose, apricot, peach, white musk. Profile: It smells like a fruit stand next to an apple orchard — sweet peony and rose petals mixed with white flowers, then softens into powdery musk..","Accords: floral, vanilla, sweet. Notes: marigold, peach blossom, rhuburb, grapefruit, snowdrops, nectarine, wisteria, vanilla. Profile: It smells like ripe peaches and peach blossoms at first, then creamy white flowers with a hint of vanilla and soft wood..",10178
14733,light floral scent with fruity notes,"Accords: floral, rose, fresh. Notes: sicilian mandarin, pink peony, damask rose, apricot, peach, white musk. Profile: It smells like a fruit stand next to an apple orchard — sweet peony and rose petals mixed with white flowers, then softens into powdery musk..","Accords: floral, amber, white floral. Notes: carnation, neroli, rose, orange, orange blossom, jasmine, lilac, opoponax. Profile: It smells like a flower shop at dawn — sweet rose petals and orange blossoms mixed with white flowers, finishing with something earthy and slightly woody..",18954
14733,soft pink flowers and white musk fragrance,"Accords: floral, rose, fresh. Notes: sicilian mandarin, pink peony, damask rose, apricot, peach, white musk. Profile: It smells like a fruit stand next to an apple orchard — sweet peony and rose petals mixed with white flowers, then softens into powdery musk..","Accords: floral, fruity, rose. Notes: freesia, passion flower, grapefruit, black currant, apple blossom, rose, lily-of-the-valley, sweet pea. Profile: It smells like a flower shop next to an apple orchard, where sweet peas and white flowers meet sweet roses, with something earthy and slightly musky underneath..",1388
2511,sweet fruity perfume with pear and vanilla,"Accords: sweet, vanilla, fruity. Notes: black currant, pear, iris, jasmine, orange blossom, praline, vanilla, patchouli. Profile: It smells like ripe pear and white flowers at first, then soft vanilla and sweet iris, finishing with a warm vanilla-tonka base..","Accords: sweet, aldehydic, fresh. Notes: confetti (sugared almonds), aldehydes, watery notes, green notes, citruses, may rose, ylang-ylang, osmanthus. Profile: It smells like powdery almonds and watery citruses at first, then settles into something earthy and slightly sweet with a hint of citrus peel..",10529
2511,girly floral scent with jasmine and praline,"Accords: sweet, vanilla, fruity. Notes: black currant, pear, iris, jasmine, orange blossom, praline, vanilla, patchouli. Profile: It smells like ripe pear and white flowers at first, then soft vanilla and sweet iris, finishing with a warm vanilla-tonka base..","Accords: sweet, citrus, fruity. Notes: pomelo, pink pepper, praline, raspberry, floral notes, cypress, himalayan cedar. Profile: It smells like sweet pomegranate and raspberries at first, then settles into something earthy and woody..",5100
2511,creamy sweet fragrance for everyday wear,"Accords: sweet, vanilla, fruity. Notes: black currant, pear, iris, jasmine, orange blossom, praline, vanilla, patchouli. Profile: It smells like ripe pear and white flowers at first, then soft vanilla and sweet iris, finishing with a warm vanilla-tonka base..","Accords: sweet, fruity, tropical. Notes: pitahaya, wild berries, pineapple, coconut water, vanilla orchid, ambrette, praline, musk. Profile: It smells like ripe tropical fruit and berries at first, then settles into something earthy and slightly powdery..",13086
19690,spicy leather jacket smell,"Accords: warm spicy, cinnamon, tobacco. Notes: pink pepper, elemi, bergamot, grapefruit, cinnamon, saffron, paprika, tobacco. Profile: It smells like a spice stand next to smoked tobacco, with something sweet and earthy lurking in the background..","Accords: warm spicy, tobacco, leather. Notes: cinnamon, cardamom, mandarin orange, galbanum, leather, tobacco, oakmoss, patchouli. Profile: It smells like cinnamon and orange peel at first, then woody leather and moss, finishing with something earthy and slightly sweet..",15569
19690,cinnamon and tobacco perfume,"Accords: warm spicy, cinnamon, tobacco. Notes: pink pepper, elemi, bergamot, grapefruit, cinnamon, saffron, paprika, tobacco. Profile: It smells like a spice stand next to smoked tobacco, with something sweet and earthy lurking in the background..","Accords: warm spicy, coffee, sweet. Notes: rum, spices, coffee, patchouli, vetiver, sandalwood, sugar cane. Profile: It smells like rum and coffee at first, then settles into something earthy and slightly sweet with a hint of powdery sweetness..",19080
19690,warm peppery cologne for winter,"Accords: warm spicy, cinnamon, tobacco. Notes: pink pepper, elemi, bergamot, grapefruit, cinnamon, saffron, paprika, tobacco. Profile: It smells like a spice stand next to smoked tobacco, with something sweet and earthy lurking in the background..","Accords: warm spicy, citrus, aromatic. Notes: orange, bergamot, palm leaf, heliotrope, jasmine, coriander, birch, violet. Profile: It smells like sweet orange peel and bergamot at first, then white flowers with a hint of powdery spice, finishing with something earthy and slightly woody..",8122
8913,fresh clean stone rain smell,"Accords: mineral, fresh spicy, ozonic. Notes: wasabi, violet leaf, mandarin orange, pear, pebbles, hedione, orris root, peony. Profile: It smells like ripe pear and orange peel at first, then settles into white flowers and resinous incense, finishing with a soft woody base..","Accords: mineral, salty, citrus. Notes: sea salt, mineral notes, citruses, jasmine, mastic or lentisque, coconut, pine tree, labdanum. Profile: It smells like salty sea water and mastic or lentisque, with a powdery base that's soft and slightly earthy..",4255
8913,spicy green wasabi violet perfume,"Accords: mineral, fresh spicy, ozonic. Notes: wasabi, violet leaf, mandarin orange, pear, pebbles, hedione, orris root, peony. Profile: It smells like ripe pear and orange peel at first, then settles into white flowers and resinous incense, finishing with a soft woody base..","Accords: mineral, leather, warm spicy. Notes: mango, saffron, lemon, pink pepper, violet leaf, ginger, osmanthus, orange blossom. Profile: It smells like a spice market at dawn — sweet mango and citrus peel mixed with white flowers, then softens into something earthy and slightly powdery..",13820
8913,light floral pear musk scent,"Accords: mineral, fresh spicy, ozonic. Notes: wasabi, violet leaf, mandarin orange, pear, pebbles, hedione, orris root, peony. Profile: It smells like ripe pear and orange peel at first, then settles into white flowers and resinous incense, finishing with a soft woody base..","Accords: mineral, leather, warm spicy. Notes: mango, saffron, lemon, pink pepper, violet leaf, ginger, osmanthus, orange blossom. Profile: It smells like a spice market at dawn — sweet mango and citrus peel mixed with white flowers, then softens into something earthy and slightly powdery..",13820
8643,fresh jasmine and lily perfume for spring,"Accords: yellow floral, white floral, citrus. Notes: bergamot, petitgrain, lime (linden) blossom, lily-of-the-valley, tarragon, jasmine, rose, beeswax. Profile: It smells like a flower shop at dawn — bergamot and citrus peel mixed with white flowers, then softens into something powdery and slightly waxy..","Accords: yellow floral, white floral, sweet. Notes: orange blossom, neroli, palisander rosewood, peach, plum, mandarin orange, ylang-ylang, mimosa. Profile: It smells like sweet orange blossoms and peach at first, then creamy white flowers, finishing with a soft vanilla-musk base..",8622
8643,clean white flowers with beeswax candle smell,"Accords: yellow floral, white floral, citrus. Notes: bergamot, petitgrain, lime (linden) blossom, lily-of-the-valley, tarragon, jasmine, rose, beeswax. Profile: It smells like a flower shop at dawn — bergamot and citrus peel mixed with white flowers, then softens into something powdery and slightly waxy..","Accords: yellow floral, fresh spicy, aromatic. Notes: geranium, ylang-ylang, bergamot, narcissus, egyptian jasmine, turkish rose, oakmoss, agarwood (oud). Profile: It smells like a perfumer's closet at dawn — sweet florals mixed with bergamot and white flowers, then settled into something earthy and resinous..",4403
8643,bright citrus rose garden after rain,"Accords: yellow floral, white floral, citrus. Notes: bergamot, petitgrain, lime (linden) blossom, lily-of-the-valley, tarragon, jasmine, rose, beeswax. Profile: It smells like a flower shop at dawn — bergamot and citrus peel mixed with white flowers, then softens into something powdery and slightly waxy..","Accords: yellow floral, powdery, floral. Notes: mimosa, neroli, mandarin leaf, mimosa absolute, woodsy notes. Profile: It smells like a flower shop at dawn — fresh flowers and citrus peel mixed with neroli, finishing with something woody and earthy..",18998
18849,fresh ocean breeze perfume for summer,"Accords: marine, aromatic, citrus. Notes: sea water, bergamot, rose, hibiscus, rose, lily, mango, musk. Profile: It smells like salty water and bergamot at first, then warm rose petals, finishing with something earthy and slightly powdery..","Accords: marine, aromatic, citrus. Notes: bergamot, yuzu, shiso, sea notes, lily-of-the-valley, seashells, woody notes, sandalwood. Profile: It smells like a Japanese garden at dawn — bergamot and shiso mixed with seashells, then settles into something earthy and slightly woody..",16875
18849,salty sea water and flowers fragrance,"Accords: marine, aromatic, citrus. Notes: sea water, bergamot, rose, hibiscus, rose, lily, mango, musk. Profile: It smells like salty water and bergamot at first, then warm rose petals, finishing with something earthy and slightly powdery..","Accords: marine, aquatic, citrus. Notes: watermelon, lemon, aldehydes, orange, cyclamen, sea water, lily-of-the-valley, freesia. Profile: It smells like watermelon and citrus peel at first, then white flowers and moss, with a warm, slightly woody base..",2757
18849,tropical beach mango and musk scent,"Accords: marine, aromatic, citrus. Notes: sea water, bergamot, rose, hibiscus, rose, lily, mango, musk. Profile: It smells like salty water and bergamot at first, then warm rose petals, finishing with something earthy and slightly powdery..","Accords: marine, aromatic, floral. Notes: lemon, freesia, black currant, sea notes, lily-of-the-valley, rose, musk, white cedar extract. Profile: It smells like citrus peel and white flowers at first, then settles into something earthy and slightly sweet..",11050
13126,tropical fruit coconut beach vacation perfume,"Accords: tropical, fruity, sweet. Notes: mango, papaya, pineapple, lemon, peach, coconut, hibiscus, sandalwood. Profile: It smells like a fruit stand next to an apple orchard, where mangoes and peaches meet sweet coconut, then settle into something earthy and slightly woody..","Accords: tropical, fruity, sweet. Notes: passionfruit, mandarin orange, grapefruit, mango, hibiscus, jasmine, vanilla, tonka bean. Profile: It smells like citrus peel and mango at first, then white flowers and jasmine, finishing with something earthy and slightly woody..",7570
13126,sweet mango pineapple summer scent,"Accords: tropical, fruity, sweet. Notes: mango, papaya, pineapple, lemon, peach, coconut, hibiscus, sandalwood. Profile: It smells like a fruit stand next to an apple orchard, where mangoes and peaches meet sweet coconut, then settle into something earthy and slightly woody..","Accords: tropical, sweet, yellow floral. Notes: mango, papaya, tangerine, ylang-ylang, white flowers, tea, green leaves. Profile: It smells like sweet mango and tangerine at first, then white flowers and green leaves, with a slightly earthy sweetness underneath..",1052
13126,fruity tropical island sunscreen smell,"Accords: tropical, fruity, sweet. Notes: mango, papaya, pineapple, lemon, peach, coconut, hibiscus, sandalwood. Profile: It smells like a fruit stand next to an apple orchard, where mangoes and peaches meet sweet coconut, then settle into something earthy and slightly woody..","Accords: tropical, sweet, fruity. Notes: pineapple, papaya, frangipani, solar notes, ylang-ylang, benzoin, sandalwood, patchouli. Profile: It smells like ripe pineapple and citrus peel at first, then settles into something earthy and slightly woody..",2595
9360,warm spicy perfume with coconut and flowers,"Accords: warm spicy, white floral, coconut. Notes: pepper, ginger, cardamom, coconut, gardenia, orange blossom, peony, sandalwood. Profile: It smells like a spice market at dawn — sweet pepper and cardamom mixed with white flowers, then soft wood and something earthy-musky..","Accords: warm spicy, rose, amber. Notes: black pepper, saffron, allspice, rose, broom, orange blossom, patchouli, tolu balsam. Profile: It smells like sweet pepper and spice at first, then warm vanilla and powdery wood, finishing with a soft vanilla-tonka base..",11460
9360,ginger cardamom amber scent,"Accords: warm spicy, white floral, coconut. Notes: pepper, ginger, cardamom, coconut, gardenia, orange blossom, peony, sandalwood. Profile: It smells like a spice market at dawn — sweet pepper and cardamom mixed with white flowers, then soft wood and something earthy-musky..","Accords: warm spicy, amber, animalic. Notes: aldehydes, fruity notes, coriander, bergamot, beeswax, carnation, rose, ylang-ylang. Profile: It smells like a perfumer's closet filled with beeswax and rose petals, with something sweet and earthy lurking in the air..",21259
9360,sandalwood musk perfume for winter,"Accords: warm spicy, white floral, coconut. Notes: pepper, ginger, cardamom, coconut, gardenia, orange blossom, peony, sandalwood. Profile: It smells like a spice market at dawn — sweet pepper and cardamom mixed with white flowers, then soft wood and something earthy-musky..","Accords: warm spicy, sweet, leather. Notes: saffron, white honey, white pepper, suede, jasmine, neroli, toffee, patchouli. Profile: It smells like sweet honey and white flowers at first, then soft vanilla and powdery sweetness, finishing with a warm vanilla-vanilla base..",8096
5460,spicy ginger cologne for men,"Accords: fresh spicy, warm spicy, aromatic. Notes: ginger, pepper, black basil, sage, cedar, amber, suede, brazilian redwood. Profile: It smells like a leather jacket left in an old wooden cabinet — sweet pepper and spice mixed with white flowers, then softens into something earthy and slightly powdery..","Accords: fresh spicy, warm spicy, cinnamon. Notes: nutmeg, black pepper, cinnamon, frankincense, black leather, tobacco. Profile: It smells like a spice market at dawn — powdery spice mixed with black pepper, then dark leather and something slightly tobacco-like..",3693
5460,warm leather and cedar scent,"Accords: fresh spicy, warm spicy, aromatic. Notes: ginger, pepper, black basil, sage, cedar, amber, suede, brazilian redwood. Profile: It smells like a leather jacket left in an old wooden cabinet — sweet pepper and spice mixed with white flowers, then softens into something earthy and slightly powdery..","Accords: fresh spicy, aromatic, woody. Notes: white pepper, grapefruit, black tea, bergamot, iris, geranium, rhubarb, lavender. Profile: It smells like a spice market at dawn — sweet pepper and citrus peel mixed with white flowers, then soft wood and something earthy-woody..",506
5460,black pepper and sage aftershave,"Accords: fresh spicy, warm spicy, aromatic. Notes: ginger, pepper, black basil, sage, cedar, amber, suede, brazilian redwood. Profile: It smells like a leather jacket left in an old wooden cabinet — sweet pepper and spice mixed with white flowers, then softens into something earthy and slightly powdery..","Accords: fresh spicy, lavender, aromatic. Notes: lavender, apple, black pepper, coriander, tonka bean, labdanum. Profile: It smells like a spice market at dawn — sweet lavender and citrus peel mixed with powdery black pepper, finishing with something earthy and slightly floral..",12853
14184,fresh cucumber and melon scent,"Accords: ozonic, aquatic, aromatic. Notes: cucumber, melon, mandarin orange, basil, sage, geranium, suede, woodsy notes. Profile: It smells like a spice market at dawn — sweet cucumber and orange peel mixed with citrus peel, then soft suede and something slightly woody..","Accords: ozonic, aquatic, fresh spicy. Notes: tamarind, rosemary, black pepper, violet leaf, lotus, jasmine, ambroxan, milk mousse. Profile: It smells like tamarind and rose petals at first, then white flowers and jasmine, with a soft powdery base that feels like powdered milk mousse..",6504
14184,clean ocean breeze perfume,"Accords: ozonic, aquatic, aromatic. Notes: cucumber, melon, mandarin orange, basil, sage, geranium, suede, woodsy notes. Profile: It smells like a spice market at dawn — sweet cucumber and orange peel mixed with citrus peel, then soft suede and something slightly woody..","Accords: ozonic, aquatic, lavender. Notes: watermelon, lavender, bergamot, lotus, jasmine, musk, sandalwood, amber. Profile: It smells like watermelon and lavender at first, then white flowers and jasmine, finishing with something earthy and slightly musky..",18
14184,light airy summer fragrance,"Accords: ozonic, aquatic, aromatic. Notes: cucumber, melon, mandarin orange, basil, sage, geranium, suede, woodsy notes. Profile: It smells like a spice market at dawn — sweet cucumber and orange peel mixed with citrus peel, then soft suede and something slightly woody..","Accords: ozonic, aquatic, fresh spicy. Notes: tamarind, rosemary, black pepper, violet leaf, lotus, jasmine, ambroxan, milk mousse. Profile: It smells like tamarind and rose petals at first, then white flowers and jasmine, with a soft powdery base that feels like powdered milk mousse..",6504
12843,sweet almond rose with smoky oud,"Accords: oud, leather, almond. Notes: almond, aldehydes, anise, rose, agarwood, leather, musk, vanilla. Profile: It smells like a leather jacket left in an old wooden shed — sweet almonds mixed with resinous wood, then softened by something powdery and slightly earthy..","Accords: oud, animalic, amber. Notes: agarwood (oud), agarwood, may rose, magnolia, chinese oud, thailand oud, hyrax, benzoin. Profile: It smells like a spice market at dawn — woody and slightly sweet, with something sweet and earthy lurking in the background..",20547
12843,leather and vanilla musk perfume,"Accords: oud, leather, almond. Notes: almond, aldehydes, anise, rose, agarwood, leather, musk, vanilla. Profile: It smells like a leather jacket left in an old wooden shed — sweet almonds mixed with resinous wood, then softened by something powdery and slightly earthy..","Accords: oud, warm spicy, cacao. Notes: magnolia, pink pepper, cacao, beeswax, peru balsam, chamomile, cinnamon, agarwood (oud). Profile: It smells like a coffee shop at dawn — mint leaves mixed with powdered sugar, then settling into something earthy and slightly sweet..",16983
12843,warm spicy anise and cedar wood,"Accords: oud, leather, almond. Notes: almond, aldehydes, anise, rose, agarwood, leather, musk, vanilla. Profile: It smells like a leather jacket left in an old wooden shed — sweet almonds mixed with resinous wood, then softened by something powdery and slightly earthy..","Accords: oud, warm spicy, woody. Notes: rose, bulgarian rose, rose oil, white rose, frangipani, jasmine, pepper, cardamom. Profile: It smells like a rose garden at dawn — sweet rose petals and white flowers mixed with powdery sandalwood, then softened by something earthy and woody..",21138
15429,almond cookie vanilla perfume,"Accords: almond, vanilla, powdery. Notes: heliotrope, cumin, bergamot, bitter almond, lavender, jasmine, vanilla, sandalwood. Profile: It smells like a spice market at dawn — sweet almonds mixed with powdery lavender, then soft vanilla and something faintly woody..","Accords: almond, vanilla, powdery. Notes: heliotrope, bergamot, cumin, bitter almond, lavender, jasmine, vanilla, sandalwood. Profile: It smells like a spice market at dawn — sweet almonds mixed with powdery lavender, then soft vanilla and something slightly earthy..",15158
15429,warm spicy powdery almond scent,"Accords: almond, vanilla, powdery. Notes: heliotrope, cumin, bergamot, bitter almond, lavender, jasmine, vanilla, sandalwood. Profile: It smells like a spice market at dawn — sweet almonds mixed with powdery lavender, then soft vanilla and something faintly woody..","Accords: almond, woody, powdery. Notes: heliotrope, cardamom, red pepper, bergamot, almond, lavender, jasmine, geranium. Profile: It smells like a spice market at dawn — cardamom powder mixed with white flowers, then dried lavender and vanilla, finishing with something earthy and slightly woody..",20861
15429,sweet nutty amber fragrance,"Accords: almond, vanilla, powdery. Notes: heliotrope, cumin, bergamot, bitter almond, lavender, jasmine, vanilla, sandalwood. Profile: It smells like a spice market at dawn — sweet almonds mixed with powdery lavender, then soft vanilla and something faintly woody..","Accords: almond, vanilla, powdery. Notes: heliotrope, bergamot, cumin, almond, jasmine, lavender, vanilla, amber. Profile: It smells like sweet almonds and vanilla at first, then soft vanilla and powdery lavender, finishing with a warm woody base..",19960
2363,spicy floral perfume for winter,"Accords: fresh spicy, woody, white floral. Notes: nutmeg, plum, mace, rose, tuberose, jasmine, orchid, ylang-ylang. Profile: It smells like a spice market at dawn — sweet plums and powdery flowers mixed with white flowers, then soft wood and warm wood..","Accords: fresh spicy, aromatic, woody. Notes: geranium, bergamot, mandarin orange, nutmeg, iris, jasmine, vetyver, patchouli. Profile: It smells like a spice market at dawn — citrus peel mixed with white flowers, then settling into powdery vanilla and soft wood..",371
2363,warm nutmeg vanilla scent,"Accords: fresh spicy, woody, white floral. Notes: nutmeg, plum, mace, rose, tuberose, jasmine, orchid, ylang-ylang. Profile: It smells like a spice market at dawn — sweet plums and powdery flowers mixed with white flowers, then soft wood and warm wood..","Accords: fresh spicy, citrus, lavender. Notes: bergamot, lemon, lavender, nutmeg, lily-of-the-valley, labdanum, patchouli, ambergris. Profile: It smells like a flower shop at dawn — citrus peel mixed with powdery lavender, then dried herbs and warm wood..",5814
2363,creamy sandalwood and flowers,"Accords: fresh spicy, woody, white floral. Notes: nutmeg, plum, mace, rose, tuberose, jasmine, orchid, ylang-ylang. Profile: It smells like a spice market at dawn — sweet plums and powdery flowers mixed with white flowers, then soft wood and warm wood..","Accords: fresh spicy, fruity, floral. Notes: pepper, raspberry, magnolia, vetiver, amber. Profile: It smells like sweet pepper and raspberries at first, then soft vetiver and amber, with something earthy and slightly powdery underneath..",12213
20462,tropical fruit perfume with oud and leather,"Accords: oud, fruity, leather. Notes: passionfruit, fruity notes, turkish rose, saffron, agarwood (oud), indonesian patchouli leaf, benzoin, leather. Profile: It smells like a leather jacket left in an old wooden workshop — citrus peel and saffron mixed with resinous wood, then softens into something earthy and slightly powdery..","Accords: oud, musky, fruity. Notes: raspberry, bergamot, agarwood (oud), ambroxan, musk. Profile: It smells like ripe raspberries and bergamot at first, then settles into something earthy and slightly woody..",2648
20462,sweet rose saffron smoky wood scent,"Accords: oud, fruity, leather. Notes: passionfruit, fruity notes, turkish rose, saffron, agarwood (oud), indonesian patchouli leaf, benzoin, leather. Profile: It smells like a leather jacket left in an old wooden workshop — citrus peel and saffron mixed with resinous wood, then softens into something earthy and slightly powdery..","Accords: oud, amber, warm spicy. Notes: turkish rose, bulgarian rose, saffron, bergamot, indonesian patchouli leaf, incense, chinese osmanthus, agarwood (oud). Profile: It smells like a flower shop next to an antique spice shop — sweet rose petals and saffron mixed with powdery incense, finishing with something earthy and slightly spicy..",2762
20462,passion fruit vanilla amber fragrance,"Accords: oud, fruity, leather. Notes: passionfruit, fruity notes, turkish rose, saffron, agarwood (oud), indonesian patchouli leaf, benzoin, leather. Profile: It smells like a leather jacket left in an old wooden workshop — citrus peel and saffron mixed with resinous wood, then softens into something earthy and slightly powdery..","Accords: oud, rose, warm spicy. Notes: saffron, peach, agarwood (oud), rose, jasmine, vanilla, patchouli, musk. Profile: It smells like sweet peach and white flowers at first, then rose petals and vanilla, finishing with a hint of powdery wood..",20029
20476,warm cozy amber perfume for winter,"Accords: amber, musky, woody. Notes: bergamot, angelica, patchouli, coumarin, amber, musk. Profile: It smells like a perfumer's locker at dawn — bergamot and citrus peel mixed with powdery amber, then softens into something earthy and musky..","Accords: amber, warm spicy, woody. Notes: cognac, rum, olibanum, saffron, amber. Profile: It smells like a vintage cocktail bar next to an old leather sofa, with something earthy and slightly sweet lingering in the background..",21931
20476,musky patchouli scent like incense shop,"Accords: amber, musky, woody. Notes: bergamot, angelica, patchouli, coumarin, amber, musk. Profile: It smells like a perfumer's locker at dawn — bergamot and citrus peel mixed with powdery amber, then softens into something earthy and musky..","Accords: amber, fresh spicy, woody. Notes: lavender, cardamom, bergamot, nutmeg, cedar, cashmirwood, amber, tonka bean. Profile: It smells like sweet lavender and cardamom at first, then creamy vanilla and earthy nutmeg, finishing with a soft woody base..",8025
20476,sweet powdery perfume with bergamot,"Accords: amber, musky, woody. Notes: bergamot, angelica, patchouli, coumarin, amber, musk. Profile: It smells like a perfumer's locker at dawn — bergamot and citrus peel mixed with powdery amber, then softens into something earthy and musky..","Accords: amber, warm spicy, citrus. Notes: mint, italian mandarin, ginger, pink pepper, incense, musk, amber. Profile: It smells like a spice market at dawn — sweet mint and spicy spices mixed with powdery incense, finishing with something earthy and slightly amber..",17299
8982,leather jacket with raspberry and roses,"Accords: animalic, fruity, leather. Notes: rhubarb, raspberry, amyl salicylate, rose, leather, animal notes, oakmoss, cedar. Profile: It smells like tart rhubarb and raspberries at first, then soft leather and warm wood, with something earthy and slightly woody underneath..","Accords: animalic, leather, woody. Notes: animal notes, woody notes, violet, leather, incense, cade oil, labdanum, cedar. Profile: It smells like a leather jacket left in an old church — earthy and woody, with something faintly floral and slightly powdery underneath..",12519
8982,musky animalic perfume with tart rhubarb,"Accords: animalic, fruity, leather. Notes: rhubarb, raspberry, amyl salicylate, rose, leather, animal notes, oakmoss, cedar. Profile: It smells like tart rhubarb and raspberries at first, then soft leather and warm wood, with something earthy and slightly woody underneath..","Accords: animalic, warm spicy, leather. Notes: saffron, ylang-ylang, cardamom, geranium, leather, egyptian jasmine, labdanum, animal notes. Profile: It smells like a leather jacket left in an old wooden workshop — sweet saffron and cardamom at first, then earthy leather and soft leather..",3576
8982,woodsy leather scent with berries,"Accords: animalic, fruity, leather. Notes: rhubarb, raspberry, amyl salicylate, rose, leather, animal notes, oakmoss, cedar. Profile: It smells like tart rhubarb and raspberries at first, then soft leather and warm wood, with something earthy and slightly woody underneath..","Accords: animalic, musky, woody. Notes: peach, bergamot, aldehydes, cambodian oud, carnation, patchouli, angelica, russian leather. Profile: It smells like fresh peaches and bergamot at first, then creamy leather and soft moss, finishing with a warm, slightly powdery base..",21139
15355,sweet vanilla perfume with berries and flowers,"Accords: vanilla, white floral, sweet. Notes: blackberry, mandarin leaf, silk tree blossom, jasmine, orange blossom, night blooming cereus, rose, vanilla. Profile: It smells like ripe blackberries and white flowers at first, then settles into something earthy and slightly sweet..","Accords: vanilla, sweet, almond. Notes: almond, red fruits, freesia, iris, tuberose, peach, jasmine, tonka bean. Profile: It smells like sweet almonds and dried fruit at first, then soft vanilla and powdery white flowers, finishing with a warm woody base..",1323
15355,creamy vanilla sandalwood rose scent,"Accords: vanilla, white floral, sweet. Notes: blackberry, mandarin leaf, silk tree blossom, jasmine, orange blossom, night blooming cereus, rose, vanilla. Profile: It smells like ripe blackberries and white flowers at first, then settles into something earthy and slightly sweet..","Accords: vanilla, amber, sweet. Notes: rose, osmanthus, bergamot, ylang-ylang, orange blossom, jasmine, vanilla, amber. Profile: It smells like rose petals and bergamot at first, then white flowers and vanilla, finishing with a hint of powdery amber..",1060
15355,warm vanilla tonka bean night blooming flowers,"Accords: vanilla, white floral, sweet. Notes: blackberry, mandarin leaf, silk tree blossom, jasmine, orange blossom, night blooming cereus, rose, vanilla. Profile: It smells like ripe blackberries and white flowers at first, then settles into something earthy and slightly sweet..","Accords: vanilla, white floral, floral. Notes: pink pepper, dew drop, mandarin orange, honeysuckle, red peony, vanilla, cashmere wood, oakmoss. Profile: It smells like a spice market at dawn — sweet pepper and citrus peel mixed with honeysuckle, then settles into something earthy and woody..",14035
15123,soft floral perfume with vanilla and musk,"Accords: floral, vanilla, amber. Notes: almond blossom, clementine, cyclamen, jasmine, peony, amaryllis, vanilla, amber. Profile: It smells like sweet almonds and clementine at first, then creamy vanilla and white flowers, finishing with a soft, slightly powdery base..","Accords: floral, fresh, fresh spicy. Notes: pineapple, bergamot, orange, mandarin orange, lemon, wisteria, jasmine, freesia. Profile: It smells like citrus peel and orange peel at first, then white flowers with a hint of honeyed vanilla, finishing with soft wood and warm wood..",18265
15123,fresh spring flowers with citrus and almond,"Accords: floral, vanilla, amber. Notes: almond blossom, clementine, cyclamen, jasmine, peony, amaryllis, vanilla, amber. Profile: It smells like sweet almonds and clementine at first, then creamy vanilla and white flowers, finishing with a soft, slightly powdery base..","Accords: floral, fruity, sweet. Notes: peach, peony, green notes, raspberry, floral notes, rose, musk, sandalwood. Profile: It smells like fresh peaches and peony at first, then soft roses and musk, finishing with something earthy and slightly floral..",18009
15123,light jasmine peony perfume for everyday,"Accords: floral, vanilla, amber. Notes: almond blossom, clementine, cyclamen, jasmine, peony, amaryllis, vanilla, amber. Profile: It smells like sweet almonds and clementine at first, then creamy vanilla and white flowers, finishing with a soft, slightly powdery base..","Accords: floral, fruity, fresh. Notes: green apple, strawberry, bergamot, tangerine, magnolia, peony, freesia, lily-of-the-valley. Profile: It smells like ripe apple and peach at first, then white flowers with a hint of citrus peel, finishing with something earthy and slightly woody..",7544
11467,sweet almond vanilla perfume,"Accords: almond, white floral, sweet. Notes: magnolia, calabrian bergamot, orange blossom, green almond, vanilla. Profile: It smells like a florist's pantry at dawn — bright magnolias and orange blossoms mixed with powdery almonds, then soft vanilla and warm vanilla..","Accords: almond, nutty, sweet. Notes: bergamot, mandarin orange, almond, iris, tonka bean, virginia cedar. Profile: It smells like citrus peel and orange peel at first, then sweet almonds and iris, with a warm, slightly earthy base..",19898
11467,fresh orange blossom spring scent,"Accords: almond, white floral, sweet. Notes: magnolia, calabrian bergamot, orange blossom, green almond, vanilla. Profile: It smells like a florist's pantry at dawn — bright magnolias and orange blossoms mixed with powdery almonds, then soft vanilla and warm vanilla..","Accords: almond, nutty, sweet. Notes: almond, orange blossom, cyclamen, lily-of-the-valley, vanilla, musk, patchouli, cedar. Profile: It smells like sweet almonds and orange blossoms at first, then soft vanilla and powdery musk, with a warm, slightly woody base..",18081
11467,creamy magnolia with bergamot,"Accords: almond, white floral, sweet. Notes: magnolia, calabrian bergamot, orange blossom, green almond, vanilla. Profile: It smells like a florist's pantry at dawn — bright magnolias and orange blossoms mixed with powdery almonds, then soft vanilla and warm vanilla..","Accords: almond, nutty, sweet. Notes: bergamot, mandarin orange, almond, iris, tonka bean, virginia cedar. Profile: It smells like citrus peel and orange peel at first, then sweet almonds and iris, with a warm, slightly earthy base..",19898
20348,warm vanilla and incense perfume,"Accords: amber, vanilla, white floral. Notes: jasmine, cashmere wood, orris root, vanilla pod, white amber, myrrh, incense. Profile: It smells like crushed jasmine and white flowers at first, then creamy vanilla and powdery amber, finishing with a hint of incense..","Accords: amber, vanilla, sweet. Notes: apricot, pink pepper, raspberry, tea, lemon, bergamot, mandarin orange, orchid. Profile: It smells like sweet apricots and citrus peel at first, then white flowers and jasmine, finishing with something earthy and slightly floral..",9640
20348,soft cashmere sweater smell,"Accords: amber, vanilla, white floral. Notes: jasmine, cashmere wood, orris root, vanilla pod, white amber, myrrh, incense. Profile: It smells like crushed jasmine and white flowers at first, then creamy vanilla and powdery amber, finishing with a hint of incense..","Accords: amber, sweet, warm spicy. Notes: sweet notes, saffron, woodsy notes, citruses, amber, orange, lemon zest, herbal notes. Profile: It smells like a spice market at dawn — sweet citrus peel and orange peel mixed with powdery amber, then softens into something earthy and slightly woody..",4939
20348,cozy amber jasmine for winter,"Accords: amber, vanilla, white floral. Notes: jasmine, cashmere wood, orris root, vanilla pod, white amber, myrrh, incense. Profile: It smells like crushed jasmine and white flowers at first, then creamy vanilla and powdery amber, finishing with a hint of incense..","Accords: amber, rose, warm spicy. Notes: pear, freesia, rose, pink pepper, ginger, patchouli, amber, resins. Profile: It smells like ripe pear and white flowers at first, then warm rose petals, finishing with something earthy and slightly powdery..",7872
17122,spicy leather jacket perfume,"Accords: leather, earthy, mossy. Notes: pink pepper, bergamot, jasmine, leather, oak moss, patchouli. Profile: It smells like a leather jacket left in an old wooden shed, with something powdery and slightly earthy underneath..","Accords: leather, oud, animalic. Notes: bergamot, lavender, leather, iris, agarwood (oud), amber. Profile: It smells like a leather jacket left open in an old wooden shed, with something earthy and slightly woody lurking in the background..",20113
17122,fresh jasmine with earthy leather smell,"Accords: leather, earthy, mossy. Notes: pink pepper, bergamot, jasmine, leather, oak moss, patchouli. Profile: It smells like a leather jacket left in an old wooden shed, with something powdery and slightly earthy underneath..","Accords: leather, woody, smoky. Notes: saffron, mandarin orange, bergamot, patchouli, ylang-ylang, hawthorn, jasmine, birch. Profile: It smells like citrus peel and orange peel at first, then white flowers with a hint of honeyed wood underneath..",19341
17122,pink pepper bergamot leather scent,"Accords: leather, earthy, mossy. Notes: pink pepper, bergamot, jasmine, leather, oak moss, patchouli. Profile: It smells like a leather jacket left in an old wooden shed, with something powdery and slightly earthy underneath..","Accords: leather, rose, citrus. Notes: grapefruit, narcissus, lily-of-the-valley, rose, mimosa, tuberose, leather, iris. Profile: It smells like citrus peel and narcissus at first, then white flowers and soft leather, finishing with something earthy and slightly leathery..",9944
20216,soapy floral perfume like my grandma wore,"Accords: aldehydic, woody, white floral. Notes: aldehydes, african orange flower, bergamot, carnation, ylang-ylang, jasmine, rose, iris. Profile: It smells like a florist's pantry full of dried flowers and citrus peel, with something sweet and earthy lurking in the background..","Accords: aldehydic, fresh, white floral. Notes: aldehydes, green leaves, raspberry, jasmine, lily-of-the-valley, rose, violet, orris root. Profile: It smells like a flower shop at dawn — white flowers and roses mixed with powdered sugar, then softened by something earthy and slightly woody..",2158
20216,clean powdery smell with jasmine and rose,"Accords: aldehydic, woody, white floral. Notes: aldehydes, african orange flower, bergamot, carnation, ylang-ylang, jasmine, rose, iris. Profile: It smells like a florist's pantry full of dried flowers and citrus peel, with something sweet and earthy lurking in the background..","Accords: aldehydic, woody, fresh. Notes: aldehydes, ylang-ylang, neroli, jasmine, rose, vanilla, sandalwood, vetiver. Profile: It smells like a perfumer's closet at dawn — sweet aldehydes mixed with white flowers, then soft vanilla and something slightly earthy..",20066
20216,vintage perfume aldehydic floral scent,"Accords: aldehydic, woody, white floral. Notes: aldehydes, african orange flower, bergamot, carnation, ylang-ylang, jasmine, rose, iris. Profile: It smells like a florist's pantry full of dried flowers and citrus peel, with something sweet and earthy lurking in the background..","Accords: aldehydic, musky, fresh. Notes: aldehydes, grapefruit, freesia, jasmine, lily-of-the-valley, orange, orchid, musk. Profile: It smells like citrus peel and white flowers at first, then soft florals, finishing with a warm woody base..",167
15647,light fresh floral perfume with grapefruit,"Accords: floral, fruity, citrus. Notes: quince, grapefruit, hyacinth, jasmine, musk, iris, virginia cedar, amber. Profile: It smells like citrus peel and hyacinth at first, then settles into something earthy and slightly powdery..","Accords: floral, citrus, woody. Notes: blood orange, tomato leaf, water lily, flowers, woodsy notes, vanilla. Profile: It smells like citrus peel and water lily at first, then soft flowers with a sweet vanilla-vanilla base..",1168
15647,jasmine and iris spring garden scent,"Accords: floral, fruity, citrus. Notes: quince, grapefruit, hyacinth, jasmine, musk, iris, virginia cedar, amber. Profile: It smells like citrus peel and hyacinth at first, then settles into something earthy and slightly powdery..","Accords: floral, white floral, powdery. Notes: lily, gardenia, osmanthus, marigold, rose, passion flower, lilac, jasmine. Profile: It smells like a flower shop at dawn — lily blossoms and roses mixed with white flowers, then settles into something earthy and slightly woody..",6204
15647,clean musky floral for everyday wear,"Accords: floral, fruity, citrus. Notes: quince, grapefruit, hyacinth, jasmine, musk, iris, virginia cedar, amber. Profile: It smells like citrus peel and hyacinth at first, then settles into something earthy and slightly powdery..","Accords: floral, fresh, citrus. Notes: lime, freesia, peony, lily-of-the-valley, juniper, musk, cedar, amber. Profile: It smells like a flower shop at dawn — lime and peony in the air, with something earthy and slightly powdery underneath..",408
10616,sweet licorice and cherry candy perfume,"Accords: soft spicy, sweet, powdery. Notes: star anise, violet, ivy, licorice, cherry, iris, orris root, amaryllis. Profile: It smells like a spice market at dawn — sweet violets and licorice mixed with white flowers, then soft vanilla and powdery musk..","Accords: soft spicy, vanilla, sweet. Notes: mandarin orange, licorice, star anise, floral notes, bourbon vanilla, bitter almond. Profile: It smells like citrus peel and licorice at first, then sweet vanilla and sweet almond, with a faint sweetness that's slightly sweet..",2096
10616,soft powdery violet and vanilla scent,"Accords: soft spicy, sweet, powdery. Notes: star anise, violet, ivy, licorice, cherry, iris, orris root, amaryllis. Profile: It smells like a spice market at dawn — sweet violets and licorice mixed with white flowers, then soft vanilla and powdery musk..","Accords: soft spicy, fruity, sweet. Notes: pink pepper, red currant, bay leaf, rose, lotus, patchouli, vanilla, amber. Profile: It smells like a spice market at dawn — sweet pepper and white flowers mixed with powdery florals, finishing with something earthy and slightly woody..",9628
10616,warm spicy anise with creamy tonka,"Accords: soft spicy, sweet, powdery. Notes: star anise, violet, ivy, licorice, cherry, iris, orris root, amaryllis. Profile: It smells like a spice market at dawn — sweet violets and licorice mixed with white flowers, then soft vanilla and powdery musk..","Accords: soft spicy, sweet, aromatic. Notes: mandarin orange, bergamot, pink pepper, elemi resin, sweet pea, heliotrope, wallflower, elemi. Profile: It smells like citrus peel and bergamot at first, then sweet peas and white flowers, finishing with something earthy and slightly powdery..",5250
16746,fresh fruity cologne for men,"Accords: citrus, fruity, leather. Notes: lemon, pineapple, bergamot, black currant, apple, birch, jasmine, rose. Profile: It smells like a fruit stand next to an apple orchard, where citrus peel meets white flowers, then settles into something powdery and slightly sweet..","Accords: citrus, warm spicy, ozonic. Notes: bergamot, orange blossom, lavender, violet leaf, ginger, rose, guaiac wood, patchouli. Profile: It smells like a perfumer's closet at dawn — bergamot and orange blossoms mixed with white flowers, then softens into something earthy and slightly woody..",1186
16746,lemon pineapple apple perfume,"Accords: citrus, fruity, leather. Notes: lemon, pineapple, bergamot, black currant, apple, birch, jasmine, rose. Profile: It smells like a fruit stand next to an apple orchard, where citrus peel meets white flowers, then settles into something powdery and slightly sweet..","Accords: citrus, aromatic, woody. Notes: lemon, bergamot, elemi, woody notes, jasmine, lily-of-the-valley, musk, patchouli. Profile: It smells like citrus peel and bergamot at first, then woody jasmine, finishing with something earthy and slightly powdery..",18166
16746,clean citrus smell with vanilla,"Accords: citrus, fruity, leather. Notes: lemon, pineapple, bergamot, black currant, apple, birch, jasmine, rose. Profile: It smells like a fruit stand next to an apple orchard, where citrus peel meets white flowers, then settles into something powdery and slightly sweet..","Accords: citrus, woody, aromatic. Notes: bergamot, grapefruit, saffron, vetiver, oak, patchouli, tobacco. Profile: It smells like citrus peel and saffron at first, then woody vetiver, with a sweet, slightly tobacco-like sweetness underneath..",18862
21014,clean soapy iris powder smell,"Accords: iris, cacao, powdery. Notes: lavender, bergamot, sage, iris, cacao, amber, leather, vetiver. Profile: It smells like lavender and bergamot at first, then warm leather, with something earthy and slightly leathery underneath..","Accords: iris, woody, musky. Notes: ambrette (musk mallow), orris root, white woods. Profile: It smells like a flower shop next to an orchard, with something sweet and slightly earthy lurking in the background..",21868
21014,lavender and leather cologne for men,"Accords: iris, cacao, powdery. Notes: lavender, bergamot, sage, iris, cacao, amber, leather, vetiver. Profile: It smells like lavender and bergamot at first, then warm leather, with something earthy and slightly leathery underneath..","Accords: iris, powdery, woody. Notes: pimento, iris, sandalwood. Profile: It smells like a flower shop next to an old wooden furniture store — powdery iris and soft wood, with something earthy and slightly woody underneath..",16587
21014,earthy vetiver with chocolate and herbs,"Accords: iris, cacao, powdery. Notes: lavender, bergamot, sage, iris, cacao, amber, leather, vetiver. Profile: It smells like lavender and bergamot at first, then warm leather, with something earthy and slightly leathery underneath..","Accords: iris, powdery, woody. Notes: pimento, iris, sandalwood. Profile: It smells like a flower shop next to an old wooden furniture store — powdery iris and soft wood, with something earthy and slightly woody underneath..",16587
1598,metallic rose with black pepper,"Accords: mineral, rose, fresh spicy. Notes: metallic notes, black pepper, elemi resin, rose, geranium, green accord, incense, mineral notes. Profile: It smells like a leather jacket left in an old church — black pepper and resin mixed with white flowers, then soft leather with something earthy and leathery underneath..","Accords: mineral, salty, citrus. Notes: sea salt, mineral notes, citruses, jasmine, mastic or lentisque, coconut, pine tree, labdanum. Profile: It smells like salty sea water and mastic or lentisque, with a powdery base that's soft and slightly earthy..",4255
1598,cold stone and incense smell,"Accords: mineral, rose, fresh spicy. Notes: metallic notes, black pepper, elemi resin, rose, geranium, green accord, incense, mineral notes. Profile: It smells like a leather jacket left in an old church — black pepper and resin mixed with white flowers, then soft leather with something earthy and leathery underneath..","Accords: mineral, metallic, rose. Notes: blood, bulgarian rose, incense, leather, olibanum, labdanum, animal notes, oakmoss. Profile: It smells like blood and leather at first, then mossy incense and powdery olibanum, with something earthy and slightly musky underneath..",8522
1598,mineral leather perfume,"Accords: mineral, rose, fresh spicy. Notes: metallic notes, black pepper, elemi resin, rose, geranium, green accord, incense, mineral notes. Profile: It smells like a leather jacket left in an old church — black pepper and resin mixed with white flowers, then soft leather with something earthy and leathery underneath..","Accords: mineral, salty, citrus. Notes: sea salt, mineral notes, citruses, jasmine, mastic or lentisque, coconut, pine tree, labdanum. Profile: It smells like salty sea water and mastic or lentisque, with a powdery base that's soft and slightly earthy..",4255
13880,earthy truffle perfume with vanilla and flowers,"Accords: earthy, white floral, woody. Notes: truffle, peach, bergamot, madagascar vanilla, tuberose, italian jasmine, patchouli, oakmoss. Profile: It smells like ripe peaches and vanilla at first, then settles into something earthy and slightly woody..","Accords: earthy, woody, mossy. Notes: mandarin orange, melon, jasmine, peach, ylang-ylang, oakmoss, vetiver. Profile: It smells like citrus peel and jasmine at first, then settles into something earthy and slightly mossy..",15934
13880,mossy forest floor with sweet peach,"Accords: earthy, white floral, woody. Notes: truffle, peach, bergamot, madagascar vanilla, tuberose, italian jasmine, patchouli, oakmoss. Profile: It smells like ripe peaches and vanilla at first, then settles into something earthy and slightly woody..","Accords: earthy, mossy, warm spicy. Notes: bergamot, rose, jasmine, citruses, peach, ylang-ylang, rose, lilac. Profile: It smells like a flower shop at dawn — sweet peaches and roses mixed with white flowers, then softened by powdery moss and warm wood..",12801
13880,dirty patchouli jasmine tuberose scent,"Accords: earthy, white floral, woody. Notes: truffle, peach, bergamot, madagascar vanilla, tuberose, italian jasmine, patchouli, oakmoss. Profile: It smells like ripe peaches and vanilla at first, then settles into something earthy and slightly woody..","Accords: earthy, white floral, woody. Notes: rose, ylang-ylang, freesia, gardenia, lily, plum, peach, jasmine. Profile: It smells like a rose garden at dawn — sweet roses and peaches mixed with powdery flowers, then settles into something earthy and slightly bitter..",10810
19632,light fruity perfume for summer,"Accords: fresh, musky, fruity. Notes: litchi, cassis, mandarin orange, water lily, peony, jasmine, ambroxan, praline. Profile: It smells like a flower shop at dawn — citrus peel mixed with white flowers, then softens into something earthy and slightly powdery..","Accords: fresh, floral, powdery. Notes: mountain air, bergamot blossom, green accord, freesia, peony, aldehydes, powdery notes, musk. Profile: It smells like fresh mountain air and bergamot blossoms at first, then soft peony and powdery wood, finishing with a warm amber base..",2077
19632,clean floral scent with vanilla,"Accords: fresh, musky, fruity. Notes: litchi, cassis, mandarin orange, water lily, peony, jasmine, ambroxan, praline. Profile: It smells like a flower shop at dawn — citrus peel mixed with white flowers, then softens into something earthy and slightly powdery..","Accords: fresh, aldehydic, ozonic. Notes: aldehydes, ozonic notes, watery notes, ginger, green notes, floral notes, mint, pepper. Profile: It smells like a perfumer's locker at dawn — sweet aldehydes mixed with powdery flowers, then dried herbs and resinous incense lingering in the air..",1954
19632,fresh sweet perfume not too heavy,"Accords: fresh, musky, fruity. Notes: litchi, cassis, mandarin orange, water lily, peony, jasmine, ambroxan, praline. Profile: It smells like a flower shop at dawn — citrus peel mixed with white flowers, then softens into something earthy and slightly powdery..","Accords: fresh, green, floral. Notes: citruses, green notes, watery notes, mint, peony, apple, rose, lily-of-the-valley. Profile: It smells like a flower shop next to an apple orchard, where dried peony leaves meet sweet flowers, with something earthy and slightly woody undertones..",39
3251,fresh ocean breeze cologne for summer,"Accords: aquatic, citrus, fresh. Notes: orange oil, ginger, watery notes, tea, musk, cedar, amber, patchouli. Profile: It smells like a coffee shop next to an old wooden tea room — sweet orange peel and citrus peel mixed with earthy spices, then softened by something powdery and slightly woody..","Accords: aquatic, ozonic, green. Notes: water notes, ozonic notes, green notes. Profile: It smells like fresh water and mud at first, then settles into something green and slightly earthy..",16070
3251,light watery tea and citrus perfume,"Accords: aquatic, citrus, fresh. Notes: orange oil, ginger, watery notes, tea, musk, cedar, amber, patchouli. Profile: It smells like a coffee shop next to an old wooden tea room — sweet orange peel and citrus peel mixed with earthy spices, then softened by something powdery and slightly woody..","Accords: aquatic, green, citrus. Notes: cucumber, lime, mint, bergamot, water notes, granny smith apple, lotus, rosemary. Profile: It smells like a fruit stand next to an apple orchard — sweet cucumber and mint mixed with powdery berries, then dry wood and mossy wood..",12176
3251,clean aquatic scent with ginger and cedar,"Accords: aquatic, citrus, fresh. Notes: orange oil, ginger, watery notes, tea, musk, cedar, amber, patchouli. Profile: It smells like a coffee shop next to an old wooden tea room — sweet orange peel and citrus peel mixed with earthy spices, then softened by something powdery and slightly woody..","Accords: aquatic, aromatic, marine. Notes: watery notes, ginger, bitter orange, rhubarb, fir, magnolia, cyclamen, seaweed. Profile: It smells like a florist's garden at dawn — citrus peel and rhubarb in the background, with something earthy and slightly sweet underneath..",3359
13820,fruity perfume with mango and spices,"Accords: mineral, leather, warm spicy. Notes: mango, saffron, lemon, pink pepper, violet leaf, ginger, osmanthus, orange blossom. Profile: It smells like a spice market at dawn — sweet mango and citrus peel mixed with white flowers, then softens into something earthy and slightly powdery..","Accords: mineral, salty, citrus. Notes: sea salt, mineral notes, citruses, jasmine, mastic or lentisque, coconut, pine tree, labdanum. Profile: It smells like salty sea water and mastic or lentisque, with a powdery base that's soft and slightly earthy..",4255
13820,clean mineral scent with soft suede,"Accords: mineral, leather, warm spicy. Notes: mango, saffron, lemon, pink pepper, violet leaf, ginger, osmanthus, orange blossom. Profile: It smells like a spice market at dawn — sweet mango and citrus peel mixed with white flowers, then softens into something earthy and slightly powdery..","Accords: mineral, salty, citrus. Notes: sea salt, mineral notes, citruses, jasmine, mastic or lentisque, coconut, pine tree, labdanum. Profile: It smells like salty sea water and mastic or lentisque, with a powdery base that's soft and slightly earthy..",4255
13820,bright citrus ginger fragrance for summer,"Accords: mineral, leather, warm spicy. Notes: mango, saffron, lemon, pink pepper, violet leaf, ginger, osmanthus, orange blossom. Profile: It smells like a spice market at dawn — sweet mango and citrus peel mixed with white flowers, then softens into something earthy and slightly powdery..","Accords: mineral, fresh spicy, ozonic. Notes: wasabi, violet leaf, mandarin orange, pear, pebbles, hedione, orris root, peony. Profile: It smells like ripe pear and orange peel at first, then settles into white flowers and resinous incense, finishing with a soft woody base..",8913
19661,cherry almond liqueur smell,"Accords: cherry, sweet, almond. Notes: cherry, sour cherry, almond, rum, black pepper, bergamot, ink, red wine. Profile: It smells like a fruit stand next to an old church — sweet cherry and almonds mixed with white flowers, then softened by something powdery and slightly earthy..","Accords: cherry, woody, smoky. Notes: sour cherry, saffron, leather, olive, chinese osmanthus, apricot, smoke, woody notes. Profile: It smells like a leather jacket left open in an old woodshop — sweet cherry and saffron mixed with earthy spice, then softens into something slightly woody..",14830
19661,spicy red wine and dark wood,"Accords: cherry, sweet, almond. Notes: cherry, sour cherry, almond, rum, black pepper, bergamot, ink, red wine. Profile: It smells like a fruit stand next to an old church — sweet cherry and almonds mixed with white flowers, then softened by something powdery and slightly earthy..","Accords: cherry, sweet, almond. Notes: bitter almond, black cherry, cherry liqueur, sour cherry, plum, turkish rose, jasmine sambac, vanilla. Profile: It smells like a spice market at dawn — sweet almonds and cherry blossoms mixed with powdered sugar, then soft vanilla and smoky wood..",16026
19661,sweet cherry with warm vanilla and musk,"Accords: cherry, sweet, almond. Notes: cherry, sour cherry, almond, rum, black pepper, bergamot, ink, red wine. Profile: It smells like a fruit stand next to an old church — sweet cherry and almonds mixed with white flowers, then softened by something powdery and slightly earthy..","Accords: cherry, sweet, nutty. Notes: sour cherry, wheat, red apple, jasmine, beeswax, lavender, cherry, heliotrope. Profile: It smells like sweet cherry and white flowers at first, then soft beeswax and honey, finishing with something earthy and slightly musky..",21688
13729,licorice vanilla perfume,"Accords: anis, soft spicy, powdery. Notes: star anise, bergamot, brazilian rosewood, caraway, fennel, iris, jasmine, vanilla. Profile: It smells like a flower shop next to an antique jewelry store — sweet citrus peel and white flowers mixed with powdery vanilla, finishing with something earthy and slightly floral..","Accords: anis, soft spicy, tobacco. Notes: star anise, tobacco, amber, leather. Profile: It smells like a leather jacket left in an old leather store — sweet tobacco and tobacco smoke mixed with leather..",18394
13729,spicy fennel and bergamot scent,"Accords: anis, soft spicy, powdery. Notes: star anise, bergamot, brazilian rosewood, caraway, fennel, iris, jasmine, vanilla. Profile: It smells like a flower shop next to an antique jewelry store — sweet citrus peel and white flowers mixed with powdery vanilla, finishing with something earthy and slightly floral..","Accords: anis, soft spicy, fresh spicy. Notes: star anise, pomelo, black pepper, geranium, iris, incense, patchouli, haitian vetiver. Profile: It smells like a spice market at dawn — sweet citrus peel mixed with powdery incense, with something earthy and slightly spicy lurking in the air..",8749
13729,warm anise musk fragrance,"Accords: anis, soft spicy, powdery. Notes: star anise, bergamot, brazilian rosewood, caraway, fennel, iris, jasmine, vanilla. Profile: It smells like a flower shop next to an antique jewelry store — sweet citrus peel and white flowers mixed with powdery vanilla, finishing with something earthy and slightly floral..","Accords: anis, soft spicy, fresh spicy. Notes: star anise, pomelo, black pepper, geranium, iris, incense, patchouli, haitian vetiver. Profile: It smells like a spice market at dawn — sweet citrus peel mixed with powdery incense, with something earthy and slightly spicy lurking in the air..",8749
8457,soft leather jacket with lemon and vanilla,"Accords: herbal, leather, aromatic. Notes: artemisia, incense, lemon, leather, chamomile, apricot, iris, vanilla. Profile: It smells like a leather jacket left open in an old church — dried herbs mixed with white flowers, then softens into something powdery and slightly woody..","Accords: herbal, fresh spicy, green. Notes: chamomile, acai berry, lavender, violet leaf, cumin, beeswax, marigold, nard himalayan (jatamansi). Profile: It smells like a flower shop at dawn — chamomile and lavender mixed with powdered beeswax, then softens into something earthy and slightly sweet..",3323
8457,herbal tea with incense and warm musk,"Accords: herbal, leather, aromatic. Notes: artemisia, incense, lemon, leather, chamomile, apricot, iris, vanilla. Profile: It smells like a leather jacket left open in an old church — dried herbs mixed with white flowers, then softens into something powdery and slightly woody..","Accords: herbal, woody, floral. Notes: chamomile, bitter almond, musk, indian jasmine, jasmine, sandalwood, cedar, vanilla. Profile: It smells like chamomile and mint at first, then soft jasmine and vanilla, with a hint of powdery wood underneath..",4982
8457,chamomile apricot perfume with woody base,"Accords: herbal, leather, aromatic. Notes: artemisia, incense, lemon, leather, chamomile, apricot, iris, vanilla. Profile: It smells like a leather jacket left open in an old church — dried herbs mixed with white flowers, then softens into something powdery and slightly woody..","Accords: herbal, white floral, citrus. Notes: orange, jasmine, artemisia. Profile: It smells like orange peel and jasmine at first, then settles into something earthy and slightly sweet..",8545
8094,fresh cucumber water scent,"Accords: aquatic, ozonic, green. Notes: cucumber, mandarin orange, cassia, water hyacinth, carrot, white woods, sandalwood. Profile: It smells like a spice market at dawn — sweet cucumbers and orange peel mixed with watery hyacinths, then soft woods with something earthy and slightly woody..","Accords: aquatic, fresh, floral. Notes: pear, violet leaf, cassis, water lily, lily-of-the-valley, rose, sandalwood, musk. Profile: It smells like dried pear and roses at first, then settles into soft musk and warm wood..",6851
8094,light citrus aquatic perfume,"Accords: aquatic, ozonic, green. Notes: cucumber, mandarin orange, cassia, water hyacinth, carrot, white woods, sandalwood. Profile: It smells like a spice market at dawn — sweet cucumbers and orange peel mixed with watery hyacinths, then soft woods with something earthy and slightly woody..","Accords: aquatic, ozonic, floral. Notes: mineral notes, violet leaves, quince, lotus, violet, jasmine, seaweed, musk. Profile: It smells like a garden shed left open in the middle of the ocean, where white flowers meet seaweed, with something earthy and slightly woody underneath..",7735
8094,clean watery floral fragrance,"Accords: aquatic, ozonic, green. Notes: cucumber, mandarin orange, cassia, water hyacinth, carrot, white woods, sandalwood. Profile: It smells like a spice market at dawn — sweet cucumbers and orange peel mixed with watery hyacinths, then soft woods with something earthy and slightly woody..","Accords: aquatic, ozonic, floral. Notes: mineral notes, violet leaves, quince, lotus, violet, jasmine, seaweed, musk. Profile: It smells like a garden shed left open in the middle of the ocean, where white flowers meet seaweed, with something earthy and slightly woody underneath..",7735
8293,rose perfume with vanilla and musk,"Accords: rose, floral, fresh. Notes: cassia, lemon verbena, star anise, rose, peony, magnolia, taif rose, musk. Profile: It smells like a flower shop at dawn — sweet citrus and roses mixed with powdery flowers, then soft vanilla and musk..","Accords: rose, floral, musky. Notes: rose hip, violet leaf, neroli, bergamot, damask rose, lily-of-the-valley, peony, white musk. Profile: It smells like a rose garden at dawn — white flowers blooming in the breeze, with something sweet and slightly earthy underneath..",15750
8293,fresh floral spicy rose scent,"Accords: rose, floral, fresh. Notes: cassia, lemon verbena, star anise, rose, peony, magnolia, taif rose, musk. Profile: It smells like a flower shop at dawn — sweet citrus and roses mixed with powdery flowers, then soft vanilla and musk..","Accords: rose, musky, powdery. Notes: orange, pink pepper, turkey red rose, iris, musk, cedar. Profile: It smells like orange peel and spice at first, then iris and resin, with a soft, slightly woody base..",3127
8293,walking through a rose garden spring morning,"Accords: rose, floral, fresh. Notes: cassia, lemon verbena, star anise, rose, peony, magnolia, taif rose, musk. Profile: It smells like a flower shop at dawn — sweet citrus and roses mixed with powdery flowers, then soft vanilla and musk..","Accords: rose, green, aromatic. Notes: cassia, bergamot, green notes, rose, jasmine, sandalwood, vanilla. Profile: It smells like a florist's pantry full of rose petals and bergamot, with something earthy and slightly floral lurking in the background..",4936
6892,sweet mango and jasmine perfume,"Accords: tropical, vanilla, fruity. Notes: mango, bergamot, jasmine, olibanum, vanilla, sandalwood. Profile: It smells like a tropical fruit stand next to an old wooden furniture store — sweet mango and jasmine mixed with powdery sandalwood, finishing with something earthy and slightly woody..","Accords: tropical, sweet, fruity. Notes: mango, orange, lavender, tyger lily, musk, cedar. Profile: It smells like sweet mango and orange peel at first, then soft lavender and woody musk, finishing with something earthy and slightly powdery..",20961
6892,tropical vacation sunscreen smell,"Accords: tropical, vanilla, fruity. Notes: mango, bergamot, jasmine, olibanum, vanilla, sandalwood. Profile: It smells like a tropical fruit stand next to an old wooden furniture store — sweet mango and jasmine mixed with powdery sandalwood, finishing with something earthy and slightly woody..","Accords: tropical, sweet, fruity. Notes: mango, guava, hibiscus, mai tai cocktail, sea notes, driftwood, ylang-ylang, sandalwood. Profile: It smells like fresh mango and guava juice at first, then driftwood and soft wood, finishing with something earthy and slightly musky..",10224
6892,warm vanilla sandalwood beach fragrance,"Accords: tropical, vanilla, fruity. Notes: mango, bergamot, jasmine, olibanum, vanilla, sandalwood. Profile: It smells like a tropical fruit stand next to an old wooden furniture store — sweet mango and jasmine mixed with powdery sandalwood, finishing with something earthy and slightly woody..","Accords: tropical, fruity, green. Notes: green leaves, guava, passionfruit, papaya, grapefruit, mango, mandarin orange, lily-of-the-valley. Profile: It smells like citrus peel and mango at first, then white flowers and roses, finishing with a powdery, slightly earthy base..",5059
1968,fresh rain and wet grass perfume,"Accords: aquatic, woody, green. Notes: green notes, bergamot, pink pepper, watery notes, rain notes, turkish rose, jasmine, pine tree. Profile: It smells like a garden shed left open in the rain, with something powdery and slightly earthy settling into the air..","Accords: aquatic, ozonic, fruity. Notes: goji berries, pear, almond blossom, watermelon, violet, cyclamen, jasmine, peony. Profile: It smells like ripe pear and watermelon at first, then soft white flowers with a hint of powdery wood underneath..",1217
1968,clean water with jasmine and moss,"Accords: aquatic, woody, green. Notes: green notes, bergamot, pink pepper, watery notes, rain notes, turkish rose, jasmine, pine tree. Profile: It smells like a garden shed left open in the rain, with something powdery and slightly earthy settling into the air..","Accords: aquatic, fruity, fresh. Notes: pear, cascalone, ambrette (musk mallow), egyptian jasmine, narcissus, ylang-ylang, patchouli, moss. Profile: It smells like sweet pear and citrus peel at first, then soft musk and powdery florals, finishing with something earthy and slightly mossy..",10303
1968,ocean breeze with pink pepper and bergamot,"Accords: aquatic, woody, green. Notes: green notes, bergamot, pink pepper, watery notes, rain notes, turkish rose, jasmine, pine tree. Profile: It smells like a garden shed left open in the rain, with something powdery and slightly earthy settling into the air..","Accords: aquatic, salty, citrus. Notes: watery notes, bergamot, sea salt, narcissus, musk, woodsy notes, amber. Profile: It smells like salty water and bergamot at first, then soft musk with a hint of sea salt, finishing with something earthy and woody..",6467
12325,chocolate vanilla perfume with flowers,"Accords: chocolate, sweet, musky. Notes: chocolate, plum, bergamot, iris, ambrette (musk mallow), osmanthus, jasmine, rose. Profile: It smells like sweet chocolate and powdered roses at first, then soft leather and moss, finishing with a warm, slightly earthy base..","Accords: chocolate, sweet, nutty. Notes: dark chocolate, italian mandarin, brazilian orange, hazelnut, amberwood, tahitian vanilla, musk, ambergris. Profile: It smells like dark chocolate and citrus peel at first, then warm vanilla and musk, finishing with a soft, slightly powdery base..",9799
12325,rich dark chocolate and leather scent,"Accords: chocolate, sweet, musky. Notes: chocolate, plum, bergamot, iris, ambrette (musk mallow), osmanthus, jasmine, rose. Profile: It smells like sweet chocolate and powdered roses at first, then soft leather and moss, finishing with a warm, slightly earthy base..","Accords: chocolate, powdery, sweet. Notes: peach, black currant, mandarin orange, bergamot, dark chocolate, rose, violet, vanilla. Profile: It smells like ripe peaches and orange peel at first, then dark chocolate and white flowers, finishing with a hint of vanilla and powdery musk..",856
12325,sweet plum and musky chocolate fragrance,"Accords: chocolate, sweet, musky. Notes: chocolate, plum, bergamot, iris, ambrette (musk mallow), osmanthus, jasmine, rose. Profile: It smells like sweet chocolate and powdered roses at first, then soft leather and moss, finishing with a warm, slightly earthy base..","Accords: chocolate, warm spicy, citrus. Notes: blood orange, calabrian bergamot, dark chocolate, coffee, madagascar vanilla, pancake, maple sap. Profile: It smells like sweet orange peel and bergamot at first, then dark chocolate and vanilla, with a hint of vanilla sweetness underneath..",10465
4492,sweet white flowers for summer wedding,"Accords: white floral, tuberose, citrus. Notes: orange blossom, bergamot, tuberose, indian jasmine, madagascar vanilla, white musk, virginian cedar. Profile: It smells like orange blossoms and bergamot at first, then vanilla and white musk, with a warm, slightly woody base..","Accords: white floral, woody, sweet. Notes: bergamot, ylang-ylang, raspberry, gardenia, orange blossom, tuberose, lily, jasmine. Profile: It smells like a flower shop at dawn — bergamot and white flowers mixed with powdery roses, then soft wood and warm wood..",14506
4492,jasmine and orange blossom perfume,"Accords: white floral, tuberose, citrus. Notes: orange blossom, bergamot, tuberose, indian jasmine, madagascar vanilla, white musk, virginian cedar. Profile: It smells like orange blossoms and bergamot at first, then vanilla and white musk, with a warm, slightly woody base..","Accords: white floral, citrus, powdery. Notes: neroli, bitter orange, petitgrain, bergamot, jasmine, violet, ylang-ylang, orange blossom. Profile: It smells like citrus peel and orange peel at first, then white flowers, finishing with a hint of vanilla and powdery incense..",8634
4492,creamy vanilla tuberose scent,"Accords: white floral, tuberose, citrus. Notes: orange blossom, bergamot, tuberose, indian jasmine, madagascar vanilla, white musk, virginian cedar. Profile: It smells like orange blossoms and bergamot at first, then vanilla and white musk, with a warm, slightly woody base..","Accords: white floral, sweet, tuberose. Notes: orange blossom, egyptian jasmine, turkish rose, tuberose, ylang-ylang, nutmeg, musk, cedar. Profile: It smells like a florist's closet full of orange blossoms and jasmine at first, then settles into something earthy and slightly powdery..",15524
20140,warm spicy vanilla with cloves,"Accords: balsamic, vanilla, woody. Notes: cloves, pink pepper, orange blossom, chestnut, guaiac wood, juniper, vanilla, peru balsam. Profile: It smells like a spice market at dawn — sweet cloves and orange blossoms mixed with powdery wood, then softened by something creamy and slightly earthy..","Accords: balsamic, aromatic, amber. Notes: absinthe, bergamot, lemon, peru balsam, orange blossom, spices, carnation, musk. Profile: It smells like a perfumer's closet at dawn — sweet citrus peel mixed with white flowers, then softens into something earthy and slightly powdery..",5667
20140,cozy sweater smell with sweet wood,"Accords: balsamic, vanilla, woody. Notes: cloves, pink pepper, orange blossom, chestnut, guaiac wood, juniper, vanilla, peru balsam. Profile: It smells like a spice market at dawn — sweet cloves and orange blossoms mixed with powdery wood, then softened by something creamy and slightly earthy..","Accords: balsamic, aromatic, amber. Notes: absinthe, bergamot, lemon, peru balsam, orange blossom, spices, carnation, musk. Profile: It smells like a perfumer's closet at dawn — sweet citrus peel mixed with white flowers, then softens into something earthy and slightly powdery..",5667
20140,walking through a spice market in fall,"Accords: balsamic, vanilla, woody. Notes: cloves, pink pepper, orange blossom, chestnut, guaiac wood, juniper, vanilla, peru balsam. Profile: It smells like a spice market at dawn — sweet cloves and orange blossoms mixed with powdery wood, then softened by something creamy and slightly earthy..","Accords: balsamic, aromatic, amber. Notes: absinthe, bergamot, lemon, peru balsam, orange blossom, spices, carnation, musk. Profile: It smells like a perfumer's closet at dawn — sweet citrus peel mixed with white flowers, then softens into something earthy and slightly powdery..",5667
16489,spicy incense and leather smell,"Accords: amber, balsamic, fresh spicy. Notes: oregano, pepper, bergamot, incense, opoponax, amber, labdanum, agarwood (oud). Profile: It smells like a leather jacket left in an old church — powdery and sweet, with something faintly earthy underneath..","Accords: amber, fresh spicy, woody. Notes: pepper, apple, incense, neroli, rose, lily-of-the-valley, cedar, vetiver. Profile: It smells like a spice market at dawn — sweet pepper and apple juice mixed with resinous incense, then dried roses and soft wood..",15978
16489,warm amber oud sandalwood,"Accords: amber, balsamic, fresh spicy. Notes: oregano, pepper, bergamot, incense, opoponax, amber, labdanum, agarwood (oud). Profile: It smells like a leather jacket left in an old church — powdery and sweet, with something faintly earthy underneath..","Accords: amber, citrus, animalic. Notes: lemon, black pepper, bergamot, orange blossom, artemisia, violet leaf, ambergris, woody notes. Profile: It smells like citrus peel and black pepper at first, then white flowers with a hint of powdery wood and soft leather underneath..",16860
16489,peppery church incense with wood,"Accords: amber, balsamic, fresh spicy. Notes: oregano, pepper, bergamot, incense, opoponax, amber, labdanum, agarwood (oud). Profile: It smells like a leather jacket left in an old church — powdery and sweet, with something faintly earthy underneath..","Accords: amber, powdery, fresh spicy. Notes: violet, pink pepper, caraway, bergamot, verbena, tuscan iris, bulgarian rose, black pepper. Profile: It smells like a leather jacket left in an old church — sweet violets and white flowers mixed with powdery spices, then soft leather with something earthy and slightly spiced..",13208
10878,soft powdery floral perfume for spring,"Accords: powdery, floral, iris. Notes: pink pepper, african orange flower, iris, lilac, hyacinth, heliotrope, wisteria, powdery notes. Profile: It smells like a flower shop next to an antique store — sweet peppercorns and white flowers mixed with powdery flowers, then soft musk and dry wood..","Accords: powdery, violet, woody. Notes: raspberry, violet, iris, patchouli, cedar, vanilla. Profile: It smells like a spice market at dawn — sweet raspberries and violets mixed with white flowers, then soft vanilla and powdery wood..",954
10878,clean iris and musk scent,"Accords: powdery, floral, iris. Notes: pink pepper, african orange flower, iris, lilac, hyacinth, heliotrope, wisteria, powdery notes. Profile: It smells like a flower shop next to an antique store — sweet peppercorns and white flowers mixed with powdery flowers, then soft musk and dry wood..","Accords: powdery, violet, fruity. Notes: raspberry, freesia, mandarin orange, cassis, violet, iris, mimosa, ylang-ylang. Profile: It smells like ripe raspberries and orange peel at first, then creamy white flowers with a soft vanilla-ylang-musk base..",8196
10878,smells like fresh laundry and baby powder,"Accords: powdery, floral, iris. Notes: pink pepper, african orange flower, iris, lilac, hyacinth, heliotrope, wisteria, powdery notes. Profile: It smells like a flower shop next to an antique store — sweet peppercorns and white flowers mixed with powdery flowers, then soft musk and dry wood..","Accords: powdery, violet, woody. Notes: raspberry, violet, iris, patchouli, cedar, vanilla. Profile: It smells like a spice market at dawn — sweet raspberries and violets mixed with white flowers, then soft vanilla and powdery wood..",954
10921,sweet vanilla caramel perfume for women,"Accords: sweet, white floral, caramel. Notes: wild berries, mandarin orange, gardenia, honeysuckle, jasmine, caramel, praline, vanilla. Profile: It smells like sweet berries and citrus peel at first, then soft vanilla and white flowers, finishing with something earthy and slightly woody..","Accords: sweet, white floral, yellow floral. Notes: violet leaf, neroli, brazilian rosewood, lemon, mimosa, gardenia, plum, melon. Profile: It smells like ripe peaches and citrus peel at first, then soft vanilla and powdery flowers, finishing with a warm woody base..",18607
10921,fruity berry and orange blossom scent,"Accords: sweet, white floral, caramel. Notes: wild berries, mandarin orange, gardenia, honeysuckle, jasmine, caramel, praline, vanilla. Profile: It smells like sweet berries and citrus peel at first, then soft vanilla and white flowers, finishing with something earthy and slightly woody..","Accords: sweet, almond, cherry. Notes: red apple, calabrian mandarin, cherry, orris root, orchid, gardenia, rose, almond. Profile: It smells like a fruit stand next to an apple orchard, with something sweet and earthy lurking in the background..",286
10921,warm honeysuckle jasmine fragrance,"Accords: sweet, white floral, caramel. Notes: wild berries, mandarin orange, gardenia, honeysuckle, jasmine, caramel, praline, vanilla. Profile: It smells like sweet berries and citrus peel at first, then soft vanilla and white flowers, finishing with something earthy and slightly woody..","Accords: sweet, woody, yellow floral. Notes: palisander rosewood, yuzu, pink grapefruit, peach, ylang-ylang, rose, spun sugar, tonka bean. Profile: It smells like ripe peaches and citrus peel at first, then settles into something earthy and slightly sweet..",3210
20701,woody oud perfume with citrus,"Accords: oud, amber, aromatic. Notes: rosemary, mandarin orange, bergamot, agarwood (oud), vetiver, amber, musk. Profile: It smells like citrus peel and orange peel at first, then soft wood and a hint of powdery amber..","Accords: oud, warm spicy, citrus. Notes: citruses, cardamom, praline, vanilla, oud, sandalwood, patchouli. Profile: It smells like a spice market at dawn — sweet citrus and cardamom mixed with powdery vanilla, finishing with something earthy and slightly woody..",18864
20701,amber musk vetiver men's cologne,"Accords: oud, amber, aromatic. Notes: rosemary, mandarin orange, bergamot, agarwood (oud), vetiver, amber, musk. Profile: It smells like citrus peel and orange peel at first, then soft wood and a hint of powdery amber..","Accords: oud, warm spicy, amber. Notes: clary sage, pink pepper, rose, cinnamon, orange, oud, incense, guaiac wood. Profile: It smells like sweet sage and rose petals at first, then warm vanilla and resinous wood, finishing with something earthy and slightly floral..",18233
20701,dark wood scent with orange and herbs,"Accords: oud, amber, aromatic. Notes: rosemary, mandarin orange, bergamot, agarwood (oud), vetiver, amber, musk. Profile: It smells like citrus peel and orange peel at first, then soft wood and a hint of powdery amber..","Accords: oud, musky, woody. Notes: cambodian oud, musk, indian oud. Profile: It smells like a leather jacket left in an old wooden cabinet, with something earthy and slightly musky underneath..",20883
15020,fresh cut grass and white flowers,"Accords: green, earthy, woody. Notes: galbanum, hiacynth, bergamot, neroli, iris, orris root, rose, lily-of-the-valley. Profile: It smells like a florist's closet full of roses and flowers, with something earthy and slightly floral lurking in the background..","Accords: green, fresh, woody. Notes: orange, fig leaf, galbanum, virginia cedar. Profile: It smells like orange peel and fig leaf at first, then greenery, with something earthy and slightly woody underneath..",17891
15020,green leafy perfume with iris and rose,"Accords: green, earthy, woody. Notes: galbanum, hiacynth, bergamot, neroli, iris, orris root, rose, lily-of-the-valley. Profile: It smells like a florist's closet full of roses and flowers, with something earthy and slightly floral lurking in the background..","Accords: green, floral, fruity. Notes: green tea, bamboo, mango, pomegranate, lotus, rose petals, osmanthus, grass. Profile: It smells like sweet green tea and pomegranate juice at first, then settles into something earthy and slightly powdery..",6148
15020,spring garden after rain smell,"Accords: green, earthy, woody. Notes: galbanum, hiacynth, bergamot, neroli, iris, orris root, rose, lily-of-the-valley. Profile: It smells like a florist's closet full of roses and flowers, with something earthy and slightly floral lurking in the background..","Accords: green, floral, rose. Notes: apple, green leaves, hyacinth, white rose, sandalowood, musk. Profile: It smells like an apple orchard at first, then settles into something earthy and slightly woody..",10779
3694,spicy smoky leather jacket smell,"Accords: smoky, woody, leather. Notes: black pepper, sicilian mandarin, cassis, indian saffron, lotus, smoke, woody notes, leather. Profile: It smells like a spice market at dawn — peppery spices mixed with smoky leather, with something earthy and slightly leathery underneath..","Accords: smoky, amber, fresh spicy. Notes: incense, black pepper, olibanum, birch, licorice, leather, pepperwood or hercules club, cedar. Profile: It smells like burning incense at first, then softens into something earthy and slightly leathery..",20441
3694,black pepper smoke with citrus,"Accords: smoky, woody, leather. Notes: black pepper, sicilian mandarin, cassis, indian saffron, lotus, smoke, woody notes, leather. Profile: It smells like a spice market at dawn — peppery spices mixed with smoky leather, with something earthy and slightly leathery underneath..","Accords: smoky, amber, fresh spicy. Notes: incense, black pepper, olibanum, birch, licorice, leather, pepperwood or hercules club, cedar. Profile: It smells like burning incense at first, then softens into something earthy and slightly leathery..",20441
3694,smoky woody fragrance with saffron,"Accords: smoky, woody, leather. Notes: black pepper, sicilian mandarin, cassis, indian saffron, lotus, smoke, woody notes, leather. Profile: It smells like a spice market at dawn — peppery spices mixed with smoky leather, with something earthy and slightly leathery underneath..","Accords: smoky, woody, aromatic. Notes: smoke, gunpowder, lime, sea water, brandy, balsam fir, cedar, amber. Profile: It smells like a fisherman's cabin next to the ocean, with something earthy and slightly powdery lingering in the air..",2855
17993,sweet caramel vanilla perfume for women,"Accords: caramel, vanilla, sweet. Notes: wild berries, gardenia, lily of the valley, honeysuckle, jasmine sambac, vanilla orchid, caramel, vanilla. Profile: It smells like a florist's pantry full of wild berries and honeysuckle at first, then settles into something sweet and earthy with an exotic woody base..","Accords: caramel, warm spicy, amber. Notes: nutmeg, mandarin orange, herbal notes, pink pepper, cardamom, caramel, cinnamon, coffee. Profile: It smells like a coffee shop at dawn — sweet almonds and spiced coffee mixed with powdery vanilla, then settled into something slightly sweet and earthy..",16535
17993,honeysuckle jasmine with warm vanilla scent,"Accords: caramel, vanilla, sweet. Notes: wild berries, gardenia, lily of the valley, honeysuckle, jasmine sambac, vanilla orchid, caramel, vanilla. Profile: It smells like a florist's pantry full of wild berries and honeysuckle at first, then settles into something sweet and earthy with an exotic woody base..","Accords: caramel, fruity, sweet. Notes: apple, raspberry, passionfruit, cherry, lily-of-the-valley, magnolia, rose, apricot. Profile: It smells like ripe apples and raspberries at first, then soft roses and caramel, finishing with something earthy and slightly sweet..",5517
17993,candy like floral perfume creamy,"Accords: caramel, vanilla, sweet. Notes: wild berries, gardenia, lily of the valley, honeysuckle, jasmine sambac, vanilla orchid, caramel, vanilla. Profile: It smells like a florist's pantry full of wild berries and honeysuckle at first, then settles into something sweet and earthy with an exotic woody base..","Accords: caramel, woody, sweet. Notes: caramel, bulgarian rose, australian sandalwood, musk, himalayan cedar. Profile: It smells like warm caramel and rose petals at first, then soft sandalwood and musk, finishing with a hint of earthy wood..",9056
3866,warm vanilla amber perfume for winter,"Accords: amber, warm spicy, woody. Notes: vanilla, basil, bergamot, mandarin orange, green notes, peach, lemon, spices. Profile: It smells like a spice market at dawn — citrus peel and peach blossoms mixed with white flowers, with something earthy and slightly sweet underneath..","Accords: amber, woody, aldehydic. Notes: aldehydes, ylang-ylang, rose, vanilla, labdanum, amber, cedar. Profile: It smells like a perfumer's closet at dawn — powdery florals mixed with white flowers, then softened by something earthy and slightly sweet..",2084
3866,spicy citrus with sandalwood and musk,"Accords: amber, warm spicy, woody. Notes: vanilla, basil, bergamot, mandarin orange, green notes, peach, lemon, spices. Profile: It smells like a spice market at dawn — citrus peel and peach blossoms mixed with white flowers, with something earthy and slightly sweet underneath..","Accords: amber, vanilla, warm spicy. Notes: bergamot, iris, jasmine, tonka bean, benzoin, sandalwood. Profile: It smells like a perfumer's closet at dawn — bergamot and iris mixed with jasmine, then softens into something earthy and slightly woody..",20240
3866,cozy incense vanilla smell like church candles,"Accords: amber, warm spicy, woody. Notes: vanilla, basil, bergamot, mandarin orange, green notes, peach, lemon, spices. Profile: It smells like a spice market at dawn — citrus peel and peach blossoms mixed with white flowers, with something earthy and slightly sweet underneath..","Accords: amber, warm spicy, floral. Notes: artemisia, mandarin orange, osmanthus, tonka bean, rose, jasmine, benzoin, incense. Profile: It smells like citrus peel and orange peel at first, then rose petals and jasmine, finishing with something earthy and slightly sweet..",10637
6128,sweet licorice and vanilla perfume,"Accords: soft spicy, anis, vanilla. Notes: star anise, mandarin orange, licorice, jasmine, gardenia, vanille, amber, woodsy notes. Profile: It smells like sweet orange peel and citrus peel at first, then white flowers with a hint of vanilla and woodsy notes..","Accords: soft spicy, caramel, sweet. Notes: licorice, grapefruit, apple, spices, jasmine sambac, caramel, amber. Profile: It smells like licorice and citrus peel at first, then caramelized sugar, finishing with a soft, slightly powdery finish..",9488
6128,warm spicy amber and white flowers,"Accords: soft spicy, anis, vanilla. Notes: star anise, mandarin orange, licorice, jasmine, gardenia, vanille, amber, woodsy notes. Profile: It smells like sweet orange peel and citrus peel at first, then white flowers with a hint of vanilla and woodsy notes..","Accords: soft spicy, sweet, anis. Notes: anise, bergamot, licorice, iris, tonka bean, vanilla, praline, musk. Profile: It smells like a spice market at dawn — citrus peel mixed with licorice and vanilla, then softens into something powdery and slightly sweet..",10933
6128,mandarin orange jasmine woody scent,"Accords: soft spicy, anis, vanilla. Notes: star anise, mandarin orange, licorice, jasmine, gardenia, vanille, amber, woodsy notes. Profile: It smells like sweet orange peel and citrus peel at first, then white flowers with a hint of vanilla and woodsy notes..","Accords: soft spicy, rose, musky. Notes: orange blossom, rose, pink pepper, licorice, musk. Profile: It smells like fresh orange blossoms and roses at first, then soft licorice and powdery musk..",8776
7053,sweet popcorn and cotton candy perfume,"Accords: nutty, woody, sweet. Notes: pistachio, cotton candy, popcorn, walnut, hazelnut, violet. Profile: It smells like sweet pistachios and candy at first, then dark chocolate and white flowers, with a faint sweetness that's soft and slightly earthy..","Accords: nutty, sweet, woody. Notes: cherry, pomegranate, pink pepper, lemon, grapefruit, apple, pear, litchi. Profile: It smells like a fruit stand next to an apple orchard, where dried fruit is mixed with powdered sugar, then settles into something sweet and slightly earthy..",14810
7053,nutty hazelnut pistachio scent,"Accords: nutty, woody, sweet. Notes: pistachio, cotton candy, popcorn, walnut, hazelnut, violet. Profile: It smells like sweet pistachios and candy at first, then dark chocolate and white flowers, with a faint sweetness that's soft and slightly earthy..","Accords: nutty, fruity, almond. Notes: almond, walnut, butter, fruity notes, floral notes, woody notes. Profile: It smells like sweet almonds and butter at first, then soft wood and earthy notes, finishing with a warm, woody base..",12511
7053,violet flower with roasted nuts fragrance,"Accords: nutty, woody, sweet. Notes: pistachio, cotton candy, popcorn, walnut, hazelnut, violet. Profile: It smells like sweet pistachios and candy at first, then dark chocolate and white flowers, with a faint sweetness that's soft and slightly earthy..","Accords: nutty, floral, sweet. Notes: cherry, green apple, bergamot, almond blossom, macadamia, mimosa, flower petals, jasmine. Profile: It smells like a fruit stand next to an apple orchard, where white flowers meet sweet almonds, with something earthy and slightly woody lingering in the air..",11280
8938,fresh clean ocean water cologne,"Accords: aquatic, almond, woody. Notes: watery notes, almond, spices, neroli, coumarin, vetiver, patchouli. Profile: It smells like dried almonds and apricots at first, then soft musk and powdery neroli, finishing with something earthy and slightly sweet..","Accords: aquatic, citrus, ozonic. Notes: bergamot, mandarin orange, water notes, violet leaf, cardamom, birch, vetiver, amber. Profile: It smells like citrus peel and orange peel at first, then white flowers with a hint of powdery amber underneath..",4149
8938,almond and spices with sea breeze,"Accords: aquatic, almond, woody. Notes: watery notes, almond, spices, neroli, coumarin, vetiver, patchouli. Profile: It smells like dried almonds and apricots at first, then soft musk and powdery neroli, finishing with something earthy and slightly sweet..","Accords: aquatic, fresh, aromatic. Notes: pink pepper, citruses, water notes, geranium, vetiver, amber, patchouli. Profile: It smells like powdery pepper and citrus peel at first, then warm vetiver and amber, with a faint earthy undertone..",9260
8938,aquatic vetiver for summer beach days,"Accords: aquatic, almond, woody. Notes: watery notes, almond, spices, neroli, coumarin, vetiver, patchouli. Profile: It smells like dried almonds and apricots at first, then soft musk and powdery neroli, finishing with something earthy and slightly sweet..","Accords: aquatic, fresh spicy, lavender. Notes: watery notes, lavender, bergamot, bay leaf, jasmine, amber, sandalwood, patchouli. Profile: It smells like fresh lavender and lavender at first, then creamy sandalwood with a soft woody base..",6405
20487,spicy ginger cologne for men,"Accords: warm spicy, citrus, aromatic. Notes: ginger, bergamot, lemon, spices, violet leaf, white pepper, basil, tonka bean. Profile: It smells like a spice market at dawn — citrus peel mixed with powdery white flowers, then softens into something earthy and slightly sweet..","Accords: warm spicy, woody, fresh spicy. Notes: bergamot, citron, cardamom, lavender, nutmeg, clove, rosemary, pink pepper. Profile: It smells like a spice market at dawn — citrus peel and cardamom mixed with powdery spices, then softens into something earthy and slightly sweet..",9147
20487,fresh lemon pepper and herbs fragrance,"Accords: warm spicy, citrus, aromatic. Notes: ginger, bergamot, lemon, spices, violet leaf, white pepper, basil, tonka bean. Profile: It smells like a spice market at dawn — citrus peel mixed with powdery white flowers, then softens into something earthy and slightly sweet..","Accords: warm spicy, fresh spicy, cinnamon. Notes: apple, black pepper, bergamot, cinnamon, cardamom, chestnut, musk, vetiver. Profile: It smells like ripe apple and cinnamon at first, then sweet cardamom and spice, finishing with something earthy and slightly powdery..",7706
20487,warm woody scent with bergamot and cedar,"Accords: warm spicy, citrus, aromatic. Notes: ginger, bergamot, lemon, spices, violet leaf, white pepper, basil, tonka bean. Profile: It smells like a spice market at dawn — citrus peel mixed with powdery white flowers, then softens into something earthy and slightly sweet..","Accords: warm spicy, woody, cacao. Notes: star anise, bergamot, elemi, lemon, pepper, cacao pod, sandalwood, smoke. Profile: It smells like a coffee shop next to an old wooden tearoom — sweet citrus peel mixed with powdered sugar, then settling into something earthy and slightly floral..",21403
12460,fresh tea with lemon and berries,"Accords: fresh, floral, citrus. Notes: tea, cranberry, amalfi lemon, peony, jasmine, water lily, woodsy notes, patchouli. Profile: It smells like sweet tea and cranberries at first, then settles into something earthy and slightly floral with a hint of powdery sweetness..","Accords: fresh, aquatic, fruity. Notes: green apple, water notes, lemon, wild orchid, jasmine, magnolia, vanilla, sandalwood. Profile: It smells like a fruit stand next to an apple orchard — fresh apple juice mixed with white flowers, then soft vanilla and warm wood..",4767
12460,light floral perfume with jasmine and water lily,"Accords: fresh, floral, citrus. Notes: tea, cranberry, amalfi lemon, peony, jasmine, water lily, woodsy notes, patchouli. Profile: It smells like sweet tea and cranberries at first, then settles into something earthy and slightly floral with a hint of powdery sweetness..","Accords: fresh, green, floral. Notes: guava, peony, palm leaf, palm tree. Profile: It smells like guava and peony at first, then settles into something earthy and slightly sweet..",16849
12460,crisp morning walk with flowers and wood,"Accords: fresh, floral, citrus. Notes: tea, cranberry, amalfi lemon, peony, jasmine, water lily, woodsy notes, patchouli. Profile: It smells like sweet tea and cranberries at first, then settles into something earthy and slightly floral with a hint of powdery sweetness..","Accords: fresh, floral, citrus. Notes: citruses, passionfruit, vanilla orchid, peony, pine tree. Profile: It smells like a fruit stand next to an orchid garden — citrus peel and peony blossoms mixed with white flowers, then softens into something earthy and slightly sweet..",7472
2374,bright yellow flowers with pear scent,"Accords: yellow floral, aquatic, powdery. Notes: cascalone, violet leaf, orris, mimosa, pear, paradisone, heliotrope, ambroxan. Profile: It smells like a fruit stand next to an orchard, where white flowers meet sweet pear, then settle into something earthy and slightly floral..","Accords: yellow floral, citrus, sweet. Notes: lemon, bergamot, neroli, lime (linden) blossom, pear, ylang-ylang, musk, sandalwood. Profile: It smells like citrus peel and bergamot at first, then soft pear and sweet musk, finishing with a soft woody base..",2450
2374,soft powdery violet and mimosa perfume,"Accords: yellow floral, aquatic, powdery. Notes: cascalone, violet leaf, orris, mimosa, pear, paradisone, heliotrope, ambroxan. Profile: It smells like a fruit stand next to an orchard, where white flowers meet sweet pear, then settle into something earthy and slightly floral..","Accords: yellow floral, amber, powdery. Notes: pistachio, mimosa, ambroxan. Profile: It smells like a spice market at dawn — sweet pistachios mixed with powdery amber, with something faintly floral and slightly earthy underneath..",6614
2374,fresh floral with watery ocean smell,"Accords: yellow floral, aquatic, powdery. Notes: cascalone, violet leaf, orris, mimosa, pear, paradisone, heliotrope, ambroxan. Profile: It smells like a fruit stand next to an orchard, where white flowers meet sweet pear, then settle into something earthy and slightly floral..","Accords: yellow floral, warm spicy, aromatic. Notes: clove, coriander, bergamot, ylang-ylang, rose, jasmine, iris, musk. Profile: It smells like cloves and coriander at first, then rose petals and jasmine, finishing with something earthy and slightly floral..",3424
9740,creamy vanilla milk perfume with orange,"Accords: lactonic, vanilla, sweet. Notes: cassis, bergamot, mandarin orange, jasmine sambac, rose, orange blossom, milk, rice. Profile: It smells like a spice market at dawn — sweet citrus peel mixed with white flowers, then soft vanilla and powdered milk..","Accords: lactonic, vanilla, sweet. Notes: chestnut, whipped cream, cumin, tuberose, geranium, cypress, milk, vanilla pod. Profile: It smells like a spice market at dawn — sweet almonds mixed with powdered milk, then softened by something creamy and slightly powdery..",7611
9740,sweet rice pudding and jasmine scent,"Accords: lactonic, vanilla, sweet. Notes: cassis, bergamot, mandarin orange, jasmine sambac, rose, orange blossom, milk, rice. Profile: It smells like a spice market at dawn — sweet citrus peel mixed with white flowers, then soft vanilla and powdered milk..","Accords: lactonic, musky, sweet. Notes: african orange flower, peony, bergamot, milk, almond, tonka bean, jasmine, musk. Profile: It smells like sweet orange peel and peony at first, then creamy vanilla and powdery musk, finishing with a soft woody base..",8743
9740,soft milky floral perfume for women,"Accords: lactonic, vanilla, sweet. Notes: cassis, bergamot, mandarin orange, jasmine sambac, rose, orange blossom, milk, rice. Profile: It smells like a spice market at dawn — sweet citrus peel mixed with white flowers, then soft vanilla and powdered milk..","Accords: lactonic, powdery, vanilla. Notes: green apple, apricot, ginger, bergamot, iris, peony, freesia, milk. Profile: It smells like ripe apple and peony at first, then soft vanilla and powdery white flowers, finishing with a warm, slightly woody base..",16401
2770,tropical coconut sunscreen beach vibes,"Accords: coconut, white floral, sweet. Notes: cyclamen, ginger, coconut, tiare flower, jasmine, musk. Profile: It smells like a spice market at dawn — sweet almonds mixed with powdered sugar, then softened by something powdery and slightly earthy..","Accords: coconut, marine, vanilla. Notes: coconut nectar, sea notes, coconut milk, solar notes, floral notes, musk, vanilla. Profile: It smells like coconut nectar and seashells at first, then settles into something sweet and slightly powdery..",11428
2770,sweet white flowers and ginger scent,"Accords: coconut, white floral, sweet. Notes: cyclamen, ginger, coconut, tiare flower, jasmine, musk. Profile: It smells like a spice market at dawn — sweet almonds mixed with powdered sugar, then softened by something powdery and slightly earthy..","Accords: coconut, sweet, lactonic. Notes: coconut, red apple, mandarin orange, jasmine, freesia, magnolia, cotton flower, sandalwood. Profile: It smells like a spice market at dawn — sweet almonds and orange peel mixed with white flowers, finishing with soft wood and warm wood..",17159
2770,creamy coconut and jasmine perfume,"Accords: coconut, white floral, sweet. Notes: cyclamen, ginger, coconut, tiare flower, jasmine, musk. Profile: It smells like a spice market at dawn — sweet almonds mixed with powdered sugar, then softened by something powdery and slightly earthy..","Accords: coconut, vanilla, sweet. Notes: coconut nectar, fruity notes, pink lotus, sand, vanilla, white musk. Profile: It smells like a beach bar left open in the middle of an old church — sweet coconut nectar mixed with powdery sand, then softened by white musk..",11859
12915,fresh clean laundry ocean breeze,"Accords: ozonic, aquatic, aromatic. Notes: melon, tonic water, gin, violet leaf, sichuan pepper, citruses, musk, suede. Profile: It smells like sweet melon and citrus peel at first, then creamy white flowers with a hint of powdery spice, finishing with something earthy and slightly leathery..","Accords: ozonic, citrus, aquatic. Notes: violet leaf, lime, bergamot, geranium, lavender, artemisia, driftwood, labdanum. Profile: It smells like a perfumer's locker room at dawn — sweet lemon and lime in the air, with something earthy and slightly powdery underneath..",5577
12915,crisp melon and citrus summer scent,"Accords: ozonic, aquatic, aromatic. Notes: melon, tonic water, gin, violet leaf, sichuan pepper, citruses, musk, suede. Profile: It smells like sweet melon and citrus peel at first, then creamy white flowers with a hint of powdery spice, finishing with something earthy and slightly leathery..","Accords: ozonic, citrus, aquatic. Notes: violet leaf, lime, bergamot, geranium, lavender, artemisia, driftwood, labdanum. Profile: It smells like a perfumer's locker room at dawn — sweet lemon and lime in the air, with something earthy and slightly powdery underneath..",5577
12915,light airy cologne for hot weather,"Accords: ozonic, aquatic, aromatic. Notes: melon, tonic water, gin, violet leaf, sichuan pepper, citruses, musk, suede. Profile: It smells like sweet melon and citrus peel at first, then creamy white flowers with a hint of powdery spice, finishing with something earthy and slightly leathery..","Accords: ozonic, fresh spicy, aromatic. Notes: ozonic notes, lime, peppermint, cardamom, betel pepper, vetiver, labdanum, patchouli. Profile: It smells like a spice market at dawn — citrus peel and lime in the background, with something earthy and slightly sweet underneath..",396
10666,sweet pear and white flowers perfume,"Accords: tuberose, sweet, vanilla. Notes: pear, tuberose, tonka bean. Profile: It smells like ripe pear and white flowers at first, then settles into something sweet and slightly earthy..","Accords: tuberose, white floral, citrus. Notes: bergamot, violet leaves, mandarin orange, tuberose, rose, jasmine, ylang-ylang, neroli. Profile: It smells like citrus peel and white flowers at first, then settles into something earthy and slightly woody..",13109
10666,creamy tuberose with vanilla tonka,"Accords: tuberose, sweet, vanilla. Notes: pear, tuberose, tonka bean. Profile: It smells like ripe pear and white flowers at first, then settles into something sweet and slightly earthy..","Accords: tuberose, fruity, white floral. Notes: fruity notes, mandarin orange, pink pepper, tuberose, ginger, vanilla, patchouli, amber. Profile: It smells like a spice market at dawn — citrus peel and white flowers mixed with powdery vanilla, then softened by warm wood and something faintly amber..",14546
10666,fruity floral scent like wedding bouquet,"Accords: tuberose, sweet, vanilla. Notes: pear, tuberose, tonka bean. Profile: It smells like ripe pear and white flowers at first, then settles into something sweet and slightly earthy..","Accords: tuberose, white floral, musky. Notes: bergamot, tuberose, musk, woodsy notes. Profile: It smells like bergamot and white flowers at first, then soft woods and musk..",6219
17013,fresh grapefruit and mint cologne,"Accords: citrus, woody, warm spicy. Notes: grapefruit, lemon, mint, pink pepper, ginger, nutmeg, jasmine, iso e super. Profile: It smells like citrus peel and mint at first, then resinous wood and a hint of powdery incense, finishing with something earthy and slightly sweet..","Accords: citrus, ozonic, iris. Notes: lemon verbena, iris, violet leaf, ambergris, sandalwood. Profile: It smells like a flower shop next to an old wooden furniture store — sweet citrus peel mixed with white flowers, then settled into something earthy and woody..",19786
17013,spicy ginger cedar mens fragrance,"Accords: citrus, woody, warm spicy. Notes: grapefruit, lemon, mint, pink pepper, ginger, nutmeg, jasmine, iso e super. Profile: It smells like citrus peel and mint at first, then resinous wood and a hint of powdery incense, finishing with something earthy and slightly sweet..","Accords: citrus, aromatic, vanilla. Notes: orange, tangerine, aldehydes, sea notes, neroli, pepper, cedar, tonka bean. Profile: It smells like citrus peel and tangerine at first, then creamy vanilla and powdery musk, finishing with a warm, slightly woody base..",4875
17013,clean citrus musk everyday perfume,"Accords: citrus, woody, warm spicy. Notes: grapefruit, lemon, mint, pink pepper, ginger, nutmeg, jasmine, iso e super. Profile: It smells like citrus peel and mint at first, then resinous wood and a hint of powdery incense, finishing with something earthy and slightly sweet..","Accords: citrus, fresh spicy, fruity. Notes: blood orange, peach, grapefruit, cardamom, caraway, nutmeg, musk, vetiver. Profile: It smells like citrus peel and peach at first, then sweet cardamom and vanilla, finishing with something earthy and slightly musky..",11128
21704,licorice spice perfume with wood,"Accords: anis, soft spicy, powdery. Notes: star anise, bergamot, agarwood (oud), vetiver, myrhh, iris. Profile: It smells like a spice shop next to an old wooden furniture store — sweet citrus peel mixed with woody moss, then softened by something earthy and slightly floral..","Accords: anis, citrus, woody. Notes: mandarin orange, neroli, bergamot, star anise, olive blossom, tarragon, tonka bean, tobacco. Profile: It smells like citrus peel and bergamot at first, then sweet tobacco and wood, with a woody sweetness that's softening..",17498
21704,black licorice and smoky incense smell,"Accords: anis, soft spicy, powdery. Notes: star anise, bergamot, agarwood (oud), vetiver, myrhh, iris. Profile: It smells like a spice shop next to an old wooden furniture store — sweet citrus peel mixed with woody moss, then softened by something earthy and slightly floral..","Accords: anis, woody, soft spicy. Notes: anise, spices, melon, eucalyptus, woodsy notes, musk. Profile: It smells like sweet melon and citrus at first, then soft woods and musk, finishing with a warm, slightly powdery base..",815
21704,anise and dark woody fragrance,"Accords: anis, soft spicy, powdery. Notes: star anise, bergamot, agarwood (oud), vetiver, myrhh, iris. Profile: It smells like a spice shop next to an old wooden furniture store — sweet citrus peel mixed with woody moss, then softened by something earthy and slightly floral..","Accords: anis, woody, soft spicy. Notes: anise, spices, melon, eucalyptus, woodsy notes, musk. Profile: It smells like sweet melon and citrus at first, then soft woods and musk, finishing with a warm, slightly powdery base..",815
1889,rose perfume with jasmine and amber,"Accords: rose, musky, woody. Notes: indian saffron, magnolia, moroccan rose, vetiver, egyptian jasmine, gardenia, musk, cedar. Profile: It smells like a spice market at dawn — sweet saffron and rose petals mixed with vetiver, then settled into something earthy and slightly powdery..","Accords: rose, white floral, citrus. Notes: mandarin orange, neroli, may rose, white flowers, ylang-ylang, musk, woodsy notes. Profile: It smells like citrus peel and neroli at first, then white flowers with a hint of woodsy notes..",10414
1889,warm floral scent with saffron and cedar,"Accords: rose, musky, woody. Notes: indian saffron, magnolia, moroccan rose, vetiver, egyptian jasmine, gardenia, musk, cedar. Profile: It smells like a spice market at dawn — sweet saffron and rose petals mixed with vetiver, then settled into something earthy and slightly powdery..","Accords: rose, warm spicy, woody. Notes: rose, palisander rosewood, cardamom. Profile: It smells like rose petals and cardamom at first, then settles into something earthy and slightly sweet..",1853
1889,gardenia magnolia rose fragrance,"Accords: rose, musky, woody. Notes: indian saffron, magnolia, moroccan rose, vetiver, egyptian jasmine, gardenia, musk, cedar. Profile: It smells like a spice market at dawn — sweet saffron and rose petals mixed with vetiver, then settled into something earthy and slightly powdery..","Accords: rose, floral, fresh. Notes: white tea, red currant, pear blossom, palmarosa, bulgarian rose, turkish rose, peony, clary sage. Profile: It smells like a florist's teapot at dawn — white flowers and pear blossoms mixed with powdery rose petals, then settles into something earthy and slightly sweet..",9263
17897,bright citrus floral perfume for summer,"Accords: yellow floral, woody, sweet. Notes: ylang-ylang, cardamom, grapefruit, lemon, ylang-ylang, jasmine, orange blossom, damask rose. Profile: It smells like a spice market at dawn — citrus peel mixed with white flowers, then softened by powdery florals, finishing with something earthy and slightly woody..","Accords: yellow floral, amber, vanilla. Notes: bergamot, mandarin orange, aldehydes, fruity notes, ylang-ylang, mimosa, rose, jasmine. Profile: It smells like citrus peel and orange peel at first, then white flowers and vanilla, finishing with a warm, earthy base..",10356
17897,creamy jasmine and orange blossom scent,"Accords: yellow floral, woody, sweet. Notes: ylang-ylang, cardamom, grapefruit, lemon, ylang-ylang, jasmine, orange blossom, damask rose. Profile: It smells like a spice market at dawn — citrus peel mixed with white flowers, then softened by powdery florals, finishing with something earthy and slightly woody..","Accords: yellow floral, sweet, white floral. Notes: rhubarb, grapefruit, spices, broom, jasmine, sweet grass, ylang-ylang, sylkolide. Profile: It smells like rhubarb and citrus peel at first, then white flowers and sweet grass, finishing with a soft woody base..",3028
17897,ylang ylang vanilla warm floral fragrance,"Accords: yellow floral, woody, sweet. Notes: ylang-ylang, cardamom, grapefruit, lemon, ylang-ylang, jasmine, orange blossom, damask rose. Profile: It smells like a spice market at dawn — citrus peel mixed with white flowers, then softened by powdery florals, finishing with something earthy and slightly woody..","Accords: yellow floral, sweet, mossy. Notes: dyers greenweed, narcissus, violet, african orange flower, orchid, oak moss, birch, resin. Profile: It smells like a florist's garden at dawn — white flowers blooming in the air, with something powdery and resinous underneath..",14951
5977,fresh rose perfume with moss,"Accords: mossy, fruity, floral. Notes: litchi, mirabelle, citruses, freesia, rose, davana, oakmoss. Profile: It smells like a flower shop at dawn — bright citrus and white flowers mixed with powdery roses, then softens into something earthy and slightly mossy..","Accords: mossy, warm spicy, earthy. Notes: saffron, amber, moss. Profile: It smells like saffron and amber at first, then dark wood and moss..",692
5977,light fruity floral perfume for summer,"Accords: mossy, fruity, floral. Notes: litchi, mirabelle, citruses, freesia, rose, davana, oakmoss. Profile: It smells like a flower shop at dawn — bright citrus and white flowers mixed with powdery roses, then softens into something earthy and slightly mossy..","Accords: mossy, earthy, woody. Notes: bergamot, lily, lilac, neroli, jasmine, cloves, cinnamon, oakmoss. Profile: It smells like a flower shop at dawn — citrus blossoms blooming in the air, with something powdery and woody underneath..",16599
5977,citrus and oakmoss fragrance,"Accords: mossy, fruity, floral. Notes: litchi, mirabelle, citruses, freesia, rose, davana, oakmoss. Profile: It smells like a flower shop at dawn — bright citrus and white flowers mixed with powdery roses, then softens into something earthy and slightly mossy..","Accords: mossy, floral, earthy. Notes: apple, aldehydes, neroli, lemon, bergamot, orris, heliotrope, carnation. Profile: It smells like ripe apples and citrus peel at first, then soft wood with a powdery base that's soft and slightly earthy..",12635
18199,rich leather and oud perfume,"Accords: oud, rose, woody. Notes: jasmine, neroli, rose, cinnamon, peach, agarwood (oud), sandalwood, leather. Profile: It smells like sweet jasmine and citrus peel at first, then soft leather and warm wood, finishing with something earthy and slightly musky..","Accords: oud, musky, fruity. Notes: raspberry, bergamot, agarwood (oud), ambroxan, natural musk. Profile: It smells like ripe raspberries and bergamot at first, then settles into something earthy and slightly sweet..",3225
18199,spicy peach with warm musk,"Accords: oud, rose, woody. Notes: jasmine, neroli, rose, cinnamon, peach, agarwood (oud), sandalwood, leather. Profile: It smells like sweet jasmine and citrus peel at first, then soft leather and warm wood, finishing with something earthy and slightly musky..","Accords: oud, warm spicy, woody. Notes: saffron, camphor, galbanum, agarwood (oud), bulgarian rose, lavender, papyrus, civet. Profile: It smells like a perfumer's closet at dawn — sweet saffron and rose petals mixed with powdery lavender, then softened by something earthy and slightly floral..",10571
18199,smoky wood and rose scent,"Accords: oud, rose, woody. Notes: jasmine, neroli, rose, cinnamon, peach, agarwood (oud), sandalwood, leather. Profile: It smells like sweet jasmine and citrus peel at first, then soft leather and warm wood, finishing with something earthy and slightly musky..","Accords: oud, warm spicy, fresh spicy. Notes: saffron, nutmeg, agarwood (oud), lavender, patchouli, musk. Profile: It smells like sweet saffron and nutmeg at first, then soft lavender and powdery lavender, finishing with a warm, slightly woody base..",21880
5254,clean soap with fresh pear,"Accords: musky, fresh, white floral. Notes: aldehydes, lily-of-the-valley, pear, rose, iris, orange blossom, white musk, ambrette (musk mallow). Profile: It smells like sweet pear and rose petals at first, then white flowers with a hint of powdery musk underneath..","Accords: musky, amber, woody. Notes: rhubarb, pink pepper, aldehydes, orris, heliotrope, tulip, cashmere wood, ambroxan. Profile: It smells like rhubarb and peppercorns at first, then white flowers and resinous wood, finishing with a warm, slightly powdery base..",137
5254,white flowers and soft powder,"Accords: musky, fresh, white floral. Notes: aldehydes, lily-of-the-valley, pear, rose, iris, orange blossom, white musk, ambrette (musk mallow). Profile: It smells like sweet pear and rose petals at first, then white flowers with a hint of powdery musk underneath..","Accords: musky, lavender, powdery. Notes: lavender, cedar, bergamot, white musk, citron, gooseberry, white rose, petitgrain. Profile: It smells like dried lavender and white flowers at first, then settles into something earthy and slightly powdery..",16653
5254,light musky perfume for everyday,"Accords: musky, fresh, white floral. Notes: aldehydes, lily-of-the-valley, pear, rose, iris, orange blossom, white musk, ambrette (musk mallow). Profile: It smells like sweet pear and rose petals at first, then white flowers with a hint of powdery musk underneath..","Accords: musky, floral, powdery. Notes: freesia, egyptian jasmine, coriander, jasmine sambac, bulgarian rose, orange blossom, musk, sandalwood. Profile: It smells like a flower shop at dawn — fresh rose petals mixed with powdery orchids, then soft vanilla and musk, finishing with something earthy and slightly sweet..",13042
10376,fresh cut grass and green apple perfume,"Accords: green, fruity, floral. Notes: green leaves, apple, lotus, mimosa, musk, cedar, oakmoss, amber. Profile: It smells like a fruit stand next to an apple orchard, with something sweet and slightly earthy lurking in the background..","Accords: green, citrus, fresh spicy. Notes: citruses, mint, green notes, ginger, pepper, amber, tonka bean. Profile: It smells like a spice market at dawn — minty and slightly sweet, with something faintly earthy underneath..",2816
10376,clean spring morning with wet leaves smell,"Accords: green, fruity, floral. Notes: green leaves, apple, lotus, mimosa, musk, cedar, oakmoss, amber. Profile: It smells like a fruit stand next to an apple orchard, with something sweet and slightly earthy lurking in the background..","Accords: green, warm spicy, aromatic. Notes: cardamom, grapefruit, cacao pod, larch, hay, tonka bean. Profile: It smells like fresh cardamom and citrus peel at first, then settles into something earthy and slightly sweet..",15234
10376,crisp apple and moss forest scent,"Accords: green, fruity, floral. Notes: green leaves, apple, lotus, mimosa, musk, cedar, oakmoss, amber. Profile: It smells like a fruit stand next to an apple orchard, with something sweet and slightly earthy lurking in the background..","Accords: green, aromatic, fresh spicy. Notes: herbal notes, mint, bergamot, fern, iris, sandalwood, oakmoss, cedar. Profile: It smells like a spice market at dawn — sweet mint and white flowers mixed with powdery wood, with something earthy and slightly woody underneath..",10037
11559,tropical fruity perfume with vanilla,"Accords: tropical, fruity, floral. Notes: pitahaya, litchi, jasmine, hibiscus, sea notes, vanilla, musk. Profile: It smells like a tropical garden at dawn — salty palms mixed with white flowers, then settling into something slightly earthy and slightly powdery..","Accords: tropical, white floral, sweet. Notes: mango, papaya, blood orange, gardenia, rose, tuberose, lily, vanilla. Profile: It smells like sweet mango and orange peel at first, then white flowers and vanilla, with a hint of powdery wood underneath..",17200
11559,beach vacation floral scent,"Accords: tropical, fruity, floral. Notes: pitahaya, litchi, jasmine, hibiscus, sea notes, vanilla, musk. Profile: It smells like a tropical garden at dawn — salty palms mixed with white flowers, then settling into something slightly earthy and slightly powdery..","Accords: tropical, sweet, vanilla. Notes: mango, coconut, passionfruit, jasmine, heliotrope, orange blossom, vanilla, cashmeran. Profile: It smells like a fruit stand next to an old church — sweet mango juice mixed with white flowers, then softened by something powdery and slightly earthy..",10614
11559,sweet lychee and jasmine fragrance,"Accords: tropical, fruity, floral. Notes: pitahaya, litchi, jasmine, hibiscus, sea notes, vanilla, musk. Profile: It smells like a tropical garden at dawn — salty palms mixed with white flowers, then settling into something slightly earthy and slightly powdery..","Accords: tropical, vanilla, fruity. Notes: mango, bergamot, jasmine, olibanum, vanilla, sandalwood. Profile: It smells like a tropical fruit stand next to an old wooden furniture store — sweet mango and jasmine mixed with powdery sandalwood, finishing with something earthy and slightly woody..",9992
372,coffee shop with spicy rose,"Accords: coffee, warm spicy, sweet. Notes: sichuan pepper, rose, tangerine, ylang-ylang, patchouli, tiramisu, jasmine, coffee. Profile: It smells like a coffee shop at dawn — spicy peppercorns and rose petals mixed with powdered sugar, then softened by creamy vanilla and whipped cream..","Accords: coffee, sweet, caramel. Notes: cappuccino, coffee, sweet notes, coffee, caramel, almond, vanilla, resin. Profile: It smells like a coffee shop at dawn — sweet coffee and caramel mixed with vanilla syrup, then softened by something powdery and slightly rubbery..",6135
372,tiramisu dessert perfume,"Accords: coffee, warm spicy, sweet. Notes: sichuan pepper, rose, tangerine, ylang-ylang, patchouli, tiramisu, jasmine, coffee. Profile: It smells like a coffee shop at dawn — spicy peppercorns and rose petals mixed with powdered sugar, then softened by creamy vanilla and whipped cream..","Accords: coffee, warm spicy, lactonic. Notes: apple, sea notes, mint, coffee, milk, amber, leather, cedar. Profile: It smells like ripe apple and mint at first, then settles into something earthy and slightly woody..",10143
372,sweet coffee and chocolate scent,"Accords: coffee, warm spicy, sweet. Notes: sichuan pepper, rose, tangerine, ylang-ylang, patchouli, tiramisu, jasmine, coffee. Profile: It smells like a coffee shop at dawn — spicy peppercorns and rose petals mixed with powdered sugar, then softened by creamy vanilla and whipped cream..","Accords: coffee, woody, warm spicy. Notes: black currant, bergamot, peach, coffee, amber, floral notes, woody notes, sweet notes. Profile: It smells like a coffee shop at dawn — black currants and peach in the background, with something earthy and slightly sweet underneath..",3903
13212,powdery makeup and soft suede jacket,"Accords: iris, powdery, musky. Notes: violet leaf, pink pepper, mandarin orange, iris, orris root, jasmine, suede, benzoin. Profile: It smells like a leather jacket left in an old wooden cabinet — bright citrus peel mixed with white flowers, then softens into something earthy and slightly powdery..","Accords: iris, powdery, woody. Notes: iris, coriander, carnation, amber, iris, neroli, rose, cedar. Profile: It smells like a flower shop next to an antique store — sweet iris and roses mixed with powdery flowers, then soft vanilla and warm honey..",17768
13212,fresh orange peel with spicy pepper smell,"Accords: iris, powdery, musky. Notes: violet leaf, pink pepper, mandarin orange, iris, orris root, jasmine, suede, benzoin. Profile: It smells like a leather jacket left in an old wooden cabinet — bright citrus peel mixed with white flowers, then softens into something earthy and slightly powdery..","Accords: iris, fruity, woody. Notes: black currant, fig, orange blossom, orange blossom, jasmine, iris, gourmand accord, patchouli. Profile: It smells like ripe blackcurrants and figs at first, then white flowers and jasmine, finishing with a warm, slightly earthy base..",9301
13212,clean iris flower with warm woody musk,"Accords: iris, powdery, musky. Notes: violet leaf, pink pepper, mandarin orange, iris, orris root, jasmine, suede, benzoin. Profile: It smells like a leather jacket left in an old wooden cabinet — bright citrus peel mixed with white flowers, then softens into something earthy and slightly powdery..","Accords: iris, powdery, woody. Notes: orris, watery notes, bergamot, iris, osmanthus, rose, vanilla, musk. Profile: It smells like dried orchids and watery iris at first, then settles into soft vanilla and powdery wood..",6521
15380,mossy forest perfume with flowers,"Accords: mossy, earthy, warm spicy. Notes: bergamot, citruses, jasmine, rose, peach, ylang-ylang, jasmine, rose. Profile: It smells like a flower shop at dawn — sweet peaches and roses mixed with white flowers, with something earthy and slightly floral lurking in the background..","Accords: mossy, earthy, warm spicy. Notes: bergamot, jasmine, rose, citruses, peach, jasmine, rose, lilac. Profile: It smells like sweet peach and rose petals at first, then white flowers with a hint of powdery resin, finishing with something earthy and slightly floral..",21675
15380,earthy oakmoss amber perfume,"Accords: mossy, earthy, warm spicy. Notes: bergamot, citruses, jasmine, rose, peach, ylang-ylang, jasmine, rose. Profile: It smells like a flower shop at dawn — sweet peaches and roses mixed with white flowers, with something earthy and slightly floral lurking in the background..","Accords: mossy, earthy, white floral. Notes: galbanum, bergamot, black currant, jasmine sambac, indian jasmine, violet, ylang-ylang, orange blossom. Profile: It smells like a spice market at dawn — sweet citrus peel mixed with white flowers, then softens into something earthy and slightly powdery..",19321
15380,floral scent with cinnamon and vetiver,"Accords: mossy, earthy, warm spicy. Notes: bergamot, citruses, jasmine, rose, peach, ylang-ylang, jasmine, rose. Profile: It smells like a flower shop at dawn — sweet peaches and roses mixed with white flowers, with something earthy and slightly floral lurking in the background..","Accords: mossy, green, woody. Notes: green notes, citruses, floral notes, oakmoss, woody notes. Profile: It smells like a florist's greenhouse at dawn — green flowers and citruses mixed with mossy wood, with something woody and earthy underneath..",20711
1971,fresh ocean breeze cologne for men,"Accords: marine, aromatic, citrus. Notes: sicilian bergamot, pink pepper, exotic fruits, sea notes, ambergris, woodsy notes, indonesian patchouli leaf, leather. Profile: It smells like a leather jacket left on the beach next to an old wooden boat dock — sweet citrus peel and salty pepper, with something earthy and slightly leathery underneath..","Accords: marine, musky, citrus. Notes: sea notes, angelica, cardamom, lime, mojito, violet leaf, woody notes, cashmere wood. Profile: It smells like a seaside cocktail bar next to an old wooden boat dock — salty water and mossy, with something earthy and woody lurking in the background..",2027
1971,summer beach vacation scent with bergamot,"Accords: marine, aromatic, citrus. Notes: sicilian bergamot, pink pepper, exotic fruits, sea notes, ambergris, woodsy notes, indonesian patchouli leaf, leather. Profile: It smells like a leather jacket left on the beach next to an old wooden boat dock — sweet citrus peel and salty pepper, with something earthy and slightly leathery underneath..","Accords: marine, salty, woody. Notes: salt, citruses, sea notes, white wood. Profile: It smells like salty sea water and citruses at first, then white wood with a soft, powdery edge..",4888
1971,clean salty sea spray leather perfume,"Accords: marine, aromatic, citrus. Notes: sicilian bergamot, pink pepper, exotic fruits, sea notes, ambergris, woodsy notes, indonesian patchouli leaf, leather. Profile: It smells like a leather jacket left on the beach next to an old wooden boat dock — sweet citrus peel and salty pepper, with something earthy and slightly leathery underneath..","Accords: marine, citrus, aromatic. Notes: citruses, sea notes, patchouli. Profile: It smells like a fishing boat at dawn, with sea breezes blowing through the air..",11941
19940,sweet fizzy cola drink perfume,"Accords: coca-cola, warm spicy, amber. Notes: coca-cola, mandarin orange, jasmine, tuberose, tonka bean, sandalwood, amber. Profile: It smells like a coffee shop at dawn — orange peel and jasmine mixing with white flowers, then softens into something earthy and slightly powdery..","Accords: coca-cola, fruity, citrus. Notes: pear, mandarin orange, neroli, coca-cola, rhubarb, orange blossom, vanilla, amber. Profile: It smells like ripe pear and orange peel at first, then sweet vanilla and cream, finishing with a hint of powdery amber..",1984
19940,jasmine and orange soda scent,"Accords: coca-cola, warm spicy, amber. Notes: coca-cola, mandarin orange, jasmine, tuberose, tonka bean, sandalwood, amber. Profile: It smells like a coffee shop at dawn — orange peel and jasmine mixing with white flowers, then softens into something earthy and slightly powdery..","Accords: coca-cola, sweet, fruity. Notes: raspberry, granny smith apple, lime, sweet notes, peony, magnolia, coca-cola. Profile: It smells like a fruit stand next to an apple orchard — sweet raspberries and peony in the background, with something powdery and slightly sweet underneath..",5588
19940,vanilla cola with white flowers,"Accords: coca-cola, warm spicy, amber. Notes: coca-cola, mandarin orange, jasmine, tuberose, tonka bean, sandalwood, amber. Profile: It smells like a coffee shop at dawn — orange peel and jasmine mixing with white flowers, then softens into something earthy and slightly powdery..","Accords: coca-cola, sweet, fruity. Notes: raspberry, granny smith apple, lime, sweet notes, peony, magnolia, coca-cola. Profile: It smells like a fruit stand next to an apple orchard — sweet raspberries and peony in the background, with something powdery and slightly sweet underneath..",5588
21190,fresh lavender and cedar cologne for men,"Accords: aromatic, warm spicy, lavender. Notes: cardamom, lavender, virginia cedar, bergamot, vetiver, caraway. Profile: It smells like sweet cardamom and lavender at first, then soft lavender and vetiver, finishing with something earthy and slightly floral..","Accords: aromatic, citrus, cacao. Notes: lemon, tomato leaf, cacao pod, cedar, white musk, vetiver. Profile: It smells like a spice market at dawn — citrus peel mixed with white flowers, then softens into something earthy and slightly powdery..",1527
21190,spicy cardamom bergamot aromatic scent,"Accords: aromatic, warm spicy, lavender. Notes: cardamom, lavender, virginia cedar, bergamot, vetiver, caraway. Profile: It smells like sweet cardamom and lavender at first, then soft lavender and vetiver, finishing with something earthy and slightly floral..","Accords: aromatic, citrus, marine. Notes: bergamot, sea notes, vetiver. Profile: It smells like fresh bergamot and seaweed at first, then settles into something earthy and slightly smoky..",17828
21190,clean barbershop smell with herbs and wood,"Accords: aromatic, warm spicy, lavender. Notes: cardamom, lavender, virginia cedar, bergamot, vetiver, caraway. Profile: It smells like sweet cardamom and lavender at first, then soft lavender and vetiver, finishing with something earthy and slightly floral..","Accords: aromatic, fresh spicy, citrus. Notes: tomato leaf, mint, citruses, aldehydes, citron, bergamot, amalfi lemon, artemisia. Profile: It smells like a spice market at dawn — mint leaves and citrus peel mixed with white flowers, then softens into something earthy and slightly sweet..",17551
19333,fresh orange and pepper cologne,"Accords: citrus, woody, fresh spicy. Notes: orange, grapefruit, pepper, pelargonium, flint, vetiver, cedar, patchouli. Profile: It smells like orange peel and citrus peel at first, then settles into powdery vetiver and warm wood..","Accords: citrus, musky, aromatic. Notes: mandarin orange, bergamot, rose, jasmine, vetiver, cinnamon, musk, tonka bean. Profile: It smells like citrus peel and bergamot at first, then creamy vanilla and warm spices, finishing with a soft vanilla-musk base..",12631
19333,citrus perfume with woody base,"Accords: citrus, woody, fresh spicy. Notes: orange, grapefruit, pepper, pelargonium, flint, vetiver, cedar, patchouli. Profile: It smells like orange peel and citrus peel at first, then settles into powdery vetiver and warm wood..","Accords: citrus, floral, white floral. Notes: bergamot, aldehydes, grapefruit, mandarin orange, blood orange, magnolia, jasmine, water lily. Profile: It smells like citrus peel and orange peel at first, then white flowers and honeysuckle, finishing with a soft vanilla-vanille base..",11735
19333,grapefruit and cedar scent for summer,"Accords: citrus, woody, fresh spicy. Notes: orange, grapefruit, pepper, pelargonium, flint, vetiver, cedar, patchouli. Profile: It smells like orange peel and citrus peel at first, then settles into powdery vetiver and warm wood..","Accords: citrus, aromatic, fresh spicy. Notes: lemon, bergamot, orange, rose, green notes, juniper, lavender, musk. Profile: It smells like citrus peel and bergamot at first, then white flowers with a hint of powdery wood, finishing with something earthy and slightly woody..",10519
13843,spicy apple cinnamon perfume,"Accords: cinnamon, warm spicy, musky. Notes: apple, violet leaf, bergamot, cinnamon, pink pepper, geranium, musk, cedar. Profile: It smells like ripe apples and citrus peel at first, then warm spices and powdery cedar, finishing with a soft woody base..","Accords: cinnamon, woody, warm spicy. Notes: bergamot, lavender, cinnamon, leather, mimosa, guaiac wood, tobacco, opoponax. Profile: It smells like a leather jacket left open in an old wooden shed, with something sweet and woody lingering in the background..",7609
13843,warm pink pepper and cedar fragrance,"Accords: cinnamon, warm spicy, musky. Notes: apple, violet leaf, bergamot, cinnamon, pink pepper, geranium, musk, cedar. Profile: It smells like ripe apples and citrus peel at first, then warm spices and powdery cedar, finishing with a soft woody base..","Accords: cinnamon, warm spicy, amber. Notes: mandarin orange, patchouli, bergamot, cinnamon, amber, virginia cedar, leather, musk. Profile: It smells like orange peel and citrus peel at first, then warm leather and soft wood, finishing with a hint of earthy wood..",16059
13843,cozy autumn spice with musk,"Accords: cinnamon, warm spicy, musky. Notes: apple, violet leaf, bergamot, cinnamon, pink pepper, geranium, musk, cedar. Profile: It smells like ripe apples and citrus peel at first, then warm spices and powdery cedar, finishing with a soft woody base..","Accords: cinnamon, tobacco, warm spicy. Notes: cinnamon, pomelo, neroli, tobacco. Profile: It smells like a spice market at dawn — sweet cinnamon and pomegranate juice mixed with tobacco, then settling into something earthy and slightly sweet..",20243
20469,spicy pepper and vanilla perfume,"Accords: balsamic, warm spicy, woody. Notes: mate, black pepper, pink pepper, cardamom, bergamot, water lily, magnolia, rose. Profile: It smells like a flower shop at dawn — black pepper and cardamom mixed with white flowers, then softens into something earthy and slightly powdery..","Accords: balsamic, amber, citrus. Notes: elemi, mandarin orange, pink pepper, bergamot, immortelle, heliotrope, jasmine, iris. Profile: It smells like citrus peel and orange peel at first, then iris and jasmine, finishing with powdery florals and a hint of woody musk..",3145
20469,warm resinous incense smell,"Accords: balsamic, warm spicy, woody. Notes: mate, black pepper, pink pepper, cardamom, bergamot, water lily, magnolia, rose. Profile: It smells like a flower shop at dawn — black pepper and cardamom mixed with white flowers, then softens into something earthy and slightly powdery..","Accords: balsamic, woody, amber. Notes: ylang-ylang, rose, bergamot, orris root, jasmine, peru balsam. Profile: It smells like a flower shop at dawn — sweet rose petals and bergamot mixed with white flowers, finishing with something earthy and slightly floral..",3139
20469,tea and flowers with sweet base,"Accords: balsamic, warm spicy, woody. Notes: mate, black pepper, pink pepper, cardamom, bergamot, water lily, magnolia, rose. Profile: It smells like a flower shop at dawn — black pepper and cardamom mixed with white flowers, then softens into something earthy and slightly powdery..","Accords: balsamic, amber, citrus. Notes: elemi, mandarin orange, pink pepper, bergamot, immortelle, heliotrope, jasmine, iris. Profile: It smells like citrus peel and orange peel at first, then iris and jasmine, finishing with powdery florals and a hint of woody musk..",3145
6522,creamy woody perfume with fruit and flowers,"Accords: woody, floral, sweet. Notes: pomegranate, persimmon, green accord, black orchid, lotus, champaca, mahogany, amber. Profile: It smells like pomegranate and citrus peel at first, then settles into something earthy and slightly sweet..","Accords: woody, fresh, floral. Notes: kumquat, pomegranate, raspberry, marigold, galbanum, peony, green tea, syringa. Profile: It smells like a spice market at dawn — sweet pomegranate juice mixed with white flowers, then softens into something earthy and slightly woody..",4750
6522,mahogany wood amber perfume women,"Accords: woody, floral, sweet. Notes: pomegranate, persimmon, green accord, black orchid, lotus, champaca, mahogany, amber. Profile: It smells like pomegranate and citrus peel at first, then settles into something earthy and slightly sweet..","Accords: woody, warm spicy, patchouli. Notes: tropical fruits, watery notes, grapefruit, bergamot, cinnamon, praline, jasmine, orange blossom. Profile: It smells like ripe tropical fruits and citrus peel at first, then settles into something earthy and slightly woody..",1004
6522,dark floral woody scent whipped cream,"Accords: woody, floral, sweet. Notes: pomegranate, persimmon, green accord, black orchid, lotus, champaca, mahogany, amber. Profile: It smells like pomegranate and citrus peel at first, then settles into something earthy and slightly sweet..","Accords: woody, iris, earthy. Notes: orange blossom, bergamot, mandarin orange, iris flower, ylang-ylang, osmanthus, jasmine sambac, rose. Profile: It smells like orange blossoms and citrus peel at first, then white flowers with a hint of rose, finishing with something earthy and slightly floral..",6886
9061,spicy vanilla leather perfume,"Accords: soft spicy, vanilla, warm spicy. Notes: licorice, dewberry, chili pepper, champaca, red rose, lotus, vanilla, leather. Profile: It smells like sweet licorice and dried roses at first, then soft vanilla and powdery leather, finishing with something earthy and slightly leathery..","Accords: soft spicy, patchouli, iris. Notes: licorice, grapefruit, iris, rose, patchouli, musk. Profile: It smells like licorice and citrus peel at first, then rose petals and powdery iris, finishing with a soft woody base..",11409
9061,rose and chili pepper scent,"Accords: soft spicy, vanilla, warm spicy. Notes: licorice, dewberry, chili pepper, champaca, red rose, lotus, vanilla, leather. Profile: It smells like sweet licorice and dried roses at first, then soft vanilla and powdery leather, finishing with something earthy and slightly leathery..","Accords: soft spicy, powdery, woody. Notes: star anise, pink pepper, bergamot, freesia, jasmine, night blooming cereus, vanilla, sandalwood. Profile: It smells like a flower shop next to an old church — sweet citrus peel and white flowers mixed with powdery wood, finishing with something earthy and slightly woody..",12357
9061,warm amber with licorice smell,"Accords: soft spicy, vanilla, warm spicy. Notes: licorice, dewberry, chili pepper, champaca, red rose, lotus, vanilla, leather. Profile: It smells like sweet licorice and dried roses at first, then soft vanilla and powdery leather, finishing with something earthy and slightly leathery..","Accords: soft spicy, anis, vanilla. Notes: star anise, mandarin orange, licorice, jasmine, gardenia, vanille, amber, woodsy notes. Profile: It smells like sweet orange peel and citrus peel at first, then white flowers with a hint of vanilla and woodsy notes..",6128
7972,spicy cologne with bergamot and lavender,"Accords: fresh spicy, amber, citrus. Notes: calabrian bergamot, pepper, sichuan pepper, lavender, pink pepper, vetiver, patchouli, geranium. Profile: It smells like a spice market at dawn — sweet pepper and spice mixed with powdery lavender, then settles into something earthy and slightly floral..","Accords: fresh spicy, aromatic, ozonic. Notes: ozonic notes, bergamot, white pepper, lavender, geranium, sage, musk, sandalwood. Profile: It smells like a perfumer's locker room at dawn — sweet citrus peel and white flowers mixed with powdery lavender, finishing with something earthy and woody..",6629
7972,fresh pepper and woods mens fragrance,"Accords: fresh spicy, amber, citrus. Notes: calabrian bergamot, pepper, sichuan pepper, lavender, pink pepper, vetiver, patchouli, geranium. Profile: It smells like a spice market at dawn — sweet pepper and spice mixed with powdery lavender, then settles into something earthy and slightly floral..","Accords: fresh spicy, woody, amber. Notes: lavender, nutmeg, bergamot, juniper, cedar, jasmine, rose, amber. Profile: It smells like a perfumer's closet at dawn — powdery lavender and citrus peel mixed with white flowers, finishing with something earthy and slightly woody..",7452
7972,citrus spicy scent for everyday wear,"Accords: fresh spicy, amber, citrus. Notes: calabrian bergamot, pepper, sichuan pepper, lavender, pink pepper, vetiver, patchouli, geranium. Profile: It smells like a spice market at dawn — sweet pepper and spice mixed with powdery lavender, then settles into something earthy and slightly floral..","Accords: fresh spicy, citrus, violet. Notes: sichuan pepper, bergamot, violet, leather, amber, tonka bean. Profile: It smells like a leather jacket left open in an old leather store — spicy peppercorns mixed with powdery leather, then softened by something earthy and slightly sweet..",17348
10611,sweet raspberry rose perfume for summer,"Accords: fruity, rose, sweet. Notes: raspberry, rose, cassis, pink pepper, peony, jasmine, vanille, musk. Profile: It smells like ripe raspberries and roses at first, then soft vanilla and powdery florals, finishing with a warm, slightly woody base..","Accords: fruity, sweet, soft spicy. Notes: white currant, peach, licorice, amyris, white iris, musk. Profile: It smells like ripe peaches and citrus peel at first, then soft licorice and white flowers, finishing with a hint of powdery musk..",6837
10611,fresh pink berries and flowers scent,"Accords: fruity, rose, sweet. Notes: raspberry, rose, cassis, pink pepper, peony, jasmine, vanille, musk. Profile: It smells like ripe raspberries and roses at first, then soft vanilla and powdery florals, finishing with a warm, slightly woody base..","Accords: fruity, powdery, aromatic. Notes: honeysuckle, tangerine, basil, apricot, mimosa, orchid, cyclamen, marigold. Profile: It smells like sweet honeysuckle and tangerine at first, then white flowers with a hint of powdery sweetness, finishing with something earthy and slightly woody..",7411
10611,light fruity vanilla musk everyday fragrance,"Accords: fruity, rose, sweet. Notes: raspberry, rose, cassis, pink pepper, peony, jasmine, vanille, musk. Profile: It smells like ripe raspberries and roses at first, then soft vanilla and powdery florals, finishing with a warm, slightly woody base..","Accords: fruity, woody, sweet. Notes: plum, black currant, peach, ylang-ylang, jasmine, osmanthus, rose, vanille. Profile: It smells like ripe peaches and white flowers at first, then soft vanilla and resin, finishing with something earthy and slightly woody..",13320
15984,fresh lemon and leather cologne,"Accords: woody, fruity, citrus. Notes: sicilian lemon, black currant, bergamot, spicy notes, fruity notes, patchouli leaf, water jasmine, cedar. Profile: It smells like tart lemon and black currant at first, then white flowers with a hint of powdery wood underneath..","Accords: woody, amber, warm spicy. Notes: saffron, jasmine, amberwood, ambergris, fir resin, cedar. Profile: It smells like sweet saffron and jasmine at first, then settles into something earthy and resinous..",7441
15984,woody perfume with vanilla and spice,"Accords: woody, fruity, citrus. Notes: sicilian lemon, black currant, bergamot, spicy notes, fruity notes, patchouli leaf, water jasmine, cedar. Profile: It smells like tart lemon and black currant at first, then white flowers with a hint of powdery wood underneath..","Accords: woody, citrus, fruity. Notes: fig, mandarin orange, galbanum, neroli, rose, orris, cedarwood, ambrette. Profile: It smells like citrus peel and orange peel at first, then white flowers and roses, with something earthy and slightly sweet underneath..",14350
15984,bergamot cedar sandalwood fragrance,"Accords: woody, fruity, citrus. Notes: sicilian lemon, black currant, bergamot, spicy notes, fruity notes, patchouli leaf, water jasmine, cedar. Profile: It smells like tart lemon and black currant at first, then white flowers with a hint of powdery wood underneath..","Accords: woody, fresh spicy, powdery. Notes: bulgarian rose, bourbon pepper, bergamot, heliotrope, agarwood (oud), nutmeg, patchouli, guaiac wood. Profile: It smells like sweet rose petals and agarwood (oud) at first, then woody nutmeg, finishing with something earthy and slightly powdery..",20465
12784,leather jacket with citrus and spices,"Accords: leather, woody, ozonic. Notes: nutmeg flower, lavender, cedar, mandarin orange, chamomile, hawthorn, bergamot, lemon. Profile: It smells like a flower shop at dawn — citrus peel and white flowers mixed with powdered roses, then softened by the sweet scent of honeysuckle and sandalwood..","Accords: leather, warm spicy, tobacco. Notes: agarwood (oud), mandarin orange, tobacco, saffron, leather, woody notes, oriental notes. Profile: It smells like burning tobacco in a leather jacket, with something sweet and earthy lingering in the air..",18780
12784,warm leather bag in a flower shop,"Accords: leather, woody, ozonic. Notes: nutmeg flower, lavender, cedar, mandarin orange, chamomile, hawthorn, bergamot, lemon. Profile: It smells like a flower shop at dawn — citrus peel and white flowers mixed with powdered roses, then softened by the sweet scent of honeysuckle and sandalwood..","Accords: leather, amber, warm spicy. Notes: violet leaves, yuzu, mandarin orange, grapefruit, benzoin, cardamom, factor x, leather. Profile: It smells like a leather jacket left in an old leather store — bright orange peel and citrus peel mixed with warm leather, then softens into something earthy and slightly powdery..",9988
12784,new car leather seats with woody smell,"Accords: leather, woody, ozonic. Notes: nutmeg flower, lavender, cedar, mandarin orange, chamomile, hawthorn, bergamot, lemon. Profile: It smells like a flower shop at dawn — citrus peel and white flowers mixed with powdered roses, then softened by the sweet scent of honeysuckle and sandalwood..","Accords: leather, almond, woody. Notes: clary sage, lavender, leather, bitter almond, orris, leather, white woods, amber. Profile: It smells like a leather jacket left open in an old wood shop — sweet lavender and powdery, with something earthy and slightly bitter underneath..",3041
12822,fresh rose perfume with lemon and vanilla,"Accords: rose, vanilla, powdery. Notes: italian lemon, turkish rose, vanilla, white musk, cedar. Profile: It smells like a spice market at dawn — lemon peel and white flowers mixed with musk, then softens into something earthy and slightly woody..","Accords: rose, aromatic, warm spicy. Notes: peach, raspberry, sage, rose, geranium, clove, violet, patchouli. Profile: It smells like sweet peaches and roses at first, then white flowers and cloves, finishing with something earthy and slightly spiced..",9084
12822,clean rose and musk scent,"Accords: rose, vanilla, powdery. Notes: italian lemon, turkish rose, vanilla, white musk, cedar. Profile: It smells like a spice market at dawn — lemon peel and white flowers mixed with musk, then softens into something earthy and slightly woody..","Accords: rose, green, floral. Notes: rose, green notes, spices, jasmine, ylang-ylang, sandalwood, amber, musk. Profile: It smells like rose petals and jasmine at first, then settles into something earthy and slightly musky..",3988
12822,rose perfume that smells like a garden not grandma,"Accords: rose, vanilla, powdery. Notes: italian lemon, turkish rose, vanilla, white musk, cedar. Profile: It smells like a spice market at dawn — lemon peel and white flowers mixed with musk, then softens into something earthy and slightly woody..","Accords: rose, soft spicy, musky. Notes: pink pepper, angelica, watery notes, coriander, rose, hollyhock, white lily, jasmine sambac. Profile: It smells like a flower shop at dawn — sweet pepper and roses mixed with white flowers, then settles into something earthy and slightly woody..",6481
18208,fresh green violet perfume with pepper,"Accords: violet, powdery, fresh spicy. Notes: violet leaf, saffron, bergamot, violet, black pepper, pimento leaf, agarwood (oud), musk. Profile: It smells like a spice market at dawn — powdery white flowers mixed with saffron and black pepper, then softens into something earthy and slightly woody..","Accords: violet, honey, powdery. Notes: black violet, saffron, honey, lavender, tonka bean, cedar, patchouli. Profile: It smells like a spice market at dawn — sweet violets and honey mixed with powdery vanilla, with something earthy and slightly sweet underneath..",16013
18208,earthy violet and oud fragrance,"Accords: violet, powdery, fresh spicy. Notes: violet leaf, saffron, bergamot, violet, black pepper, pimento leaf, agarwood (oud), musk. Profile: It smells like a spice market at dawn — powdery white flowers mixed with saffron and black pepper, then softens into something earthy and slightly woody..","Accords: violet, powdery, aromatic. Notes: mandarin orange, bergamot, violet, geranium, vetiver, musk. Profile: It smells like citrus peel and bergamot at first, then settles into something earthy and slightly powdery..",17239
18208,spicy floral with saffron and bergamot,"Accords: violet, powdery, fresh spicy. Notes: violet leaf, saffron, bergamot, violet, black pepper, pimento leaf, agarwood (oud), musk. Profile: It smells like a spice market at dawn — powdery white flowers mixed with saffron and black pepper, then softens into something earthy and slightly woody..","Accords: violet, honey, powdery. Notes: black violet, saffron, honey, lavender, tonka bean, cedar, patchouli. Profile: It smells like a spice market at dawn — sweet violets and honey mixed with powdery vanilla, with something earthy and slightly sweet underneath..",16013
19687,fresh lemon and rosemary cologne for men,"Accords: citrus, vanilla, fresh spicy. Notes: mandarin orange, madagascar pepper, lemon, chinotto, rosemary, geranium, rose, pepperwood. Profile: It smells like sweet orange peel and citrus peel at first, then sweet vanilla and powdery roses, finishing with a soft woody base..","Accords: citrus, lavender, aromatic. Notes: lime, lavender, mastic or lentisque. Profile: It smells like a perfumer's locker at dawn — citrus peel mixed with powdery lavender, then softens into something more earthy and slightly sweet..",16457
19687,spicy citrus with woody base smell,"Accords: citrus, vanilla, fresh spicy. Notes: mandarin orange, madagascar pepper, lemon, chinotto, rosemary, geranium, rose, pepperwood. Profile: It smells like sweet orange peel and citrus peel at first, then sweet vanilla and powdery roses, finishing with a soft woody base..","Accords: citrus, aromatic, green. Notes: petitgrain, lemon, peppermint, bergamot, orange, clary sage, lavender, rose. Profile: It smells like a spice market at dawn — citrus peel mixed with white flowers, then dried herbs and musk, finishing with something earthy and slightly sweet..",21440
19687,orange peel pepper and sandalwood fragrance,"Accords: citrus, vanilla, fresh spicy. Notes: mandarin orange, madagascar pepper, lemon, chinotto, rosemary, geranium, rose, pepperwood. Profile: It smells like sweet orange peel and citrus peel at first, then sweet vanilla and powdery roses, finishing with a soft woody base..","Accords: citrus, warm spicy, woody. Notes: lemon leaf oil, ginger, mandarin orange, bergamot, basil, violet leaf, tobacco leaf, pepper. Profile: It smells like a spice market at dawn — sweet citrus peel and orange peel mixed with powdery tobacco leaves, then settles into something earthy and slightly leathery..",13211
2952,creamy white flowers with citrus,"Accords: tuberose, white floral, citrus. Notes: mandarin orange, tuberose, woodsy notes. Profile: It smells like citrus peel and orange peel at first, then soft woodsy notes with a woody base..","Accords: tuberose, white floral, amber. Notes: litchi, petitgrain, litsea cubeba, tuberose, styrax, rose, agarwood (oud), olibanum. Profile: It smells like a spice market at dawn — salty citrus peel mixed with white flowers, then settling into something earthy and slightly sweet..",14550
2952,tuberose perfume not too heavy,"Accords: tuberose, white floral, citrus. Notes: mandarin orange, tuberose, woodsy notes. Profile: It smells like citrus peel and orange peel at first, then soft woodsy notes with a woody base..","Accords: tuberose, white floral, amber. Notes: angelica, tuberose, amber, woodsy notes. Profile: It smells like a perfumer's closet at dawn — white flowers blooming in the air, with something earthy and slightly woody underneath..",14770
2952,orange blossom woody base,"Accords: tuberose, white floral, citrus. Notes: mandarin orange, tuberose, woodsy notes. Profile: It smells like citrus peel and orange peel at first, then soft woodsy notes with a woody base..","Accords: tuberose, white floral, woody. Notes: tuberose, black fig, sandalwood. Profile: It smells like white flowers and black figs at first, then settles into something earthy and slightly woody..",15056
8348,violet powder floral perfume,"Accords: violet, powdery, warm spicy. Notes: pepper, orange pepper, pimento, apricot, coriander, fresh almond, brazilian rosewood, violet. Profile: It smells like a spice market at dawn — sweet pepper and orange peel mixed with powdery white flowers, then settles into something earthy and slightly woody..","Accords: violet, powdery, floral. Notes: blackberry, violet leaf, freesia, violet, orchid, brazilian rosewood, cashmeran, orris root. Profile: It smells like ripe blackberries and violets at first, then soft white flowers with a hint of powdery amber underneath..",1262
8348,spicy fruity apricot and pepper scent,"Accords: violet, powdery, warm spicy. Notes: pepper, orange pepper, pimento, apricot, coriander, fresh almond, brazilian rosewood, violet. Profile: It smells like a spice market at dawn — sweet pepper and orange peel mixed with powdery white flowers, then settles into something earthy and slightly woody..","Accords: violet, powdery, vanilla. Notes: violet, wild strawberry, orange blossom, iris, vanilla, tonka bean, sandalwood. Profile: It smells like white flowers and iris at first, then sweet vanilla and soft vanilla, with a warm woody base..",15379
8348,warm vanilla amber with roses,"Accords: violet, powdery, warm spicy. Notes: pepper, orange pepper, pimento, apricot, coriander, fresh almond, brazilian rosewood, violet. Profile: It smells like a spice market at dawn — sweet pepper and orange peel mixed with powdery white flowers, then settles into something earthy and slightly woody..","Accords: violet, powdery, fruity. Notes: raspberry, red berries, bergamot, lemon, violet, rose, orange blossom, iris. Profile: It smells like ripe raspberries and red berries at first, then soft roses and violets, finishing with a hint of powdery wood and musk..",4721
14787,lavender and spices cologne for men,"Accords: lavender, fresh spicy, woody. Notes: lavender, cinnamon, nutmeg, citruses, agarwood (oud), violet, jasmine, patchouli leaf. Profile: It smells like a leather jacket left on the beach at dawn — sweet lavender and citrus peel mixed with white flowers, then soft leather and warm wood..","Accords: lavender, citrus, leather. Notes: mandarin orange, wild lavender, suede. Profile: It smells like orange peel and wild lavender at first, then soft leather and soft suede..",4045
14787,clean soapy smell with leather and wood,"Accords: lavender, fresh spicy, woody. Notes: lavender, cinnamon, nutmeg, citruses, agarwood (oud), violet, jasmine, patchouli leaf. Profile: It smells like a leather jacket left on the beach at dawn — sweet lavender and citrus peel mixed with white flowers, then soft leather and warm wood..","Accords: lavender, white floral, aromatic. Notes: lavender, orange blossom, ambroxan, patchouli, vetiver. Profile: It smells like sweet lavender and orange blossom at first, then soft vetiver, with a slightly earthy base..",8958
14787,fresh ocean breeze with warm spices,"Accords: lavender, fresh spicy, woody. Notes: lavender, cinnamon, nutmeg, citruses, agarwood (oud), violet, jasmine, patchouli leaf. Profile: It smells like a leather jacket left on the beach at dawn — sweet lavender and citrus peel mixed with white flowers, then soft leather and warm wood..","Accords: lavender, soft spicy, aromatic. Notes: star anise, pink pepper, lavender, raspberry, heliotrope, vetiver. Profile: It smells like a spice market at dawn — sweet vanilla and powdery roses mixed with white flowers, finishing with something earthy and slightly smoky..",1572
12480,earthy patchouli with soft vanilla and musk,"Accords: patchouli, rose, amber. Notes: lavender, bergamot, patchouli, bulgarian rose, white musk, ambroxan, vanilla, labdanum. Profile: It smells like sweet lavender and bergamot at first, then creamy vanilla and powdery musk, finishing with a soft vanilla-tonka base..","Accords: patchouli, warm spicy, chocolate. Notes: popcorn, chocolate, patchouli. Profile: It smells like a candy bar at dawn — sweet popcorn mixed with chocolate chips, then settling into soft chocolate..",14447
12480,lavender and rose perfume dark and cozy,"Accords: patchouli, rose, amber. Notes: lavender, bergamot, patchouli, bulgarian rose, white musk, ambroxan, vanilla, labdanum. Profile: It smells like sweet lavender and bergamot at first, then creamy vanilla and powdery musk, finishing with a soft vanilla-tonka base..","Accords: patchouli, woody, citrus. Notes: mandarin orange, pink pepper, jasmine, nutmeg, patchouli, vetiver. Profile: It smells like citrus peel and jasmine at first, then soft vanilla and powdery nutmeg, finishing with something earthy and slightly sweet..",6668
12480,warm spicy scent like incense and old wood,"Accords: patchouli, rose, amber. Notes: lavender, bergamot, patchouli, bulgarian rose, white musk, ambroxan, vanilla, labdanum. Profile: It smells like sweet lavender and bergamot at first, then creamy vanilla and powdery musk, finishing with a soft vanilla-tonka base..","Accords: patchouli, violet, white floral. Notes: red apple, violet, jasmine, patchouli, vanilla. Profile: It smells like ripe apple and white flowers at first, then soft vanilla and powdery vanilla, finishing with a warm, slightly earthy base..",1389
10594,fresh white flowers with vanilla,"Accords: white floral, tuberose, sweet. Notes: pear, bergamot, tuberose, orange blossom, jasmine sambac, patchouli, vanilla, ambroxan. Profile: It smells like ripe pear and orange peel at first, then white flowers with a hint of vanilla and powdery sambac underneath..","Accords: white floral, floral, citrus. Notes: cactus flower, orange blossom, mandarin orange, bergamot, lily, freesia, jasmine, lily-of-the-valley. Profile: It smells like a flower shop at dawn — citrus blossoms blooming in the air, white flowers clinging to your palms, and something earthy and woody lingers in your room..",14726
10594,tuberose jasmine orange blossom perfume,"Accords: white floral, tuberose, sweet. Notes: pear, bergamot, tuberose, orange blossom, jasmine sambac, patchouli, vanilla, ambroxan. Profile: It smells like ripe pear and orange peel at first, then white flowers with a hint of vanilla and powdery sambac underneath..","Accords: white floral, woody, tuberose. Notes: white flowers, geranium, ylang-ylang, plum, tuberose, cedar, patchouli, sandalwood. Profile: It smells like white flowers and geranium at first, then settles into something earthy and slightly sweet with a hint of powdery wood..",331
10594,sweet pear and creamy floral scent,"Accords: white floral, tuberose, sweet. Notes: pear, bergamot, tuberose, orange blossom, jasmine sambac, patchouli, vanilla, ambroxan. Profile: It smells like ripe pear and orange peel at first, then white flowers with a hint of vanilla and powdery sambac underneath..","Accords: white floral, woody, citrus. Notes: mandarin orange, pink pepper, melon, jasmine, tiare flower, peony, patchouli, vetiver. Profile: It smells like citrus peel and melon at first, then soft peony and jasmine, finishing with a warm, slightly earthy base..",5871
6615,tropical beach vacation coconut perfume,"Accords: tropical, woody, sweet. Notes: ylang-ylang, carambola (star fruit), mango, violet leaves, lemon, bergamot, pink pepper, frangipani. Profile: It smells like ripe mango and citrus peel at first, then creamy coconut and salty sea salt, with a warm, slightly powdery base that's soft and slightly earthy..","Accords: tropical, fruity, sweet. Notes: mango, papaya, pineapple, tangerine, cypress, plum, agarwood (oud), saffron. Profile: It smells like sweet mango and tangerine at first, then soft wood with a powdery sweetness, finishing with something earthy and slightly spiced..",20288
6615,fruity mango starfruit summer scent,"Accords: tropical, woody, sweet. Notes: ylang-ylang, carambola (star fruit), mango, violet leaves, lemon, bergamot, pink pepper, frangipani. Profile: It smells like ripe mango and citrus peel at first, then creamy coconut and salty sea salt, with a warm, slightly powdery base that's soft and slightly earthy..","Accords: tropical, fruity, sweet. Notes: coconut water, pineapple, palm leaf, frangipani, wild jasmine, lily of the valley, vanilla, driftwood. Profile: It smells like a fruit stand next to an apple orchard, with something sweet and earthy lurking in the background..",17149
6615,salty ocean breeze vanilla sandalwood,"Accords: tropical, woody, sweet. Notes: ylang-ylang, carambola (star fruit), mango, violet leaves, lemon, bergamot, pink pepper, frangipani. Profile: It smells like ripe mango and citrus peel at first, then creamy coconut and salty sea salt, with a warm, slightly powdery base that's soft and slightly earthy..","Accords: tropical, woody, fruity. Notes: mango, violet leaves, pink pepper, mango tree, peony, seaweed, cashmeran, copaiba balm. Profile: It smells like dried mangoes and peony at first, then soft coral and salty seaweed, with something earthy and slightly sweet lingering in the air..",19917
9283,sweet orange blossom and vanilla perfume,"Accords: white floral, sweet, powdery. Notes: orange blossom, star anise, rose, mandarin orange, pear, bergamot, ylang-ylang, ginger. Profile: It smells like sweet orange blossoms and roses at first, then soft vanilla and resinous wood, finishing with a warm, slightly powdery base..","Accords: white floral, woody, herbal. Notes: chamomile, jasmine, woody notes, seaweed. Profile: It smells like chamomile and jasmine at first, then settles into something earthy and slightly smoky..",6077
9283,creamy white flowers with warm spices,"Accords: white floral, sweet, powdery. Notes: orange blossom, star anise, rose, mandarin orange, pear, bergamot, ylang-ylang, ginger. Profile: It smells like sweet orange blossoms and roses at first, then soft vanilla and resinous wood, finishing with a warm, slightly powdery base..","Accords: white floral, warm spicy, fruity. Notes: red berries, paprika, mandarin orange, jasmine, orange blossom, heliotrope, patchouli, amber. Profile: It smells like sweet berries and citrus peel at first, then soft jasmine and powdery amber, with a warm, slightly woody base..",8616
9283,fancy hotel lobby flowers and soft powder,"Accords: white floral, sweet, powdery. Notes: orange blossom, star anise, rose, mandarin orange, pear, bergamot, ylang-ylang, ginger. Profile: It smells like sweet orange blossoms and roses at first, then soft vanilla and resinous wood, finishing with a warm, slightly powdery base..","Accords: white floral, green, fresh. Notes: violet leaf, peach, bergamot, cassis, lily-of-the-valley, jasmine, rose, tuberose. Profile: It smells like fresh peaches and citrus at first, then white flowers and moss, finishing with a hint of vanilla and soft wood..",12950
3833,sweet licorice peach perfume,"Accords: anis, soft spicy, powdery. Notes: star anise, peach, mandarin orange, orange blossom, heliotrope, jasmine, freesia, lily-of-the-valley. Profile: It smells like sweet peach and orange peel at first, then white flowers and jasmine, finishing with something earthy and slightly musky..","Accords: anis, soft spicy, rose. Notes: star anise, rose, ginger, african orange flower, vanilla, amber. Profile: It smells like a florist's pantry full of rose petals and citrus peel at first, then settles into something earthy and slightly sweet..",18377
3833,warm orange blossom white flowers,"Accords: anis, soft spicy, powdery. Notes: star anise, peach, mandarin orange, orange blossom, heliotrope, jasmine, freesia, lily-of-the-valley. Profile: It smells like sweet peach and orange peel at first, then white flowers and jasmine, finishing with something earthy and slightly musky..","Accords: anis, soft spicy, rose. Notes: star anise, rose, ginger, african orange flower, vanilla, amber. Profile: It smells like a florist's pantry full of rose petals and citrus peel at first, then settles into something earthy and slightly sweet..",18377
3833,anise sandalwood musky scent,"Accords: anis, soft spicy, powdery. Notes: star anise, peach, mandarin orange, orange blossom, heliotrope, jasmine, freesia, lily-of-the-valley. Profile: It smells like sweet peach and orange peel at first, then white flowers and jasmine, finishing with something earthy and slightly musky..","Accords: anis, soft spicy, rose. Notes: star anise, rose, ginger, african orange flower, vanilla, amber. Profile: It smells like a florist's pantry full of rose petals and citrus peel at first, then settles into something earthy and slightly sweet..",18377
19538,fresh lemon bergamot perfume,"Accords: citrus, aromatic, fresh spicy. Notes: lemon, bergamot, neroli, rose de mai, hyacinth, cedar, clary sage, geranium. Profile: It smells like citrus peel and bergamot at first, then white flowers with a hint of hyacinth, finishing with something earthy and slightly powdery..","Accords: citrus, lavender, aromatic. Notes: lavender, bergamot, lemon verbena, neroli, tonka bean, jasmine, patchouli, cinnamon. Profile: It smells like sweet lavender and citrus peel at first, then creamy vanilla and powdery iris, finishing with a warm, slightly earthy base..",21174
19538,clean soapy floral musk,"Accords: citrus, aromatic, fresh spicy. Notes: lemon, bergamot, neroli, rose de mai, hyacinth, cedar, clary sage, geranium. Profile: It smells like citrus peel and bergamot at first, then white flowers with a hint of hyacinth, finishing with something earthy and slightly powdery..","Accords: citrus, woody, musky. Notes: citruses, spicy notes, woody notes, musk. Profile: It smells like a spice market at dawn — sharp citrus peels mixed with woody notes, finishing with something earthy and slightly powdery..",14950
19538,bright citrus with warm amber base,"Accords: citrus, aromatic, fresh spicy. Notes: lemon, bergamot, neroli, rose de mai, hyacinth, cedar, clary sage, geranium. Profile: It smells like citrus peel and bergamot at first, then white flowers with a hint of hyacinth, finishing with something earthy and slightly powdery..","Accords: citrus, aromatic, woody. Notes: kumquat, graperfuit, pink pepper, lemon verbena, lavender, tonka bean, vetiver, cypriol oil or nagarmotha. Profile: It smells like a spice market at dawn — kumquat and citrus peel mixed with powdery lavender, then softens into something earthy and slightly sweet..",2843
21352,smoky oud leather with rose,"Accords: oud, amber, leather. Notes: frankincense, raspberry, saffron, pear, musk, damask rose, orange blossom, agarwood. Profile: It smells like a leather jacket left in an old wooden shed, where dried pear and rose petals meet soft leather, with something earthy and slightly powdery underneath..","Accords: oud, citrus, woody. Notes: methyl pamplemousse, jasmine sambac, lily-of-the-valley, mandarin orange, black currant, bulgarian rose, leather, musk. Profile: It smells like a leather jacket left open in an old wooden shed, with something sweet and earthy lurking in the background..",3816
21352,sweet raspberry saffron perfume,"Accords: oud, amber, leather. Notes: frankincense, raspberry, saffron, pear, musk, damask rose, orange blossom, agarwood. Profile: It smells like a leather jacket left in an old wooden shed, where dried pear and rose petals meet soft leather, with something earthy and slightly powdery underneath..","Accords: oud, rose, warm spicy. Notes: saffron, peach, agarwood (oud), rose, jasmine, vanilla, patchouli, musk. Profile: It smells like sweet peach and white flowers at first, then rose petals and vanilla, finishing with a hint of powdery wood..",20029
21352,church incense mixed with fruit and musk,"Accords: oud, amber, leather. Notes: frankincense, raspberry, saffron, pear, musk, damask rose, orange blossom, agarwood. Profile: It smells like a leather jacket left in an old wooden shed, where dried pear and rose petals meet soft leather, with something earthy and slightly powdery underneath..","Accords: oud, woody, white floral. Notes: jasmine, bergamot, mandarin orange, cypriol oil or nagarmotha, tuberose, vetiver, black pepper, patchouli. Profile: It smells like fresh jasmine and citrus peel at first, then vetiver and black pepper, finishing with a woody, slightly earthy base..",18978
9799,rich dark chocolate perfume,"Accords: chocolate, sweet, nutty. Notes: dark chocolate, italian mandarin, brazilian orange, hazelnut, amberwood, tahitian vanilla, musk, ambergris. Profile: It smells like dark chocolate and citrus peel at first, then warm vanilla and musk, finishing with a soft, slightly powdery base..","Accords: chocolate, warm spicy, citrus. Notes: blood orange, calabrian bergamot, dark chocolate, coffee, madagascar vanilla, pancake, maple sap. Profile: It smells like sweet orange peel and bergamot at first, then dark chocolate and vanilla, with a hint of vanilla sweetness underneath..",10465
9799,warm vanilla and hazelnut scent,"Accords: chocolate, sweet, nutty. Notes: dark chocolate, italian mandarin, brazilian orange, hazelnut, amberwood, tahitian vanilla, musk, ambergris. Profile: It smells like dark chocolate and citrus peel at first, then warm vanilla and musk, finishing with a soft, slightly powdery base..","Accords: chocolate, sweet, musky. Notes: chocolate, plum, bergamot, iris, ambrette (musk mallow), osmanthus, jasmine, rose. Profile: It smells like sweet chocolate and powdered roses at first, then soft leather and moss, finishing with a warm, slightly earthy base..",12325
9799,chocolate orange fragrance women,"Accords: chocolate, sweet, nutty. Notes: dark chocolate, italian mandarin, brazilian orange, hazelnut, amberwood, tahitian vanilla, musk, ambergris. Profile: It smells like dark chocolate and citrus peel at first, then warm vanilla and musk, finishing with a soft, slightly powdery base..","Accords: chocolate, sweet, musky. Notes: chocolate, plum, bergamot, iris, ambrette (musk mallow), osmanthus, jasmine, rose. Profile: It smells like sweet chocolate and powdered roses at first, then soft leather and moss, finishing with a warm, slightly earthy base..",12325
4255,salty ocean breeze with coconut sunscreen,"Accords: mineral, salty, citrus. Notes: sea salt, mineral notes, citruses, jasmine, mastic or lentisque, coconut, pine tree, labdanum. Profile: It smells like salty sea water and mastic or lentisque, with a powdery base that's soft and slightly earthy..","Accords: mineral, green, aromatic. Notes: galbanum, ginger, clary sage, rose petals, mimosa absolute, tuberose, lily-of-the-valley, heliotrope. Profile: It smells like a flower shop at dawn — sweet florals mixed with white flowers, then soft wood and moss, finishing with something earthy and slightly woody..",15770
4255,fresh citrus by the sea smell,"Accords: mineral, salty, citrus. Notes: sea salt, mineral notes, citruses, jasmine, mastic or lentisque, coconut, pine tree, labdanum. Profile: It smells like salty sea water and mastic or lentisque, with a powdery base that's soft and slightly earthy..","Accords: mineral, green, aromatic. Notes: galbanum, ginger, clary sage, rose petals, mimosa absolute, tuberose, lily-of-the-valley, heliotrope. Profile: It smells like a flower shop at dawn — sweet florals mixed with white flowers, then soft wood and moss, finishing with something earthy and slightly woody..",15770
4255,pine trees near the beach scent,"Accords: mineral, salty, citrus. Notes: sea salt, mineral notes, citruses, jasmine, mastic or lentisque, coconut, pine tree, labdanum. Profile: It smells like salty sea water and mastic or lentisque, with a powdery base that's soft and slightly earthy..","Accords: mineral, metallic, rose. Notes: blood, bulgarian rose, incense, leather, olibanum, labdanum, animal notes, oakmoss. Profile: It smells like blood and leather at first, then mossy incense and powdery olibanum, with something earthy and slightly musky underneath..",8522
