embedding_id,anchor,positive
15979,warm spicy vanilla with almond and tonka,"Accords: soft spicy, sweet, anis. Notes: anise, licorice, violet, ivy, wormwood, basil, rum, tonka bean. Profile: It smells like sweet licorice and white flowers at first, then soft vanilla and powdery vanilla, finishing with a hint of earthy sweetness.."
15979,cozy rum and licorice scent,"Accords: soft spicy, sweet, anis. Notes: anise, licorice, violet, ivy, wormwood, basil, rum, tonka bean. Profile: It smells like sweet licorice and white flowers at first, then soft vanilla and powdery vanilla, finishing with a hint of earthy sweetness.."
15979,sweet woody perfume with anise,"Accords: soft spicy, sweet, anis. Notes: anise, licorice, violet, ivy, wormwood, basil, rum, tonka bean. Profile: It smells like sweet licorice and white flowers at first, then soft vanilla and powdery vanilla, finishing with a hint of earthy sweetness.."
15391,fresh lavender cologne for men,"Accords: lavender, vanilla, aromatic. Notes: grapefruit, pink pepper, lavender, vetyver, vanille, amber. Profile: It smells like ripe grapefruit and spiced lavender at first, then creamy vanilla and warm vanilla, finishing with a hint of powdery amber.."
15391,citrus and pepper scent with vanilla,"Accords: lavender, vanilla, aromatic. Notes: grapefruit, pink pepper, lavender, vetyver, vanille, amber. Profile: It smells like ripe grapefruit and spiced lavender at first, then creamy vanilla and warm vanilla, finishing with a hint of powdery amber.."
15391,clean lavender perfume not too sweet,"Accords: lavender, vanilla, aromatic. Notes: grapefruit, pink pepper, lavender, vetyver, vanille, amber. Profile: It smells like ripe grapefruit and spiced lavender at first, then creamy vanilla and warm vanilla, finishing with a hint of powdery amber.."
12652,sweet coconut vanilla perfume,"Accords: coconut, vanilla, sweet. Notes: bergamot, coconut, vanilla, praline. Profile: It smells like a spice market at dawn — bergamot-coconut juice mixed with vanilla syrup, then softened by powdery vanilla.."
12652,tropical coconut and bergamot fragrance,"Accords: coconut, vanilla, sweet. Notes: bergamot, coconut, vanilla, praline. Profile: It smells like a spice market at dawn — bergamot-coconut juice mixed with vanilla syrup, then softened by powdery vanilla.."
12652,creamy coconut dessert scent,"Accords: coconut, vanilla, sweet. Notes: bergamot, coconut, vanilla, praline. Profile: It smells like a spice market at dawn — bergamot-coconut juice mixed with vanilla syrup, then softened by powdery vanilla.."
16222,fresh cut grass and green leaves,"Accords: herbal, warm spicy, woody. Notes: fig leaf, immortelle, sandalwood. Profile: It smells like fig leaf and immortelle at first, then settles into soft wood with a hint of sandalwood.."
16222,warm sandalwood with dried flowers,"Accords: herbal, warm spicy, woody. Notes: fig leaf, immortelle, sandalwood. Profile: It smells like fig leaf and immortelle at first, then settles into soft wood with a hint of sandalwood.."
16222,mediterranean fig tree in summer,"Accords: herbal, warm spicy, woody. Notes: fig leaf, immortelle, sandalwood. Profile: It smells like fig leaf and immortelle at first, then settles into soft wood with a hint of sandalwood.."
21675,fresh moss after rain with flowers,"Accords: mossy, earthy, warm spicy. Notes: bergamot, jasmine, rose, citruses, peach, jasmine, rose, lilac. Profile: It smells like sweet peach and rose petals at first, then white flowers with a hint of powdery resin, finishing with something earthy and slightly floral.."
21675,peachy floral perfume with earthy smell,"Accords: mossy, earthy, warm spicy. Notes: bergamot, jasmine, rose, citruses, peach, jasmine, rose, lilac. Profile: It smells like sweet peach and rose petals at first, then white flowers with a hint of powdery resin, finishing with something earthy and slightly floral.."
21675,spicy cinnamon amber forest scent,"Accords: mossy, earthy, warm spicy. Notes: bergamot, jasmine, rose, citruses, peach, jasmine, rose, lilac. Profile: It smells like sweet peach and rose petals at first, then white flowers with a hint of powdery resin, finishing with something earthy and slightly floral.."
16026,cherry almond perfume sweet and warm,"Accords: cherry, sweet, almond. Notes: bitter almond, black cherry, cherry liqueur, sour cherry, plum, turkish rose, jasmine sambac, vanilla. Profile: It smells like a spice market at dawn — sweet almonds and cherry blossoms mixed with powdered sugar, then soft vanilla and smoky wood.."
16026,boozy cherry vanilla scent,"Accords: cherry, sweet, almond. Notes: bitter almond, black cherry, cherry liqueur, sour cherry, plum, turkish rose, jasmine sambac, vanilla. Profile: It smells like a spice market at dawn — sweet almonds and cherry blossoms mixed with powdered sugar, then soft vanilla and smoky wood.."
16026,dark cherry spice fragrance,"Accords: cherry, sweet, almond. Notes: bitter almond, black cherry, cherry liqueur, sour cherry, plum, turkish rose, jasmine sambac, vanilla. Profile: It smells like a spice market at dawn — sweet almonds and cherry blossoms mixed with powdered sugar, then soft vanilla and smoky wood.."
4241,fresh orange and grapefruit perfume,"Accords: citrus, fruity, vanilla. Notes: black currant, orange, mandarin orange, grapefruit, cassia, bergamot, rose, apricot. Profile: It smells like citrus peel and orange peel at first, then apricot and white flowers, finishing with something earthy and slightly powdery.."
4241,sweet vanilla and citrus scent,"Accords: citrus, fruity, vanilla. Notes: black currant, orange, mandarin orange, grapefruit, cassia, bergamot, rose, apricot. Profile: It smells like citrus peel and orange peel at first, then apricot and white flowers, finishing with something earthy and slightly powdery.."
4241,bergamot rose jasmine fragrance,"Accords: citrus, fruity, vanilla. Notes: black currant, orange, mandarin orange, grapefruit, cassia, bergamot, rose, apricot. Profile: It smells like citrus peel and orange peel at first, then apricot and white flowers, finishing with something earthy and slightly powdery.."
10873,dark chocolate tobacco smell,"Accords: cacao, sweet, warm spicy. Notes: cacao, dark chocolate, tobacco, tonka bean, musk, woodsy notes. Profile: It smells like dark chocolate and dark tobacco at first, then settles into something woody and slightly musky.."
10873,cozy winter sweater with cocoa,"Accords: cacao, sweet, warm spicy. Notes: cacao, dark chocolate, tobacco, tonka bean, musk, woodsy notes. Profile: It smells like dark chocolate and dark tobacco at first, then settles into something woody and slightly musky.."
10873,warm musky chocolate perfume,"Accords: cacao, sweet, warm spicy. Notes: cacao, dark chocolate, tobacco, tonka bean, musk, woodsy notes. Profile: It smells like dark chocolate and dark tobacco at first, then settles into something woody and slightly musky.."
8749,spicy licorice perfume with incense,"Accords: anis, soft spicy, fresh spicy. Notes: star anise, pomelo, black pepper, geranium, iris, incense, patchouli, haitian vetiver. Profile: It smells like a spice market at dawn — sweet citrus peel mixed with powdery incense, with something earthy and slightly spicy lurking in the air.."
8749,black pepper and star anise cologne,"Accords: anis, soft spicy, fresh spicy. Notes: star anise, pomelo, black pepper, geranium, iris, incense, patchouli, haitian vetiver. Profile: It smells like a spice market at dawn — sweet citrus peel mixed with powdery incense, with something earthy and slightly spicy lurking in the air.."
8749,earthy patchouli with anise smell,"Accords: anis, soft spicy, fresh spicy. Notes: star anise, pomelo, black pepper, geranium, iris, incense, patchouli, haitian vetiver. Profile: It smells like a spice market at dawn — sweet citrus peel mixed with powdery incense, with something earthy and slightly spicy lurking in the air.."
17332,coffee with flowers and spice,"Accords: coffee, floral, powdery. Notes: passion flower, pink pepper, bergamot, neroli, coffee, heliotrope, freesia, amber. Profile: It smells like a coffee shop at dawn — sweet pepper and spice mixed with powdered coffee, then soft wood and something faintly woody.."
17332,warm coffee shop with woody amber,"Accords: coffee, floral, powdery. Notes: passion flower, pink pepper, bergamot, neroli, coffee, heliotrope, freesia, amber. Profile: It smells like a coffee shop at dawn — sweet pepper and spice mixed with powdered coffee, then soft wood and something faintly woody.."
17332,pink pepper bergamot coffee perfume,"Accords: coffee, floral, powdery. Notes: passion flower, pink pepper, bergamot, neroli, coffee, heliotrope, freesia, amber. Profile: It smells like a coffee shop at dawn — sweet pepper and spice mixed with powdered coffee, then soft wood and something faintly woody.."
5025,fresh strawberry and pear perfume,"Accords: fruity, sweet, fresh. Notes: strawberry, raspberry, pear, orange, tangerine, calabrian bergamot, calone, peony. Profile: It smells like ripe pear and roses at first, then soft peach and orange, with a hint of powdery musk underneath.."
5025,fruity floral scent with jasmine,"Accords: fruity, sweet, fresh. Notes: strawberry, raspberry, pear, orange, tangerine, calabrian bergamot, calone, peony. Profile: It smells like ripe pear and roses at first, then soft peach and orange, with a hint of powdery musk underneath.."
5025,sweet berry fragrance for summer,"Accords: fruity, sweet, fresh. Notes: strawberry, raspberry, pear, orange, tangerine, calabrian bergamot, calone, peony. Profile: It smells like ripe pear and roses at first, then soft peach and orange, with a hint of powdery musk underneath.."
9926,fresh watermelon and ocean breeze perfume,"Accords: aquatic, ozonic, fruity. Notes: pear, calone, tangerine, watermelon, watery notes, strawberry, apple, sea salt. Profile: It smells like ripe pear and watermelon at first, then soft rose petals and a hint of salty water, finishing with something earthy and slightly floral.."
9926,fruity beach vacation scent with pear,"Accords: aquatic, ozonic, fruity. Notes: pear, calone, tangerine, watermelon, watery notes, strawberry, apple, sea salt. Profile: It smells like ripe pear and watermelon at first, then soft rose petals and a hint of salty water, finishing with something earthy and slightly floral.."
9926,salty sea air with sweet strawberry,"Accords: aquatic, ozonic, fruity. Notes: pear, calone, tangerine, watermelon, watery notes, strawberry, apple, sea salt. Profile: It smells like ripe pear and watermelon at first, then soft rose petals and a hint of salty water, finishing with something earthy and slightly floral.."
17498,licorice and citrus perfume,"Accords: anis, citrus, woody. Notes: mandarin orange, neroli, bergamot, star anise, olive blossom, tarragon, tonka bean, tobacco. Profile: It smells like citrus peel and bergamot at first, then sweet tobacco and wood, with a woody sweetness that's softening.."
17498,spicy anise with warm tobacco,"Accords: anis, citrus, woody. Notes: mandarin orange, neroli, bergamot, star anise, olive blossom, tarragon, tonka bean, tobacco. Profile: It smells like citrus peel and bergamot at first, then sweet tobacco and wood, with a woody sweetness that's softening.."
17498,herbal Mediterranean cologne for men,"Accords: anis, citrus, woody. Notes: mandarin orange, neroli, bergamot, star anise, olive blossom, tarragon, tonka bean, tobacco. Profile: It smells like citrus peel and bergamot at first, then sweet tobacco and wood, with a woody sweetness that's softening.."
7393,fresh laundry smell with grapefruit,"Accords: ozonic, citrus, fruity. Notes: ozonic notes, grapefruit, black currant, peony, pear, lily-of-the-valley, musk, cedar. Profile: It smells like a fruit stand next to an old church — sweet pear and white flowers, with something earthy and slightly woody underneath.."
7393,clean ocean breeze perfume,"Accords: ozonic, citrus, fruity. Notes: ozonic notes, grapefruit, black currant, peony, pear, lily-of-the-valley, musk, cedar. Profile: It smells like a fruit stand next to an old church — sweet pear and white flowers, with something earthy and slightly woody underneath.."
7393,crisp watery scent with pear,"Accords: ozonic, citrus, fruity. Notes: ozonic notes, grapefruit, black currant, peony, pear, lily-of-the-valley, musk, cedar. Profile: It smells like a fruit stand next to an old church — sweet pear and white flowers, with something earthy and slightly woody underneath.."
11494,earthy forest moss perfume,"Accords: mossy, woody, earthy. Notes: mirabelle, oakmoss, davana, sandalwood, musk. Profile: It smells like white flowers and moss at first, then settles into something earthy and slightly woody.."
11494,soft sandalwood and musk fragrance,"Accords: mossy, woody, earthy. Notes: mirabelle, oakmoss, davana, sandalwood, musk. Profile: It smells like white flowers and moss at first, then settles into something earthy and slightly woody.."
11494,green mossy woods cologne,"Accords: mossy, woody, earthy. Notes: mirabelle, oakmoss, davana, sandalwood, musk. Profile: It smells like white flowers and moss at first, then settles into something earthy and slightly woody.."
12615,fresh cut grass and herbs perfume,"Accords: herbal, aldehydic, woody. Notes: aldehydes, galbanum, ginger, chamomile, lavender, jasmine, rose, moss. Profile: It smells like a perfumer's closet at dawn — sweet florals mixed with powdery sandalwood and moss, with something earthy and slightly woody underneath.."
12615,clean lavender soap with flowers,"Accords: herbal, aldehydic, woody. Notes: aldehydes, galbanum, ginger, chamomile, lavender, jasmine, rose, moss. Profile: It smells like a perfumer's closet at dawn — sweet florals mixed with powdery sandalwood and moss, with something earthy and slightly woody underneath.."
12615,green plant smell with ginger,"Accords: herbal, aldehydic, woody. Notes: aldehydes, galbanum, ginger, chamomile, lavender, jasmine, rose, moss. Profile: It smells like a perfumer's closet at dawn — sweet florals mixed with powdery sandalwood and moss, with something earthy and slightly woody underneath.."
3297,fresh cut grass with sweet pear,"Accords: green, woody, vanilla. Notes: rhubarb leaf, bergamot, green notes, orange blossom, ylang-ylang, pear, bourbon vanilla, woody notes. Profile: It smells like rhubarb leaf and bergamot at first, then pear and vanilla, with something earthy and slightly woody underneath.."
3297,green leaves and vanilla perfume,"Accords: green, woody, vanilla. Notes: rhubarb leaf, bergamot, green notes, orange blossom, ylang-ylang, pear, bourbon vanilla, woody notes. Profile: It smells like rhubarb leaf and bergamot at first, then pear and vanilla, with something earthy and slightly woody underneath.."
3297,orange blossom with woody smell,"Accords: green, woody, vanilla. Notes: rhubarb leaf, bergamot, green notes, orange blossom, ylang-ylang, pear, bourbon vanilla, woody notes. Profile: It smells like rhubarb leaf and bergamot at first, then pear and vanilla, with something earthy and slightly woody underneath.."
19190,smoky leather jacket with flowers,"Accords: smoky, aromatic, woody. Notes: chrysanthemum, orris, elemi, rum, vetiver, rose, ash, leather. Profile: It smells like a leather jacket draped over an old wooden desk, where dried orchids sit next to white flowers, with something earthy and slightly powdery underneath.."
19190,burnt wood and dark rum smell,"Accords: smoky, aromatic, woody. Notes: chrysanthemum, orris, elemi, rum, vetiver, rose, ash, leather. Profile: It smells like a leather jacket draped over an old wooden desk, where dried orchids sit next to white flowers, with something earthy and slightly powdery underneath.."
19190,ash and rose perfume smoky,"Accords: smoky, aromatic, woody. Notes: chrysanthemum, orris, elemi, rum, vetiver, rose, ash, leather. Profile: It smells like a leather jacket draped over an old wooden desk, where dried orchids sit next to white flowers, with something earthy and slightly powdery underneath.."
20761,warm spicy cinnamon perfume with fruit,"Accords: cinnamon, warm spicy, amber. Notes: cinnamon, tangerine, plum, mimosa, amber, patchouli. Profile: It smells like a spice market at dawn — sweet cinnamon and orange peel mixed with powdery amber, finishing with something earthy and slightly floral.."
20761,cozy amber patchouli scent,"Accords: cinnamon, warm spicy, amber. Notes: cinnamon, tangerine, plum, mimosa, amber, patchouli. Profile: It smells like a spice market at dawn — sweet cinnamon and orange peel mixed with powdery amber, finishing with something earthy and slightly floral.."
20761,sweet plum and orange winter fragrance,"Accords: cinnamon, warm spicy, amber. Notes: cinnamon, tangerine, plum, mimosa, amber, patchouli. Profile: It smells like a spice market at dawn — sweet cinnamon and orange peel mixed with powdery amber, finishing with something earthy and slightly floral.."
4438,soft floral perfume with vanilla and powder,"Accords: violet, powdery, marine. Notes: violet, sea notes, banana leaf, petitgrain, violet, magnolia, lily-of-the-valley, tuberose. Profile: It smells like white flowers and seaweed at first, then settles into something sweet and earthy with a hint of powdery incense.."
4438,fresh violet flower scent with incense,"Accords: violet, powdery, marine. Notes: violet, sea notes, banana leaf, petitgrain, violet, magnolia, lily-of-the-valley, tuberose. Profile: It smells like white flowers and seaweed at first, then settles into something sweet and earthy with a hint of powdery incense.."
4438,clean soapy perfume lily of the valley,"Accords: violet, powdery, marine. Notes: violet, sea notes, banana leaf, petitgrain, violet, magnolia, lily-of-the-valley, tuberose. Profile: It smells like white flowers and seaweed at first, then settles into something sweet and earthy with a hint of powdery incense.."
6340,fresh lavender soap smell,"Accords: lavender, aromatic, fresh spicy. Notes: lavender, eucalyptus, rose, geranium, musk. Profile: It smells like lavender and rose petals at first, then eucalyptus, with a hint of powdery musk underneath.."
6340,herbal eucalyptus and lavender perfume,"Accords: lavender, aromatic, fresh spicy. Notes: lavender, eucalyptus, rose, geranium, musk. Profile: It smells like lavender and rose petals at first, then eucalyptus, with a hint of powdery musk underneath.."
6340,clean musk with lavender and rose,"Accords: lavender, aromatic, fresh spicy. Notes: lavender, eucalyptus, rose, geranium, musk. Profile: It smells like lavender and rose petals at first, then eucalyptus, with a hint of powdery musk underneath.."
6364,creamy floral perfume with apple and milk,"Accords: lactonic, powdery, aromatic. Notes: apple, sage, milk, heliotrope, lily-of-the-valley, violet, jasmine, musk. Profile: It smells like ripe apples and sage at first, then soft powdery white flowers, finishing with a warm, slightly woody base.."
6364,soft powdery violet and white flowers,"Accords: lactonic, powdery, aromatic. Notes: apple, sage, milk, heliotrope, lily-of-the-valley, violet, jasmine, musk. Profile: It smells like ripe apples and sage at first, then soft powdery white flowers, finishing with a warm, slightly woody base.."
6364,clean musky scent like fresh laundry,"Accords: lactonic, powdery, aromatic. Notes: apple, sage, milk, heliotrope, lily-of-the-valley, violet, jasmine, musk. Profile: It smells like ripe apples and sage at first, then soft powdery white flowers, finishing with a warm, slightly woody base.."
11280,nutty almond perfume with cherry and apple,"Accords: nutty, floral, sweet. Notes: cherry, green apple, bergamot, almond blossom, macadamia, mimosa, flower petals, jasmine. Profile: It smells like a fruit stand next to an apple orchard, where white flowers meet sweet almonds, with something earthy and slightly woody lingering in the air.."
11280,creamy macadamia and warm amber scent,"Accords: nutty, floral, sweet. Notes: cherry, green apple, bergamot, almond blossom, macadamia, mimosa, flower petals, jasmine. Profile: It smells like a fruit stand next to an apple orchard, where white flowers meet sweet almonds, with something earthy and slightly woody lingering in the air.."
11280,sweet almond blossom and white flowers,"Accords: nutty, floral, sweet. Notes: cherry, green apple, bergamot, almond blossom, macadamia, mimosa, flower petals, jasmine. Profile: It smells like a fruit stand next to an apple orchard, where white flowers meet sweet almonds, with something earthy and slightly woody lingering in the air.."
14684,fresh watermelon and green apple perfume,"Accords: ozonic, aquatic, fruity. Notes: melon, watermelon, green apple, lemon, lime, lily-of-the-valley, patchouli, musk. Profile: It smells like watermelon and citrus peel at first, then green apple and lime, with a hint of woody musk underneath.."
14684,clean laundry smell with melon,"Accords: ozonic, aquatic, fruity. Notes: melon, watermelon, green apple, lemon, lime, lily-of-the-valley, patchouli, musk. Profile: It smells like watermelon and citrus peel at first, then green apple and lime, with a hint of woody musk underneath.."
14684,bright citrusy scent for summer morning,"Accords: ozonic, aquatic, fruity. Notes: melon, watermelon, green apple, lemon, lime, lily-of-the-valley, patchouli, musk. Profile: It smells like watermelon and citrus peel at first, then green apple and lime, with a hint of woody musk underneath.."
14765,chocolate coffee perfume,"Accords: cacao, warm spicy, citrus. Notes: mandarin orange, coffee, osmanthus, cacao, tonka bean. Profile: It smells like a coffee shop at dawn — sweet orange peel mixed with coffee grounds, then settling into something earthy and slightly bitter.."
14765,warm cocoa and orange scent,"Accords: cacao, warm spicy, citrus. Notes: mandarin orange, coffee, osmanthus, cacao, tonka bean. Profile: It smells like a coffee shop at dawn — sweet orange peel mixed with coffee grounds, then settling into something earthy and slightly bitter.."
14765,sweet coffee bean fragrance,"Accords: cacao, warm spicy, citrus. Notes: mandarin orange, coffee, osmanthus, cacao, tonka bean. Profile: It smells like a coffee shop at dawn — sweet orange peel mixed with coffee grounds, then settling into something earthy and slightly bitter.."
13514,spicy rose perfume with pepper,"Accords: rose, floral, musky. Notes: pink pepper, pear, indonesian nutmeg, elemi, bergamot, rose, clove, magnolia. Profile: It smells like ripe pear and roses at first, then white flowers with a hint of powdery florals, finishing with something earthy and slightly woody.."
13514,fresh pear and floral scent,"Accords: rose, floral, musky. Notes: pink pepper, pear, indonesian nutmeg, elemi, bergamot, rose, clove, magnolia. Profile: It smells like ripe pear and roses at first, then white flowers with a hint of powdery florals, finishing with something earthy and slightly woody.."
13514,warm sandalwood amber rose fragrance,"Accords: rose, floral, musky. Notes: pink pepper, pear, indonesian nutmeg, elemi, bergamot, rose, clove, magnolia. Profile: It smells like ripe pear and roses at first, then white flowers with a hint of powdery florals, finishing with something earthy and slightly woody.."
18802,spicy ginger and warm tobacco scent,"Accords: warm spicy, amber, tobacco. Notes: grapefruit, coriander, basil, ginger, cardamom, orange blossom, amber, tobacco. Profile: It smells like a spice market at dawn — citrus peel mixed with cardamom, then sweetened by something earthy and slightly woody.."
18802,citrus and cedar with cardamom,"Accords: warm spicy, amber, tobacco. Notes: grapefruit, coriander, basil, ginger, cardamom, orange blossom, amber, tobacco. Profile: It smells like a spice market at dawn — citrus peel mixed with cardamom, then sweetened by something earthy and slightly woody.."
18802,amber cologne with grapefruit and spices,"Accords: warm spicy, amber, tobacco. Notes: grapefruit, coriander, basil, ginger, cardamom, orange blossom, amber, tobacco. Profile: It smells like a spice market at dawn — citrus peel mixed with cardamom, then sweetened by something earthy and slightly woody.."
1335,metallic smell perfume like coins,"Accords: metallic, mineral, fresh. Notes: aluminum, aldehydes, slate, pebbles, water notes, metallic notes, virginia cedar. Profile: It smells like powdered aluminum and sand, with a soft, powdery base that's been left in the sun for years.."
1335,clean water and stone scent,"Accords: metallic, mineral, fresh. Notes: aluminum, aldehydes, slate, pebbles, water notes, metallic notes, virginia cedar. Profile: It smells like powdered aluminum and sand, with a soft, powdery base that's been left in the sun for years.."
1335,perfume that smells like wet rocks,"Accords: metallic, mineral, fresh. Notes: aluminum, aldehydes, slate, pebbles, water notes, metallic notes, virginia cedar. Profile: It smells like powdered aluminum and sand, with a soft, powdery base that's been left in the sun for years.."
12808,warm honey perfume with flowers,"Accords: honey, sweet, citrus. Notes: ginger, bitter orange, jasmine sambac, orange blossom, rose, honey, amber, caramel. Profile: It smells like citrus peel and orange peel at first, then sweet honey and vanilla, finishing with a soft woody base.."
12808,sweet caramel vanilla scent,"Accords: honey, sweet, citrus. Notes: ginger, bitter orange, jasmine sambac, orange blossom, rose, honey, amber, caramel. Profile: It smells like citrus peel and orange peel at first, then sweet honey and vanilla, finishing with a soft woody base.."
12808,orange blossom and ginger fragrance,"Accords: honey, sweet, citrus. Notes: ginger, bitter orange, jasmine sambac, orange blossom, rose, honey, amber, caramel. Profile: It smells like citrus peel and orange peel at first, then sweet honey and vanilla, finishing with a soft woody base.."
815,fresh licorice spice perfume,"Accords: anis, woody, soft spicy. Notes: anise, spices, melon, eucalyptus, woodsy notes, musk. Profile: It smells like sweet melon and citrus at first, then soft woods and musk, finishing with a warm, slightly powdery base.."
815,melon and eucalyptus cologne,"Accords: anis, woody, soft spicy. Notes: anise, spices, melon, eucalyptus, woodsy notes, musk. Profile: It smells like sweet melon and citrus at first, then soft woods and musk, finishing with a warm, slightly powdery base.."
815,woodsy musk with anise scent,"Accords: anis, woody, soft spicy. Notes: anise, spices, melon, eucalyptus, woodsy notes, musk. Profile: It smells like sweet melon and citrus at first, then soft woods and musk, finishing with a warm, slightly powdery base.."
15683,soft white tea and vanilla perfume,"Accords: vanilla, floral, powdery. Notes: rice, white tea, frangipani, cherry blossom, heliotrope, vanille, incense, musk. Profile: It smells like a spice market at dawn — sweet tea and white flowers mixed with powdery incense, finishing with something woody and resinous.."
15683,creamy rice pudding with flowers,"Accords: vanilla, floral, powdery. Notes: rice, white tea, frangipani, cherry blossom, heliotrope, vanille, incense, musk. Profile: It smells like a spice market at dawn — sweet tea and white flowers mixed with powdery incense, finishing with something woody and resinous.."
15683,clean musk and cherry blossom scent,"Accords: vanilla, floral, powdery. Notes: rice, white tea, frangipani, cherry blossom, heliotrope, vanille, incense, musk. Profile: It smells like a spice market at dawn — sweet tea and white flowers mixed with powdery incense, finishing with something woody and resinous.."
4986,fresh cherry perfume with roses,"Accords: cherry, sweet, fruity. Notes: rose, green notes, jasmine, sour cherry, apple, orange blossom, black currant, white musk. Profile: It smells like a rose garden at dawn — sweet roses and white flowers mixed with citrus peel, then settling into powdery amber.."
4986,sweet and sour fruity scent,"Accords: cherry, sweet, fruity. Notes: rose, green notes, jasmine, sour cherry, apple, orange blossom, black currant, white musk. Profile: It smells like a rose garden at dawn — sweet roses and white flowers mixed with citrus peel, then settling into powdery amber.."
4986,cherry blossom garden in spring,"Accords: cherry, sweet, fruity. Notes: rose, green notes, jasmine, sour cherry, apple, orange blossom, black currant, white musk. Profile: It smells like a rose garden at dawn — sweet roses and white flowers mixed with citrus peel, then settling into powdery amber.."
4520,tropical coconut sunscreen with flowers,"Accords: yellow floral, sweet, coconut. Notes: bergamot, lemon, pink pepper, ylang-ylang, coconut milk, heliotrope, musk, benzoin. Profile: It smells like a spice shop at dawn — citrus peel mixed with powdered sugar, then softens into something earthy and slightly sweet.."
4520,creamy lemon pepper scent,"Accords: yellow floral, sweet, coconut. Notes: bergamot, lemon, pink pepper, ylang-ylang, coconut milk, heliotrope, musk, benzoin. Profile: It smells like a spice shop at dawn — citrus peel mixed with powdered sugar, then softens into something earthy and slightly sweet.."
4520,warm beach coconut musk perfume,"Accords: yellow floral, sweet, coconut. Notes: bergamot, lemon, pink pepper, ylang-ylang, coconut milk, heliotrope, musk, benzoin. Profile: It smells like a spice shop at dawn — citrus peel mixed with powdered sugar, then softens into something earthy and slightly sweet.."
7670,fresh cut flowers with soft musk,"Accords: floral, white floral, musky. Notes: white musk, peony, freesia, green notes, peach, plum, lily, lily-of-the-valley. Profile: It smells like a coffee shop at dawn — white flowers and peaches mixed with powdery flowers, then settles into something earthy and slightly sweet.."
7670,peach and vanilla with white flowers,"Accords: floral, white floral, musky. Notes: white musk, peony, freesia, green notes, peach, plum, lily, lily-of-the-valley. Profile: It smells like a coffee shop at dawn — white flowers and peaches mixed with powdery flowers, then settles into something earthy and slightly sweet.."
7670,spring garden after rain perfume,"Accords: floral, white floral, musky. Notes: white musk, peony, freesia, green notes, peach, plum, lily, lily-of-the-valley. Profile: It smells like a coffee shop at dawn — white flowers and peaches mixed with powdery flowers, then settles into something earthy and slightly sweet.."
10926,deep earthy patchouli with sweet plum,"Accords: patchouli, rose, woody. Notes: plum, geranium, bergamot, patchouli, rose, benzoin, amber, sandalwood. Profile: It smells like a flower shop next to an old wooden furniture store — sweet plums and roses mixed with earthy wood, then softened by something powdery and slightly woody.."
10926,warm amber musk sandalwood perfume,"Accords: patchouli, rose, woody. Notes: plum, geranium, bergamot, patchouli, rose, benzoin, amber, sandalwood. Profile: It smells like a flower shop next to an old wooden furniture store — sweet plums and roses mixed with earthy wood, then softened by something powdery and slightly woody.."
10926,dark rose with woody base smell,"Accords: patchouli, rose, woody. Notes: plum, geranium, bergamot, patchouli, rose, benzoin, amber, sandalwood. Profile: It smells like a flower shop next to an old wooden furniture store — sweet plums and roses mixed with earthy wood, then softened by something powdery and slightly woody.."
2231,sweet raspberry jasmine perfume,"Accords: white floral, sweet, honey. Notes: raspberry, neroli, amalfi lemon, jasmine, african orange flower, gardenia, white honey, patchouli. Profile: It smells like ripe raspberries and citrus peel at first, then soft honey and white flowers, finishing with a warm, slightly powdery base.."
2231,white flowers with honey and citrus,"Accords: white floral, sweet, honey. Notes: raspberry, neroli, amalfi lemon, jasmine, african orange flower, gardenia, white honey, patchouli. Profile: It smells like ripe raspberries and citrus peel at first, then soft honey and white flowers, finishing with a warm, slightly powdery base.."
2231,gardenia orange blossom fresh scent,"Accords: white floral, sweet, honey. Notes: raspberry, neroli, amalfi lemon, jasmine, african orange flower, gardenia, white honey, patchouli. Profile: It smells like ripe raspberries and citrus peel at first, then soft honey and white flowers, finishing with a warm, slightly powdery base.."
11482,sweet vanilla coconut body lotion,"Accords: sweet, lactonic, vanilla. Notes: lavender, pear, bergamot, whipped cream, coconut, praline, vanilla orchid, musk. Profile: It smells like sweet pear and vanilla at first, then creamy vanilla and whipped cream, with a woody base that's soft and powdery.."
11482,creamy dessert perfume with lavender,"Accords: sweet, lactonic, vanilla. Notes: lavender, pear, bergamot, whipped cream, coconut, praline, vanilla orchid, musk. Profile: It smells like sweet pear and vanilla at first, then creamy vanilla and whipped cream, with a woody base that's soft and powdery.."
11482,whipped cream and pear fragrance,"Accords: sweet, lactonic, vanilla. Notes: lavender, pear, bergamot, whipped cream, coconut, praline, vanilla orchid, musk. Profile: It smells like sweet pear and vanilla at first, then creamy vanilla and whipped cream, with a woody base that's soft and powdery.."
300,spicy metallic cologne for men,"Accords: metallic, warm spicy, aromatic. Notes: black pepper, bergamot, cardamom, labdanum, henna, metallic notes, ozonic notes, iris. Profile: It smells like dried peppercorns and cardamom at first, then rusty leather, with something earthy and slightly smoky underneath.."
300,cold metal and black pepper fragrance,"Accords: metallic, warm spicy, aromatic. Notes: black pepper, bergamot, cardamom, labdanum, henna, metallic notes, ozonic notes, iris. Profile: It smells like dried peppercorns and cardamom at first, then rusty leather, with something earthy and slightly smoky underneath.."
300,suede jacket with sharp spices smell,"Accords: metallic, warm spicy, aromatic. Notes: black pepper, bergamot, cardamom, labdanum, henna, metallic notes, ozonic notes, iris. Profile: It smells like dried peppercorns and cardamom at first, then rusty leather, with something earthy and slightly smoky underneath.."
12269,sweet almond pastry perfume,"Accords: almond, fruity, nutty. Notes: almond, fruity notes, musk, rose, jasmine, vanilla, resin, amber. Profile: It smells like sweet almonds and powdery roses at first, then soft vanilla and resin, finishing with a warm woody base.."
12269,soft vanilla and rose scent,"Accords: almond, fruity, nutty. Notes: almond, fruity notes, musk, rose, jasmine, vanilla, resin, amber. Profile: It smells like sweet almonds and powdery roses at first, then soft vanilla and resin, finishing with a warm woody base.."
12269,warm musk amber fragrance,"Accords: almond, fruity, nutty. Notes: almond, fruity notes, musk, rose, jasmine, vanilla, resin, amber. Profile: It smells like sweet almonds and powdery roses at first, then soft vanilla and resin, finishing with a warm woody base.."
5794,creamy milky perfume with rose,"Accords: lactonic, rose, fruity. Notes: litchi, grapefruit, rice, rose, milk mousse, cashmeran. Profile: It smells like ripe citrus and white flowers at first, then settles into creamy milk mousse with a hint of powdery sweetness.."
5794,sweet lychee and grapefruit fragrance,"Accords: lactonic, rose, fruity. Notes: litchi, grapefruit, rice, rose, milk mousse, cashmeran. Profile: It smells like ripe citrus and white flowers at first, then settles into creamy milk mousse with a hint of powdery sweetness.."
5794,soft powdery milk and rice scent,"Accords: lactonic, rose, fruity. Notes: litchi, grapefruit, rice, rose, milk mousse, cashmeran. Profile: It smells like ripe citrus and white flowers at first, then settles into creamy milk mousse with a hint of powdery sweetness.."
15432,powdery iris perfume with citrus,"Accords: iris, woody, amber. Notes: african orange flower, neroli, orange, mandarin orange, iris, galbanum, mastic or lentisque, incense. Profile: It smells like citrus peel and orange peel at first, then iris and white flowers, with something earthy and resinous underneath.."
15432,fresh orange blossom and woody incense,"Accords: iris, woody, amber. Notes: african orange flower, neroli, orange, mandarin orange, iris, galbanum, mastic or lentisque, incense. Profile: It smells like citrus peel and orange peel at first, then iris and white flowers, with something earthy and resinous underneath.."
15432,clean soapy floral with cedar,"Accords: iris, woody, amber. Notes: african orange flower, neroli, orange, mandarin orange, iris, galbanum, mastic or lentisque, incense. Profile: It smells like citrus peel and orange peel at first, then iris and white flowers, with something earthy and resinous underneath.."
9246,fresh ocean breeze with melon and salt,"Accords: aquatic, sweet, amber. Notes: melon, brandy, pear, mastic or lentisque, ginger, agave, salt, suede. Profile: It smells like sweet melon and citrus peel at first, then creamy vanilla and salt, finishing with something earthy and slightly powdery.."
9246,soft suede jacket with warm amber,"Accords: aquatic, sweet, amber. Notes: melon, brandy, pear, mastic or lentisque, ginger, agave, salt, suede. Profile: It smells like sweet melon and citrus peel at first, then creamy vanilla and salt, finishing with something earthy and slightly powdery.."
9246,cool water scent with ginger and pear,"Accords: aquatic, sweet, amber. Notes: melon, brandy, pear, mastic or lentisque, ginger, agave, salt, suede. Profile: It smells like sweet melon and citrus peel at first, then creamy vanilla and salt, finishing with something earthy and slightly powdery.."
10324,sweet cinnamon peach perfume,"Accords: cinnamon, warm spicy, vanilla. Notes: peach, citruses, plum, bergamot, mandarin orange, cinnamon, jasmine, lily-of-the-valley. Profile: It smells like sweet peaches and citrus peel at first, then soft vanilla and powdery wood, finishing with something earthy and slightly musky.."
10324,warm vanilla and sandalwood scent,"Accords: cinnamon, warm spicy, vanilla. Notes: peach, citruses, plum, bergamot, mandarin orange, cinnamon, jasmine, lily-of-the-valley. Profile: It smells like sweet peaches and citrus peel at first, then soft vanilla and powdery wood, finishing with something earthy and slightly musky.."
10324,fruity spicy fragrance with jasmine,"Accords: cinnamon, warm spicy, vanilla. Notes: peach, citruses, plum, bergamot, mandarin orange, cinnamon, jasmine, lily-of-the-valley. Profile: It smells like sweet peaches and citrus peel at first, then soft vanilla and powdery wood, finishing with something earthy and slightly musky.."
15509,chocolate orange perfume,"Accords: cacao, vanilla, warm spicy. Notes: orange, cacao, carambola (star fruit), vanilla. Profile: It smells like a fruit stand next to an orange peel, with something sweet and slightly sweet underneath.."
15509,sweet vanilla and cocoa scent,"Accords: cacao, vanilla, warm spicy. Notes: orange, cacao, carambola (star fruit), vanilla. Profile: It smells like a fruit stand next to an orange peel, with something sweet and slightly sweet underneath.."
15509,tropical fruit chocolate fragrance,"Accords: cacao, vanilla, warm spicy. Notes: orange, cacao, carambola (star fruit), vanilla. Profile: It smells like a fruit stand next to an orange peel, with something sweet and slightly sweet underneath.."
16100,fizzy cola and vanilla perfume,"Accords: coca-cola, warm spicy, rum. Notes: coca-cola, rum, lime, black pepper, birch, davana, vanilla, white musk. Profile: It smells like a liquor store next to an old-fashioned coffee shop — sweet rum mixed with powdered sugar, then softened by something powdery and slightly amber.."
16100,spicy rum and lime scent,"Accords: coca-cola, warm spicy, rum. Notes: coca-cola, rum, lime, black pepper, birch, davana, vanilla, white musk. Profile: It smells like a liquor store next to an old-fashioned coffee shop — sweet rum mixed with powdered sugar, then softened by something powdery and slightly amber.."
16100,sweet soda with warm amber,"Accords: coca-cola, warm spicy, rum. Notes: coca-cola, rum, lime, black pepper, birch, davana, vanilla, white musk. Profile: It smells like a liquor store next to an old-fashioned coffee shop — sweet rum mixed with powdered sugar, then softened by something powdery and slightly amber.."
16676,classic soapy floral perfume like grandma wore,"Accords: aldehydic, fresh, amber. Notes: aldehydes, bulgarian rose, jasmine, amber, musk, vanilla. Profile: It smells like a perfumer's closet at dawn — powdery rose petals mixed with white flowers, then soft vanilla and something faintly floral.."
16676,clean powdery rose and jasmine scent,"Accords: aldehydic, fresh, amber. Notes: aldehydes, bulgarian rose, jasmine, amber, musk, vanilla. Profile: It smells like a perfumer's closet at dawn — powdery rose petals mixed with white flowers, then soft vanilla and something faintly floral.."
16676,warm vanilla musk with fresh aldehydes,"Accords: aldehydic, fresh, amber. Notes: aldehydes, bulgarian rose, jasmine, amber, musk, vanilla. Profile: It smells like a perfumer's closet at dawn — powdery rose petals mixed with white flowers, then soft vanilla and something faintly floral.."
7671,fresh cut grass and mint perfume,"Accords: green, aromatic, woody. Notes: lavender, green notes, bergamot, mint, juniper, mandarin orange, green grass, peach. Profile: It smells like fresh lavender and citrus peel at first, then soft white flowers with a hint of powdery wood underneath.."
7671,green lavender perfume smells like garden,"Accords: green, aromatic, woody. Notes: lavender, green notes, bergamot, mint, juniper, mandarin orange, green grass, peach. Profile: It smells like fresh lavender and citrus peel at first, then soft white flowers with a hint of powdery wood underneath.."
7671,crisp bergamot and cedar cologne,"Accords: green, aromatic, woody. Notes: lavender, green notes, bergamot, mint, juniper, mandarin orange, green grass, peach. Profile: It smells like fresh lavender and citrus peel at first, then soft white flowers with a hint of powdery wood underneath.."
3466,spicy chocolate perfume for men,"Accords: cacao, lavender, warm spicy. Notes: pink pepper, lavender, cacao. Profile: It smells like a spice market at dawn — sweet peppercorns mixed with powdery lavender, and something earthy and slightly sweet.."
3466,dark cocoa and pepper scent,"Accords: cacao, lavender, warm spicy. Notes: pink pepper, lavender, cacao. Profile: It smells like a spice market at dawn — sweet peppercorns mixed with powdery lavender, and something earthy and slightly sweet.."
3466,lavender chocolate cologne,"Accords: cacao, lavender, warm spicy. Notes: pink pepper, lavender, cacao. Profile: It smells like a spice market at dawn — sweet peppercorns mixed with powdery lavender, and something earthy and slightly sweet.."
10465,chocolate coffee vanilla perfume,"Accords: chocolate, warm spicy, citrus. Notes: blood orange, calabrian bergamot, dark chocolate, coffee, madagascar vanilla, pancake, maple sap. Profile: It smells like sweet orange peel and bergamot at first, then dark chocolate and vanilla, with a hint of vanilla sweetness underneath.."
10465,sweet breakfast pancakes maple syrup scent,"Accords: chocolate, warm spicy, citrus. Notes: blood orange, calabrian bergamot, dark chocolate, coffee, madagascar vanilla, pancake, maple sap. Profile: It smells like sweet orange peel and bergamot at first, then dark chocolate and vanilla, with a hint of vanilla sweetness underneath.."
10465,dark chocolate orange fragrance,"Accords: chocolate, warm spicy, citrus. Notes: blood orange, calabrian bergamot, dark chocolate, coffee, madagascar vanilla, pancake, maple sap. Profile: It smells like sweet orange peel and bergamot at first, then dark chocolate and vanilla, with a hint of vanilla sweetness underneath.."
7569,fresh powdery violet perfume,"Accords: violet, powdery, fruity. Notes: violet, black currant, bergamot, lemon, violet, green apple, rose, peach. Profile: It smells like ripe peaches and white flowers at first, then soft rose petals, finishing with a hint of powdery musk.."
7569,green apple and peach scent,"Accords: violet, powdery, fruity. Notes: violet, black currant, bergamot, lemon, violet, green apple, rose, peach. Profile: It smells like ripe peaches and white flowers at first, then soft rose petals, finishing with a hint of powdery musk.."
7569,soft floral musk for spring,"Accords: violet, powdery, fruity. Notes: violet, black currant, bergamot, lemon, violet, green apple, rose, peach. Profile: It smells like ripe peaches and white flowers at first, then soft rose petals, finishing with a hint of powdery musk.."
11885,perfume that smells like wet moss and tea,"Accords: mossy, earthy, rose. Notes: bergamot, pink pepper, black pepper, rose, water jasmine, green tea, oakmoss, patchouli. Profile: It smells like a flower shop at dawn — sweet citrus peel mixed with white flowers, then settling into something earthy and slightly powdery.."
11885,fresh bergamot rose with earthy patchouli,"Accords: mossy, earthy, rose. Notes: bergamot, pink pepper, black pepper, rose, water jasmine, green tea, oakmoss, patchouli. Profile: It smells like a flower shop at dawn — sweet citrus peel mixed with white flowers, then settling into something earthy and slightly powdery.."
11885,green forest after rain with pepper,"Accords: mossy, earthy, rose. Notes: bergamot, pink pepper, black pepper, rose, water jasmine, green tea, oakmoss, patchouli. Profile: It smells like a flower shop at dawn — sweet citrus peel mixed with white flowers, then settling into something earthy and slightly powdery.."
1647,sweet fruity perfume with candy and berries,"Accords: sweet, patchouli, fruity. Notes: cotton candy, coconut, cassis, melon, jasmine, bergamot, pineapple, mandarin orange. Profile: It smells like a spice market at dawn — sweet almonds and honey mixed with citrus peel, then soft vanilla and powdery wood.."
1647,coconut vanilla perfume for summer,"Accords: sweet, patchouli, fruity. Notes: cotton candy, coconut, cassis, melon, jasmine, bergamot, pineapple, mandarin orange. Profile: It smells like a spice market at dawn — sweet almonds and honey mixed with citrus peel, then soft vanilla and powdery wood.."
1647,candy floss and tropical fruit scent,"Accords: sweet, patchouli, fruity. Notes: cotton candy, coconut, cassis, melon, jasmine, bergamot, pineapple, mandarin orange. Profile: It smells like a spice market at dawn — sweet almonds and honey mixed with citrus peel, then soft vanilla and powdery wood.."
20198,fresh mint and citrus cologne for summer,"Accords: aromatic, woody, fresh spicy. Notes: mandarin orange, mint, cypress, sage, pepper, tonka bean, musk, sandalwood. Profile: It smells like citrus peel and mint at first, then cypress and sage, with something earthy and slightly woody underneath.."
20198,woody cedar sandalwood mens fragrance,"Accords: aromatic, woody, fresh spicy. Notes: mandarin orange, mint, cypress, sage, pepper, tonka bean, musk, sandalwood. Profile: It smells like citrus peel and mint at first, then cypress and sage, with something earthy and slightly woody underneath.."
20198,spicy pepper sage aromatic scent,"Accords: aromatic, woody, fresh spicy. Notes: mandarin orange, mint, cypress, sage, pepper, tonka bean, musk, sandalwood. Profile: It smells like citrus peel and mint at first, then cypress and sage, with something earthy and slightly woody underneath.."
12655,fresh cut grass with leather jacket smell,"Accords: herbal, green, aromatic. Notes: grass, green notes, heather, artemisia, arnica, leather, vetiver, vanille. Profile: It smells like a leather jacket left in an old wooden shed, with something earthy and slightly powdery underneath.."
12655,green herbs after rain outdoors perfume,"Accords: herbal, green, aromatic. Notes: grass, green notes, heather, artemisia, arnica, leather, vetiver, vanille. Profile: It smells like a leather jacket left in an old wooden shed, with something earthy and slightly powdery underneath.."
12655,vetiver leather vanilla men's cologne,"Accords: herbal, green, aromatic. Notes: grass, green notes, heather, artemisia, arnica, leather, vetiver, vanille. Profile: It smells like a leather jacket left in an old wooden shed, with something earthy and slightly powdery underneath.."
9229,chocolate orange perfume,"Accords: chocolate, vanilla, sweet. Notes: mandarin orange, chocolate, chocolate flower, vanilla. Profile: It smells like a fruit stand next to an orange peel, with something sweet and slightly sweet underneath.."
9229,warm vanilla chocolate scent,"Accords: chocolate, vanilla, sweet. Notes: mandarin orange, chocolate, chocolate flower, vanilla. Profile: It smells like a fruit stand next to an orange peel, with something sweet and slightly sweet underneath.."
9229,sweet chocolate candy fragrance,"Accords: chocolate, vanilla, sweet. Notes: mandarin orange, chocolate, chocolate flower, vanilla. Profile: It smells like a fruit stand next to an orange peel, with something sweet and slightly sweet underneath.."
21139,musky leather jacket with sweet peach,"Accords: animalic, musky, woody. Notes: peach, bergamot, aldehydes, cambodian oud, carnation, patchouli, angelica, russian leather. Profile: It smells like fresh peaches and bergamot at first, then creamy leather and soft moss, finishing with a warm, slightly powdery base.."
21139,animalic perfume with oud and amber,"Accords: animalic, musky, woody. Notes: peach, bergamot, aldehydes, cambodian oud, carnation, patchouli, angelica, russian leather. Profile: It smells like fresh peaches and bergamot at first, then creamy leather and soft moss, finishing with a warm, slightly powdery base.."
21139,vintage dusty leather and spicy carnation,"Accords: animalic, musky, woody. Notes: peach, bergamot, aldehydes, cambodian oud, carnation, patchouli, angelica, russian leather. Profile: It smells like fresh peaches and bergamot at first, then creamy leather and soft moss, finishing with a warm, slightly powdery base.."
14515,fresh vanilla with mint and apple,"Accords: vanilla, aromatic, green. Notes: mint, green apple, lemon, tonka bean, ambroxan, geranium, madagascar vanilla, virginian cedar. Profile: It smells like a spice market at dawn — sweet mint and green apple mixed with vanilla, with something earthy and slightly woody underneath.."
14515,sweet vanilla perfume with cedar wood,"Accords: vanilla, aromatic, green. Notes: mint, green apple, lemon, tonka bean, ambroxan, geranium, madagascar vanilla, virginian cedar. Profile: It smells like a spice market at dawn — sweet mint and green apple mixed with vanilla, with something earthy and slightly woody underneath.."
14515,creamy vanilla and lemon scent,"Accords: vanilla, aromatic, green. Notes: mint, green apple, lemon, tonka bean, ambroxan, geranium, madagascar vanilla, virginian cedar. Profile: It smells like a spice market at dawn — sweet mint and green apple mixed with vanilla, with something earthy and slightly woody underneath.."
9244,fresh cucumber and citrus perfume,"Accords: ozonic, green, aquatic. Notes: cucumber, citruses, green notes, lotus, plum, lavender, sichuan pepper, virginia cedar. Profile: It smells like a spice market at dawn — sweet cucumbers and pecans mixed with powdery flowers, then soft wood and musk.."
9244,clean laundry smell with green notes,"Accords: ozonic, green, aquatic. Notes: cucumber, citruses, green notes, lotus, plum, lavender, sichuan pepper, virginia cedar. Profile: It smells like a spice market at dawn — sweet cucumbers and pecans mixed with powdery flowers, then soft wood and musk.."
9244,cool watery scent like after rain,"Accords: ozonic, green, aquatic. Notes: cucumber, citruses, green notes, lotus, plum, lavender, sichuan pepper, virginia cedar. Profile: It smells like a spice market at dawn — sweet cucumbers and pecans mixed with powdery flowers, then soft wood and musk.."
11525,smoky leather jacket smell,"Accords: smoky, leather, aromatic. Notes: grapefruit, smoke, juniper, leather, vetiver. Profile: It smells like citrus peel and juniper at first, then soft leather, with something earthy and slightly leathery underneath.."
11525,grapefruit and vetiver men's cologne,"Accords: smoky, leather, aromatic. Notes: grapefruit, smoke, juniper, leather, vetiver. Profile: It smells like citrus peel and juniper at first, then soft leather, with something earthy and slightly leathery underneath.."
11525,campfire smoke and juniper scent,"Accords: smoky, leather, aromatic. Notes: grapefruit, smoke, juniper, leather, vetiver. Profile: It smells like citrus peel and juniper at first, then soft leather, with something earthy and slightly leathery underneath.."
6564,white floral perfume with citrus and tea,"Accords: tuberose, woody, white floral. Notes: pomegranate, blood mandarin, tea, tuberose, freesia, sandalwood, musk. Profile: It smells like pomegranate juice and white flowers at first, then settles into something earthy and slightly woody.."
6564,tuberose freesia sandalwood fragrance,"Accords: tuberose, woody, white floral. Notes: pomegranate, blood mandarin, tea, tuberose, freesia, sandalwood, musk. Profile: It smells like pomegranate juice and white flowers at first, then settles into something earthy and slightly woody.."
6564,creamy flowers with pomegranate and musk,"Accords: tuberose, woody, white floral. Notes: pomegranate, blood mandarin, tea, tuberose, freesia, sandalwood, musk. Profile: It smells like pomegranate juice and white flowers at first, then settles into something earthy and slightly woody.."
3102,perfume that smells like coca cola with vanilla,"Accords: coca-cola, citrus, warm spicy. Notes: coca-cola, lime, nutmeg, cinnamon, cedar, vanilla. Profile: It smells like a coffee shop at dawn — citrus peel mixed with cinnamon, then dried fruit and vanilla, finishing with something sweet and slightly earthy.."
3102,spicy cinnamon and lime fragrance,"Accords: coca-cola, citrus, warm spicy. Notes: coca-cola, lime, nutmeg, cinnamon, cedar, vanilla. Profile: It smells like a coffee shop at dawn — citrus peel mixed with cinnamon, then dried fruit and vanilla, finishing with something sweet and slightly earthy.."
3102,sweet fizzy soda smell with cedar wood,"Accords: coca-cola, citrus, warm spicy. Notes: coca-cola, lime, nutmeg, cinnamon, cedar, vanilla. Profile: It smells like a coffee shop at dawn — citrus peel mixed with cinnamon, then dried fruit and vanilla, finishing with something sweet and slightly earthy.."
7178,warm vanilla with salty beach vibes,"Accords: vanilla, salty, white floral. Notes: water jasmine, green mandarin, ginger flower, vanilla, salt, ambergris, cashmere wood, sandalwood. Profile: It smells like a spice market at dawn — jasmine blossoms mixed with white flowers, then settling into something earthy and slightly woody.."
7178,creamy sandalwood and jasmine perfume,"Accords: vanilla, salty, white floral. Notes: water jasmine, green mandarin, ginger flower, vanilla, salt, ambergris, cashmere wood, sandalwood. Profile: It smells like a spice market at dawn — jasmine blossoms mixed with white flowers, then settling into something earthy and slightly woody.."
7178,soft vanilla cashmere scent for everyday,"Accords: vanilla, salty, white floral. Notes: water jasmine, green mandarin, ginger flower, vanilla, salt, ambergris, cashmere wood, sandalwood. Profile: It smells like a spice market at dawn — jasmine blossoms mixed with white flowers, then settling into something earthy and slightly woody.."
20474,warm spicy oud perfume with lavender,"Accords: oud, sweet, aromatic. Notes: clary sage, lavender, bergamot, saffron, praline, agarwood (oud), cedar. Profile: It smells like powdery lavender and saffron at first, then soft vanilla and woody praline, finishing with a hint of earthy wood.."
20474,sweet praline and woody cedar fragrance,"Accords: oud, sweet, aromatic. Notes: clary sage, lavender, bergamot, saffron, praline, agarwood (oud), cedar. Profile: It smells like powdery lavender and saffron at first, then soft vanilla and woody praline, finishing with a hint of earthy wood.."
20474,bergamot sage cologne with dark wood smell,"Accords: oud, sweet, aromatic. Notes: clary sage, lavender, bergamot, saffron, praline, agarwood (oud), cedar. Profile: It smells like powdery lavender and saffron at first, then soft vanilla and woody praline, finishing with a hint of earthy wood.."
15720,rose perfume with oud and vanilla,"Accords: rose, fruity, vanilla. Notes: litchi, pear, bergamot, turkish rose, agarwood (oud), incense, vanilla, amber. Profile: It smells like ripe pear and rose petals at first, then sweet vanilla and resinous incense, with a woody undertone.."
15720,sweet fruity rose with incense smell,"Accords: rose, fruity, vanilla. Notes: litchi, pear, bergamot, turkish rose, agarwood (oud), incense, vanilla, amber. Profile: It smells like ripe pear and rose petals at first, then sweet vanilla and resinous incense, with a woody undertone.."
15720,warm amber rose fragrance for women,"Accords: rose, fruity, vanilla. Notes: litchi, pear, bergamot, turkish rose, agarwood (oud), incense, vanilla, amber. Profile: It smells like ripe pear and rose petals at first, then sweet vanilla and resinous incense, with a woody undertone.."
20702,fresh sage and cedar cologne for men,"Accords: aromatic, woody, fresh spicy. Notes: apple, ginger, bergamot, sage, juniper berries, geranium, amberwood, tonka bean. Profile: It smells like ripe apples and citrus peel at first, then settles into something earthy and slightly sweet with a hint of powdery wood.."
20702,spicy ginger apple scent woody,"Accords: aromatic, woody, fresh spicy. Notes: apple, ginger, bergamot, sage, juniper berries, geranium, amberwood, tonka bean. Profile: It smells like ripe apples and citrus peel at first, then settles into something earthy and slightly sweet with a hint of powdery wood.."
20702,clean juniper bergamot aftershave smell,"Accords: aromatic, woody, fresh spicy. Notes: apple, ginger, bergamot, sage, juniper berries, geranium, amberwood, tonka bean. Profile: It smells like ripe apples and citrus peel at first, then settles into something earthy and slightly sweet with a hint of powdery wood.."
8584,sweet berry candy perfume for summer,"Accords: fruity, sweet, woody. Notes: strawberry, raspberry, blackberry, sour cherry, black currant, mandarin orange, lemon, violet. Profile: It smells like a spice market at dawn — ripe raspberries and blackcurrants mixed with white flowers, then softening into something earthy and slightly powdery.."
8584,fruity perfume with strawberry and raspberry,"Accords: fruity, sweet, woody. Notes: strawberry, raspberry, blackberry, sour cherry, black currant, mandarin orange, lemon, violet. Profile: It smells like a spice market at dawn — ripe raspberries and blackcurrants mixed with white flowers, then softening into something earthy and slightly powdery.."
8584,fresh citrus and mixed berries scent,"Accords: fruity, sweet, woody. Notes: strawberry, raspberry, blackberry, sour cherry, black currant, mandarin orange, lemon, violet. Profile: It smells like a spice market at dawn — ripe raspberries and blackcurrants mixed with white flowers, then softening into something earthy and slightly powdery.."
13816,creamy white flowers not too sweet,"Accords: tuberose, violet, white floral. Notes: bergamot, tuberose, violet, rose, patchouli. Profile: It smells like bergamot and white flowers at first, then rose petals and powdery roses, with a warm, slightly earthy base.."
13816,fresh tuberose perfume for spring,"Accords: tuberose, violet, white floral. Notes: bergamot, tuberose, violet, rose, patchouli. Profile: It smells like bergamot and white flowers at first, then rose petals and powdery roses, with a warm, slightly earthy base.."
13816,violet and rose garden scent,"Accords: tuberose, violet, white floral. Notes: bergamot, tuberose, violet, rose, patchouli. Profile: It smells like bergamot and white flowers at first, then rose petals and powdery roses, with a warm, slightly earthy base.."
11587,sweet honey perfume with spices,"Accords: honey, earthy, mossy. Notes: coriander, pepper oil, nutmeg, bergamot, lemon, mandarin orange, may rose, mimosa. Profile: It smells like a spice market at dawn — citrus peel and lemon peel mixed with honey, then soft wood and moss, finishing with something earthy and slightly sweet.."
11587,warm floral perfume with peach and honey,"Accords: honey, earthy, mossy. Notes: coriander, pepper oil, nutmeg, bergamot, lemon, mandarin orange, may rose, mimosa. Profile: It smells like a spice market at dawn — citrus peel and lemon peel mixed with honey, then soft wood and moss, finishing with something earthy and slightly sweet.."
11587,citrus and honey fragrance with woods,"Accords: honey, earthy, mossy. Notes: coriander, pepper oil, nutmeg, bergamot, lemon, mandarin orange, may rose, mimosa. Profile: It smells like a spice market at dawn — citrus peel and lemon peel mixed with honey, then soft wood and moss, finishing with something earthy and slightly sweet.."
13472,fresh mint and grapefruit perfume,"Accords: green, aromatic, fresh spicy. Notes: mint, grapefruit, bergamot, anise, green notes, cassis, rose, hedione. Profile: It smells like citrus peel and bergamot at first, then rose petals and white flowers, finishing with a warm, slightly powdery base.."
13472,green herbal cologne with rose,"Accords: green, aromatic, fresh spicy. Notes: mint, grapefruit, bergamot, anise, green notes, cassis, rose, hedione. Profile: It smells like citrus peel and bergamot at first, then rose petals and white flowers, finishing with a warm, slightly powdery base.."
13472,clean citrus musk fragrance,"Accords: green, aromatic, fresh spicy. Notes: mint, grapefruit, bergamot, anise, green notes, cassis, rose, hedione. Profile: It smells like citrus peel and bergamot at first, then rose petals and white flowers, finishing with a warm, slightly powdery base.."
18657,fresh lavender and spicy pepper,"Accords: lavender, honey, woody. Notes: metallic notes, aldehydes, cardamon, black pepper, water notes, violet leaf, ginger, neroli. Profile: It smells like a leather jacket left in an old wooden shed, with something powdery and slightly earthy underneath.."
18657,clean soapy cologne with leather,"Accords: lavender, honey, woody. Notes: metallic notes, aldehydes, cardamon, black pepper, water notes, violet leaf, ginger, neroli. Profile: It smells like a leather jacket left in an old wooden shed, with something powdery and slightly earthy underneath.."
18657,waxy honey and lavender scent,"Accords: lavender, honey, woody. Notes: metallic notes, aldehydes, cardamon, black pepper, water notes, violet leaf, ginger, neroli. Profile: It smells like a leather jacket left in an old wooden shed, with something powdery and slightly earthy underneath.."
9670,coffee shop with vanilla and almond pastries,"Accords: vanilla, coffee, sweet. Notes: pear, pink pepper, orange blossom, coffee, jasmine, bitter almond, licorice, vanilla. Profile: It smells like ripe pear and orange peel at first, then creamy vanilla and sweet almond, with a warm, slightly woody base.."
9670,sweet pear and orange blossom perfume,"Accords: vanilla, coffee, sweet. Notes: pear, pink pepper, orange blossom, coffee, jasmine, bitter almond, licorice, vanilla. Profile: It smells like ripe pear and orange peel at first, then creamy vanilla and sweet almond, with a warm, slightly woody base.."
9670,warm vanilla with spicy pepper and wood,"Accords: vanilla, coffee, sweet. Notes: pear, pink pepper, orange blossom, coffee, jasmine, bitter almond, licorice, vanilla. Profile: It smells like ripe pear and orange peel at first, then creamy vanilla and sweet almond, with a warm, slightly woody base.."
4780,clean soapy perfume with citrus and honey,"Accords: aldehydic, musky, citrus. Notes: aldehydes, orange, honey, geranium, musk, patchouli, amber. Profile: It smells like sweet orange peel and honey at first, then creamy vanilla and warm wood, with a hint of powdery amber.."
4780,fresh waxy candle scent with orange peel,"Accords: aldehydic, musky, citrus. Notes: aldehydes, orange, honey, geranium, musk, patchouli, amber. Profile: It smells like sweet orange peel and honey at first, then creamy vanilla and warm wood, with a hint of powdery amber.."
4780,vintage powdery musk perfume amber base,"Accords: aldehydic, musky, citrus. Notes: aldehydes, orange, honey, geranium, musk, patchouli, amber. Profile: It smells like sweet orange peel and honey at first, then creamy vanilla and warm wood, with a hint of powdery amber.."
15649,warm spicy perfume with cloves and vanilla,"Accords: warm spicy, woody, citrus. Notes: grapefruit, bergamot, orange, rose, geranium, jasmine, narcissus, peach. Profile: It smells like ripe peaches and roses at first, then soft vanilla and white flowers, finishing with a warm, slightly powdery base.."
15649,cozy sandalwood and peach fragrance,"Accords: warm spicy, woody, citrus. Notes: grapefruit, bergamot, orange, rose, geranium, jasmine, narcissus, peach. Profile: It smells like ripe peaches and roses at first, then soft vanilla and white flowers, finishing with a warm, slightly powdery base.."
15649,spicy floral scent for cold weather,"Accords: warm spicy, woody, citrus. Notes: grapefruit, bergamot, orange, rose, geranium, jasmine, narcissus, peach. Profile: It smells like ripe peaches and roses at first, then soft vanilla and white flowers, finishing with a warm, slightly powdery base.."
21755,warm vanilla cinnamon candle smell,"Accords: vanilla, sweet, amber. Notes: pink pepper, juniper, violet, toffee, cinnamon, lavender, sage, vanilla. Profile: It smells like a spice market at dawn — sweet pepper and spice mixed with powdery vanilla, then softens into something soft and slightly leathery.."
21755,soft suede jacket with sweet spices,"Accords: vanilla, sweet, amber. Notes: pink pepper, juniper, violet, toffee, cinnamon, lavender, sage, vanilla. Profile: It smells like a spice market at dawn — sweet pepper and spice mixed with powdery vanilla, then softens into something soft and slightly leathery.."
21755,cozy lavender vanilla toffee scent,"Accords: vanilla, sweet, amber. Notes: pink pepper, juniper, violet, toffee, cinnamon, lavender, sage, vanilla. Profile: It smells like a spice market at dawn — sweet pepper and spice mixed with powdery vanilla, then softens into something soft and slightly leathery.."
5989,fresh lavender lemon soap smell,"Accords: lavender, aromatic, green. Notes: amalfi lemon, chamomile, mint, mandarin orange, lavender, tea, magnolia, musk. Profile: It smells like citrus peel and mint at first, then musk and powdery lavender, with a woody sweetness that's slightly sweet.."
5989,calming tea and mint perfume,"Accords: lavender, aromatic, green. Notes: amalfi lemon, chamomile, mint, mandarin orange, lavender, tea, magnolia, musk. Profile: It smells like citrus peel and mint at first, then musk and powdery lavender, with a woody sweetness that's slightly sweet.."
5989,clean laundry with citrus and herbs,"Accords: lavender, aromatic, green. Notes: amalfi lemon, chamomile, mint, mandarin orange, lavender, tea, magnolia, musk. Profile: It smells like citrus peel and mint at first, then musk and powdery lavender, with a woody sweetness that's slightly sweet.."
12903,fresh flowers with spicy pepper,"Accords: floral, powdery, woody. Notes: freesia, pepper, apple, heliotrope, violet, jasmine, hibiscus, rose. Profile: It smells like a spice cabinet left open in an old church — sweet pepper and white flowers mixed with powdery roses, then settles into something earthy and resinous.."
12903,soft suede and violet perfume,"Accords: floral, powdery, woody. Notes: freesia, pepper, apple, heliotrope, violet, jasmine, hibiscus, rose. Profile: It smells like a spice cabinet left open in an old church — sweet pepper and white flowers mixed with powdery roses, then settles into something earthy and resinous.."
12903,apple and rose with warm wood,"Accords: floral, powdery, woody. Notes: freesia, pepper, apple, heliotrope, violet, jasmine, hibiscus, rose. Profile: It smells like a spice cabinet left open in an old church — sweet pepper and white flowers mixed with powdery roses, then settles into something earthy and resinous.."
20205,fresh pineapple and apple cologne,"Accords: fruity, sweet, leather. Notes: bergamot, black currant, apple, lemon, pink pepper, pineapple, patchouli, moroccan jasmine. Profile: It smells like a fruit stand next to an apple orchard, where citrus peels are mixed with white flowers, then settles into something earthy and slightly woody.."
20205,smoky woods with citrus and berries,"Accords: fruity, sweet, leather. Notes: bergamot, black currant, apple, lemon, pink pepper, pineapple, patchouli, moroccan jasmine. Profile: It smells like a fruit stand next to an apple orchard, where citrus peels are mixed with white flowers, then settles into something earthy and slightly woody.."
20205,bright fruity scent with earthy base,"Accords: fruity, sweet, leather. Notes: bergamot, black currant, apple, lemon, pink pepper, pineapple, patchouli, moroccan jasmine. Profile: It smells like a fruit stand next to an apple orchard, where citrus peels are mixed with white flowers, then settles into something earthy and slightly woody.."
20441,smoky incense with black pepper and leather,"Accords: smoky, amber, fresh spicy. Notes: incense, black pepper, olibanum, birch, licorice, leather, pepperwood or hercules club, cedar. Profile: It smells like burning incense at first, then softens into something earthy and slightly leathery.."
20441,campfire smoke cedar and birch wood,"Accords: smoky, amber, fresh spicy. Notes: incense, black pepper, olibanum, birch, licorice, leather, pepperwood or hercules club, cedar. Profile: It smells like burning incense at first, then softens into something earthy and slightly leathery.."
20441,church incense mixed with licorice smell,"Accords: smoky, amber, fresh spicy. Notes: incense, black pepper, olibanum, birch, licorice, leather, pepperwood or hercules club, cedar. Profile: It smells like burning incense at first, then softens into something earthy and slightly leathery.."
7141,clean fresh laundry smell perfume,"Accords: fresh, aquatic, violet. Notes: watery notes, violet, melon, wildflowers, solar notes, jasmine, orange blossom, violet. Profile: It smells like a fruit stand next to an old church — watery and slightly sweet, with melon and white flowers lingering in the background.."
7141,light watery floral for summer,"Accords: fresh, aquatic, violet. Notes: watery notes, violet, melon, wildflowers, solar notes, jasmine, orange blossom, violet. Profile: It smells like a fruit stand next to an old church — watery and slightly sweet, with melon and white flowers lingering in the background.."
7141,fresh cut flowers after rain scent,"Accords: fresh, aquatic, violet. Notes: watery notes, violet, melon, wildflowers, solar notes, jasmine, orange blossom, violet. Profile: It smells like a fruit stand next to an old church — watery and slightly sweet, with melon and white flowers lingering in the background.."
12386,fresh ocean breeze perfume,"Accords: salty, citrus, musky. Notes: lemon, water notes, sea salt, peach, musk, cedar. Profile: It smells like citrus peel and sea salt at first, then settles into something earthy and slightly musky.."
12386,salty beach water scent,"Accords: salty, citrus, musky. Notes: lemon, water notes, sea salt, peach, musk, cedar. Profile: It smells like citrus peel and sea salt at first, then settles into something earthy and slightly musky.."
12386,light summery sea spray fragrance,"Accords: salty, citrus, musky. Notes: lemon, water notes, sea salt, peach, musk, cedar. Profile: It smells like citrus peel and sea salt at first, then settles into something earthy and slightly musky.."
17959,warm spicy tobacco with apples and cinnamon,"Accords: tobacco, fruity, vanilla. Notes: apple, smoke, cinnamon, tobacco, moss, bourbon vanilla, orcanox. Profile: It smells like sweet apple and tobacco at first, then mossy tobacco, with a faint sweetness that's slightly sweet.."
17959,smoky vanilla bourbon smell,"Accords: tobacco, fruity, vanilla. Notes: apple, smoke, cinnamon, tobacco, moss, bourbon vanilla, orcanox. Profile: It smells like sweet apple and tobacco at first, then mossy tobacco, with a faint sweetness that's slightly sweet.."
17959,tobacco moss and smoke perfume,"Accords: tobacco, fruity, vanilla. Notes: apple, smoke, cinnamon, tobacco, moss, bourbon vanilla, orcanox. Profile: It smells like sweet apple and tobacco at first, then mossy tobacco, with a faint sweetness that's slightly sweet.."
17514,sweet caramel perfume with vanilla,"Accords: caramel, vanilla, white floral. Notes: jasmine, caramel, salt, vanilla. Profile: It smells like a spice market at dawn — sweet jasmine and caramel mixed with salty vanilla.."
17514,salted caramel and jasmine scent,"Accords: caramel, vanilla, white floral. Notes: jasmine, caramel, salt, vanilla. Profile: It smells like a spice market at dawn — sweet jasmine and caramel mixed with salty vanilla.."
17514,warm vanilla caramel fragrance,"Accords: caramel, vanilla, white floral. Notes: jasmine, caramel, salt, vanilla. Profile: It smells like a spice market at dawn — sweet jasmine and caramel mixed with salty vanilla.."
12222,fresh lavender and mint cologne,"Accords: aromatic, vanilla, fresh spicy. Notes: lavender, mint, cardamom, bergamot, artemisia, cinnamon, orange blossom, caraway. Profile: It smells like sweet lavender and mint at first, then creamy vanilla with a hint of spiced cardamom, finishing with something earthy and slightly woody.."
12222,warm spicy vanilla with herbs,"Accords: aromatic, vanilla, fresh spicy. Notes: lavender, mint, cardamom, bergamot, artemisia, cinnamon, orange blossom, caraway. Profile: It smells like sweet lavender and mint at first, then creamy vanilla with a hint of spiced cardamom, finishing with something earthy and slightly woody.."
12222,barbershop soap with cinnamon,"Accords: aromatic, vanilla, fresh spicy. Notes: lavender, mint, cardamom, bergamot, artemisia, cinnamon, orange blossom, caraway. Profile: It smells like sweet lavender and mint at first, then creamy vanilla with a hint of spiced cardamom, finishing with something earthy and slightly woody.."
15379,sweet violet and strawberry perfume,"Accords: violet, powdery, vanilla. Notes: violet, wild strawberry, orange blossom, iris, vanilla, tonka bean, sandalwood. Profile: It smells like white flowers and iris at first, then sweet vanilla and soft vanilla, with a warm woody base.."
15379,powdery iris vanilla scent for spring,"Accords: violet, powdery, vanilla. Notes: violet, wild strawberry, orange blossom, iris, vanilla, tonka bean, sandalwood. Profile: It smells like white flowers and iris at first, then sweet vanilla and soft vanilla, with a warm woody base.."
15379,soft floral with orange blossom and sandalwood,"Accords: violet, powdery, vanilla. Notes: violet, wild strawberry, orange blossom, iris, vanilla, tonka bean, sandalwood. Profile: It smells like white flowers and iris at first, then sweet vanilla and soft vanilla, with a warm woody base.."
2101,sweet cherry and hazelnut perfume,"Accords: nutty, sweet, fruity. Notes: cherry, melon, raspberry, red rose, peony, orange blossom, hazelnut, musk. Profile: It smells like a fruit stand next to an apple orchard — sweet cherries and melon mixed with white flowers, then softens into something earthy and slightly powdery.."
2101,fruity floral perfume with melon and raspberry,"Accords: nutty, sweet, fruity. Notes: cherry, melon, raspberry, red rose, peony, orange blossom, hazelnut, musk. Profile: It smells like a fruit stand next to an apple orchard — sweet cherries and melon mixed with white flowers, then softens into something earthy and slightly powdery.."
2101,soft rose and amber scent for women,"Accords: nutty, sweet, fruity. Notes: cherry, melon, raspberry, red rose, peony, orange blossom, hazelnut, musk. Profile: It smells like a fruit stand next to an apple orchard — sweet cherries and melon mixed with white flowers, then softens into something earthy and slightly powdery.."
18479,incense and leather perfume,"Accords: smoky, rose, amber. Notes: incense, pimento, bergamot, rose, leather, tobacco, guaiac wood, cashmere wood. Profile: It smells like a leather jacket left in an old woodshop, with something sweet and earthy lingering in the background.."
18479,smoky tobacco and rose scent,"Accords: smoky, rose, amber. Notes: incense, pimento, bergamot, rose, leather, tobacco, guaiac wood, cashmere wood. Profile: It smells like a leather jacket left in an old woodshop, with something sweet and earthy lingering in the background.."
18479,warm spicy church incense smell,"Accords: smoky, rose, amber. Notes: incense, pimento, bergamot, rose, leather, tobacco, guaiac wood, cashmere wood. Profile: It smells like a leather jacket left in an old woodshop, with something sweet and earthy lingering in the background.."
5775,fresh jasmine and gardenia perfume,"Accords: white floral, ozonic, powdery. Notes: violet leaf, blood grapefruit, strawberry, violet, gardenia, jasmine, musk, white woods. Profile: It smells like ripe grapefruit and white flowers at first, then settles into something powdery and slightly woody.."
5775,strawberry vanilla with white flowers,"Accords: white floral, ozonic, powdery. Notes: violet leaf, blood grapefruit, strawberry, violet, gardenia, jasmine, musk, white woods. Profile: It smells like ripe grapefruit and white flowers at first, then settles into something powdery and slightly woody.."
5775,clean musky floral scent for spring,"Accords: white floral, ozonic, powdery. Notes: violet leaf, blood grapefruit, strawberry, violet, gardenia, jasmine, musk, white woods. Profile: It smells like ripe grapefruit and white flowers at first, then settles into something powdery and slightly woody.."
738,fresh ocean breeze with herbs,"Accords: aquatic, woody, aromatic. Notes: water notes, rosemary, cardamom, sequoia, musk, patchouli. Profile: It smells like a flower shop at dawn — sweet water and cardamom mixed with white flowers, then dried herbs and musk.."
738,clean water and woodsy scent,"Accords: aquatic, woody, aromatic. Notes: water notes, rosemary, cardamom, sequoia, musk, patchouli. Profile: It smells like a flower shop at dawn — sweet water and cardamom mixed with white flowers, then dried herbs and musk.."
738,aquatic cologne with spices,"Accords: aquatic, woody, aromatic. Notes: water notes, rosemary, cardamom, sequoia, musk, patchouli. Profile: It smells like a flower shop at dawn — sweet water and cardamom mixed with white flowers, then dried herbs and musk.."
12242,lavender coffee perfume,"Accords: lavender, vanilla, coffee. Notes: pepper, orange blossom, patchouli, lavender, coffee, milk, tonka bean, siam benzoin. Profile: It smells like sweet pepper and orange peel at first, then creamy vanilla and powdery nagarmotha, finishing with a warm, slightly earthy base.."
12242,spicy lavender with vanilla and woods,"Accords: lavender, vanilla, coffee. Notes: pepper, orange blossom, patchouli, lavender, coffee, milk, tonka bean, siam benzoin. Profile: It smells like sweet pepper and orange peel at first, then creamy vanilla and powdery nagarmotha, finishing with a warm, slightly earthy base.."
12242,creamy coffee and lavender scent,"Accords: lavender, vanilla, coffee. Notes: pepper, orange blossom, patchouli, lavender, coffee, milk, tonka bean, siam benzoin. Profile: It smells like sweet pepper and orange peel at first, then creamy vanilla and powdery nagarmotha, finishing with a warm, slightly earthy base.."
20806,earthy forest smell with jasmine,"Accords: mossy, woody, fruity. Notes: black currant, caraway, coriander, jasmine, lily-of-the-valley, oakmoss, sandalwood, musk. Profile: It smells like sweet black currants and caraway at first, then white flowers and moss, finishing with something earthy and slightly woody.."
20806,mossy green perfume for women,"Accords: mossy, woody, fruity. Notes: black currant, caraway, coriander, jasmine, lily-of-the-valley, oakmoss, sandalwood, musk. Profile: It smells like sweet black currants and caraway at first, then white flowers and moss, finishing with something earthy and slightly woody.."
20806,vintage musky sandalwood scent,"Accords: mossy, woody, fruity. Notes: black currant, caraway, coriander, jasmine, lily-of-the-valley, oakmoss, sandalwood, musk. Profile: It smells like sweet black currants and caraway at first, then white flowers and moss, finishing with something earthy and slightly woody.."
8916,sweet almond coffee perfume with vanilla,"Accords: sweet, white floral, warm spicy. Notes: almond, coffee, bergamot, lemon, tuberose, jasmine sambac, orange blossom, orris. Profile: It smells like sweet almonds and coffee at first, then creamy vanilla and powdery roses, finishing with a soft woody base.."
8916,creamy dessert fragrance with flowers,"Accords: sweet, white floral, warm spicy. Notes: almond, coffee, bergamot, lemon, tuberose, jasmine sambac, orange blossom, orris. Profile: It smells like sweet almonds and coffee at first, then creamy vanilla and powdery roses, finishing with a soft woody base.."
8916,warm cozy café smell with cinnamon,"Accords: sweet, white floral, warm spicy. Notes: almond, coffee, bergamot, lemon, tuberose, jasmine sambac, orange blossom, orris. Profile: It smells like sweet almonds and coffee at first, then creamy vanilla and powdery roses, finishing with a soft woody base.."
5702,fresh ocean breeze perfume women,"Accords: marine, aromatic, citrus. Notes: amalfi lemon, melon, freesia, sea water, honeysuckle, apricot, musk, sandalwood. Profile: It smells like fresh lemon and melon at first, then soft apricot and honeysuckle, finishing with something earthy and slightly woody.."
5702,light fruity beach scent melon lemon,"Accords: marine, aromatic, citrus. Notes: amalfi lemon, melon, freesia, sea water, honeysuckle, apricot, musk, sandalwood. Profile: It smells like fresh lemon and melon at first, then soft apricot and honeysuckle, finishing with something earthy and slightly woody.."
5702,clean sea water fragrance summer vacation,"Accords: marine, aromatic, citrus. Notes: amalfi lemon, melon, freesia, sea water, honeysuckle, apricot, musk, sandalwood. Profile: It smells like fresh lemon and melon at first, then soft apricot and honeysuckle, finishing with something earthy and slightly woody.."
16776,fresh mossy forest after rain,"Accords: mossy, aquatic, floral. Notes: oakmoss, water notes, water pepper, heather, violet, beech, blackberry, water notes. Profile: It smells like a wood-burning stove at dawn — mossy soil mixed with powdery white flowers, then softens into something earthy and slightly sweet.."
16776,wet earth and purple flowers perfume,"Accords: mossy, aquatic, floral. Notes: oakmoss, water notes, water pepper, heather, violet, beech, blackberry, water notes. Profile: It smells like a wood-burning stove at dawn — mossy soil mixed with powdery white flowers, then softens into something earthy and slightly sweet.."
16776,green moss and berries scent,"Accords: mossy, aquatic, floral. Notes: oakmoss, water notes, water pepper, heather, violet, beech, blackberry, water notes. Profile: It smells like a wood-burning stove at dawn — mossy soil mixed with powdery white flowers, then softens into something earthy and slightly sweet.."
15331,leather jacket with vanilla and musk,"Accords: leather, vanilla, animalic. Notes: green tea, bergamot, rose, sandalwood, cedar, jasmine, leather, vanilla. Profile: It smells like a leather jacket left in an old wooden shed — green tea and rose petals mixed with white flowers, then softens into something powdery and slightly woody.."
15331,fresh bergamot tea with soft leather smell,"Accords: leather, vanilla, animalic. Notes: green tea, bergamot, rose, sandalwood, cedar, jasmine, leather, vanilla. Profile: It smells like a leather jacket left in an old wooden shed — green tea and rose petals mixed with white flowers, then softens into something powdery and slightly woody.."
15331,clean sandalwood cedar leather perfume,"Accords: leather, vanilla, animalic. Notes: green tea, bergamot, rose, sandalwood, cedar, jasmine, leather, vanilla. Profile: It smells like a leather jacket left in an old wooden shed — green tea and rose petals mixed with white flowers, then softens into something powdery and slightly woody.."
11781,sweet honey perfume for women,"Accords: honey, sweet, fruity. Notes: pear, jasmine, honey. Profile: It smells like fresh pear and jasmine at first, then sweet honey and warm honey.."
11781,light floral with pear and honey,"Accords: honey, sweet, fruity. Notes: pear, jasmine, honey. Profile: It smells like fresh pear and jasmine at first, then sweet honey and warm honey.."
11781,jasmine honey scent not too heavy,"Accords: honey, sweet, fruity. Notes: pear, jasmine, honey. Profile: It smells like fresh pear and jasmine at first, then sweet honey and warm honey.."
21816,warm spicy perfume with cardamom and lavender,"Accords: warm spicy, vanilla, lavender. Notes: cardamom, lavender, iris, vanilla, oriental notes, woodsy notes. Profile: It smells like cardamom and lavender at first, then iris and vanilla, with a woody, slightly earthy base.."
21816,cozy vanilla woods cologne,"Accords: warm spicy, vanilla, lavender. Notes: cardamom, lavender, iris, vanilla, oriental notes, woodsy notes. Profile: It smells like cardamom and lavender at first, then iris and vanilla, with a woody, slightly earthy base.."
21816,spicy oriental fragrance for winter,"Accords: warm spicy, vanilla, lavender. Notes: cardamom, lavender, iris, vanilla, oriental notes, woodsy notes. Profile: It smells like cardamom and lavender at first, then iris and vanilla, with a woody, slightly earthy base.."
12853,fresh lavender with spicy black pepper,"Accords: fresh spicy, lavender, aromatic. Notes: lavender, apple, black pepper, coriander, tonka bean, labdanum. Profile: It smells like a spice market at dawn — sweet lavender and citrus peel mixed with powdery black pepper, finishing with something earthy and slightly floral.."
12853,crisp apple and aromatic spices,"Accords: fresh spicy, lavender, aromatic. Notes: lavender, apple, black pepper, coriander, tonka bean, labdanum. Profile: It smells like a spice market at dawn — sweet lavender and citrus peel mixed with powdery black pepper, finishing with something earthy and slightly floral.."
12853,warm spicy scent with lavender and tonka,"Accords: fresh spicy, lavender, aromatic. Notes: lavender, apple, black pepper, coriander, tonka bean, labdanum. Profile: It smells like a spice market at dawn — sweet lavender and citrus peel mixed with powdery black pepper, finishing with something earthy and slightly floral.."
17424,perfume that smells like fresh cut grass and flowers,"Accords: animalic, green, vanilla. Notes: grass, violet leaf, citruses, nutmeg, vetiver, saffron, jasmine, animal notes. Profile: It smells like a spice market at dawn — grassy greens and white flowers mixed with powdery saffron, then settled into something earthy and slightly woody.."
17424,musky vanilla sandalwood fragrance,"Accords: animalic, green, vanilla. Notes: grass, violet leaf, citruses, nutmeg, vetiver, saffron, jasmine, animal notes. Profile: It smells like a spice market at dawn — grassy greens and white flowers mixed with powdery saffron, then settled into something earthy and slightly woody.."
17424,spicy animal scent with jasmine and vetiver,"Accords: animalic, green, vanilla. Notes: grass, violet leaf, citruses, nutmeg, vetiver, saffron, jasmine, animal notes. Profile: It smells like a spice market at dawn — grassy greens and white flowers mixed with powdery saffron, then settled into something earthy and slightly woody.."
5213,sweet cherry perfume with flowers,"Accords: cherry, sweet, amber. Notes: cherry, pink pepper, bergamot, violet, jasmine, freesia, tonka bean, amber. Profile: It smells like a spice market at dawn — sweet cherry and pepper mixed with white flowers, then soft vanilla and powdery wood.."
5213,fruity cherry and pink pepper scent,"Accords: cherry, sweet, amber. Notes: cherry, pink pepper, bergamot, violet, jasmine, freesia, tonka bean, amber. Profile: It smells like a spice market at dawn — sweet cherry and pepper mixed with white flowers, then soft vanilla and powdery wood.."
5213,cherry vanilla warm cozy fragrance,"Accords: cherry, sweet, amber. Notes: cherry, pink pepper, bergamot, violet, jasmine, freesia, tonka bean, amber. Profile: It smells like a spice market at dawn — sweet cherry and pepper mixed with white flowers, then soft vanilla and powdery wood.."
20846,warm spicy amber perfume with honey and cinnamon,"Accords: amber, sweet, warm spicy. Notes: blackberry, olibanum, orange, labdanum, coriander, tarragon, honey, guaiac wood. Profile: It smells like ripe blackberries and orange peel at first, then sweet vanilla and honey, finishing with a hint of powdery florals and warm wood.."
20846,church incense oud and dark resin fragrance,"Accords: amber, sweet, warm spicy. Notes: blackberry, olibanum, orange, labdanum, coriander, tarragon, honey, guaiac wood. Profile: It smells like ripe blackberries and orange peel at first, then sweet vanilla and honey, finishing with a hint of powdery florals and warm wood.."
20846,cozy winter spice blackberry and woodsy musk,"Accords: amber, sweet, warm spicy. Notes: blackberry, olibanum, orange, labdanum, coriander, tarragon, honey, guaiac wood. Profile: It smells like ripe blackberries and orange peel at first, then sweet vanilla and honey, finishing with a hint of powdery florals and warm wood.."
19224,leather jacket with spicy perfume,"Accords: leather, fruity, animalic. Notes: raspberry, saffron, thyme, olibanum, jasmine, leather, suede, woody notes. Profile: It smells like a leather jacket left in an old leather store — sweet raspberries and thyme mixed with white flowers, then softening into something earthy and slightly leathery.."
19224,soft suede and sweet berries,"Accords: leather, fruity, animalic. Notes: raspberry, saffron, thyme, olibanum, jasmine, leather, suede, woody notes. Profile: It smells like a leather jacket left in an old leather store — sweet raspberries and thyme mixed with white flowers, then softening into something earthy and slightly leathery.."
19224,warm amber leather scent,"Accords: leather, fruity, animalic. Notes: raspberry, saffron, thyme, olibanum, jasmine, leather, suede, woody notes. Profile: It smells like a leather jacket left in an old leather store — sweet raspberries and thyme mixed with white flowers, then softening into something earthy and slightly leathery.."
2676,clean fresh laundry smell with coconut,"Accords: fresh, green, musky. Notes: calone, coconut, mint, lily-of-the-valley, snowdrops, iris, mate, galbanum. Profile: It smells like a flower shop at dawn — sweet vanilla and mint mixed with powdery white flowers, then settles into something earthy and slightly woody.."
2676,cold mint and white flowers perfume,"Accords: fresh, green, musky. Notes: calone, coconut, mint, lily-of-the-valley, snowdrops, iris, mate, galbanum. Profile: It smells like a flower shop at dawn — sweet vanilla and mint mixed with powdery white flowers, then settles into something earthy and slightly woody.."
2676,fresh soap and vanilla scent,"Accords: fresh, green, musky. Notes: calone, coconut, mint, lily-of-the-valley, snowdrops, iris, mate, galbanum. Profile: It smells like a flower shop at dawn — sweet vanilla and mint mixed with powdery white flowers, then settles into something earthy and slightly woody.."
18973,fresh orange and ocean breeze perfume,"Accords: citrus, aromatic, vanilla. Notes: orange, sea notes, aldehydes, blood mandarin, pepper, neroli, cedar, vanilla. Profile: It smells like orange peel and citrus peel at first, then creamy vanilla and white musk, finishing with a warm, slightly powdery base.."
18973,citrus perfume with pepper and vanilla,"Accords: citrus, aromatic, vanilla. Notes: orange, sea notes, aldehydes, blood mandarin, pepper, neroli, cedar, vanilla. Profile: It smells like orange peel and citrus peel at first, then creamy vanilla and white musk, finishing with a warm, slightly powdery base.."
18973,light summer cologne with sea salt and cedar,"Accords: citrus, aromatic, vanilla. Notes: orange, sea notes, aldehydes, blood mandarin, pepper, neroli, cedar, vanilla. Profile: It smells like orange peel and citrus peel at first, then creamy vanilla and white musk, finishing with a warm, slightly powdery base.."
15648,fresh orange blossom perfume for spring,"Accords: citrus, woody, patchouli. Notes: orange, mandarin orange, bergamot, orange blossom, turkish rose, jasmine, mimosa, ylang-ylang. Profile: It smells like orange peel and orange blossom at first, then white flowers, finishing with a hint of vanilla and powdery musk.."
15648,citrus and vanilla scent that lasts all day,"Accords: citrus, woody, patchouli. Notes: orange, mandarin orange, bergamot, orange blossom, turkish rose, jasmine, mimosa, ylang-ylang. Profile: It smells like orange peel and orange blossom at first, then white flowers, finishing with a hint of vanilla and powdery musk.."
15648,light floral perfume with bergamot and jasmine,"Accords: citrus, woody, patchouli. Notes: orange, mandarin orange, bergamot, orange blossom, turkish rose, jasmine, mimosa, ylang-ylang. Profile: It smells like orange peel and orange blossom at first, then white flowers, finishing with a hint of vanilla and powdery musk.."
5126,creamy white floral perfume,"Accords: lactonic, fresh spicy, powdery. Notes: indian white pepper, bergamot, milk, gardenia, rose, musk, iris, white sandalwood. Profile: It smells like a spice market at dawn — powdery white flowers mixed with milky roses, then softens into something earthy and slightly floral.."
5126,soft milky sandalwood scent,"Accords: lactonic, fresh spicy, powdery. Notes: indian white pepper, bergamot, milk, gardenia, rose, musk, iris, white sandalwood. Profile: It smells like a spice market at dawn — powdery white flowers mixed with milky roses, then softens into something earthy and slightly floral.."
5126,powdery rose and iris fragrance,"Accords: lactonic, fresh spicy, powdery. Notes: indian white pepper, bergamot, milk, gardenia, rose, musk, iris, white sandalwood. Profile: It smells like a spice market at dawn — powdery white flowers mixed with milky roses, then softens into something earthy and slightly floral.."
14830,sweet cherry with leather jacket smell,"Accords: cherry, woody, smoky. Notes: sour cherry, saffron, leather, olive, chinese osmanthus, apricot, smoke, woody notes. Profile: It smells like a leather jacket left open in an old woodshop — sweet cherry and saffron mixed with earthy spice, then softens into something slightly woody.."
14830,sour cherry and smoky wood,"Accords: cherry, woody, smoky. Notes: sour cherry, saffron, leather, olive, chinese osmanthus, apricot, smoke, woody notes. Profile: It smells like a leather jacket left open in an old woodshop — sweet cherry and saffron mixed with earthy spice, then softens into something slightly woody.."
14830,fruity perfume with spicy saffron,"Accords: cherry, woody, smoky. Notes: sour cherry, saffron, leather, olive, chinese osmanthus, apricot, smoke, woody notes. Profile: It smells like a leather jacket left open in an old woodshop — sweet cherry and saffron mixed with earthy spice, then softens into something slightly woody.."
6646,clean laundry with lavender and musk,"Accords: musky, woody, lavender. Notes: lavender, martini, bergamot, mandarin orange, palisander rosewood, patchouli, orchid, narcissus. Profile: It smells like sweet lavender and citrus peel at first, then warm roses and white flowers, finishing with a soft woody base.."
6646,woody cedar cologne for men,"Accords: musky, woody, lavender. Notes: lavender, martini, bergamot, mandarin orange, palisander rosewood, patchouli, orchid, narcissus. Profile: It smells like sweet lavender and citrus peel at first, then warm roses and white flowers, finishing with a soft woody base.."
6646,fresh citrus bergamot with soft musk base,"Accords: musky, woody, lavender. Notes: lavender, martini, bergamot, mandarin orange, palisander rosewood, patchouli, orchid, narcissus. Profile: It smells like sweet lavender and citrus peel at first, then warm roses and white flowers, finishing with a soft woody base.."
4985,sweet peach and white flowers perfume,"Accords: white floral, patchouli, aromatic. Notes: peach, californian gardenia, african freesia petals, coriander, damask rose, jasmine, patchouli, natural vanilla. Profile: It smells like ripe peaches and roses at first, then settles into soft vanilla and warm vanilla, finishing with a hint of powdery vanilla.."
4985,gardenia jasmine rose floral scent,"Accords: white floral, patchouli, aromatic. Notes: peach, californian gardenia, african freesia petals, coriander, damask rose, jasmine, patchouli, natural vanilla. Profile: It smells like ripe peaches and roses at first, then settles into soft vanilla and warm vanilla, finishing with a hint of powdery vanilla.."
4985,fresh summer garden flowers vanilla,"Accords: white floral, patchouli, aromatic. Notes: peach, californian gardenia, african freesia petals, coriander, damask rose, jasmine, patchouli, natural vanilla. Profile: It smells like ripe peaches and roses at first, then settles into soft vanilla and warm vanilla, finishing with a hint of powdery vanilla.."
7609,warm cinnamon leather jacket smell,"Accords: cinnamon, woody, warm spicy. Notes: bergamot, lavender, cinnamon, leather, mimosa, guaiac wood, tobacco, opoponax. Profile: It smells like a leather jacket left open in an old wooden shed, with something sweet and woody lingering in the background.."
7609,spicy tobacco shop with woodsy incense,"Accords: cinnamon, woody, warm spicy. Notes: bergamot, lavender, cinnamon, leather, mimosa, guaiac wood, tobacco, opoponax. Profile: It smells like a leather jacket left open in an old wooden shed, with something sweet and woody lingering in the background.."
7609,lavender and cinnamon with smoky leather,"Accords: cinnamon, woody, warm spicy. Notes: bergamot, lavender, cinnamon, leather, mimosa, guaiac wood, tobacco, opoponax. Profile: It smells like a leather jacket left open in an old wooden shed, with something sweet and woody lingering in the background.."
16596,warm spicy vanilla with citrus,"Accords: soft spicy, lavender, anis. Notes: licorice, citruses, grapefruit, bergamot, lavender, star anise, vanilla, almond. Profile: It smells like licorice and citrus peel at first, then sweet vanilla and vanilla, finishing with a soft woody base.."
16596,soft licorice and almond perfume,"Accords: soft spicy, lavender, anis. Notes: licorice, citruses, grapefruit, bergamot, lavender, star anise, vanilla, almond. Profile: It smells like licorice and citrus peel at first, then sweet vanilla and vanilla, finishing with a soft woody base.."
16596,cozy amber sandalwood for winter,"Accords: soft spicy, lavender, anis. Notes: licorice, citruses, grapefruit, bergamot, lavender, star anise, vanilla, almond. Profile: It smells like licorice and citrus peel at first, then sweet vanilla and vanilla, finishing with a soft woody base.."
16570,sweet honey and fresh apple perfume,"Accords: honey, sweet, floral. Notes: apple, honeycomb, bergamot, honey, jasmine, mahonial, rose, tonka bean. Profile: It smells like ripe apples and honeycomb at first, then warm rose petals, finishing with something earthy and slightly sweet.."
16570,honeycomb and flowers scent for women,"Accords: honey, sweet, floral. Notes: apple, honeycomb, bergamot, honey, jasmine, mahonial, rose, tonka bean. Profile: It smells like ripe apples and honeycomb at first, then warm rose petals, finishing with something earthy and slightly sweet.."
16570,warm honey jasmine rose fragrance,"Accords: honey, sweet, floral. Notes: apple, honeycomb, bergamot, honey, jasmine, mahonial, rose, tonka bean. Profile: It smells like ripe apples and honeycomb at first, then warm rose petals, finishing with something earthy and slightly sweet.."
13066,sweet almond and pear perfume,"Accords: almond, sweet, nutty. Notes: pistachio, pear, mandarin orange, almond, orange blossom, magnolia, almond milk, tonka bean. Profile: It smells like ripe pear and orange peel at first, then soft almond milk and vanilla, with a creamy sweetness that's slightly sweet.."
13066,creamy pistachio and orange blossom scent,"Accords: almond, sweet, nutty. Notes: pistachio, pear, mandarin orange, almond, orange blossom, magnolia, almond milk, tonka bean. Profile: It smells like ripe pear and orange peel at first, then soft almond milk and vanilla, with a creamy sweetness that's slightly sweet.."
13066,nutty gourmand fragrance for women,"Accords: almond, sweet, nutty. Notes: pistachio, pear, mandarin orange, almond, orange blossom, magnolia, almond milk, tonka bean. Profile: It smells like ripe pear and orange peel at first, then soft almond milk and vanilla, with a creamy sweetness that's slightly sweet.."
17294,fresh cypress forest smell,"Accords: woody, aromatic, earthy. Notes: cypress, vetiver, cashmere wood, musk. Profile: It smells like cypress and vetiver at first, then soft wood with a hint of powdery wood underneath.."
17294,woody vetiver musk cologne,"Accords: woody, aromatic, earthy. Notes: cypress, vetiver, cashmere wood, musk. Profile: It smells like cypress and vetiver at first, then soft wood with a hint of powdery wood underneath.."
17294,soft cashmere wood perfume,"Accords: woody, aromatic, earthy. Notes: cypress, vetiver, cashmere wood, musk. Profile: It smells like cypress and vetiver at first, then soft wood with a hint of powdery wood underneath.."
9039,musky leather jacket with rose,"Accords: animalic, musky, oud. Notes: agarwood (oud), aldehydes, bergamot, amber, rose, civetta, leather, patchouli. Profile: It smells like a leather jacket left in an old wooden shed, with something earthy and slightly woody lurking in the background.."
9039,dark oud and amber perfume,"Accords: animalic, musky, oud. Notes: agarwood (oud), aldehydes, bergamot, amber, rose, civetta, leather, patchouli. Profile: It smells like a leather jacket left in an old wooden shed, with something earthy and slightly woody lurking in the background.."
9039,animalic perfume with patchouli and musk,"Accords: animalic, musky, oud. Notes: agarwood (oud), aldehydes, bergamot, amber, rose, civetta, leather, patchouli. Profile: It smells like a leather jacket left in an old wooden shed, with something earthy and slightly woody lurking in the background.."
10614,tropical vacation sunscreen and mango,"Accords: tropical, sweet, vanilla. Notes: mango, coconut, passionfruit, jasmine, heliotrope, orange blossom, vanilla, cashmeran. Profile: It smells like a fruit stand next to an old church — sweet mango juice mixed with white flowers, then softened by something powdery and slightly earthy.."
10614,sweet coconut jasmine flower perfume,"Accords: tropical, sweet, vanilla. Notes: mango, coconut, passionfruit, jasmine, heliotrope, orange blossom, vanilla, cashmeran. Profile: It smells like a fruit stand next to an old church — sweet mango juice mixed with white flowers, then softened by something powdery and slightly earthy.."
10614,fruity passionfruit vanilla scent for summer,"Accords: tropical, sweet, vanilla. Notes: mango, coconut, passionfruit, jasmine, heliotrope, orange blossom, vanilla, cashmeran. Profile: It smells like a fruit stand next to an old church — sweet mango juice mixed with white flowers, then softened by something powdery and slightly earthy.."
9974,warm spicy tobacco and leather jacket,"Accords: tobacco, sweet, warm spicy. Notes: cinnamon, incense, pear, agarwood (oud), saffron, nutmeg, tobacco, leather. Profile: It smells like a leather jacket left open in an old church — sweet cinnamon and cloves mixed with powdery tobacco, then settled into something earthy and slightly musky.."
9974,oud and patchouli smoky scent,"Accords: tobacco, sweet, warm spicy. Notes: cinnamon, incense, pear, agarwood (oud), saffron, nutmeg, tobacco, leather. Profile: It smells like a leather jacket left open in an old church — sweet cinnamon and cloves mixed with powdery tobacco, then settled into something earthy and slightly musky.."
9974,dark vanilla tobacco with cinnamon,"Accords: tobacco, sweet, warm spicy. Notes: cinnamon, incense, pear, agarwood (oud), saffron, nutmeg, tobacco, leather. Profile: It smells like a leather jacket left open in an old church — sweet cinnamon and cloves mixed with powdery tobacco, then settled into something earthy and slightly musky.."
17159,tropical coconut sunscreen lotion,"Accords: coconut, sweet, lactonic. Notes: coconut, red apple, mandarin orange, jasmine, freesia, magnolia, cotton flower, sandalwood. Profile: It smells like a spice market at dawn — sweet almonds and orange peel mixed with white flowers, finishing with soft wood and warm wood.."
17159,fresh apple and jasmine perfume,"Accords: coconut, sweet, lactonic. Notes: coconut, red apple, mandarin orange, jasmine, freesia, magnolia, cotton flower, sandalwood. Profile: It smells like a spice market at dawn — sweet almonds and orange peel mixed with white flowers, finishing with soft wood and warm wood.."
17159,creamy coconut with white flowers,"Accords: coconut, sweet, lactonic. Notes: coconut, red apple, mandarin orange, jasmine, freesia, magnolia, cotton flower, sandalwood. Profile: It smells like a spice market at dawn — sweet almonds and orange peel mixed with white flowers, finishing with soft wood and warm wood.."
13742,fresh mimosa and orange blossom perfume,"Accords: yellow floral, citrus, powdery. Notes: mimosa, bitter orange, coriander, jasmine, tangerine, narcissus, black currant, amber. Profile: It smells like citrus peel and orange peel at first, then tangerine and jasmine, finishing with a hint of vanilla and soft wood.."
13742,sunny yellow flowers with vanilla and sandalwood,"Accords: yellow floral, citrus, powdery. Notes: mimosa, bitter orange, coriander, jasmine, tangerine, narcissus, black currant, amber. Profile: It smells like citrus peel and orange peel at first, then tangerine and jasmine, finishing with a hint of vanilla and soft wood.."
13742,bright citrus jasmine scent for spring,"Accords: yellow floral, citrus, powdery. Notes: mimosa, bitter orange, coriander, jasmine, tangerine, narcissus, black currant, amber. Profile: It smells like citrus peel and orange peel at first, then tangerine and jasmine, finishing with a hint of vanilla and soft wood.."
8475,fresh watermelon and mint perfume,"Accords: ozonic, green, aquatic. Notes: bamboo, tea, watermelon, juniper berries, lotus, mint, black currant, rose. Profile: It smells like sweet watermelon and berries at first, then white flowers and mint, finishing with a hint of powdery wood.."
8475,clean ocean breeze with tea scent,"Accords: ozonic, green, aquatic. Notes: bamboo, tea, watermelon, juniper berries, lotus, mint, black currant, rose. Profile: It smells like sweet watermelon and berries at first, then white flowers and mint, finishing with a hint of powdery wood.."
8475,light watery jasmine rose fragrance,"Accords: ozonic, green, aquatic. Notes: bamboo, tea, watermelon, juniper berries, lotus, mint, black currant, rose. Profile: It smells like sweet watermelon and berries at first, then white flowers and mint, finishing with a hint of powdery wood.."
18177,fresh herbs lavender rosemary cologne,"Accords: aromatic, fresh spicy, woody. Notes: lavender, rosemary, neroli, petitgrain, geranium, clary sage, galbanum, jasmine. Profile: It smells like lavender and rose petals at first, then white flowers with a powdery finish, finishing with something earthy and slightly woody.."
18177,clean barbershop soap smell,"Accords: aromatic, fresh spicy, woody. Notes: lavender, rosemary, neroli, petitgrain, geranium, clary sage, galbanum, jasmine. Profile: It smells like lavender and rose petals at first, then white flowers with a powdery finish, finishing with something earthy and slightly woody.."
18177,green woody cedar aftershave,"Accords: aromatic, fresh spicy, woody. Notes: lavender, rosemary, neroli, petitgrain, geranium, clary sage, galbanum, jasmine. Profile: It smells like lavender and rose petals at first, then white flowers with a powdery finish, finishing with something earthy and slightly woody.."
7435,sweet vanilla perfume with white flowers,"Accords: vanilla, floral, white floral. Notes: passion flower, jasmine, gardenia, vanille, vetiver. Profile: It smells like a flower shop next to an old church — white flowers blooming in the background, with something faintly floral and slightly woody underneath.."
7435,creamy vanilla and jasmine scent,"Accords: vanilla, floral, white floral. Notes: passion flower, jasmine, gardenia, vanille, vetiver. Profile: It smells like a flower shop next to an old church — white flowers blooming in the background, with something faintly floral and slightly woody underneath.."
7435,tropical flowers with warm vanilla,"Accords: vanilla, floral, white floral. Notes: passion flower, jasmine, gardenia, vanille, vetiver. Profile: It smells like a flower shop next to an old church — white flowers blooming in the background, with something faintly floral and slightly woody underneath.."
10964,fresh soapy floral perfume,"Accords: violet, powdery, woody. Notes: geranium, citruses, violet, musk, sandalwood, cedar. Profile: It smells like a flower shop at dawn — rose petals and white flowers mixed with powdery wood, finishing with something earthy and slightly woody.."
10964,powdery violet and clean musk,"Accords: violet, powdery, woody. Notes: geranium, citruses, violet, musk, sandalwood, cedar. Profile: It smells like a flower shop at dawn — rose petals and white flowers mixed with powdery wood, finishing with something earthy and slightly woody.."
10964,light citrus and soft wood scent,"Accords: violet, powdery, woody. Notes: geranium, citruses, violet, musk, sandalwood, cedar. Profile: It smells like a flower shop at dawn — rose petals and white flowers mixed with powdery wood, finishing with something earthy and slightly woody.."
18967,warm spicy tobacco leather scent,"Accords: tobacco, cinnamon, sweet. Notes: cinnamon, lavender, bergamot, leather, mimosa, tobacco leaf, guaiac wood, opoponax. Profile: It smells like a leather jacket left open in an old woodshop, where dried tobacco leaves sit next to mossy wood.."
18967,old leather jacket with herbs,"Accords: tobacco, cinnamon, sweet. Notes: cinnamon, lavender, bergamot, leather, mimosa, tobacco leaf, guaiac wood, opoponax. Profile: It smells like a leather jacket left open in an old woodshop, where dried tobacco leaves sit next to mossy wood.."
18967,tobacco shop with cinnamon and wood,"Accords: tobacco, cinnamon, sweet. Notes: cinnamon, lavender, bergamot, leather, mimosa, tobacco leaf, guaiac wood, opoponax. Profile: It smells like a leather jacket left open in an old woodshop, where dried tobacco leaves sit next to mossy wood.."
2026,chocolate coconut perfume,"Accords: cacao, warm spicy, chocolate. Notes: watermelon, rose, black currant, grapefruit, dark chocolate, cacao, coconut, musk. Profile: It smells like watermelon and roses at first, then dark chocolate and vanilla, with a hint of powdery wood underneath.."
2026,fruity rose with dark chocolate,"Accords: cacao, warm spicy, chocolate. Notes: watermelon, rose, black currant, grapefruit, dark chocolate, cacao, coconut, musk. Profile: It smells like watermelon and roses at first, then dark chocolate and vanilla, with a hint of powdery wood underneath.."
2026,watermelon and cocoa scent,"Accords: cacao, warm spicy, chocolate. Notes: watermelon, rose, black currant, grapefruit, dark chocolate, cacao, coconut, musk. Profile: It smells like watermelon and roses at first, then dark chocolate and vanilla, with a hint of powdery wood underneath.."
12503,sweet coffee vanilla perfume,"Accords: sweet, warm spicy, caramel. Notes: lavender, mint, fruity, spicy notes, coriander, green notes, bergamot, caramel. Profile: It smells like sweet lavender and mint at first, then creamy vanilla and powdery milk, with a faint sweetness that's slightly sweet.."
12503,honey lavender caramel scent,"Accords: sweet, warm spicy, caramel. Notes: lavender, mint, fruity, spicy notes, coriander, green notes, bergamot, caramel. Profile: It smells like sweet lavender and mint at first, then creamy vanilla and powdery milk, with a faint sweetness that's slightly sweet.."
12503,warm milky amber fragrance,"Accords: sweet, warm spicy, caramel. Notes: lavender, mint, fruity, spicy notes, coriander, green notes, bergamot, caramel. Profile: It smells like sweet lavender and mint at first, then creamy vanilla and powdery milk, with a faint sweetness that's slightly sweet.."
16207,earthy patchouli with rose perfume,"Accords: patchouli, rose, citrus. Notes: blood orange, damask rose, bulgarian rose, neroli, patchouli. Profile: It smells like orange peel and rose petals at first, then white flowers with a hint of powdery rose, finishing with something earthy and slightly sweet.."
16207,fresh orange and neroli with patchouli,"Accords: patchouli, rose, citrus. Notes: blood orange, damask rose, bulgarian rose, neroli, patchouli. Profile: It smells like orange peel and rose petals at first, then white flowers with a hint of powdery rose, finishing with something earthy and slightly sweet.."
16207,hippie patchouli mixed with roses,"Accords: patchouli, rose, citrus. Notes: blood orange, damask rose, bulgarian rose, neroli, patchouli. Profile: It smells like orange peel and rose petals at first, then white flowers with a hint of powdery rose, finishing with something earthy and slightly sweet.."
17022,fresh cut fig leaf smell,"Accords: green, woody, sweet. Notes: fig leaf, fig, green notes, coconut, fig tree, woody notes, cedar. Profile: It smells like a fruit stand next to an apple orchard, where fig leaves meet woody notes.."
17022,green summer tree shade perfume,"Accords: green, woody, sweet. Notes: fig leaf, fig, green notes, coconut, fig tree, woody notes, cedar. Profile: It smells like a fruit stand next to an apple orchard, where fig leaves meet woody notes.."
17022,coconut and woody cedar scent,"Accords: green, woody, sweet. Notes: fig leaf, fig, green notes, coconut, fig tree, woody notes, cedar. Profile: It smells like a fruit stand next to an apple orchard, where fig leaves meet woody notes.."
19968,earthy truffle and dark rose perfume,"Accords: earthy, rose, patchouli. Notes: saffron, black rose, truffle, floral notes, patchouli, vanilla, agarwood (oud), oakmoss. Profile: It smells like a spice market at dawn — sweet saffron and rose petals mixed with powdery florals, then soft vanilla and mossy wood.."
19968,smoky oud with vanilla and moss,"Accords: earthy, rose, patchouli. Notes: saffron, black rose, truffle, floral notes, patchouli, vanilla, agarwood (oud), oakmoss. Profile: It smells like a spice market at dawn — sweet saffron and rose petals mixed with powdery florals, then soft vanilla and mossy wood.."
19968,rich spicy saffron and patchouli scent,"Accords: earthy, rose, patchouli. Notes: saffron, black rose, truffle, floral notes, patchouli, vanilla, agarwood (oud), oakmoss. Profile: It smells like a spice market at dawn — sweet saffron and rose petals mixed with powdery florals, then soft vanilla and mossy wood.."
12410,warm almond and vanilla perfume,"Accords: almond, vanilla, powdery. Notes: almond, brazilian rosewood, rose, geranium, plum, virginia cedar, celery, heliotrope. Profile: It smells like sweet almonds and roses at first, then creamy white flowers, with a hint of earthy musk underneath.."
12410,soft woody scent with jasmine rice smell,"Accords: almond, vanilla, powdery. Notes: almond, brazilian rosewood, rose, geranium, plum, virginia cedar, celery, heliotrope. Profile: It smells like sweet almonds and roses at first, then creamy white flowers, with a hint of earthy musk underneath.."
12410,cozy blanket smell with sweet nuts,"Accords: almond, vanilla, powdery. Notes: almond, brazilian rosewood, rose, geranium, plum, virginia cedar, celery, heliotrope. Profile: It smells like sweet almonds and roses at first, then creamy white flowers, with a hint of earthy musk underneath.."
11721,fresh spicy cologne with pepper and citrus,"Accords: fresh spicy, ozonic, musky. Notes: violet leaf, artemisia, mandarin orange, white pepper, cedar, nutmeg, white musk, tonka bean. Profile: It smells like a spice market at dawn — citrus peel mixed with white flowers, then softens into something earthy and slightly powdery.."
11721,green leafy perfume with cedar and vetiver,"Accords: fresh spicy, ozonic, musky. Notes: violet leaf, artemisia, mandarin orange, white pepper, cedar, nutmeg, white musk, tonka bean. Profile: It smells like a spice market at dawn — citrus peel mixed with white flowers, then softens into something earthy and slightly powdery.."
11721,clean musky scent with nutmeg and orange,"Accords: fresh spicy, ozonic, musky. Notes: violet leaf, artemisia, mandarin orange, white pepper, cedar, nutmeg, white musk, tonka bean. Profile: It smells like a spice market at dawn — citrus peel mixed with white flowers, then softens into something earthy and slightly powdery.."
15678,fresh grapefruit and orange perfume,"Accords: citrus, aromatic, floral. Notes: grapefruit, green mango, tomato, carrot, lotus, bulrush, orange, hiacynth. Profile: It smells like a fruit stand next to an incense cabinet — sweet mango and orange juice mixed with powdery flowers, then settles into something earthy and slightly floral.."
15678,green tomato leaf and musk scent,"Accords: citrus, aromatic, floral. Notes: grapefruit, green mango, tomato, carrot, lotus, bulrush, orange, hiacynth. Profile: It smells like a fruit stand next to an incense cabinet — sweet mango and orange juice mixed with powdery flowers, then settles into something earthy and slightly floral.."
15678,summer garden flowers with citrus,"Accords: citrus, aromatic, floral. Notes: grapefruit, green mango, tomato, carrot, lotus, bulrush, orange, hiacynth. Profile: It smells like a fruit stand next to an incense cabinet — sweet mango and orange juice mixed with powdery flowers, then settles into something earthy and slightly floral.."
5059,tropical fruit salad perfume,"Accords: tropical, fruity, green. Notes: green leaves, guava, passionfruit, papaya, grapefruit, mango, mandarin orange, lily-of-the-valley. Profile: It smells like citrus peel and mango at first, then white flowers and roses, finishing with a powdery, slightly earthy base.."
5059,guava mango passionfruit scent,"Accords: tropical, fruity, green. Notes: green leaves, guava, passionfruit, papaya, grapefruit, mango, mandarin orange, lily-of-the-valley. Profile: It smells like citrus peel and mango at first, then white flowers and roses, finishing with a powdery, slightly earthy base.."
5059,fresh vacation beach smell,"Accords: tropical, fruity, green. Notes: green leaves, guava, passionfruit, papaya, grapefruit, mango, mandarin orange, lily-of-the-valley. Profile: It smells like citrus peel and mango at first, then white flowers and roses, finishing with a powdery, slightly earthy base.."
10357,coffee vanilla perfume for women,"Accords: coffee, aromatic, vanilla. Notes: absinthe, boysenberry, coffee, jasmine sambac, orange blossom, vanilla, licorice, sandalwood. Profile: It smells like a coffee shop at dawn — sweet vanilla syrup mixed with powdered sugar, then settling into soft vanilla and licorice.."
10357,jasmine coffee scent sweet and woody,"Accords: coffee, aromatic, vanilla. Notes: absinthe, boysenberry, coffee, jasmine sambac, orange blossom, vanilla, licorice, sandalwood. Profile: It smells like a coffee shop at dawn — sweet vanilla syrup mixed with powdered sugar, then settling into soft vanilla and licorice.."
10357,dark berry coffee with licorice smell,"Accords: coffee, aromatic, vanilla. Notes: absinthe, boysenberry, coffee, jasmine sambac, orange blossom, vanilla, licorice, sandalwood. Profile: It smells like a coffee shop at dawn — sweet vanilla syrup mixed with powdered sugar, then settling into soft vanilla and licorice.."
16230,warm almond and leather scent,"Accords: almond, citrus, aromatic. Notes: citruses, orange blossom, rosemary, bitter orange, almond, tonka bean, leather, cedar. Profile: It smells like a leather jacket left in an old wooden shed — sweet orange blossoms mixed with bitter orange peel, then soft leather with something earthy and slightly powdery underneath.."
16230,citrus orange blossom with woody notes,"Accords: almond, citrus, aromatic. Notes: citruses, orange blossom, rosemary, bitter orange, almond, tonka bean, leather, cedar. Profile: It smells like a leather jacket left in an old wooden shed — sweet orange blossoms mixed with bitter orange peel, then soft leather with something earthy and slightly powdery underneath.."
16230,tonka bean cedar perfume,"Accords: almond, citrus, aromatic. Notes: citruses, orange blossom, rosemary, bitter orange, almond, tonka bean, leather, cedar. Profile: It smells like a leather jacket left in an old wooden shed — sweet orange blossoms mixed with bitter orange peel, then soft leather with something earthy and slightly powdery underneath.."
17527,dark woody oud perfume,"Accords: oud, warm spicy, fresh spicy. Notes: saffron, nutmeg, lavender, agarwood (oud), patchouli, agarwood (oud), patchouli, musk. Profile: It smells like a spice market at dawn — sweet saffron and lavender mixed with powdery lavender, then softens into something earthy and slightly musky.."
17527,spicy lavender with musk,"Accords: oud, warm spicy, fresh spicy. Notes: saffron, nutmeg, lavender, agarwood (oud), patchouli, agarwood (oud), patchouli, musk. Profile: It smells like a spice market at dawn — sweet saffron and lavender mixed with powdery lavender, then softens into something earthy and slightly musky.."
17527,saffron and patchouli fragrance,"Accords: oud, warm spicy, fresh spicy. Notes: saffron, nutmeg, lavender, agarwood (oud), patchouli, agarwood (oud), patchouli, musk. Profile: It smells like a spice market at dawn — sweet saffron and lavender mixed with powdery lavender, then softens into something earthy and slightly musky.."
4159,sweet candy perfume with berries and vanilla,"Accords: sweet, caramel, vanilla. Notes: raspberry, orange, bergamot, fig leaf, cotton candy, licorice, strawberry, red berries. Profile: It smells like ripe raspberries and orange peel at first, then sweet vanilla and caramel, finishing with a soft vanilla-musk base.."
4159,cotton candy and strawberry scent for summer,"Accords: sweet, caramel, vanilla. Notes: raspberry, orange, bergamot, fig leaf, cotton candy, licorice, strawberry, red berries. Profile: It smells like ripe raspberries and orange peel at first, then sweet vanilla and caramel, finishing with a soft vanilla-musk base.."
4159,fruity sweet fragrance raspberry caramel,"Accords: sweet, caramel, vanilla. Notes: raspberry, orange, bergamot, fig leaf, cotton candy, licorice, strawberry, red berries. Profile: It smells like ripe raspberries and orange peel at first, then sweet vanilla and caramel, finishing with a soft vanilla-musk base.."
4691,fresh lavender with spicy pepper,"Accords: lavender, woody, musky. Notes: lavender, pink pepper, neroli, aldehydes, orris, petalia, blackberry leaf, orange blossom. Profile: It smells like powdery lavender and citrus peel at first, then soft woods and musk, with a warm, slightly woody base.."
4691,clean soapy smell with orange blossom,"Accords: lavender, woody, musky. Notes: lavender, pink pepper, neroli, aldehydes, orris, petalia, blackberry leaf, orange blossom. Profile: It smells like powdery lavender and citrus peel at first, then soft woods and musk, with a warm, slightly woody base.."
4691,herbal lavender and woody cedar scent,"Accords: lavender, woody, musky. Notes: lavender, pink pepper, neroli, aldehydes, orris, petalia, blackberry leaf, orange blossom. Profile: It smells like powdery lavender and citrus peel at first, then soft woods and musk, with a warm, slightly woody base.."
21313,spicy vanilla sandalwood cologne for men,"Accords: warm spicy, vanilla, fresh spicy. Notes: apple, lavender, bergamot, mandarin orange, geranium, violet, jasmine, vanilla. Profile: It smells like ripe apples and citrus peel at first, then white flowers and vanilla, finishing with a powdery sweetness that's slightly spiced.."
21313,warm cardamom pepper with lavender,"Accords: warm spicy, vanilla, fresh spicy. Notes: apple, lavender, bergamot, mandarin orange, geranium, violet, jasmine, vanilla. Profile: It smells like ripe apples and citrus peel at first, then white flowers and vanilla, finishing with a powdery sweetness that's slightly spiced.."
21313,fresh bergamot apple with woody spices,"Accords: warm spicy, vanilla, fresh spicy. Notes: apple, lavender, bergamot, mandarin orange, geranium, violet, jasmine, vanilla. Profile: It smells like ripe apples and citrus peel at first, then white flowers and vanilla, finishing with a powdery sweetness that's slightly spiced.."
20774,sweet vanilla cinnamon dessert perfume,"Accords: sweet, warm spicy, vanilla. Notes: cinnamon, nutmeg, bergamot, dates, praline, tuberose, mahonial, vanilla. Profile: It smells like sweet cinnamon and vanilla at first, then creamy white flowers, with a hint of powdery wood underneath.."
20774,warm spicy praline and dates fragrance,"Accords: sweet, warm spicy, vanilla. Notes: cinnamon, nutmeg, bergamot, dates, praline, tuberose, mahonial, vanilla. Profile: It smells like sweet cinnamon and vanilla at first, then creamy white flowers, with a hint of powdery wood underneath.."
20774,cozy bakery smell with amber and tonka,"Accords: sweet, warm spicy, vanilla. Notes: cinnamon, nutmeg, bergamot, dates, praline, tuberose, mahonial, vanilla. Profile: It smells like sweet cinnamon and vanilla at first, then creamy white flowers, with a hint of powdery wood underneath.."
7505,soft floral powder like grandma's makeup,"Accords: powdery, floral, herbal. Notes: mimosa, iris, rose, freesia, violet, lily-of-the-valley, jasmine, bergamot. Profile: It smells like a flower shop at dawn — white flowers blooming in the air, with something earthy and slightly floral on the surface.."
7505,iris violet perfume not too sweet,"Accords: powdery, floral, herbal. Notes: mimosa, iris, rose, freesia, violet, lily-of-the-valley, jasmine, bergamot. Profile: It smells like a flower shop at dawn — white flowers blooming in the air, with something earthy and slightly floral on the surface.."
7505,clean soapy flowers with sandalwood,"Accords: powdery, floral, herbal. Notes: mimosa, iris, rose, freesia, violet, lily-of-the-valley, jasmine, bergamot. Profile: It smells like a flower shop at dawn — white flowers blooming in the air, with something earthy and slightly floral on the surface.."
5014,sweet caramel and vanilla perfume,"Accords: caramel, powdery, amber. Notes: caramel, powdery notes, musk, benzoin, vanilla. Profile: It smells like sweet caramel and powdery notes at first, then soft vanilla and musk, finishing with a warm vanilla-vanilla base.."
5014,soft powdery musk fragrance,"Accords: caramel, powdery, amber. Notes: caramel, powdery notes, musk, benzoin, vanilla. Profile: It smells like sweet caramel and powdery notes at first, then soft vanilla and musk, finishing with a warm vanilla-vanilla base.."
5014,warm dessert smell like burnt sugar,"Accords: caramel, powdery, amber. Notes: caramel, powdery notes, musk, benzoin, vanilla. Profile: It smells like sweet caramel and powdery notes at first, then soft vanilla and musk, finishing with a warm vanilla-vanilla base.."
7149,sweet honey and orange perfume for women,"Accords: honey, sweet, white floral. Notes: blood orange, mandarin orange, honey, gardenia, orange blossom, jasmine, peach, beeswax. Profile: It smells like orange peel and honey at first, then soft honey and sweet honey, finishing with a warm, slightly powdery base.."
7149,warm caramel peach scent,"Accords: honey, sweet, white floral. Notes: blood orange, mandarin orange, honey, gardenia, orange blossom, jasmine, peach, beeswax. Profile: It smells like orange peel and honey at first, then soft honey and sweet honey, finishing with a warm, slightly powdery base.."
7149,gardenia jasmine with sticky honey smell,"Accords: honey, sweet, white floral. Notes: blood orange, mandarin orange, honey, gardenia, orange blossom, jasmine, peach, beeswax. Profile: It smells like orange peel and honey at first, then soft honey and sweet honey, finishing with a warm, slightly powdery base.."
19425,earthy moss and lime perfume,"Accords: mossy, citrus, woody. Notes: kaffir lime, basil, jasmine, ylang-ylang, oakmoss, civet, benzoin, spices. Profile: It smells like a leather jacket left open in an old wooden shed, with something earthy and slightly powdery underneath.."
19425,herbal basil leather sandalwood scent,"Accords: mossy, citrus, woody. Notes: kaffir lime, basil, jasmine, ylang-ylang, oakmoss, civet, benzoin, spices. Profile: It smells like a leather jacket left open in an old wooden shed, with something earthy and slightly powdery underneath.."
19425,green forest floor after rain smell,"Accords: mossy, citrus, woody. Notes: kaffir lime, basil, jasmine, ylang-ylang, oakmoss, civet, benzoin, spices. Profile: It smells like a leather jacket left open in an old wooden shed, with something earthy and slightly powdery underneath.."
725,warm vanilla with honey and spices,"Accords: vanilla, warm spicy, white floral. Notes: orange blossom, mandarin orange, bergamot, amalfi lemon, cinnamon, heliotrope, jasmine, cardamom. Profile: It smells like citrus peel and orange peel at first, then sweet vanilla and honey, finishing with a hint of spiced tobacco and warm wood.."
725,sweet citrus perfume with vanilla and tobacco,"Accords: vanilla, warm spicy, white floral. Notes: orange blossom, mandarin orange, bergamot, amalfi lemon, cinnamon, heliotrope, jasmine, cardamom. Profile: It smells like citrus peel and orange peel at first, then sweet vanilla and honey, finishing with a hint of spiced tobacco and warm wood.."
725,cozy vanilla sandalwood cinnamon scent,"Accords: vanilla, warm spicy, white floral. Notes: orange blossom, mandarin orange, bergamot, amalfi lemon, cinnamon, heliotrope, jasmine, cardamom. Profile: It smells like citrus peel and orange peel at first, then sweet vanilla and honey, finishing with a hint of spiced tobacco and warm wood.."
10409,chocolate vanilla perfume for women,"Accords: chocolate, lactonic, vanilla. Notes: dark chocolate, jasmine, teak wood, cedar, chocolate, milk, vanilla, musk. Profile: It smells like dark chocolate and white flowers at first, then creamy vanilla and powdery wood, finishing with a soft vanilla-musk base.."
10409,warm milky chocolate scent with jasmine,"Accords: chocolate, lactonic, vanilla. Notes: dark chocolate, jasmine, teak wood, cedar, chocolate, milk, vanilla, musk. Profile: It smells like dark chocolate and white flowers at first, then creamy vanilla and powdery wood, finishing with a soft vanilla-musk base.."
10409,woody chocolate fragrance cedarwood,"Accords: chocolate, lactonic, vanilla. Notes: dark chocolate, jasmine, teak wood, cedar, chocolate, milk, vanilla, musk. Profile: It smells like dark chocolate and white flowers at first, then creamy vanilla and powdery wood, finishing with a soft vanilla-musk base.."
21013,fresh grapefruit and mint cologne,"Accords: citrus, amber, woody. Notes: grapefruit, lemon, mint, pink pepper, bergamot, aldehydes, coriander, ginger. Profile: It smells like citrus peel and mint at first, then melon and resin, finishing with a warm woody base that's soft and powdery.."
21013,crisp citrus with spicy ginger,"Accords: citrus, amber, woody. Notes: grapefruit, lemon, mint, pink pepper, bergamot, aldehydes, coriander, ginger. Profile: It smells like citrus peel and mint at first, then melon and resin, finishing with a warm woody base that's soft and powdery.."
21013,clean bergamot lemon summer scent,"Accords: citrus, amber, woody. Notes: grapefruit, lemon, mint, pink pepper, bergamot, aldehydes, coriander, ginger. Profile: It smells like citrus peel and mint at first, then melon and resin, finishing with a warm woody base that's soft and powdery.."
6825,fresh lemon and white flowers perfume,"Accords: citrus, woody, fresh. Notes: sicilian lemon, apple, cedar, bellflower, bamboo, jasmine, white rose, cedar. Profile: It smells like a spice market at dawn — citrus peel and apple juice mixed with white flowers, then softens into something earthy and slightly powdery.."
6825,clean bamboo cedar scent,"Accords: citrus, woody, fresh. Notes: sicilian lemon, apple, cedar, bellflower, bamboo, jasmine, white rose, cedar. Profile: It smells like a spice market at dawn — citrus peel and apple juice mixed with white flowers, then softens into something earthy and slightly powdery.."
6825,crisp apple and jasmine fragrance,"Accords: citrus, woody, fresh. Notes: sicilian lemon, apple, cedar, bellflower, bamboo, jasmine, white rose, cedar. Profile: It smells like a spice market at dawn — citrus peel and apple juice mixed with white flowers, then softens into something earthy and slightly powdery.."
8611,fresh lemon mint cologne for summer,"Accords: aromatic, citrus, green. Notes: amalfi lemon, mint, water jasmine, virginia cedar, brown sugar, french labdanum. Profile: It smells like fresh lemon and mint at first, then white flowers with a hint of powdered sugar, finishing with something earthy and slightly sweet.."
8611,sweet cedar perfume with brown sugar,"Accords: aromatic, citrus, green. Notes: amalfi lemon, mint, water jasmine, virginia cedar, brown sugar, french labdanum. Profile: It smells like fresh lemon and mint at first, then white flowers with a hint of powdered sugar, finishing with something earthy and slightly sweet.."
8611,clean jasmine and citrus fragrance men,"Accords: aromatic, citrus, green. Notes: amalfi lemon, mint, water jasmine, virginia cedar, brown sugar, french labdanum. Profile: It smells like fresh lemon and mint at first, then white flowers with a hint of powdered sugar, finishing with something earthy and slightly sweet.."
18590,fresh ocean breeze perfume,"Accords: marine, citrus, salty. Notes: sea salt, fruity notes, sicilian lemon, bergamot, iris, mandarin orange, sea notes, musk. Profile: It smells like sea salt and citrus peel at first, then iris and bergamot, with a soft woody base.."
18590,salty citrus summer fragrance,"Accords: marine, citrus, salty. Notes: sea salt, fruity notes, sicilian lemon, bergamot, iris, mandarin orange, sea notes, musk. Profile: It smells like sea salt and citrus peel at first, then iris and bergamot, with a soft woody base.."
18590,beach vacation scent with lemon,"Accords: marine, citrus, salty. Notes: sea salt, fruity notes, sicilian lemon, bergamot, iris, mandarin orange, sea notes, musk. Profile: It smells like sea salt and citrus peel at first, then iris and bergamot, with a soft woody base.."
18044,leather jacket with sweet vanilla,"Accords: leather, herbal, warm spicy. Notes: artemisia, bergamot, patchouli, cardamom, coriander, immortelle, leather, french labdanum. Profile: It smells like a leather jacket left in an old wooden shed, with something powdery and resinous underneath.."
18044,smoky birch tar and spices,"Accords: leather, herbal, warm spicy. Notes: artemisia, bergamot, patchouli, cardamom, coriander, immortelle, leather, french labdanum. Profile: It smells like a leather jacket left in an old wooden shed, with something powdery and resinous underneath.."
18044,earthy patchouli leather scent,"Accords: leather, herbal, warm spicy. Notes: artemisia, bergamot, patchouli, cardamom, coriander, immortelle, leather, french labdanum. Profile: It smells like a leather jacket left in an old wooden shed, with something powdery and resinous underneath.."
21513,soft powdery soap with lavender,"Accords: iris, woody, powdery. Notes: lavender, iris, ambrette (musk mallow), pear, virginia cedar, vetiver. Profile: It smells like dried lavender and iris at first, then soft pear and sweet vanilla, with a warm, slightly earthy base.."
21513,clean fresh pear and iris scent,"Accords: iris, woody, powdery. Notes: lavender, iris, ambrette (musk mallow), pear, virginia cedar, vetiver. Profile: It smells like dried lavender and iris at first, then soft pear and sweet vanilla, with a warm, slightly earthy base.."
21513,light musky cedar perfume,"Accords: iris, woody, powdery. Notes: lavender, iris, ambrette (musk mallow), pear, virginia cedar, vetiver. Profile: It smells like dried lavender and iris at first, then soft pear and sweet vanilla, with a warm, slightly earthy base.."
5667,spicy citrus perfume with warm musk,"Accords: balsamic, aromatic, amber. Notes: absinthe, bergamot, lemon, peru balsam, orange blossom, spices, carnation, musk. Profile: It smells like a perfumer's closet at dawn — sweet citrus peel mixed with white flowers, then softens into something earthy and slightly powdery.."
5667,orange blossom and lemon with herbal notes,"Accords: balsamic, aromatic, amber. Notes: absinthe, bergamot, lemon, peru balsam, orange blossom, spices, carnation, musk. Profile: It smells like a perfumer's closet at dawn — sweet citrus peel mixed with white flowers, then softens into something earthy and slightly powdery.."
5667,balsamic spicy floral scent,"Accords: balsamic, aromatic, amber. Notes: absinthe, bergamot, lemon, peru balsam, orange blossom, spices, carnation, musk. Profile: It smells like a perfumer's closet at dawn — sweet citrus peel mixed with white flowers, then softens into something earthy and slightly powdery.."
21120,warm spicy perfume with cardamom and vanilla,"Accords: warm spicy, sweet, vanilla. Notes: cardamom, nutmeg, saffron, mandarin orange, neroli, kulfi, rose, mastic or lentisque. Profile: It smells like sweet cardamom and citrus peel at first, then white flowers with a hint of jasmine, finishing with something earthy and slightly woody.."
21120,orange blossom jasmine sandalwood scent,"Accords: warm spicy, sweet, vanilla. Notes: cardamom, nutmeg, saffron, mandarin orange, neroli, kulfi, rose, mastic or lentisque. Profile: It smells like sweet cardamom and citrus peel at first, then white flowers with a hint of jasmine, finishing with something earthy and slightly woody.."
21120,creamy saffron rose amber fragrance,"Accords: warm spicy, sweet, vanilla. Notes: cardamom, nutmeg, saffron, mandarin orange, neroli, kulfi, rose, mastic or lentisque. Profile: It smells like sweet cardamom and citrus peel at first, then white flowers with a hint of jasmine, finishing with something earthy and slightly woody.."
16835,sweet coffee with vanilla and berries,"Accords: coffee, vanilla, sweet. Notes: lavender, bergamot, cappuccino, raspberry, jasmine, virginia cedar, lily-of-the-valley, vanille. Profile: It smells like a florist's coffee shop next to an old church — sweet lavender and white flowers mixed with powdery vanilla, finishing with something earthy and slightly woody.."
16835,cappuccino and lavender perfume,"Accords: coffee, vanilla, sweet. Notes: lavender, bergamot, cappuccino, raspberry, jasmine, virginia cedar, lily-of-the-valley, vanille. Profile: It smells like a florist's coffee shop next to an old church — sweet lavender and white flowers mixed with powdery vanilla, finishing with something earthy and slightly woody.."
16835,warm coffee shop with woody undertones,"Accords: coffee, vanilla, sweet. Notes: lavender, bergamot, cappuccino, raspberry, jasmine, virginia cedar, lily-of-the-valley, vanille. Profile: It smells like a florist's coffee shop next to an old church — sweet lavender and white flowers mixed with powdery vanilla, finishing with something earthy and slightly woody.."
20072,fresh ocean breeze perfume,"Accords: marine, aromatic, citrus. Notes: sea notes, aquozone, bergamot, green mandarin, rosemary, lavender, cypress, mastic or lentisque. Profile: It smells like salty sea air and aquozone at first, then soft lavender and powdery roses, finishing with something earthy and slightly floral.."
20072,clean salty sea spray fragrance,"Accords: marine, aromatic, citrus. Notes: sea notes, aquozone, bergamot, green mandarin, rosemary, lavender, cypress, mastic or lentisque. Profile: It smells like salty sea air and aquozone at first, then soft lavender and powdery roses, finishing with something earthy and slightly floral.."
20072,vacation by the beach scent,"Accords: marine, aromatic, citrus. Notes: sea notes, aquozone, bergamot, green mandarin, rosemary, lavender, cypress, mastic or lentisque. Profile: It smells like salty sea air and aquozone at first, then soft lavender and powdery roses, finishing with something earthy and slightly floral.."
12261,sweet rose perfume with vanilla and musk,"Accords: rose, floral, fruity. Notes: litchi, rhubarb, bergamot, nutmeg, turkish rose, peony, musk, petalia. Profile: It smells like a spice market at dawn — rhubarb and peony mixed with powdery flowers, then settles into something earthy and resinous.."
12261,fresh rhubarb and bergamot scent,"Accords: rose, floral, fruity. Notes: litchi, rhubarb, bergamot, nutmeg, turkish rose, peony, musk, petalia. Profile: It smells like a spice market at dawn — rhubarb and peony mixed with powdery flowers, then settles into something earthy and resinous.."
12261,warm incense cedar and vetiver fragrance,"Accords: rose, floral, fruity. Notes: litchi, rhubarb, bergamot, nutmeg, turkish rose, peony, musk, petalia. Profile: It smells like a spice market at dawn — rhubarb and peony mixed with powdery flowers, then settles into something earthy and resinous.."
15096,fresh ocean breeze perfume,"Accords: marine, aromatic, fresh spicy. Notes: sea notes, sea salt, grapefruit, bay leaf, geranium, spices, red amber, guaiac wood. Profile: It smells like salty water and sand, with a hint of citrus peel and sea salt at the bottom.."
15096,salty sea spray with citrus,"Accords: marine, aromatic, fresh spicy. Notes: sea notes, sea salt, grapefruit, bay leaf, geranium, spices, red amber, guaiac wood. Profile: It smells like salty water and sand, with a hint of citrus peel and sea salt at the bottom.."
15096,beach cologne for men,"Accords: marine, aromatic, fresh spicy. Notes: sea notes, sea salt, grapefruit, bay leaf, geranium, spices, red amber, guaiac wood. Profile: It smells like salty water and sand, with a hint of citrus peel and sea salt at the bottom.."
3932,fresh flowers with earthy soil smell,"Accords: earthy, fruity, musky. Notes: apple, tea, ozonic notes, mandarin orange, osmanthus, magnolia, lily, earthy notes. Profile: It smells like ripe apple and orange peel at first, then settles into something earthy and slightly floral, with a hint of powdery wood underneath.."
3932,crisp apple tea with patchouli,"Accords: earthy, fruity, musky. Notes: apple, tea, ozonic notes, mandarin orange, osmanthus, magnolia, lily, earthy notes. Profile: It smells like ripe apple and orange peel at first, then settles into something earthy and slightly floral, with a hint of powdery wood underneath.."
3932,clean ozonic perfume with sandalwood base,"Accords: earthy, fruity, musky. Notes: apple, tea, ozonic notes, mandarin orange, osmanthus, magnolia, lily, earthy notes. Profile: It smells like ripe apple and orange peel at first, then settles into something earthy and slightly floral, with a hint of powdery wood underneath.."
13109,white flowers that smell creamy and a little green,"Accords: tuberose, white floral, citrus. Notes: bergamot, violet leaves, mandarin orange, tuberose, rose, jasmine, ylang-ylang, neroli. Profile: It smells like citrus peel and white flowers at first, then settles into something earthy and slightly woody.."
13109,fancy floral perfume for wedding or special occasion,"Accords: tuberose, white floral, citrus. Notes: bergamot, violet leaves, mandarin orange, tuberose, rose, jasmine, ylang-ylang, neroli. Profile: It smells like citrus peel and white flowers at first, then settles into something earthy and slightly woody.."
13109,tuberose jasmine perfume not too heavy,"Accords: tuberose, white floral, citrus. Notes: bergamot, violet leaves, mandarin orange, tuberose, rose, jasmine, ylang-ylang, neroli. Profile: It smells like citrus peel and white flowers at first, then settles into something earthy and slightly woody.."
1984,fizzy sweet cola soda perfume,"Accords: coca-cola, fruity, citrus. Notes: pear, mandarin orange, neroli, coca-cola, rhubarb, orange blossom, vanilla, amber. Profile: It smells like ripe pear and orange peel at first, then sweet vanilla and cream, finishing with a hint of powdery amber.."
1984,fruity orange vanilla drink scent,"Accords: coca-cola, fruity, citrus. Notes: pear, mandarin orange, neroli, coca-cola, rhubarb, orange blossom, vanilla, amber. Profile: It smells like ripe pear and orange peel at first, then sweet vanilla and cream, finishing with a hint of powdery amber.."
1984,sparkling citrus pear cola smell,"Accords: coca-cola, fruity, citrus. Notes: pear, mandarin orange, neroli, coca-cola, rhubarb, orange blossom, vanilla, amber. Profile: It smells like ripe pear and orange peel at first, then sweet vanilla and cream, finishing with a hint of powdery amber.."
6882,fresh lemon lime green apple perfume,"Accords: citrus, sweet, fresh. Notes: amalfi lemon, lime, granny smith apple, praline, peony, datura, apple tree, musk. Profile: It smells like a fruit stand next to an apple orchard, where lemon juice meets sweet peony, then settles into something earthy and slightly woody.."
6882,sweet apple blossoms with citrus,"Accords: citrus, sweet, fresh. Notes: amalfi lemon, lime, granny smith apple, praline, peony, datura, apple tree, musk. Profile: It smells like a fruit stand next to an apple orchard, where lemon juice meets sweet peony, then settles into something earthy and slightly woody.."
6882,crisp apple and cedar with praline sweetness,"Accords: citrus, sweet, fresh. Notes: amalfi lemon, lime, granny smith apple, praline, peony, datura, apple tree, musk. Profile: It smells like a fruit stand next to an apple orchard, where lemon juice meets sweet peony, then settles into something earthy and slightly woody.."
7819,sweet coconut tropical lotion smell,"Accords: coconut, fruity, sweet. Notes: coconut nectar, boysenberry, pomegranate, butterfly orchid, honeysuckle, magnolia, amber, musk. Profile: It smells like a spice market at dawn — sweet honey and berries mixed with white flowers, then softens into something earthy and woody.."
7819,fruity berry perfume with flowers,"Accords: coconut, fruity, sweet. Notes: coconut nectar, boysenberry, pomegranate, butterfly orchid, honeysuckle, magnolia, amber, musk. Profile: It smells like a spice market at dawn — sweet honey and berries mixed with white flowers, then softens into something earthy and woody.."
7819,creamy coconut and honeysuckle scent,"Accords: coconut, fruity, sweet. Notes: coconut nectar, boysenberry, pomegranate, butterfly orchid, honeysuckle, magnolia, amber, musk. Profile: It smells like a spice market at dawn — sweet honey and berries mixed with white flowers, then softens into something earthy and woody.."
4108,fresh flowers with citrus and cold water,"Accords: floral, citrus, fresh. Notes: yuzu, pomegranate, ice, peony, lotus, magnolia, musk, mahogany. Profile: It smells like a spice market at dawn — sweet yuzu and pomegranate mixed with white flowers, then softens into something earthy and slightly powdery.."
4108,light peony lotus perfume for spring,"Accords: floral, citrus, fresh. Notes: yuzu, pomegranate, ice, peony, lotus, magnolia, musk, mahogany. Profile: It smells like a spice market at dawn — sweet yuzu and pomegranate mixed with white flowers, then softens into something earthy and slightly powdery.."
4108,clean floral scent with yuzu and pomegranate,"Accords: floral, citrus, fresh. Notes: yuzu, pomegranate, ice, peony, lotus, magnolia, musk, mahogany. Profile: It smells like a spice market at dawn — sweet yuzu and pomegranate mixed with white flowers, then softens into something earthy and slightly powdery.."
18389,fresh rose and ginger perfume,"Accords: fresh, rose, floral. Notes: litchi, ginger, bergamot, peony, turkish rose, cacao, patchouli. Profile: It smells like a spice market at dawn — citrus peel and peony mixed with bergamot, then softens into something earthy and slightly sweet.."
18389,light fruity floral scent with bergamot,"Accords: fresh, rose, floral. Notes: litchi, ginger, bergamot, peony, turkish rose, cacao, patchouli. Profile: It smells like a spice market at dawn — citrus peel and peony mixed with bergamot, then softens into something earthy and slightly sweet.."
18389,peony and lychee spring fragrance,"Accords: fresh, rose, floral. Notes: litchi, ginger, bergamot, peony, turkish rose, cacao, patchouli. Profile: It smells like a spice market at dawn — citrus peel and peony mixed with bergamot, then softens into something earthy and slightly sweet.."
12160,fresh ocean breeze perfume,"Accords: marine, aromatic, woody. Notes: sea notes, red fruits, bergamot, violet, white woods, sandalwood, musk, ambroxan. Profile: It smells like a fishing boat dock next to the ocean, with white flowers and soft woods lingering in the background.."
12160,salty sea spray with berries,"Accords: marine, aromatic, woody. Notes: sea notes, red fruits, bergamot, violet, white woods, sandalwood, musk, ambroxan. Profile: It smells like a fishing boat dock next to the ocean, with white flowers and soft woods lingering in the background.."
12160,clean beachy sandalwood scent,"Accords: marine, aromatic, woody. Notes: sea notes, red fruits, bergamot, violet, white woods, sandalwood, musk, ambroxan. Profile: It smells like a fishing boat dock next to the ocean, with white flowers and soft woods lingering in the background.."
2524,clean soapy perfume with powder and spice,"Accords: musky, animalic, aromatic. Notes: aldehydes, coriander, clary sage, artemisia, bergamot, patchouli, carnation, geranium. Profile: It smells like a leather jacket left in an old wooden shed, with something sweet and earthy lurking in the background.."
2524,vintage leather jacket with warm vanilla,"Accords: musky, animalic, aromatic. Notes: aldehydes, coriander, clary sage, artemisia, bergamot, patchouli, carnation, geranium. Profile: It smells like a leather jacket left in an old wooden shed, with something sweet and earthy lurking in the background.."
2524,fresh herbs and dark musky base,"Accords: musky, animalic, aromatic. Notes: aldehydes, coriander, clary sage, artemisia, bergamot, patchouli, carnation, geranium. Profile: It smells like a leather jacket left in an old wooden shed, with something sweet and earthy lurking in the background.."
251,sweet mango and orange tropical perfume,"Accords: tropical, sweet, fruity. Notes: mango, orange, ylang-ylang, jasmine, neroli, agarwood (oud), oak moss, vetyver. Profile: It smells like sweet mango and orange peel at first, then white flowers with a soft, slightly earthy base.."
251,floral beach vacation scent,"Accords: tropical, sweet, fruity. Notes: mango, orange, ylang-ylang, jasmine, neroli, agarwood (oud), oak moss, vetyver. Profile: It smells like sweet mango and orange peel at first, then white flowers with a soft, slightly earthy base.."
251,fruity jasmine summer fragrance,"Accords: tropical, sweet, fruity. Notes: mango, orange, ylang-ylang, jasmine, neroli, agarwood (oud), oak moss, vetyver. Profile: It smells like sweet mango and orange peel at first, then white flowers with a soft, slightly earthy base.."
6517,fresh citrus with dirt and roots smell,"Accords: earthy, citrus, woody. Notes: citron, calamansi, vetiver, orris, earthy notes, styrax. Profile: It smells like a perfumer's closet at dawn — powdery citrus peel and earthy vetiver mixed with smoky orris, then settles into warm wood.."
6517,earthy vetiver perfume for men,"Accords: earthy, citrus, woody. Notes: citron, calamansi, vetiver, orris, earthy notes, styrax. Profile: It smells like a perfumer's closet at dawn — powdery citrus peel and earthy vetiver mixed with smoky orris, then settles into warm wood.."
6517,clean lemon with woody ground scent,"Accords: earthy, citrus, woody. Notes: citron, calamansi, vetiver, orris, earthy notes, styrax. Profile: It smells like a perfumer's closet at dawn — powdery citrus peel and earthy vetiver mixed with smoky orris, then settles into warm wood.."
3042,coffee shop with cherry pastries,"Accords: cherry, warm spicy, sweet. Notes: cherry, spices, coffee, white tobacco, patchouli, atlas cedar, rose, tonka bean. Profile: It smells like a coffee shop at dawn — sweet cherries and white tobacco mixed with powdered tobacco, then softened by warm wood and something slightly earthy.."
3042,spicy cherry tobacco smell,"Accords: cherry, warm spicy, sweet. Notes: cherry, spices, coffee, white tobacco, patchouli, atlas cedar, rose, tonka bean. Profile: It smells like a coffee shop at dawn — sweet cherries and white tobacco mixed with powdered tobacco, then softened by warm wood and something slightly earthy.."
3042,warm cherry and patchouli perfume,"Accords: cherry, warm spicy, sweet. Notes: cherry, spices, coffee, white tobacco, patchouli, atlas cedar, rose, tonka bean. Profile: It smells like a coffee shop at dawn — sweet cherries and white tobacco mixed with powdered tobacco, then softened by warm wood and something slightly earthy.."
19833,sweet caramel perfume with spices,"Accords: caramel, warm spicy, vanilla. Notes: cardamom, pimento, caramel, salt, vanilla, tobacco, cashmeran. Profile: It smells like sweet cardamom and spiced caramel at first, then creamy vanilla and a hint of powdery tobacco.."
19833,salted caramel and vanilla scent,"Accords: caramel, warm spicy, vanilla. Notes: cardamom, pimento, caramel, salt, vanilla, tobacco, cashmeran. Profile: It smells like sweet cardamom and spiced caramel at first, then creamy vanilla and a hint of powdery tobacco.."
19833,warm spicy caramel tobacco smell,"Accords: caramel, warm spicy, vanilla. Notes: cardamom, pimento, caramel, salt, vanilla, tobacco, cashmeran. Profile: It smells like sweet cardamom and spiced caramel at first, then creamy vanilla and a hint of powdery tobacco.."
16814,salty beach perfume with vanilla,"Accords: salty, white floral, citrus. Notes: mandarin orange, jasmine, ginger, lily, salt, vanilla, ambergris, sandalwood. Profile: It smells like citrus peel and jasmine at first, then white flowers with a hint of powdery sweetness, finishing with something earthy and slightly woody.."
16814,ocean air jasmine and sandalwood,"Accords: salty, white floral, citrus. Notes: mandarin orange, jasmine, ginger, lily, salt, vanilla, ambergris, sandalwood. Profile: It smells like citrus peel and jasmine at first, then white flowers with a hint of powdery sweetness, finishing with something earthy and slightly woody.."
16814,fresh ginger citrus sea spray scent,"Accords: salty, white floral, citrus. Notes: mandarin orange, jasmine, ginger, lily, salt, vanilla, ambergris, sandalwood. Profile: It smells like citrus peel and jasmine at first, then white flowers with a hint of powdery sweetness, finishing with something earthy and slightly woody.."
14429,fresh lemon cedar cologne for men,"Accords: woody, citrus, aromatic. Notes: lemon, cedar, citron, water hyacinth, pink pepper, jasmine, white musk, patchouli. Profile: It smells like citrus peel and white flowers at first, then settles into something earthy and slightly musky.."
14429,clean woody musk with jasmine,"Accords: woody, citrus, aromatic. Notes: lemon, cedar, citron, water hyacinth, pink pepper, jasmine, white musk, patchouli. Profile: It smells like citrus peel and white flowers at first, then settles into something earthy and slightly musky.."
14429,citrus and woods everyday perfume,"Accords: woody, citrus, aromatic. Notes: lemon, cedar, citron, water hyacinth, pink pepper, jasmine, white musk, patchouli. Profile: It smells like citrus peel and white flowers at first, then settles into something earthy and slightly musky.."
6839,cold metal and wet rocks smell,"Accords: mineral, ozonic, metallic. Notes: mineral notes, green pepper, artemisia, ozonic notes, gunpowder, oud, metallic notes, ambergris. Profile: It smells like a spice market at dawn — earthy and peppery, with something metallic and powdery lingering in the air.."
6839,spicy green pepper with ocean air,"Accords: mineral, ozonic, metallic. Notes: mineral notes, green pepper, artemisia, ozonic notes, gunpowder, oud, metallic notes, ambergris. Profile: It smells like a spice market at dawn — earthy and peppery, with something metallic and powdery lingering in the air.."
6839,clean metallic scent like after rain,"Accords: mineral, ozonic, metallic. Notes: mineral notes, green pepper, artemisia, ozonic notes, gunpowder, oud, metallic notes, ambergris. Profile: It smells like a spice market at dawn — earthy and peppery, with something metallic and powdery lingering in the air.."
16188,fresh lemon bergamot perfume,"Accords: aromatic, citrus, woody. Notes: amalfi lemon, tagetes, black currant, bergamot, african orange flower, violet, cyclamen, jasmine. Profile: It smells like citrus peel and white flowers at first, then soft violets and vetiver, finishing with a warm woody base.."
16188,violet jasmine floral musk scent,"Accords: aromatic, citrus, woody. Notes: amalfi lemon, tagetes, black currant, bergamot, african orange flower, violet, cyclamen, jasmine. Profile: It smells like citrus peel and white flowers at first, then soft violets and vetiver, finishing with a warm woody base.."
16188,citrus woody cologne for spring,"Accords: aromatic, citrus, woody. Notes: amalfi lemon, tagetes, black currant, bergamot, african orange flower, violet, cyclamen, jasmine. Profile: It smells like citrus peel and white flowers at first, then soft violets and vetiver, finishing with a warm woody base.."
8272,sharp metallic citrus cologne,"Accords: metallic, citrus, mineral. Notes: aldehydes, lime peel, bitter orange, coriander leaf, jasmine, pitosporum, metallic notes, musk. Profile: It smells like citrus peel and orange peel at first, then resinous jasmine and powdery wood, finishing with a warm, leathery base.."
8272,cold metal with orange and jasmine,"Accords: metallic, citrus, mineral. Notes: aldehydes, lime peel, bitter orange, coriander leaf, jasmine, pitosporum, metallic notes, musk. Profile: It smells like citrus peel and orange peel at first, then resinous jasmine and powdery wood, finishing with a warm, leathery base.."
8272,aldehydic perfume smells like coins and lime,"Accords: metallic, citrus, mineral. Notes: aldehydes, lime peel, bitter orange, coriander leaf, jasmine, pitosporum, metallic notes, musk. Profile: It smells like citrus peel and orange peel at first, then resinous jasmine and powdery wood, finishing with a warm, leathery base.."
9582,sweet caramel vanilla perfume,"Accords: caramel, vanilla, white floral. Notes: litchi, mandarin orange, lily-of-the-valley, bergamot, tuberose, caramel, vanila, amber. Profile: It smells like citrus peel and orange peel at first, then creamy caramel and sweet vanilla, finishing with a warm, slightly woody base.."
9582,floral candy smell with bergamot,"Accords: caramel, vanilla, white floral. Notes: litchi, mandarin orange, lily-of-the-valley, bergamot, tuberose, caramel, vanila, amber. Profile: It smells like citrus peel and orange peel at first, then creamy caramel and sweet vanilla, finishing with a warm, slightly woody base.."
9582,warm sugary amber sandalwood scent,"Accords: caramel, vanilla, white floral. Notes: litchi, mandarin orange, lily-of-the-valley, bergamot, tuberose, caramel, vanila, amber. Profile: It smells like citrus peel and orange peel at first, then creamy caramel and sweet vanilla, finishing with a warm, slightly woody base.."
18676,spicy leather with pepper and orange,"Accords: oud, warm spicy, fresh spicy. Notes: black pepper, bitter orange, neroli, saffron, cardamom, olibanum, agarwood (oud), patchouli. Profile: It smells like a spice market at dawn — sweet pepper and citrus peel mixed with saffron and cardamom, with something earthy and slightly leathery underneath.."
18676,dark oud wood incense smell,"Accords: oud, warm spicy, fresh spicy. Notes: black pepper, bitter orange, neroli, saffron, cardamom, olibanum, agarwood (oud), patchouli. Profile: It smells like a spice market at dawn — sweet pepper and citrus peel mixed with saffron and cardamom, with something earthy and slightly leathery underneath.."
18676,warm cardamom saffron fragrance,"Accords: oud, warm spicy, fresh spicy. Notes: black pepper, bitter orange, neroli, saffron, cardamom, olibanum, agarwood (oud), patchouli. Profile: It smells like a spice market at dawn — sweet pepper and citrus peel mixed with saffron and cardamom, with something earthy and slightly leathery underneath.."
14732,earthy patchouli with rose and jasmine,"Accords: patchouli, citrus, rose. Notes: italian mandarin, rose, egyptian jasmine, patchouli, musk. Profile: It smells like a perfumer's closet at dawn — bright citrus peel and rose petals mixed with powdery jasmine, finishing with something earthy and slightly floral.."
14732,musky floral perfume with citrus,"Accords: patchouli, citrus, rose. Notes: italian mandarin, rose, egyptian jasmine, patchouli, musk. Profile: It smells like a perfumer's closet at dawn — bright citrus peel and rose petals mixed with powdery jasmine, finishing with something earthy and slightly floral.."
14732,hippie patchouli smell but prettier,"Accords: patchouli, citrus, rose. Notes: italian mandarin, rose, egyptian jasmine, patchouli, musk. Profile: It smells like a perfumer's closet at dawn — bright citrus peel and rose petals mixed with powdery jasmine, finishing with something earthy and slightly floral.."
15932,fresh powdery iris perfume,"Accords: iris, green, powdery. Notes: galbanum, neroli, mandarin orange, iris, jasmine, vetiver, musk, tonka bean. Profile: It smells like citrus peel and orange peel at first, then iris and jasmine, finishing with a soft, slightly powdery base.."
15932,clean soapy citrus and jasmine scent,"Accords: iris, green, powdery. Notes: galbanum, neroli, mandarin orange, iris, jasmine, vetiver, musk, tonka bean. Profile: It smells like citrus peel and orange peel at first, then iris and jasmine, finishing with a soft, slightly powdery base.."
15932,soft musky floral with earthy vetiver,"Accords: iris, green, powdery. Notes: galbanum, neroli, mandarin orange, iris, jasmine, vetiver, musk, tonka bean. Profile: It smells like citrus peel and orange peel at first, then iris and jasmine, finishing with a soft, slightly powdery base.."
7095,fresh cold stone after rain smell,"Accords: mineral, aromatic, amber. Notes: green almond, juniper, mineral notes, ambergris, oakmoss. Profile: It smells like dried almonds and juniper leaves at first, then settles into something earthy and woody with a hint of powdery amber.."
7095,green juniper and wet rocks perfume,"Accords: mineral, aromatic, amber. Notes: green almond, juniper, mineral notes, ambergris, oakmoss. Profile: It smells like dried almonds and juniper leaves at first, then settles into something earthy and woody with a hint of powdery amber.."
7095,ocean salt and moss fragrance,"Accords: mineral, aromatic, amber. Notes: green almond, juniper, mineral notes, ambergris, oakmoss. Profile: It smells like dried almonds and juniper leaves at first, then settles into something earthy and woody with a hint of powdery amber.."
6841,tropical coconut sunscreen beach smell,"Accords: coconut, sweet, vanilla. Notes: coconut nectar, bergamot, water fruit, freesia, sandalwood, tonka bean. Profile: It smells like a tropical fruit stand next to the beach — sweet coconut nectar and bergamot mixed with water, then softens into something earthy and slightly woody.."
6841,creamy coconut and vanilla sandalwood,"Accords: coconut, sweet, vanilla. Notes: coconut nectar, bergamot, water fruit, freesia, sandalwood, tonka bean. Profile: It smells like a tropical fruit stand next to the beach — sweet coconut nectar and bergamot mixed with water, then softens into something earthy and slightly woody.."
6841,sweet coconut water summer perfume,"Accords: coconut, sweet, vanilla. Notes: coconut nectar, bergamot, water fruit, freesia, sandalwood, tonka bean. Profile: It smells like a tropical fruit stand next to the beach — sweet coconut nectar and bergamot mixed with water, then softens into something earthy and slightly woody.."
6311,fresh rose perfume with pear and vanilla,"Accords: rose, musky, fruity. Notes: pear, bergamot, pink pepper, rose, jasmine, white musk, vanilla, patchouli. Profile: It smells like ripe pear and roses at first, then white flowers with a hint of vanilla and white musk.."
6311,light floral scent rose jasmine everyday wear,"Accords: rose, musky, fruity. Notes: pear, bergamot, pink pepper, rose, jasmine, white musk, vanilla, patchouli. Profile: It smells like ripe pear and roses at first, then white flowers with a hint of vanilla and white musk.."
6311,soft pink pepper rose cedar women's fragrance,"Accords: rose, musky, fruity. Notes: pear, bergamot, pink pepper, rose, jasmine, white musk, vanilla, patchouli. Profile: It smells like ripe pear and roses at first, then white flowers with a hint of vanilla and white musk.."
1216,smoky cedar perfume with vanilla and musk,"Accords: smoky, musky, woody. Notes: musk, lime (linden) blossom, citruses, castoreum, iris, vanila, musk, ash. Profile: It smells like a flower shop at dawn — mossy flowers and soft iris, with something earthy and slightly powdery underneath.."
1216,ash and amber scent like campfire smoke,"Accords: smoky, musky, woody. Notes: musk, lime (linden) blossom, citruses, castoreum, iris, vanila, musk, ash. Profile: It smells like a flower shop at dawn — mossy flowers and soft iris, with something earthy and slightly powdery underneath.."
1216,citrus and iris with smoky wood smell,"Accords: smoky, musky, woody. Notes: musk, lime (linden) blossom, citruses, castoreum, iris, vanila, musk, ash. Profile: It smells like a flower shop at dawn — mossy flowers and soft iris, with something earthy and slightly powdery underneath.."
10945,rose perfume with coffee and vanilla,"Accords: rose, vanilla, coffee. Notes: floral notes, rose, coffee, vanila, white musk, amber. Profile: It smells like coffee and roses at first, then settles into something earthy and slightly powdery.."
10945,sweet floral with warm amber musk,"Accords: rose, vanilla, coffee. Notes: floral notes, rose, coffee, vanila, white musk, amber. Profile: It smells like coffee and roses at first, then settles into something earthy and slightly powdery.."
10945,romantic rose scent for date night,"Accords: rose, vanilla, coffee. Notes: floral notes, rose, coffee, vanila, white musk, amber. Profile: It smells like coffee and roses at first, then settles into something earthy and slightly powdery.."
8628,fruity floral perfume with peach and jasmine,"Accords: floral, soft spicy, fruity. Notes: pink pepper, mandarin orange, bergamot, lilac, peach, geranium, jasmine, black currant. Profile: It smells like a spice market at dawn — sweet pepper and citrus peel mixed with white flowers, then soft vanilla and powdery musk.."
8628,fresh citrus and flowers everyday scent,"Accords: floral, soft spicy, fruity. Notes: pink pepper, mandarin orange, bergamot, lilac, peach, geranium, jasmine, black currant. Profile: It smells like a spice market at dawn — sweet pepper and citrus peel mixed with white flowers, then soft vanilla and powdery musk.."
8628,sweet vanilla musk with lilac,"Accords: floral, soft spicy, fruity. Notes: pink pepper, mandarin orange, bergamot, lilac, peach, geranium, jasmine, black currant. Profile: It smells like a spice market at dawn — sweet pepper and citrus peel mixed with white flowers, then soft vanilla and powdery musk.."
19310,spicy pepper and cardamom cologne,"Accords: fresh spicy, rose, warm spicy. Notes: black pepper, cardamom, caraway, rose, nutmeg, sandalwood. Profile: It smells like a spice market at dawn — sweet pepper and cardamom mixed with white flowers, finishing with something earthy and slightly woody.."
19310,fresh rose with black pepper scent,"Accords: fresh spicy, rose, warm spicy. Notes: black pepper, cardamom, caraway, rose, nutmeg, sandalwood. Profile: It smells like a spice market at dawn — sweet pepper and cardamom mixed with white flowers, finishing with something earthy and slightly woody.."
19310,warm sandalwood nutmeg fragrance,"Accords: fresh spicy, rose, warm spicy. Notes: black pepper, cardamom, caraway, rose, nutmeg, sandalwood. Profile: It smells like a spice market at dawn — sweet pepper and cardamom mixed with white flowers, finishing with something earthy and slightly woody.."
9921,sweet caramel vanilla perfume for women,"Accords: caramel, sweet, powdery. Notes: violet, orange, bergamot, coffee, pear, iris, orange blossom, rose. Profile: It smells like a fruit stand next to an old coffee shop, where orange peel meets rose petals, with something sweet and slightly sweet lingering in the background.."
9921,coffee and caramel scent with flowers,"Accords: caramel, sweet, powdery. Notes: violet, orange, bergamot, coffee, pear, iris, orange blossom, rose. Profile: It smells like a fruit stand next to an old coffee shop, where orange peel meets rose petals, with something sweet and slightly sweet lingering in the background.."
9921,warm sugary fragrance with orange and pear,"Accords: caramel, sweet, powdery. Notes: violet, orange, bergamot, coffee, pear, iris, orange blossom, rose. Profile: It smells like a fruit stand next to an old coffee shop, where orange peel meets rose petals, with something sweet and slightly sweet lingering in the background.."
3145,warm spicy perfume with orange and jasmine,"Accords: balsamic, amber, citrus. Notes: elemi, mandarin orange, pink pepper, bergamot, immortelle, heliotrope, jasmine, iris. Profile: It smells like citrus peel and orange peel at first, then iris and jasmine, finishing with powdery florals and a hint of woody musk.."
3145,sweet resinous incense scent,"Accords: balsamic, amber, citrus. Notes: elemi, mandarin orange, pink pepper, bergamot, immortelle, heliotrope, jasmine, iris. Profile: It smells like citrus peel and orange peel at first, then iris and jasmine, finishing with powdery florals and a hint of woody musk.."
3145,patchouli musk perfume with pepper,"Accords: balsamic, amber, citrus. Notes: elemi, mandarin orange, pink pepper, bergamot, immortelle, heliotrope, jasmine, iris. Profile: It smells like citrus peel and orange peel at first, then iris and jasmine, finishing with powdery florals and a hint of woody musk.."
2855,smoky gunpowder and lime cologne,"Accords: smoky, woody, aromatic. Notes: smoke, gunpowder, lime, sea water, brandy, balsam fir, cedar, amber. Profile: It smells like a fisherman's cabin next to the ocean, with something earthy and slightly powdery lingering in the air.."
2855,ocean breeze with campfire smoke,"Accords: smoky, woody, aromatic. Notes: smoke, gunpowder, lime, sea water, brandy, balsam fir, cedar, amber. Profile: It smells like a fisherman's cabin next to the ocean, with something earthy and slightly powdery lingering in the air.."
2855,cedar wood and sea salt fragrance,"Accords: smoky, woody, aromatic. Notes: smoke, gunpowder, lime, sea water, brandy, balsam fir, cedar, amber. Profile: It smells like a fisherman's cabin next to the ocean, with something earthy and slightly powdery lingering in the air.."
13813,warm spicy vanilla perfume with flowers,"Accords: soft spicy, anis, vanilla. Notes: star anise, fennel, neroli, bergamot, frangipani, orchid, clove, tuberose. Profile: It smells like a spice market at dawn — sweet citrus peel mixed with white flowers, then soft vanilla and powdery florals, finishing with something earthy and slightly woody.."
13813,creamy jasmine and clove scent,"Accords: soft spicy, anis, vanilla. Notes: star anise, fennel, neroli, bergamot, frangipani, orchid, clove, tuberose. Profile: It smells like a spice market at dawn — sweet citrus peel mixed with white flowers, then soft vanilla and powdery florals, finishing with something earthy and slightly woody.."
13813,cozy sweet spice fragrance for evening,"Accords: soft spicy, anis, vanilla. Notes: star anise, fennel, neroli, bergamot, frangipani, orchid, clove, tuberose. Profile: It smells like a spice market at dawn — sweet citrus peel mixed with white flowers, then soft vanilla and powdery florals, finishing with something earthy and slightly woody.."
9717,smoky whiskey and tobacco scent,"Accords: smoky, warm spicy, leather. Notes: tea leaf, black pepper, cardamom, whiskey, incense, opium, birch, tobacco. Profile: It smells like a spice shop at dawn — sweet tea leaves and cardamom spilled on the counter, with something earthy and woody lingering in the background.."
9717,spicy incense with black pepper,"Accords: smoky, warm spicy, leather. Notes: tea leaf, black pepper, cardamom, whiskey, incense, opium, birch, tobacco. Profile: It smells like a spice shop at dawn — sweet tea leaves and cardamom spilled on the counter, with something earthy and woody lingering in the background.."
9717,dark oud and birch wood smoke,"Accords: smoky, warm spicy, leather. Notes: tea leaf, black pepper, cardamom, whiskey, incense, opium, birch, tobacco. Profile: It smells like a spice shop at dawn — sweet tea leaves and cardamom spilled on the counter, with something earthy and woody lingering in the background.."
18579,sweet honey vanilla perfume,"Accords: honey, sweet, anis. Notes: anise, bergamot, honey, vanilla, patchouli. Profile: It smells like a spice market at dawn — sweet citrus and honey mixed with vanilla syrup, then softens into something earthy and slightly sweet.."
18579,warm spicy anise and honey scent,"Accords: honey, sweet, anis. Notes: anise, bergamot, honey, vanilla, patchouli. Profile: It smells like a spice market at dawn — sweet citrus and honey mixed with vanilla syrup, then softens into something earthy and slightly sweet.."
18579,bergamot patchouli with honeyed sweetness,"Accords: honey, sweet, anis. Notes: anise, bergamot, honey, vanilla, patchouli. Profile: It smells like a spice market at dawn — sweet citrus and honey mixed with vanilla syrup, then softens into something earthy and slightly sweet.."
13002,soapy clean floral perfume for special occasions,"Accords: aldehydic, woody, fresh spicy. Notes: aldehydes, bergamot, bourbon geranium, ylang-ylang, tuberose, rose, jasmine, olibanum. Profile: It smells like a perfumer's closet at dawn — sweet aldehydes mixed with powdery roses, then softened by something earthy and slightly woody.."
13002,powdery white flowers with vanilla and sandalwood,"Accords: aldehydic, woody, fresh spicy. Notes: aldehydes, bergamot, bourbon geranium, ylang-ylang, tuberose, rose, jasmine, olibanum. Profile: It smells like a perfumer's closet at dawn — sweet aldehydes mixed with powdery roses, then softened by something earthy and slightly woody.."
13002,classic perfume that smells like expensive soap and jasmine,"Accords: aldehydic, woody, fresh spicy. Notes: aldehydes, bergamot, bourbon geranium, ylang-ylang, tuberose, rose, jasmine, olibanum. Profile: It smells like a perfumer's closet at dawn — sweet aldehydes mixed with powdery roses, then softened by something earthy and slightly woody.."
14479,spicy cinnamon perfume with oud and incense,"Accords: warm spicy, tobacco, woody. Notes: cinnamon, agarwood (oud), incense, saffron, nutmeg, green apple, white pear, patchouli. Profile: It smells like a spice market at dawn — sweet cinnamon and sugar mixed with powdery incense, then settles into something earthy and slightly woody.."
14479,warm tobacco and vanilla scent,"Accords: warm spicy, tobacco, woody. Notes: cinnamon, agarwood (oud), incense, saffron, nutmeg, green apple, white pear, patchouli. Profile: It smells like a spice market at dawn — sweet cinnamon and sugar mixed with powdery incense, then settles into something earthy and slightly woody.."
14479,perfume that smells like apple cinnamon and sandalwood,"Accords: warm spicy, tobacco, woody. Notes: cinnamon, agarwood (oud), incense, saffron, nutmeg, green apple, white pear, patchouli. Profile: It smells like a spice market at dawn — sweet cinnamon and sugar mixed with powdery incense, then settles into something earthy and slightly woody.."
16574,fresh fig and bergamot perfume,"Accords: amber, citrus, fresh spicy. Notes: calabrian bergamot, water notes, grapefruit, fig leaf, ambroxan, black pepper, patchouli, violet leaf. Profile: It smells like a spice market at dawn — citrus peel and fig leaves mixed with powdery incense, then softens into something earthy and slightly sweet.."
16574,clean aquatic amber musk cologne,"Accords: amber, citrus, fresh spicy. Notes: calabrian bergamot, water notes, grapefruit, fig leaf, ambroxan, black pepper, patchouli, violet leaf. Profile: It smells like a spice market at dawn — citrus peel and fig leaves mixed with powdery incense, then softens into something earthy and slightly sweet.."
16574,warm spicy incense with tonka bean,"Accords: amber, citrus, fresh spicy. Notes: calabrian bergamot, water notes, grapefruit, fig leaf, ambroxan, black pepper, patchouli, violet leaf. Profile: It smells like a spice market at dawn — citrus peel and fig leaves mixed with powdery incense, then softens into something earthy and slightly sweet.."
15966,fresh citrus leaves and herbs,"Accords: herbal, aromatic, fresh spicy. Notes: petitgrain, neroli, chamomile, basil. Profile: It smells like a spice market at dawn — sweet citrus peel mixed with white flowers, then softens into something earthy and slightly floral.."
15966,calming chamomile tea scent,"Accords: herbal, aromatic, fresh spicy. Notes: petitgrain, neroli, chamomile, basil. Profile: It smells like a spice market at dawn — sweet citrus peel mixed with white flowers, then softens into something earthy and slightly floral.."
15966,green basil and orange blossom perfume,"Accords: herbal, aromatic, fresh spicy. Notes: petitgrain, neroli, chamomile, basil. Profile: It smells like a spice market at dawn — sweet citrus peel mixed with white flowers, then softens into something earthy and slightly floral.."
1198,fresh cucumber and lime scent,"Accords: ozonic, aquatic, aromatic. Notes: cucumber, juniper berries, lime, rose, musk, sandalwood. Profile: It smells like a spice market at dawn — sweet currants and berries mixed with powdery roses, then softening into something earthy and slightly woody.."
1198,clean watery smell like after rain,"Accords: ozonic, aquatic, aromatic. Notes: cucumber, juniper berries, lime, rose, musk, sandalwood. Profile: It smells like a spice market at dawn — sweet currants and berries mixed with powdery roses, then softening into something earthy and slightly woody.."
1198,light airy perfume with juniper,"Accords: ozonic, aquatic, aromatic. Notes: cucumber, juniper berries, lime, rose, musk, sandalwood. Profile: It smells like a spice market at dawn — sweet currants and berries mixed with powdery roses, then softening into something earthy and slightly woody.."
14731,dark woody perfume with roses,"Accords: oud, rose, woody. Notes: labdanum, rose, patchouli, saffron, agarwood (oud), sandalwood, cedar. Profile: It smells like a flower shop at dawn — powdery roses and saffron in the background, with something earthy and slightly woody underneath.."
14731,spicy oud and saffron scent,"Accords: oud, rose, woody. Notes: labdanum, rose, patchouli, saffron, agarwood (oud), sandalwood, cedar. Profile: It smells like a flower shop at dawn — powdery roses and saffron in the background, with something earthy and slightly woody underneath.."
14731,heavy incense church smell,"Accords: oud, rose, woody. Notes: labdanum, rose, patchouli, saffron, agarwood (oud), sandalwood, cedar. Profile: It smells like a flower shop at dawn — powdery roses and saffron in the background, with something earthy and slightly woody underneath.."
10215,white chocolate and fruity flowers perfume,"Accords: cacao, fruity, woody. Notes: apple, peach, grapefruit, magnolia, floral notes, lily, white chocolate truffle, cacao. Profile: It smells like ripe apple and peach at first, then white chocolate and vanilla, finishing with a soft, slightly woody base.."
10215,peach magnolia lily sweet scent,"Accords: cacao, fruity, woody. Notes: apple, peach, grapefruit, magnolia, floral notes, lily, white chocolate truffle, cacao. Profile: It smells like ripe apple and peach at first, then white chocolate and vanilla, finishing with a soft, slightly woody base.."
10215,creamy chocolate sandalwood musk,"Accords: cacao, fruity, woody. Notes: apple, peach, grapefruit, magnolia, floral notes, lily, white chocolate truffle, cacao. Profile: It smells like ripe apple and peach at first, then white chocolate and vanilla, finishing with a soft, slightly woody base.."
19677,cold metallic cologne with pepper and lavender,"Accords: fresh spicy, amber, lavender. Notes: bergamot, pepper, lavender, metallic notes, watery notes, coal, soil tincture, ambroxan. Profile: It smells like dried pepper and powdered coal at first, then settles into something earthy and slightly rusty.."
19677,fresh bergamot perfume that smells like wet stones,"Accords: fresh spicy, amber, lavender. Notes: bergamot, pepper, lavender, metallic notes, watery notes, coal, soil tincture, ambroxan. Profile: It smells like dried pepper and powdered coal at first, then settles into something earthy and slightly rusty.."
19677,earthy spicy fragrance with watery mineral vibe,"Accords: fresh spicy, amber, lavender. Notes: bergamot, pepper, lavender, metallic notes, watery notes, coal, soil tincture, ambroxan. Profile: It smells like dried pepper and powdered coal at first, then settles into something earthy and slightly rusty.."
2216,soft powdery rose perfume,"Accords: powdery, floral, violet. Notes: bulgarian rose, hawthorn, black currant, mandarin orange, parma violet, rose, opoponax, jasmine. Profile: It smells like a rose garden at dawn — sweet rose petals and citrus peel mixed with white flowers, then settles into powdery incense.."
2216,vanilla musk with violet and jasmine,"Accords: powdery, floral, violet. Notes: bulgarian rose, hawthorn, black currant, mandarin orange, parma violet, rose, opoponax, jasmine. Profile: It smells like a rose garden at dawn — sweet rose petals and citrus peel mixed with white flowers, then settles into powdery incense.."
2216,sweet floral with incense and berries,"Accords: powdery, floral, violet. Notes: bulgarian rose, hawthorn, black currant, mandarin orange, parma violet, rose, opoponax, jasmine. Profile: It smells like a rose garden at dawn — sweet rose petals and citrus peel mixed with white flowers, then settles into powdery incense.."
9999,creamy coconut milk perfume with warm spices,"Accords: lactonic, woody, sweet. Notes: wheat, milk, licorice, coconut, immortelle, sandalwood, apricot, spices. Profile: It smells like a spice market at dawn — milky and powdery, with something sweet and earthy lurking in the background.."
9999,sweet apricot and sandalwood fragrance,"Accords: lactonic, woody, sweet. Notes: wheat, milk, licorice, coconut, immortelle, sandalwood, apricot, spices. Profile: It smells like a spice market at dawn — milky and powdery, with something sweet and earthy lurking in the background.."
9999,perfume that smells like wheat and licorice,"Accords: lactonic, woody, sweet. Notes: wheat, milk, licorice, coconut, immortelle, sandalwood, apricot, spices. Profile: It smells like a spice market at dawn — milky and powdery, with something sweet and earthy lurking in the background.."
11223,warm woody perfume with vanilla and musk,"Accords: woody, amber, balsamic. Notes: brazilian rosewood, aldehydes, mandarin orange, bergamot, peony, lily, ylang-ylang, wallflower. Profile: It smells like a florist's pantry full of rose petals and citrus peel, with something earthy and slightly sweet lurking in the air.."
11223,jasmine rose sandalwood perfume,"Accords: woody, amber, balsamic. Notes: brazilian rosewood, aldehydes, mandarin orange, bergamot, peony, lily, ylang-ylang, wallflower. Profile: It smells like a florist's pantry full of rose petals and citrus peel, with something earthy and slightly sweet lurking in the air.."
11223,fresh citrus bergamot turning into soft amber vanilla,"Accords: woody, amber, balsamic. Notes: brazilian rosewood, aldehydes, mandarin orange, bergamot, peony, lily, ylang-ylang, wallflower. Profile: It smells like a florist's pantry full of rose petals and citrus peel, with something earthy and slightly sweet lurking in the air.."
19832,musky leather jacket with woody smell,"Accords: animalic, woody, musky. Notes: artemisia, basil, tangerine, bergamot, amalfi lemon, white honey, rose, jasmine. Profile: It smells like a spice market at dawn — sweet citrus and honey mixed with white flowers, then soft leather and mossy wood.."
19832,honeyed rose with animalistic undertone,"Accords: animalic, woody, musky. Notes: artemisia, basil, tangerine, bergamot, amalfi lemon, white honey, rose, jasmine. Profile: It smells like a spice market at dawn — sweet citrus and honey mixed with white flowers, then soft leather and mossy wood.."
19832,warm skin scent with moss and cedar,"Accords: animalic, woody, musky. Notes: artemisia, basil, tangerine, bergamot, amalfi lemon, white honey, rose, jasmine. Profile: It smells like a spice market at dawn — sweet citrus and honey mixed with white flowers, then soft leather and mossy wood.."
3609,tropical coconut sunscreen beach scent,"Accords: coconut, green, woody. Notes: palm leaf, gardenia, coconut, sea salt, vanilla, sandalwood, virginia cedar, benzoin. Profile: It smells like a tropical garden at dawn — powdery palms mixed with salty seaweed, then softening into something earthy and slightly sweet.."
3609,creamy vanilla coconut with salt air,"Accords: coconut, green, woody. Notes: palm leaf, gardenia, coconut, sea salt, vanilla, sandalwood, virginia cedar, benzoin. Profile: It smells like a tropical garden at dawn — powdery palms mixed with salty seaweed, then softening into something earthy and slightly sweet.."
3609,sweet coconut sandalwood perfume,"Accords: coconut, green, woody. Notes: palm leaf, gardenia, coconut, sea salt, vanilla, sandalwood, virginia cedar, benzoin. Profile: It smells like a tropical garden at dawn — powdery palms mixed with salty seaweed, then softening into something earthy and slightly sweet.."
15039,warm cinnamon tea with roses,"Accords: fresh spicy, rose, woody. Notes: caraway, cinnamon, pink nerium oleander, damask rose, tea, geranium, jasmine, agarwood (oud). Profile: It smells like a spice shop at dawn — sweet vanilla and citrus peel mixed with powdered sugar, then settles into something earthy and slightly floral.."
15039,spicy incense and vanilla,"Accords: fresh spicy, rose, woody. Notes: caraway, cinnamon, pink nerium oleander, damask rose, tea, geranium, jasmine, agarwood (oud). Profile: It smells like a spice shop at dawn — sweet vanilla and citrus peel mixed with powdered sugar, then settles into something earthy and slightly floral.."
15039,sandalwood oud morning tea scent,"Accords: fresh spicy, rose, woody. Notes: caraway, cinnamon, pink nerium oleander, damask rose, tea, geranium, jasmine, agarwood (oud). Profile: It smells like a spice shop at dawn — sweet vanilla and citrus peel mixed with powdered sugar, then settles into something earthy and slightly floral.."
18377,spicy licorice vanilla perfume,"Accords: anis, soft spicy, rose. Notes: star anise, rose, ginger, african orange flower, vanilla, amber. Profile: It smells like a florist's pantry full of rose petals and citrus peel at first, then settles into something earthy and slightly sweet.."
18377,warm ginger rose scent,"Accords: anis, soft spicy, rose. Notes: star anise, rose, ginger, african orange flower, vanilla, amber. Profile: It smells like a florist's pantry full of rose petals and citrus peel at first, then settles into something earthy and slightly sweet.."
18377,sweet anise amber fragrance,"Accords: anis, soft spicy, rose. Notes: star anise, rose, ginger, african orange flower, vanilla, amber. Profile: It smells like a florist's pantry full of rose petals and citrus peel at first, then settles into something earthy and slightly sweet.."
6255,fresh lemon and bergamot perfume,"Accords: citrus, green, woody. Notes: lemon, green notes, bergamot, mandarin orange, pineapple, cardamom, papaya, lily-of-the-valley. Profile: It smells like citrus peel and orange peel at first, then white flowers and powdery roses, finishing with a warm, woody base.."
6255,citrus green tea cologne,"Accords: citrus, green, woody. Notes: lemon, green notes, bergamot, mandarin orange, pineapple, cardamom, papaya, lily-of-the-valley. Profile: It smells like citrus peel and orange peel at first, then white flowers and powdery roses, finishing with a warm, woody base.."
6255,tropical pineapple papaya fragrance,"Accords: citrus, green, woody. Notes: lemon, green notes, bergamot, mandarin orange, pineapple, cardamom, papaya, lily-of-the-valley. Profile: It smells like citrus peel and orange peel at first, then white flowers and powdery roses, finishing with a warm, woody base.."
13375,clean soapy perfume with citrus and powder,"Accords: aldehydic, yellow floral, powdery. Notes: yellow mandarin, aldehydes, cardamom, mimosa absolute, solar notes, violet leaf, beeswax, musk. Profile: It smells like a perfumer's closet at dawn — bright citrus peel and powdery beeswax mingling with white flowers, finishing with something earthy and slightly woody.."
13375,fresh mandarin and violet leaves fragrance,"Accords: aldehydic, yellow floral, powdery. Notes: yellow mandarin, aldehydes, cardamom, mimosa absolute, solar notes, violet leaf, beeswax, musk. Profile: It smells like a perfumer's closet at dawn — bright citrus peel and powdery beeswax mingling with white flowers, finishing with something earthy and slightly woody.."
13375,warm waxy floral with cedar musk,"Accords: aldehydic, yellow floral, powdery. Notes: yellow mandarin, aldehydes, cardamom, mimosa absolute, solar notes, violet leaf, beeswax, musk. Profile: It smells like a perfumer's closet at dawn — bright citrus peel and powdery beeswax mingling with white flowers, finishing with something earthy and slightly woody.."
12504,warm musky vanilla amber perfume,"Accords: musky, powdery, white floral. Notes: african orange flower, osmanthus, bergamot, musk, amber, vetiver, vanille, patchouli. Profile: It smells like a flower shop at dawn — orange blossoms blooming in the air, with something powdery and slightly woody underneath.."
12504,clean white musk with orange blossom,"Accords: musky, powdery, white floral. Notes: african orange flower, osmanthus, bergamot, musk, amber, vetiver, vanille, patchouli. Profile: It smells like a flower shop at dawn — orange blossoms blooming in the air, with something powdery and slightly woody underneath.."
12504,soft skin scent with patchouli and musk,"Accords: musky, powdery, white floral. Notes: african orange flower, osmanthus, bergamot, musk, amber, vetiver, vanille, patchouli. Profile: It smells like a flower shop at dawn — orange blossoms blooming in the air, with something powdery and slightly woody underneath.."
4935,sweet vanilla jasmine perfume,"Accords: balsamic, vanilla, woody. Notes: jasmine sambac, pink grapefruit, vanilla flower, pink lotus, white lotus, dragon blood resin, sandalwood, siam benzoin. Profile: It smells like citrus peel and white flowers at first, then soft vanilla and powdery lotus, finishing with a warm, slightly woody base.."
4935,grapefruit and sandalwood fragrance,"Accords: balsamic, vanilla, woody. Notes: jasmine sambac, pink grapefruit, vanilla flower, pink lotus, white lotus, dragon blood resin, sandalwood, siam benzoin. Profile: It smells like citrus peel and white flowers at first, then soft vanilla and powdery lotus, finishing with a warm, slightly woody base.."
4935,warm resin incense with flowers,"Accords: balsamic, vanilla, woody. Notes: jasmine sambac, pink grapefruit, vanilla flower, pink lotus, white lotus, dragon blood resin, sandalwood, siam benzoin. Profile: It smells like citrus peel and white flowers at first, then soft vanilla and powdery lotus, finishing with a warm, slightly woody base.."
21182,fresh mint vanilla with lavender,"Accords: vanilla, fruity, sweet. Notes: pear, lavender, mint, bergamot, lemon, cinnamon, clary sage, caraway. Profile: It smells like ripe pear and mint at first, then creamy vanilla with a hint of spiced wood underneath.."
21182,sweet pear and cinnamon perfume,"Accords: vanilla, fruity, sweet. Notes: pear, lavender, mint, bergamot, lemon, cinnamon, clary sage, caraway. Profile: It smells like ripe pear and mint at first, then creamy vanilla with a hint of spiced wood underneath.."
21182,cozy amber vanilla cedar scent,"Accords: vanilla, fruity, sweet. Notes: pear, lavender, mint, bergamot, lemon, cinnamon, clary sage, caraway. Profile: It smells like ripe pear and mint at first, then creamy vanilla with a hint of spiced wood underneath.."
6276,fresh spring flowers with green stems,"Accords: floral, white floral, fresh. Notes: green notes, freesia, pink pepper, violet, violet leaf, tuberose, red berries, lily-of-the-valley. Profile: It smells like a flower shop at dawn — bright green flowers and white flowers mixed with powdery roses, then softened by something earthy and slightly woody.."
6276,light perfume violet and lily of the valley,"Accords: floral, white floral, fresh. Notes: green notes, freesia, pink pepper, violet, violet leaf, tuberose, red berries, lily-of-the-valley. Profile: It smells like a flower shop at dawn — bright green flowers and white flowers mixed with powdery roses, then softened by something earthy and slightly woody.."
6276,pink pepper and white flowers scent,"Accords: floral, white floral, fresh. Notes: green notes, freesia, pink pepper, violet, violet leaf, tuberose, red berries, lily-of-the-valley. Profile: It smells like a flower shop at dawn — bright green flowers and white flowers mixed with powdery roses, then softened by something earthy and slightly woody.."
20238,spicy leather jacket smell,"Accords: leather, animalic, warm spicy. Notes: cardamom, leather, jasmine sambac, amber, moss, patchouli. Profile: It smells like a leather jacket left open in an old wooden shed, with something earthy and slightly powdery underneath.."
20238,jasmine and leather perfume,"Accords: leather, animalic, warm spicy. Notes: cardamom, leather, jasmine sambac, amber, moss, patchouli. Profile: It smells like a leather jacket left open in an old wooden shed, with something earthy and slightly powdery underneath.."
20238,warm amber and moss fragrance,"Accords: leather, animalic, warm spicy. Notes: cardamom, leather, jasmine sambac, amber, moss, patchouli. Profile: It smells like a leather jacket left open in an old wooden shed, with something earthy and slightly powdery underneath.."
18974,warm vanilla amber perfume for winter,"Accords: amber, warm spicy, sweet. Notes: bulgarian rose, coriander, peach, jasmine, mandarin orange, cloves, rose, orange blossom. Profile: It smells like a flower shop at dawn — sweet roses and peaches mixed with powdery flowers, then softened by something earthy and slightly floral.."
18974,rose and sandalwood cozy scent,"Accords: amber, warm spicy, sweet. Notes: bulgarian rose, coriander, peach, jasmine, mandarin orange, cloves, rose, orange blossom. Profile: It smells like a flower shop at dawn — sweet roses and peaches mixed with powdery flowers, then softened by something earthy and slightly floral.."
18974,sweet peachy floral with spices,"Accords: amber, warm spicy, sweet. Notes: bulgarian rose, coriander, peach, jasmine, mandarin orange, cloves, rose, orange blossom. Profile: It smells like a flower shop at dawn — sweet roses and peaches mixed with powdery flowers, then softened by something earthy and slightly floral.."
13965,sweet cherry almond perfume for women,"Accords: cherry, sweet, vanilla. Notes: cherry, almond, pink pepper, cherry blossom, violet, magnolia, vanilla, tonka bean. Profile: It smells like a spice market at dawn — sweet cherries and almonds mixed with white flowers, then soft vanilla and powdery vanilla, finishing with something earthy and slightly woody.."
13965,fresh cherry blossom and vanilla scent,"Accords: cherry, sweet, vanilla. Notes: cherry, almond, pink pepper, cherry blossom, violet, magnolia, vanilla, tonka bean. Profile: It smells like a spice market at dawn — sweet cherries and almonds mixed with white flowers, then soft vanilla and powdery vanilla, finishing with something earthy and slightly woody.."
13965,fruity floral with pink pepper and sandalwood,"Accords: cherry, sweet, vanilla. Notes: cherry, almond, pink pepper, cherry blossom, violet, magnolia, vanilla, tonka bean. Profile: It smells like a spice market at dawn — sweet cherries and almonds mixed with white flowers, then soft vanilla and powdery vanilla, finishing with something earthy and slightly woody.."
17028,fresh lemon leather jacket smell,"Accords: citrus, leather, anis. Notes: lemon, bergamot, star anise, olive blossom, guaiac wood, leather, tonka bean, tobacco. Profile: It smells like citrus peel and bergamot at first, then soft leather and warm wood, finishing with a hint of tobacco.."
17028,bergamot tobacco with warm spices,"Accords: citrus, leather, anis. Notes: lemon, bergamot, star anise, olive blossom, guaiac wood, leather, tonka bean, tobacco. Profile: It smells like citrus peel and bergamot at first, then soft leather and warm wood, finishing with a hint of tobacco.."
17028,citrus perfume with woody leather base,"Accords: citrus, leather, anis. Notes: lemon, bergamot, star anise, olive blossom, guaiac wood, leather, tonka bean, tobacco. Profile: It smells like citrus peel and bergamot at first, then soft leather and warm wood, finishing with a hint of tobacco.."
15986,coffee shop with fresh roses,"Accords: coffee, rose, vanilla. Notes: coffee, turkey red rose, roasted coffee beans, french rose, woodsy notes, vanilla, caramel, white musk. Profile: It smells like roasted coffee beans and vanilla, with a soft vanilla-caramel base underneath.."
15986,sweet vanilla coffee and caramel,"Accords: coffee, rose, vanilla. Notes: coffee, turkey red rose, roasted coffee beans, french rose, woodsy notes, vanilla, caramel, white musk. Profile: It smells like roasted coffee beans and vanilla, with a soft vanilla-caramel base underneath.."
15986,roasted coffee beans with woody smell,"Accords: coffee, rose, vanilla. Notes: coffee, turkey red rose, roasted coffee beans, french rose, woodsy notes, vanilla, caramel, white musk. Profile: It smells like roasted coffee beans and vanilla, with a soft vanilla-caramel base underneath.."
1270,perfume that smells like coca cola,"Accords: coca-cola, warm spicy, woody. Notes: coca-cola, lime, cinnamon, apple, nutmeg, cedar, amberwood. Profile: It smells like a coffee shop at dawn — citrus peel mixed with cinnamon, then dried fruit, finishing with something earthy and woody.."
1270,spicy cinnamon apple fragrance,"Accords: coca-cola, warm spicy, woody. Notes: coca-cola, lime, cinnamon, apple, nutmeg, cedar, amberwood. Profile: It smells like a coffee shop at dawn — citrus peel mixed with cinnamon, then dried fruit, finishing with something earthy and woody.."
1270,warm fizzy soda scent with lime,"Accords: coca-cola, warm spicy, woody. Notes: coca-cola, lime, cinnamon, apple, nutmeg, cedar, amberwood. Profile: It smells like a coffee shop at dawn — citrus peel mixed with cinnamon, then dried fruit, finishing with something earthy and woody.."
10948,warm skin with rose and peach,"Accords: musky, rose, powdery. Notes: rose, peach, musk, amber, patchouli, sandalwood. Profile: It smells like fresh roses and peaches at first, then soft amber and woody, with something earthy and slightly smoky underneath.."
10948,soft musky perfume with amber,"Accords: musky, rose, powdery. Notes: rose, peach, musk, amber, patchouli, sandalwood. Profile: It smells like fresh roses and peaches at first, then soft amber and woody, with something earthy and slightly smoky underneath.."
10948,clean musk and sandalwood scent,"Accords: musky, rose, powdery. Notes: rose, peach, musk, amber, patchouli, sandalwood. Profile: It smells like fresh roses and peaches at first, then soft amber and woody, with something earthy and slightly smoky underneath.."
17984,coffee and citrus perfume,"Accords: coffee, warm spicy, woody. Notes: mandarin orange, bergamot, coffee, pink pepper, amyris, tonka bean, patchouli, vetyver. Profile: It smells like a coffee shop at dawn — sweet orange peel mixed with powdered coffee, then soft vanilla and warm spices, finishing with something earthy and slightly floral.."
17984,warm spicy coffee bean fragrance,"Accords: coffee, warm spicy, woody. Notes: mandarin orange, bergamot, coffee, pink pepper, amyris, tonka bean, patchouli, vetyver. Profile: It smells like a coffee shop at dawn — sweet orange peel mixed with powdered coffee, then soft vanilla and warm spices, finishing with something earthy and slightly floral.."
17984,bitter coffee with earthy woods,"Accords: coffee, warm spicy, woody. Notes: mandarin orange, bergamot, coffee, pink pepper, amyris, tonka bean, patchouli, vetyver. Profile: It smells like a coffee shop at dawn — sweet orange peel mixed with powdered coffee, then soft vanilla and warm spices, finishing with something earthy and slightly floral.."
8985,light fresh perfume with pear and citrus,"Accords: fresh, fruity, white floral. Notes: pear, citruses, cassis, lily-of-the-valley, jasmine, brazil nut, sandalwood, musk. Profile: It smells like sweet pear and citrus peel at first, then white flowers with a soft woody base.."
8985,clean white flowers musk fragrance,"Accords: fresh, fruity, white floral. Notes: pear, citruses, cassis, lily-of-the-valley, jasmine, brazil nut, sandalwood, musk. Profile: It smells like sweet pear and citrus peel at first, then white flowers with a soft woody base.."
8985,fresh fruity scent for spring,"Accords: fresh, fruity, white floral. Notes: pear, citruses, cassis, lily-of-the-valley, jasmine, brazil nut, sandalwood, musk. Profile: It smells like sweet pear and citrus peel at first, then white flowers with a soft woody base.."
13419,lavender soap fresh clean smell,"Accords: lavender, vanilla, aromatic. Notes: lavender, rosemary, bergamot, lemon, clary sage, coriander, geranium, cedar. Profile: It smells like fresh lavender and rose petals at first, then warm vanilla and powdery roses, finishing with a soft, slightly earthy base.."
13419,herbs rosemary men's cologne,"Accords: lavender, vanilla, aromatic. Notes: lavender, rosemary, bergamot, lemon, clary sage, coriander, geranium, cedar. Profile: It smells like fresh lavender and rose petals at first, then warm vanilla and powdery roses, finishing with a soft, slightly earthy base.."
13419,barbershop shaving cream scent,"Accords: lavender, vanilla, aromatic. Notes: lavender, rosemary, bergamot, lemon, clary sage, coriander, geranium, cedar. Profile: It smells like fresh lavender and rose petals at first, then warm vanilla and powdery roses, finishing with a soft, slightly earthy base.."
1842,light fresh perfume with melon and water flowers,"Accords: fresh, floral, fruity. Notes: melon, lotus, lemon, pineapple, quince, calone, lily, black currant. Profile: It smells like sweet melon and citrus peel at first, then white flowers and roses, finishing with a hint of honey and resinous wood.."
1842,clean summery scent fruity but not too sweet,"Accords: fresh, floral, fruity. Notes: melon, lotus, lemon, pineapple, quince, calone, lily, black currant. Profile: It smells like sweet melon and citrus peel at first, then white flowers and roses, finishing with a hint of honey and resinous wood.."
1842,fresh aquatic perfume for everyday wear,"Accords: fresh, floral, fruity. Notes: melon, lotus, lemon, pineapple, quince, calone, lily, black currant. Profile: It smells like sweet melon and citrus peel at first, then white flowers and roses, finishing with a hint of honey and resinous wood.."
7866,chocolate mint perfume,"Accords: cacao, lavender, warm spicy. Notes: lavender, mint, syringa, cacao pod, cedar, myrrh, wheat. Profile: It smells like powdery lavender and mint at first, then creamy white flowers with a hint of honeyed wood.."
7866,cozy bakery with lavender fields,"Accords: cacao, lavender, warm spicy. Notes: lavender, mint, syringa, cacao pod, cedar, myrrh, wheat. Profile: It smells like powdery lavender and mint at first, then creamy white flowers with a hint of honeyed wood.."
7866,warm cedarwood and dark chocolate scent,"Accords: cacao, lavender, warm spicy. Notes: lavender, mint, syringa, cacao pod, cedar, myrrh, wheat. Profile: It smells like powdery lavender and mint at first, then creamy white flowers with a hint of honeyed wood.."
20868,smoky incense with violet flowers,"Accords: smoky, green, herbal. Notes: green notes, floral notes, chrysanthemum, violet, spices, incense, ash, woodsy notes. Profile: It smells like a flower shop next to an incense stand — green flowers and violets mixed with white flowers, then settles into something earthy and woody.."
20868,green woods and ash smell,"Accords: smoky, green, herbal. Notes: green notes, floral notes, chrysanthemum, violet, spices, incense, ash, woodsy notes. Profile: It smells like a flower shop next to an incense stand — green flowers and violets mixed with white flowers, then settles into something earthy and woody.."
20868,spicy floral with burnt wood,"Accords: smoky, green, herbal. Notes: green notes, floral notes, chrysanthemum, violet, spices, incense, ash, woodsy notes. Profile: It smells like a flower shop next to an incense stand — green flowers and violets mixed with white flowers, then settles into something earthy and woody.."
10630,sweet caramel perfume with citrus,"Accords: caramel, sweet, amber. Notes: citruses, sweet pea, caramel, benzoin, white musk. Profile: It smells like sweet peas and caramel at first, then white musk with a hint of vanilla and warm wood.."
10630,warm sugary vanilla caramel scent,"Accords: caramel, sweet, amber. Notes: citruses, sweet pea, caramel, benzoin, white musk. Profile: It smells like sweet peas and caramel at first, then white musk with a hint of vanilla and warm wood.."
10630,candy shop caramel and flowers,"Accords: caramel, sweet, amber. Notes: citruses, sweet pea, caramel, benzoin, white musk. Profile: It smells like sweet peas and caramel at first, then white musk with a hint of vanilla and warm wood.."
21117,soft powdery iris with spices,"Accords: powdery, iris, violet. Notes: neroli, black pepper, cardamom, carrot seeds, iris, violet, geranium, mate. Profile: It smells like a spice market at dawn — sweet neroli and cardamom mixed with white flowers, then settles into something earthy and slightly woody.."
21117,clean cedar and violet soap smell,"Accords: powdery, iris, violet. Notes: neroli, black pepper, cardamom, carrot seeds, iris, violet, geranium, mate. Profile: It smells like a spice market at dawn — sweet neroli and cardamom mixed with white flowers, then settles into something earthy and slightly woody.."
21117,warm sandalwood pepper neroli perfume,"Accords: powdery, iris, violet. Notes: neroli, black pepper, cardamom, carrot seeds, iris, violet, geranium, mate. Profile: It smells like a spice market at dawn — sweet neroli and cardamom mixed with white flowers, then settles into something earthy and slightly woody.."
11818,clean fresh water smell with pepper,"Accords: mineral, woody, white floral. Notes: mineral notes, pink pepper, lotus, syringa, hinoki wood, white amber. Profile: It smells like powdery pepper and syringa at first, then soft wood with a hint of white amber.."
11818,spa stones and white flowers perfume,"Accords: mineral, woody, white floral. Notes: mineral notes, pink pepper, lotus, syringa, hinoki wood, white amber. Profile: It smells like powdery pepper and syringa at first, then soft wood with a hint of white amber.."
11818,japanese wood and lotus scent,"Accords: mineral, woody, white floral. Notes: mineral notes, pink pepper, lotus, syringa, hinoki wood, white amber. Profile: It smells like powdery pepper and syringa at first, then soft wood with a hint of white amber.."
6668,spicy earthy patchouli perfume,"Accords: patchouli, woody, citrus. Notes: mandarin orange, pink pepper, jasmine, nutmeg, patchouli, vetiver. Profile: It smells like citrus peel and jasmine at first, then soft vanilla and powdery nutmeg, finishing with something earthy and slightly sweet.."
6668,fresh citrus with warm spices and woods,"Accords: patchouli, woody, citrus. Notes: mandarin orange, pink pepper, jasmine, nutmeg, patchouli, vetiver. Profile: It smells like citrus peel and jasmine at first, then soft vanilla and powdery nutmeg, finishing with something earthy and slightly sweet.."
6668,jasmine and pepper with earthy base,"Accords: patchouli, woody, citrus. Notes: mandarin orange, pink pepper, jasmine, nutmeg, patchouli, vetiver. Profile: It smells like citrus peel and jasmine at first, then soft vanilla and powdery nutmeg, finishing with something earthy and slightly sweet.."
12270,sweet rose perfume with honey,"Accords: rose, floral, fresh spicy. Notes: rose, geranium, palmarosa, honey, moss, patchouli. Profile: It smells like rose petals and geranium at first, then settles into something earthy and slightly sweet.."
12270,earthy rose garden after rain,"Accords: rose, floral, fresh spicy. Notes: rose, geranium, palmarosa, honey, moss, patchouli. Profile: It smells like rose petals and geranium at first, then settles into something earthy and slightly sweet.."
12270,rose and moss natural scent,"Accords: rose, floral, fresh spicy. Notes: rose, geranium, palmarosa, honey, moss, patchouli. Profile: It smells like rose petals and geranium at first, then settles into something earthy and slightly sweet.."
20243,spicy cinnamon perfume with citrus,"Accords: cinnamon, tobacco, warm spicy. Notes: cinnamon, pomelo, neroli, tobacco. Profile: It smells like a spice market at dawn — sweet cinnamon and pomegranate juice mixed with tobacco, then settling into something earthy and slightly sweet.."
20243,tobacco and orange blossom scent,"Accords: cinnamon, tobacco, warm spicy. Notes: cinnamon, pomelo, neroli, tobacco. Profile: It smells like a spice market at dawn — sweet cinnamon and pomegranate juice mixed with tobacco, then settling into something earthy and slightly sweet.."
20243,warm cinnamon grapefruit fragrance,"Accords: cinnamon, tobacco, warm spicy. Notes: cinnamon, pomelo, neroli, tobacco. Profile: It smells like a spice market at dawn — sweet cinnamon and pomegranate juice mixed with tobacco, then settling into something earthy and slightly sweet.."
7441,warm spicy woody perfume for winter,"Accords: woody, amber, warm spicy. Notes: saffron, jasmine, amberwood, ambergris, fir resin, cedar. Profile: It smells like sweet saffron and jasmine at first, then settles into something earthy and resinous.."
7441,amber cedar fragrance with saffron,"Accords: woody, amber, warm spicy. Notes: saffron, jasmine, amberwood, ambergris, fir resin, cedar. Profile: It smells like sweet saffron and jasmine at first, then settles into something earthy and resinous.."
7441,cozy forest smell with jasmine and wood,"Accords: woody, amber, warm spicy. Notes: saffron, jasmine, amberwood, ambergris, fir resin, cedar. Profile: It smells like sweet saffron and jasmine at first, then settles into something earthy and resinous.."
10244,fresh peony and rose bouquet,"Accords: floral, rose, fresh. Notes: peony, litchi, freesia, rose, lily-of-the-valley, magnolia, virginia cedar, amber. Profile: It smells like sweet peony and white flowers at first, then soft roses and lily-of-the-valley, finishing with a warm, slightly earthy base.."
10244,sweet fruity floral perfume,"Accords: floral, rose, fresh. Notes: peony, litchi, freesia, rose, lily-of-the-valley, magnolia, virginia cedar, amber. Profile: It smells like sweet peony and white flowers at first, then soft roses and lily-of-the-valley, finishing with a warm, slightly earthy base.."
10244,light springtime garden flowers,"Accords: floral, rose, fresh. Notes: peony, litchi, freesia, rose, lily-of-the-valley, magnolia, virginia cedar, amber. Profile: It smells like sweet peony and white flowers at first, then soft roses and lily-of-the-valley, finishing with a warm, slightly earthy base.."
8347,fresh ocean breeze perfume,"Accords: marine, amber, woody. Notes: grapefruit, violet leaf, sea notes, violet, woody notes, palisander rosewood, ambergris, amberwood. Profile: It smells like ripe peaches and citrus peel at first, then settles into something earthy and woody.."
8347,grapefruit and sea salt cologne,"Accords: marine, amber, woody. Notes: grapefruit, violet leaf, sea notes, violet, woody notes, palisander rosewood, ambergris, amberwood. Profile: It smells like ripe peaches and citrus peel at first, then settles into something earthy and woody.."
8347,woody beach scent for summer,"Accords: marine, amber, woody. Notes: grapefruit, violet leaf, sea notes, violet, woody notes, palisander rosewood, ambergris, amberwood. Profile: It smells like ripe peaches and citrus peel at first, then settles into something earthy and woody.."
16059,warm cinnamon spice cologne for men,"Accords: cinnamon, warm spicy, amber. Notes: mandarin orange, patchouli, bergamot, cinnamon, amber, virginia cedar, leather, musk. Profile: It smells like orange peel and citrus peel at first, then warm leather and soft wood, finishing with a hint of earthy wood.."
16059,leather jacket with woodsy smell,"Accords: cinnamon, warm spicy, amber. Notes: mandarin orange, patchouli, bergamot, cinnamon, amber, virginia cedar, leather, musk. Profile: It smells like orange peel and citrus peel at first, then warm leather and soft wood, finishing with a hint of earthy wood.."
16059,cozy amber and cedar winter fragrance,"Accords: cinnamon, warm spicy, amber. Notes: mandarin orange, patchouli, bergamot, cinnamon, amber, virginia cedar, leather, musk. Profile: It smells like orange peel and citrus peel at first, then warm leather and soft wood, finishing with a hint of earthy wood.."
10591,leather jacket with jasmine flowers,"Accords: animalic, white floral, amber. Notes: jasmine, camelia, black pepper, beeswax, leather, guaiac wood, civet, ambergris. Profile: It smells like a leather jacket left in an old wooden shed, where beeswax washes away, and something earthy and woody lingers in the air.."
10591,musky beeswax candle smell,"Accords: animalic, white floral, amber. Notes: jasmine, camelia, black pepper, beeswax, leather, guaiac wood, civet, ambergris. Profile: It smells like a leather jacket left in an old wooden shed, where beeswax washes away, and something earthy and woody lingers in the air.."
10591,animalic vetiver and black pepper perfume,"Accords: animalic, white floral, amber. Notes: jasmine, camelia, black pepper, beeswax, leather, guaiac wood, civet, ambergris. Profile: It smells like a leather jacket left in an old wooden shed, where beeswax washes away, and something earthy and woody lingers in the air.."
18765,warm buttery hazelnut cookie smell,"Accords: nutty, sweet, woody. Notes: butter, salt, toast, cookie dough, hazelnut cocoa spread, hazelnut. Profile: It smells like warm butter and salt at first, then soft chocolate, with a slightly sweet sweetness that's slightly caramelized.."
18765,salted caramel and toasted nuts perfume,"Accords: nutty, sweet, woody. Notes: butter, salt, toast, cookie dough, hazelnut cocoa spread, hazelnut. Profile: It smells like warm butter and salt at first, then soft chocolate, with a slightly sweet sweetness that's slightly caramelized.."
18765,nutella spread and fresh baked cookies fragrance,"Accords: nutty, sweet, woody. Notes: butter, salt, toast, cookie dough, hazelnut cocoa spread, hazelnut. Profile: It smells like warm butter and salt at first, then soft chocolate, with a slightly sweet sweetness that's slightly caramelized.."
18394,black licorice and tobacco smell,"Accords: anis, soft spicy, tobacco. Notes: star anise, tobacco, amber, leather. Profile: It smells like a leather jacket left in an old leather store — sweet tobacco and tobacco smoke mixed with leather.."
18394,warm leather jacket with spices,"Accords: anis, soft spicy, tobacco. Notes: star anise, tobacco, amber, leather. Profile: It smells like a leather jacket left in an old leather store — sweet tobacco and tobacco smoke mixed with leather.."
18394,anise candy mixed with amber,"Accords: anis, soft spicy, tobacco. Notes: star anise, tobacco, amber, leather. Profile: It smells like a leather jacket left in an old leather store — sweet tobacco and tobacco smoke mixed with leather.."
13119,fresh jasmine and orange blossom perfume,"Accords: white floral, citrus, woody. Notes: jasmine, orange, bergamot, sicilian mandarin, gardenia, orange blossom, sandalwood, white amber. Profile: It smells like a perfumer's closet at dawn — sweet jasmine and citrus peel mixed with white flowers, then settles into powdery amber and soft wood.."
13119,clean white flowers that smell like a garden,"Accords: white floral, citrus, woody. Notes: jasmine, orange, bergamot, sicilian mandarin, gardenia, orange blossom, sandalwood, white amber. Profile: It smells like a perfumer's closet at dawn — sweet jasmine and citrus peel mixed with white flowers, then settles into powdery amber and soft wood.."
13119,light floral scent with citrus and sandalwood,"Accords: white floral, citrus, woody. Notes: jasmine, orange, bergamot, sicilian mandarin, gardenia, orange blossom, sandalwood, white amber. Profile: It smells like a perfumer's closet at dawn — sweet jasmine and citrus peel mixed with white flowers, then settles into powdery amber and soft wood.."
2082,earthy vetiver sandalwood cologne,"Accords: earthy, woody, animalic. Notes: geranium, lemon, pink pepper, animal notes, vetiver, sandalwood, earthy notes, labdanum. Profile: It smells like a spice market at dawn — sweet citrus peel and dried herbs mixed with earthy wood, with something faintly woody and slightly herbal lurking in the background.."
2082,dirty leather animal musk perfume,"Accords: earthy, woody, animalic. Notes: geranium, lemon, pink pepper, animal notes, vetiver, sandalwood, earthy notes, labdanum. Profile: It smells like a spice market at dawn — sweet citrus peel and dried herbs mixed with earthy wood, with something faintly woody and slightly herbal lurking in the background.."
2082,woods and soil after rain smell,"Accords: earthy, woody, animalic. Notes: geranium, lemon, pink pepper, animal notes, vetiver, sandalwood, earthy notes, labdanum. Profile: It smells like a spice market at dawn — sweet citrus peel and dried herbs mixed with earthy wood, with something faintly woody and slightly herbal lurking in the background.."
7621,musky leather jacket with spices,"Accords: animalic, musky, leather. Notes: black pepper, coriander, leather, carrot seeds, jasmine, civetta, olibanum, musk. Profile: It smells like a leather jacket left in an old church — peppery spice mixed with white flowers, then softened by something powdery and slightly earthy.."
7621,dirty sexy skin smell perfume,"Accords: animalic, musky, leather. Notes: black pepper, coriander, leather, carrot seeds, jasmine, civetta, olibanum, musk. Profile: It smells like a leather jacket left in an old church — peppery spice mixed with white flowers, then softened by something powdery and slightly earthy.."
7621,animalic jasmine black pepper scent,"Accords: animalic, musky, leather. Notes: black pepper, coriander, leather, carrot seeds, jasmine, civetta, olibanum, musk. Profile: It smells like a leather jacket left in an old church — peppery spice mixed with white flowers, then softened by something powdery and slightly earthy.."
13724,sweet vanilla rose perfume for women,"Accords: herbal, caramel, aromatic. Notes: rose, neroli, jasmine, artemisia, caramel, vanilla. Profile: It smells like rose petals and jasmine at first, then creamy caramel and vanilla, finishing with a soft vanilla-vanilla base.."
13724,herbal jasmine with caramel scent,"Accords: herbal, caramel, aromatic. Notes: rose, neroli, jasmine, artemisia, caramel, vanilla. Profile: It smells like rose petals and jasmine at first, then creamy caramel and vanilla, finishing with a soft vanilla-vanilla base.."
13724,neroli and vanilla fragrance soft floral,"Accords: herbal, caramel, aromatic. Notes: rose, neroli, jasmine, artemisia, caramel, vanilla. Profile: It smells like rose petals and jasmine at first, then creamy caramel and vanilla, finishing with a soft vanilla-vanilla base.."
3139,sweet floral perfume with vanilla warmth,"Accords: balsamic, woody, amber. Notes: ylang-ylang, rose, bergamot, orris root, jasmine, peru balsam. Profile: It smells like a flower shop at dawn — sweet rose petals and bergamot mixed with white flowers, finishing with something earthy and slightly floral.."
3139,rose and jasmine bouquet with powder,"Accords: balsamic, woody, amber. Notes: ylang-ylang, rose, bergamot, orris root, jasmine, peru balsam. Profile: It smells like a flower shop at dawn — sweet rose petals and bergamot mixed with white flowers, finishing with something earthy and slightly floral.."
3139,church incense mixed with flowers,"Accords: balsamic, woody, amber. Notes: ylang-ylang, rose, bergamot, orris root, jasmine, peru balsam. Profile: It smells like a flower shop at dawn — sweet rose petals and bergamot mixed with white flowers, finishing with something earthy and slightly floral.."
16501,fresh lemon and herbs perfume,"Accords: citrus, aromatic, fresh spicy. Notes: yuzu, lemon, bergamot, lemon verbena, mandarin orange, cypress, calone, coriander. Profile: It smells like citrus peel and lemon peel at first, then warm spices and powdery saffron, finishing with a hint of spiced wood.."
16501,citrus with warm spices and wood,"Accords: citrus, aromatic, fresh spicy. Notes: yuzu, lemon, bergamot, lemon verbena, mandarin orange, cypress, calone, coriander. Profile: It smells like citrus peel and lemon peel at first, then warm spices and powdery saffron, finishing with a hint of spiced wood.."
16501,clean bergamot sage cologne,"Accords: citrus, aromatic, fresh spicy. Notes: yuzu, lemon, bergamot, lemon verbena, mandarin orange, cypress, calone, coriander. Profile: It smells like citrus peel and lemon peel at first, then warm spices and powdery saffron, finishing with a hint of spiced wood.."
10276,fresh gardenia jasmine perfume,"Accords: white floral, fresh spicy, woody. Notes: nutmeg, gardenia, african orange flower, green notes, bergamot, tuberose, jasmine, honeysuckle. Profile: It smells like a spice market at dawn — powdery florals mixed with white flowers, with something earthy and slightly woody settling into the air.."
10276,creamy white flowers with vanilla and wood,"Accords: white floral, fresh spicy, woody. Notes: nutmeg, gardenia, african orange flower, green notes, bergamot, tuberose, jasmine, honeysuckle. Profile: It smells like a spice market at dawn — powdery florals mixed with white flowers, with something earthy and slightly woody settling into the air.."
10276,tuberose perfume that smells like a garden,"Accords: white floral, fresh spicy, woody. Notes: nutmeg, gardenia, african orange flower, green notes, bergamot, tuberose, jasmine, honeysuckle. Profile: It smells like a spice market at dawn — powdery florals mixed with white flowers, with something earthy and slightly woody settling into the air.."
2619,soft powdery perfume with peach and rose,"Accords: powdery, woody, musky. Notes: peach, wormwood, freesia, rose, sandalwood, iris, musk, cashmere wood. Profile: It smells like sweet peaches and roses at first, then soft iris and white flowers, finishing with warm vanilla and a hint of powdery wood.."
2619,clean baby powder smell with vanilla,"Accords: powdery, woody, musky. Notes: peach, wormwood, freesia, rose, sandalwood, iris, musk, cashmere wood. Profile: It smells like sweet peaches and roses at first, then soft iris and white flowers, finishing with warm vanilla and a hint of powdery wood.."
2619,warm fuzzy sweater scent with musk,"Accords: powdery, woody, musky. Notes: peach, wormwood, freesia, rose, sandalwood, iris, musk, cashmere wood. Profile: It smells like sweet peaches and roses at first, then soft iris and white flowers, finishing with warm vanilla and a hint of powdery wood.."
14556,coffee shop with flowers and vanilla,"Accords: coffee, woody, amber. Notes: neroli, pink pepper, bergamot, coffee, rose, hazelnut, orange blossom, jasmine. Profile: It smells like a coffee shop at dawn — sweet neroli and roses mixed with powdery flowers, then soft vanilla and musk, finishing with something earthy and slightly floral.."
14556,hazelnut coffee perfume for women,"Accords: coffee, woody, amber. Notes: neroli, pink pepper, bergamot, coffee, rose, hazelnut, orange blossom, jasmine. Profile: It smells like a coffee shop at dawn — sweet neroli and roses mixed with powdery flowers, then soft vanilla and musk, finishing with something earthy and slightly floral.."
14556,warm coffee and orange blossom scent,"Accords: coffee, woody, amber. Notes: neroli, pink pepper, bergamot, coffee, rose, hazelnut, orange blossom, jasmine. Profile: It smells like a coffee shop at dawn — sweet neroli and roses mixed with powdery flowers, then soft vanilla and musk, finishing with something earthy and slightly floral.."
21579,powdery iris perfume with warm leather,"Accords: iris, powdery, amber. Notes: iris, amber, patchouli, tonka bean, leather, sandalwood. Profile: It smells like iris and amber at first, then warm leather and soft leather, with something earthy and slightly woody underneath.."
21579,soft makeup compact smell with sandalwood,"Accords: iris, powdery, amber. Notes: iris, amber, patchouli, tonka bean, leather, sandalwood. Profile: It smells like iris and amber at first, then warm leather and soft leather, with something earthy and slightly woody underneath.."
21579,cozy amber and tonka bean fragrance,"Accords: iris, powdery, amber. Notes: iris, amber, patchouli, tonka bean, leather, sandalwood. Profile: It smells like iris and amber at first, then warm leather and soft leather, with something earthy and slightly woody underneath.."
11578,clean stone smell perfume,"Accords: mineral, leather, warm spicy. Notes: mineral notes, spicy notes, leather. Profile: It smells like a leather jacket left in an old wooden shed, with soft leather underneath.."
11578,spicy leather jacket scent,"Accords: mineral, leather, warm spicy. Notes: mineral notes, spicy notes, leather. Profile: It smells like a leather jacket left in an old wooden shed, with soft leather underneath.."
11578,wet rocks after rain fragrance,"Accords: mineral, leather, warm spicy. Notes: mineral notes, spicy notes, leather. Profile: It smells like a leather jacket left in an old wooden shed, with soft leather underneath.."
6622,sweet cherry and coffee perfume,"Accords: cherry, coffee, fruity. Notes: maraschino cherry, coffee, musk, woody notes. Profile: It smells like a coffee shop at dawn — sweet cherry juice mixed with coffee grounds, with something woody and slightly earthy underneath.."
6622,maraschino cherry scent musky,"Accords: cherry, coffee, fruity. Notes: maraschino cherry, coffee, musk, woody notes. Profile: It smells like a coffee shop at dawn — sweet cherry juice mixed with coffee grounds, with something woody and slightly earthy underneath.."
6622,dark cherry woody fragrance,"Accords: cherry, coffee, fruity. Notes: maraschino cherry, coffee, musk, woody notes. Profile: It smells like a coffee shop at dawn — sweet cherry juice mixed with coffee grounds, with something woody and slightly earthy underneath.."
8912,perfume that smells like coca cola soda,"Accords: coca-cola, vanilla, citrus. Notes: coca-cola, grapefruit, cassis, rose, jasmine, lily-of-the-valley, vanilla, musk. Profile: It smells like a flower shop at dawn — citrus peel and roses mixed with white flowers, then softened by something powdery and slightly woody.."
8912,sweet fizzy drink with flowers and vanilla,"Accords: coca-cola, vanilla, citrus. Notes: coca-cola, grapefruit, cassis, rose, jasmine, lily-of-the-valley, vanilla, musk. Profile: It smells like a flower shop at dawn — citrus peel and roses mixed with white flowers, then softened by something powdery and slightly woody.."
8912,grapefruit and musky rose scent,"Accords: coca-cola, vanilla, citrus. Notes: coca-cola, grapefruit, cassis, rose, jasmine, lily-of-the-valley, vanilla, musk. Profile: It smells like a flower shop at dawn — citrus peel and roses mixed with white flowers, then softened by something powdery and slightly woody.."
14087,fresh ocean breeze citrus cologne,"Accords: aquatic, citrus, aromatic. Notes: grapefruit, neroli, mandarin orange, petitgrain, water notes, seaweed, rosemary, virginia cedar. Profile: It smells like ripe citrus and citrus peel at first, then settles into something earthy and slightly woody.."
14087,clean salty seawater grapefruit scent,"Accords: aquatic, citrus, aromatic. Notes: grapefruit, neroli, mandarin orange, petitgrain, water notes, seaweed, rosemary, virginia cedar. Profile: It smells like ripe citrus and citrus peel at first, then settles into something earthy and slightly woody.."
14087,smell like the beach in summer,"Accords: aquatic, citrus, aromatic. Notes: grapefruit, neroli, mandarin orange, petitgrain, water notes, seaweed, rosemary, virginia cedar. Profile: It smells like ripe citrus and citrus peel at first, then settles into something earthy and slightly woody.."
17954,coffee shop with fresh herbs smell,"Accords: coffee, warm spicy, vanilla. Notes: lavender, bergamot, green leaves, coffee, cedar, vanilla, patchouli, tonka bean. Profile: It smells like a coffee shop at dawn — sweet lavender and mint mixed with powdery vanilla, with something earthy and slightly bitter underneath.."
17954,morning coffee with vanilla and woods,"Accords: coffee, warm spicy, vanilla. Notes: lavender, bergamot, green leaves, coffee, cedar, vanilla, patchouli, tonka bean. Profile: It smells like a coffee shop at dawn — sweet lavender and mint mixed with powdery vanilla, with something earthy and slightly bitter underneath.."
17954,lavender coffee perfume cedar,"Accords: coffee, warm spicy, vanilla. Notes: lavender, bergamot, green leaves, coffee, cedar, vanilla, patchouli, tonka bean. Profile: It smells like a coffee shop at dawn — sweet lavender and mint mixed with powdery vanilla, with something earthy and slightly bitter underneath.."
9276,fresh cut flowers white lily smell,"Accords: green, white floral, floral. Notes: freesia, lily-of-the-valley, rose, palm tree, narcissus, lily, gardenia, black currant. Profile: It smells like a flower shop at dawn — white flowers blooming in the air, with something earthy and slightly woody underneath.."
9276,green garden after rain with roses,"Accords: green, white floral, floral. Notes: freesia, lily-of-the-valley, rose, palm tree, narcissus, lily, gardenia, black currant. Profile: It smells like a flower shop at dawn — white flowers blooming in the air, with something earthy and slightly woody underneath.."
9276,clean floral perfume for spring,"Accords: green, white floral, floral. Notes: freesia, lily-of-the-valley, rose, palm tree, narcissus, lily, gardenia, black currant. Profile: It smells like a flower shop at dawn — white flowers blooming in the air, with something earthy and slightly woody underneath.."
19851,spicy cinnamon incense perfume,"Accords: cinnamon, warm spicy, amber. Notes: bergamot, cinnamon, juniper berries, incense. Profile: It smells like a spice market at dawn — bergamot and cinnamon mixed with powdery incense, finishing with something earthy and slightly sweet.."
19851,warm church incense with citrus,"Accords: cinnamon, warm spicy, amber. Notes: bergamot, cinnamon, juniper berries, incense. Profile: It smells like a spice market at dawn — bergamot and cinnamon mixed with powdery incense, finishing with something earthy and slightly sweet.."
19851,juniper and cinnamon candle smell,"Accords: cinnamon, warm spicy, amber. Notes: bergamot, cinnamon, juniper berries, incense. Profile: It smells like a spice market at dawn — bergamot and cinnamon mixed with powdery incense, finishing with something earthy and slightly sweet.."
14157,sweet fruity perfume with vanilla and caramel,"Accords: sweet, fruity, vanilla. Notes: pear, tangerine, bergamot, strawberry, vanilla orchid, black rose, passionfruit, praline. Profile: It smells like tart pear and tangerine at first, then sweet vanilla and powdery roses, finishing with a soft vanilla-incense base.."
14157,candy store with strawberries and pears,"Accords: sweet, fruity, vanilla. Notes: pear, tangerine, bergamot, strawberry, vanilla orchid, black rose, passionfruit, praline. Profile: It smells like tart pear and tangerine at first, then sweet vanilla and powdery roses, finishing with a soft vanilla-incense base.."
14157,sweet coffee shop dessert fragrance,"Accords: sweet, fruity, vanilla. Notes: pear, tangerine, bergamot, strawberry, vanilla orchid, black rose, passionfruit, praline. Profile: It smells like tart pear and tangerine at first, then sweet vanilla and powdery roses, finishing with a soft vanilla-incense base.."
2243,fresh clean laundry smell perfume,"Accords: ozonic, woody, citrus. Notes: green mandarin, italian lemon, violet leaf, eucalyptus, bulgarian rose, musk, patchouli, madagascar vanilla. Profile: It smells like a flower shop at dawn — citrus peel and white flowers mixed with powdery vanilla, finishing with something earthy and slightly sweet.."
2243,perfume that smells like ocean breeze and citrus,"Accords: ozonic, woody, citrus. Notes: green mandarin, italian lemon, violet leaf, eucalyptus, bulgarian rose, musk, patchouli, madagascar vanilla. Profile: It smells like a flower shop at dawn — citrus peel and white flowers mixed with powdery vanilla, finishing with something earthy and slightly sweet.."
2243,light airy scent with lemon and vanilla,"Accords: ozonic, woody, citrus. Notes: green mandarin, italian lemon, violet leaf, eucalyptus, bulgarian rose, musk, patchouli, madagascar vanilla. Profile: It smells like a flower shop at dawn — citrus peel and white flowers mixed with powdery vanilla, finishing with something earthy and slightly sweet.."
21254,spicy tobacco and incense perfume,"Accords: tobacco, vanilla, warm spicy. Notes: cinnamon, pepperwood, tobacco leaf, incense, osmanthus, labdanum, vanilla, iso e super. Profile: It smells like a spice shop at dawn — sweet cinnamon and tobacco leaves mixed with powdery incense, then settles into something earthy and slightly floral.."
21254,warm vanilla cedar cologne for fall,"Accords: tobacco, vanilla, warm spicy. Notes: cinnamon, pepperwood, tobacco leaf, incense, osmanthus, labdanum, vanilla, iso e super. Profile: It smells like a spice shop at dawn — sweet cinnamon and tobacco leaves mixed with powdery incense, then settles into something earthy and slightly floral.."
21254,smoky woody fragrance with cinnamon,"Accords: tobacco, vanilla, warm spicy. Notes: cinnamon, pepperwood, tobacco leaf, incense, osmanthus, labdanum, vanilla, iso e super. Profile: It smells like a spice shop at dawn — sweet cinnamon and tobacco leaves mixed with powdery incense, then settles into something earthy and slightly floral.."
4982,calming chamomile tea with almond,"Accords: herbal, woody, floral. Notes: chamomile, bitter almond, musk, indian jasmine, jasmine, sandalwood, cedar, vanilla. Profile: It smells like chamomile and mint at first, then soft jasmine and vanilla, with a hint of powdery wood underneath.."
4982,soft jasmine and warm vanilla perfume,"Accords: herbal, woody, floral. Notes: chamomile, bitter almond, musk, indian jasmine, jasmine, sandalwood, cedar, vanilla. Profile: It smells like chamomile and mint at first, then soft jasmine and vanilla, with a hint of powdery wood underneath.."
4982,herbal spa with sandalwood and musk,"Accords: herbal, woody, floral. Notes: chamomile, bitter almond, musk, indian jasmine, jasmine, sandalwood, cedar, vanilla. Profile: It smells like chamomile and mint at first, then soft jasmine and vanilla, with a hint of powdery wood underneath.."
3412,coconut sunscreen at the beach,"Accords: salty, mineral, marine. Notes: salt, coconut water, frangipani, jasmine, mineral notes, driftwood, tonka bean. Profile: It smells like salty water and powdery soap at first, then settles into a warm woody base with something earthy and slightly sweet.."
3412,salty ocean air with white flowers,"Accords: salty, mineral, marine. Notes: salt, coconut water, frangipani, jasmine, mineral notes, driftwood, tonka bean. Profile: It smells like salty water and powdery soap at first, then settles into a warm woody base with something earthy and slightly sweet.."
3412,driftwood and sea spray perfume,"Accords: salty, mineral, marine. Notes: salt, coconut water, frangipani, jasmine, mineral notes, driftwood, tonka bean. Profile: It smells like salty water and powdery soap at first, then settles into a warm woody base with something earthy and slightly sweet.."
21258,earthy patchouli with rose and vanilla,"Accords: patchouli, amber, vanilla. Notes: violet leaf, coriander, bergamot, rose, black pepper, lily-of-the-valley, patchouli, ambergris. Profile: It smells like a flower shop at dawn — white flowers and herbs mixed with sweet vanilla, with an earthy sweetness that's slightly sweeter than vanilla.."
21258,spicy floral perfume with pepper and bergamot,"Accords: patchouli, amber, vanilla. Notes: violet leaf, coriander, bergamot, rose, black pepper, lily-of-the-valley, patchouli, ambergris. Profile: It smells like a flower shop at dawn — white flowers and herbs mixed with sweet vanilla, with an earthy sweetness that's slightly sweeter than vanilla.."
21258,hippie patchouli scent but cleaner and softer,"Accords: patchouli, amber, vanilla. Notes: violet leaf, coriander, bergamot, rose, black pepper, lily-of-the-valley, patchouli, ambergris. Profile: It smells like a flower shop at dawn — white flowers and herbs mixed with sweet vanilla, with an earthy sweetness that's slightly sweeter than vanilla.."
16573,fresh lemon and cedar cologne,"Accords: citrus, aromatic, woody. Notes: lemon, bergamot, carambola (star fruit), cardamom, brazilian rosewood, cedar, tarragon, sage. Profile: It smells like a spice market at dawn — citrus peel and cardamom mixed with white flowers, with something earthy and slightly woody underneath.."
16573,clean citrus with spicy pepper,"Accords: citrus, aromatic, woody. Notes: lemon, bergamot, carambola (star fruit), cardamom, brazilian rosewood, cedar, tarragon, sage. Profile: It smells like a spice market at dawn — citrus peel and cardamom mixed with white flowers, with something earthy and slightly woody underneath.."
16573,bright bergamot woody musk,"Accords: citrus, aromatic, woody. Notes: lemon, bergamot, carambola (star fruit), cardamom, brazilian rosewood, cedar, tarragon, sage. Profile: It smells like a spice market at dawn — citrus peel and cardamom mixed with white flowers, with something earthy and slightly woody underneath.."
9550,sweet fruity perfume with white chocolate,"Accords: sweet, fruity, tropical. Notes: kiwi, red litchi, quince, white chocolate, cupcake, orchid, jasmine, musk. Profile: It smells like sweet kiwi and white chocolate at first, then creamy white flowers, finishing with a soft woody base.."
9550,cupcake bakery smell with flowers,"Accords: sweet, fruity, tropical. Notes: kiwi, red litchi, quince, white chocolate, cupcake, orchid, jasmine, musk. Profile: It smells like sweet kiwi and white chocolate at first, then creamy white flowers, finishing with a soft woody base.."
9550,candy sweet kiwi and lychee fragrance,"Accords: sweet, fruity, tropical. Notes: kiwi, red litchi, quince, white chocolate, cupcake, orchid, jasmine, musk. Profile: It smells like sweet kiwi and white chocolate at first, then creamy white flowers, finishing with a soft woody base.."
14383,chocolate and vanilla perfume,"Accords: cacao, vanilla, rum. Notes: vanilla, vanilla orchid, cacao pod, rum. Profile: It smells like a spice market at dawn — sweet vanilla and orchids mixed with powdered sugar, then settling into something earthy and slightly bitter.."
14383,warm boozy dessert fragrance,"Accords: cacao, vanilla, rum. Notes: vanilla, vanilla orchid, cacao pod, rum. Profile: It smells like a spice market at dawn — sweet vanilla and orchids mixed with powdered sugar, then settling into something earthy and slightly bitter.."
14383,sweet rum and cocoa scent,"Accords: cacao, vanilla, rum. Notes: vanilla, vanilla orchid, cacao pod, rum. Profile: It smells like a spice market at dawn — sweet vanilla and orchids mixed with powdered sugar, then settling into something earthy and slightly bitter.."
10975,coffee shop with hazelnut and cinnamon,"Accords: nutty, vanilla, white floral. Notes: hazelnut, coffee, cinnamon, tuberose, coconut, jasmine sambac, vanilla, white musk. Profile: It smells like roasted hazelnuts and coffee at first, then creamy vanilla and white musk, finishing with a warm, slightly powdery base.."
10975,warm vanilla coconut perfume,"Accords: nutty, vanilla, white floral. Notes: hazelnut, coffee, cinnamon, tuberose, coconut, jasmine sambac, vanilla, white musk. Profile: It smells like roasted hazelnuts and coffee at first, then creamy vanilla and white musk, finishing with a warm, slightly powdery base.."
10975,sweet nutty coffee fragrance,"Accords: nutty, vanilla, white floral. Notes: hazelnut, coffee, cinnamon, tuberose, coconut, jasmine sambac, vanilla, white musk. Profile: It smells like roasted hazelnuts and coffee at first, then creamy vanilla and white musk, finishing with a warm, slightly powdery base.."
2801,fresh ocean breeze perfume,"Accords: marine, aromatic, aldehydic. Notes: sea notes, aldehydes, coriander, red pepper, juniper, iris, amyl salicylate, rose. Profile: It smells like salty water and seaweed at first, then settles into something earthy and slightly woody.."
2801,salty sea air with spices,"Accords: marine, aromatic, aldehydic. Notes: sea notes, aldehydes, coriander, red pepper, juniper, iris, amyl salicylate, rose. Profile: It smells like salty water and seaweed at first, then settles into something earthy and slightly woody.."
2801,clean aquatic scent like the beach,"Accords: marine, aromatic, aldehydic. Notes: sea notes, aldehydes, coriander, red pepper, juniper, iris, amyl salicylate, rose. Profile: It smells like salty water and seaweed at first, then settles into something earthy and slightly woody.."
12816,fresh pear and apple perfume,"Accords: musky, amber, woody. Notes: pear, apple, citruses, ambrette (musk mallow), amyl salicylate, moss, jasmine, iso e super. Profile: It smells like ripe pear and apple juice at first, then soft white flowers with a powdery base that's soft and slightly sweet.."
12816,clean musky scent with fruit,"Accords: musky, amber, woody. Notes: pear, apple, citruses, ambrette (musk mallow), amyl salicylate, moss, jasmine, iso e super. Profile: It smells like ripe pear and apple juice at first, then soft white flowers with a powdery base that's soft and slightly sweet.."
12816,light jasmine moss fragrance,"Accords: musky, amber, woody. Notes: pear, apple, citruses, ambrette (musk mallow), amyl salicylate, moss, jasmine, iso e super. Profile: It smells like ripe pear and apple juice at first, then soft white flowers with a powdery base that's soft and slightly sweet.."
6945,fresh ocean breeze with berries and flowers,"Accords: aquatic, citrus, fresh. Notes: watery notes, grapefruit, raspberry, peony, jasmine, iris, pink pepper, suede. Profile: It smells like fresh fruit and citrus at first, then iris and white flowers, finishing with a soft powdery finish.."
6945,clean grapefruit and raspberry water perfume,"Accords: aquatic, citrus, fresh. Notes: watery notes, grapefruit, raspberry, peony, jasmine, iris, pink pepper, suede. Profile: It smells like fresh fruit and citrus at first, then iris and white flowers, finishing with a soft powdery finish.."
6945,soft watery floral with pink pepper and suede,"Accords: aquatic, citrus, fresh. Notes: watery notes, grapefruit, raspberry, peony, jasmine, iris, pink pepper, suede. Profile: It smells like fresh fruit and citrus at first, then iris and white flowers, finishing with a soft powdery finish.."
11718,sweet fruity perfume with peach and vanilla,"Accords: fruity, powdery, woody. Notes: peach, apricot, pear, black currant, green apple, sandalwood, jasmine, moss. Profile: It smells like sweet peaches and apricots at first, then white flowers and powdery sandalwood, finishing with something earthy and slightly woody.."
11718,fresh green apple and pear scent,"Accords: fruity, powdery, woody. Notes: peach, apricot, pear, black currant, green apple, sandalwood, jasmine, moss. Profile: It smells like sweet peaches and apricots at first, then white flowers and powdery sandalwood, finishing with something earthy and slightly woody.."
11718,summer fruit basket fragrance,"Accords: fruity, powdery, woody. Notes: peach, apricot, pear, black currant, green apple, sandalwood, jasmine, moss. Profile: It smells like sweet peaches and apricots at first, then white flowers and powdery sandalwood, finishing with something earthy and slightly woody.."
12277,fresh bergamot and green fig perfume,"Accords: citrus, woody, fresh spicy. Notes: bergamot, citruses, green mandarin, fig, pear, cardamom, lily, jasmine. Profile: It smells like a flower shop at dawn — sweet citrus peel and white flowers mixed with powdery flowers, finishing with something earthy and woody.."
12277,clean citrus with white flowers,"Accords: citrus, woody, fresh spicy. Notes: bergamot, citruses, green mandarin, fig, pear, cardamom, lily, jasmine. Profile: It smells like a flower shop at dawn — sweet citrus peel and white flowers mixed with powdery flowers, finishing with something earthy and woody.."
12277,light summery pear and jasmine scent,"Accords: citrus, woody, fresh spicy. Notes: bergamot, citruses, green mandarin, fig, pear, cardamom, lily, jasmine. Profile: It smells like a flower shop at dawn — sweet citrus peel and white flowers mixed with powdery flowers, finishing with something earthy and woody.."
3255,classic floral perfume like grandma wore,"Accords: powdery, woody, aldehydic. Notes: aldehydes, ylang-ylang, neroli, bergamot, lemon, iris, jasmine, rose. Profile: It smells like a flower shop at dawn — citrus peel mixed with white flowers, then soft florals and moss, finishing with something earthy and slightly sweet.."
3255,soft powdery makeup smell perfume,"Accords: powdery, woody, aldehydic. Notes: aldehydes, ylang-ylang, neroli, bergamot, lemon, iris, jasmine, rose. Profile: It smells like a flower shop at dawn — citrus peel mixed with white flowers, then soft florals and moss, finishing with something earthy and slightly sweet.."
3255,elegant white flowers with vanilla base,"Accords: powdery, woody, aldehydic. Notes: aldehydes, ylang-ylang, neroli, bergamot, lemon, iris, jasmine, rose. Profile: It smells like a flower shop at dawn — citrus peel mixed with white flowers, then soft florals and moss, finishing with something earthy and slightly sweet.."
10356,warm vanilla and spices perfume,"Accords: yellow floral, amber, vanilla. Notes: bergamot, mandarin orange, aldehydes, fruity notes, ylang-ylang, mimosa, rose, jasmine. Profile: It smells like citrus peel and orange peel at first, then white flowers and vanilla, finishing with a warm, earthy base.."
10356,bright floral with cinnamon and sandalwood,"Accords: yellow floral, amber, vanilla. Notes: bergamot, mandarin orange, aldehydes, fruity notes, ylang-ylang, mimosa, rose, jasmine. Profile: It smells like citrus peel and orange peel at first, then white flowers and vanilla, finishing with a warm, earthy base.."
10356,powdery jasmine rose with amber base,"Accords: yellow floral, amber, vanilla. Notes: bergamot, mandarin orange, aldehydes, fruity notes, ylang-ylang, mimosa, rose, jasmine. Profile: It smells like citrus peel and orange peel at first, then white flowers and vanilla, finishing with a warm, earthy base.."
9567,earthy patchouli with sweet pineapple and vanilla,"Accords: patchouli, woody, sweet. Notes: patchouli, pink pepper, pineapple, hiacynth, iris, lemon, jasmine, rose. Profile: It smells like a spice market at dawn — sweet citrus peel and white flowers mixed with powdery roses, finishing with something earthy and slightly floral.."
9567,fresh floral perfume with musk and spicy pepper,"Accords: patchouli, woody, sweet. Notes: patchouli, pink pepper, pineapple, hiacynth, iris, lemon, jasmine, rose. Profile: It smells like a spice market at dawn — sweet citrus peel and white flowers mixed with powdery roses, finishing with something earthy and slightly floral.."
9567,woody patchouli rose scent for everyday wear,"Accords: patchouli, woody, sweet. Notes: patchouli, pink pepper, pineapple, hiacynth, iris, lemon, jasmine, rose. Profile: It smells like a spice market at dawn — sweet citrus peel and white flowers mixed with powdery roses, finishing with something earthy and slightly floral.."
3861,clean rose soap with pepper,"Accords: fresh, aldehydic, musky. Notes: aldehydes, rose, pink pepper, peony, violet, african orange flower, musk, woodsy notes. Profile: It smells like a florist's pantry full of rose petals and peonies, with something earthy and slightly woody lingering in the air.."
3861,fresh flowers after spring rain,"Accords: fresh, aldehydic, musky. Notes: aldehydes, rose, pink pepper, peony, violet, african orange flower, musk, woodsy notes. Profile: It smells like a florist's pantry full of rose petals and peonies, with something earthy and slightly woody lingering in the air.."
3861,light woody perfume for everyday wear,"Accords: fresh, aldehydic, musky. Notes: aldehydes, rose, pink pepper, peony, violet, african orange flower, musk, woodsy notes. Profile: It smells like a florist's pantry full of rose petals and peonies, with something earthy and slightly woody lingering in the air.."
7097,perfume that smells like sweet milk and vanilla,"Accords: lactonic, vanilla, sweet. Notes: bergamot, lily-of-the-valley, green notes, rose, milk, sugar, vanilla. Profile: It smells like a florist's pantry full of rose petals, with something powdery and sweet lingering in the air.."
7097,fresh flowers with creamy sugary smell,"Accords: lactonic, vanilla, sweet. Notes: bergamot, lily-of-the-valley, green notes, rose, milk, sugar, vanilla. Profile: It smells like a florist's pantry full of rose petals, with something powdery and sweet lingering in the air.."
7097,clean soapy rose with bergamot,"Accords: lactonic, vanilla, sweet. Notes: bergamot, lily-of-the-valley, green notes, rose, milk, sugar, vanilla. Profile: It smells like a florist's pantry full of rose petals, with something powdery and sweet lingering in the air.."
6831,creamy milky skin perfume,"Accords: lactonic, citrus, floral. Notes: aqual, yuzu, hexyl acetate, milk, skin, jasmine, mugane, orcanox. Profile: It smells like powdered yuzu and milk at first, then creamy mugane, with a hint of powdery moss underneath.."
6831,clean laundry and jasmine soap,"Accords: lactonic, citrus, floral. Notes: aqual, yuzu, hexyl acetate, milk, skin, jasmine, mugane, orcanox. Profile: It smells like powdered yuzu and milk at first, then creamy mugane, with a hint of powdery moss underneath.."
6831,fresh citrus with soft musk,"Accords: lactonic, citrus, floral. Notes: aqual, yuzu, hexyl acetate, milk, skin, jasmine, mugane, orcanox. Profile: It smells like powdered yuzu and milk at first, then creamy mugane, with a hint of powdery moss underneath.."
18198,soft powdery perfume with violet and iris,"Accords: powdery, floral, violet. Notes: anise, bergamot, lemon, violet, mimosa, rose, freesia, carnation. Profile: It smells like a florist's pantry full of dried flowers and citrus peel, with something sweet and earthy lurking in the background.."
18198,clean baby powder smell with vanilla,"Accords: powdery, floral, violet. Notes: anise, bergamot, lemon, violet, mimosa, rose, freesia, carnation. Profile: It smells like a florist's pantry full of dried flowers and citrus peel, with something sweet and earthy lurking in the background.."
18198,grandma's makeup compact with rose and almond,"Accords: powdery, floral, violet. Notes: anise, bergamot, lemon, violet, mimosa, rose, freesia, carnation. Profile: It smells like a florist's pantry full of dried flowers and citrus peel, with something sweet and earthy lurking in the background.."
11529,sweet fruity flowers for spring,"Accords: yellow floral, white floral, powdery. Notes: narcissus, datura, peach, plum, himalayan poppy, mandarin orange, black currant, bergamot. Profile: It smells like a fruit stand next to an orange blossom shop — sweet peaches and plums mixed with white flowers, then softens into something earthy and slightly powdery.."
11529,creamy white flowers with peach and vanilla,"Accords: yellow floral, white floral, powdery. Notes: narcissus, datura, peach, plum, himalayan poppy, mandarin orange, black currant, bergamot. Profile: It smells like a fruit stand next to an orange blossom shop — sweet peaches and plums mixed with white flowers, then softens into something earthy and slightly powdery.."
11529,bright orange blossom perfume not too heavy,"Accords: yellow floral, white floral, powdery. Notes: narcissus, datura, peach, plum, himalayan poppy, mandarin orange, black currant, bergamot. Profile: It smells like a fruit stand next to an orange blossom shop — sweet peaches and plums mixed with white flowers, then softens into something earthy and slightly powdery.."
10291,white flowers with spicy pepper and mango,"Accords: tuberose, musky, white floral. Notes: pink pepper, cloves, mandarin orange, tuberose, mango, ylang-ylang, rose, angelica. Profile: It smells like a spice market at dawn — sweet peppercorns and citrus peel mixed with white flowers, then soft resin and musk.."
10291,tuberose rose perfume warm and sweet,"Accords: tuberose, musky, white floral. Notes: pink pepper, cloves, mandarin orange, tuberose, mango, ylang-ylang, rose, angelica. Profile: It smells like a spice market at dawn — sweet peppercorns and citrus peel mixed with white flowers, then soft resin and musk.."
10291,tropical floral with cloves and woods,"Accords: tuberose, musky, white floral. Notes: pink pepper, cloves, mandarin orange, tuberose, mango, ylang-ylang, rose, angelica. Profile: It smells like a spice market at dawn — sweet peppercorns and citrus peel mixed with white flowers, then soft resin and musk.."
9010,warm spicy perfume with chocolate and vanilla,"Accords: warm spicy, earthy, woody. Notes: truffle, gardenia, black currant, ylang-ylang, jasmine, bergamot, mandarin orange, amalfi lemon. Profile: It smells like a spice market at dawn — sweet strawberries and citrus peel mixed with white flowers, then settles into something sweet and slightly chocolatey.."
9010,exotic flowers with truffle and bergamot,"Accords: warm spicy, earthy, woody. Notes: truffle, gardenia, black currant, ylang-ylang, jasmine, bergamot, mandarin orange, amalfi lemon. Profile: It smells like a spice market at dawn — sweet strawberries and citrus peel mixed with white flowers, then settles into something sweet and slightly chocolatey.."
9010,sweet jasmine gardenia with sandalwood musk,"Accords: warm spicy, earthy, woody. Notes: truffle, gardenia, black currant, ylang-ylang, jasmine, bergamot, mandarin orange, amalfi lemon. Profile: It smells like a spice market at dawn — sweet strawberries and citrus peel mixed with white flowers, then settles into something sweet and slightly chocolatey.."
2512,sweet peach and vanilla perfume,"Accords: fruity, powdery, floral. Notes: peach, rose, apricot blossom, lilac, pineapple, lily-of-the-valley, bergamot, rose. Profile: It smells like sweet peaches and roses at first, then white flowers and vanilla, finishing with a soft woody base that's soft and powdery.."
2512,fresh fruit and flowers smell,"Accords: fruity, powdery, floral. Notes: peach, rose, apricot blossom, lilac, pineapple, lily-of-the-valley, bergamot, rose. Profile: It smells like sweet peaches and roses at first, then white flowers and vanilla, finishing with a soft woody base that's soft and powdery.."
2512,summery apricot rose scent,"Accords: fruity, powdery, floral. Notes: peach, rose, apricot blossom, lilac, pineapple, lily-of-the-valley, bergamot, rose. Profile: It smells like sweet peaches and roses at first, then white flowers and vanilla, finishing with a soft woody base that's soft and powdery.."
21463,warm spicy cologne with ginger and cardamom,"Accords: warm spicy, amber, tobacco. Notes: grapefruit, coriander, basil, cardamom, ginger, orange blossom, amber, tobacco. Profile: It smells like citrus peel and cardamom at first, then warm wood and a hint of spice, finishing with something earthy and slightly sweet.."
21463,tobacco and cedar mens fragrance,"Accords: warm spicy, amber, tobacco. Notes: grapefruit, coriander, basil, cardamom, ginger, orange blossom, amber, tobacco. Profile: It smells like citrus peel and cardamom at first, then warm wood and a hint of spice, finishing with something earthy and slightly sweet.."
21463,citrus spice perfume with orange blossom,"Accords: warm spicy, amber, tobacco. Notes: grapefruit, coriander, basil, cardamom, ginger, orange blossom, amber, tobacco. Profile: It smells like citrus peel and cardamom at first, then warm wood and a hint of spice, finishing with something earthy and slightly sweet.."
21699,powdery iris and soft leather perfume,"Accords: iris, woody, leather. Notes: tuscan iris, italian orange, leather, rose, sandalwood, ambrette (musk mallow), agarwood (oud), cedar. Profile: It smells like a leather jacket left in an old wooden shed, with something earthy and slightly woody underneath.."
21699,orange blossom woody musk scent,"Accords: iris, woody, leather. Notes: tuscan iris, italian orange, leather, rose, sandalwood, ambrette (musk mallow), agarwood (oud), cedar. Profile: It smells like a leather jacket left in an old wooden shed, with something earthy and slightly woody underneath.."
21699,earthy rose with sandalwood and oud,"Accords: iris, woody, leather. Notes: tuscan iris, italian orange, leather, rose, sandalwood, ambrette (musk mallow), agarwood (oud), cedar. Profile: It smells like a leather jacket left in an old wooden shed, with something earthy and slightly woody underneath.."
14756,fresh cut grass and mint tea,"Accords: green, aromatic, citrus. Notes: lemon, clover, mint, green tea, lily-of-the-valley, cyclamen. Profile: It smells like citrus peel and mint at first, then green tea and white flowers, with something earthy and slightly floral lingering in the air.."
14756,clean lemon and white flowers,"Accords: green, aromatic, citrus. Notes: lemon, clover, mint, green tea, lily-of-the-valley, cyclamen. Profile: It smells like citrus peel and mint at first, then green tea and white flowers, with something earthy and slightly floral lingering in the air.."
14756,green tea with spring flowers perfume,"Accords: green, aromatic, citrus. Notes: lemon, clover, mint, green tea, lily-of-the-valley, cyclamen. Profile: It smells like citrus peel and mint at first, then green tea and white flowers, with something earthy and slightly floral lingering in the air.."
6433,fresh cut grass and wet dirt,"Accords: earthy, green, aromatic. Notes: fennel, mint, green notes, clary sage, oakmoss, fern, angelica, clover. Profile: It smells like a spice market at dawn — fresh mint and white flowers mixed with powdery moss, then settle into something earthy and slightly sweet.."
6433,walking through a pine forest after rain,"Accords: earthy, green, aromatic. Notes: fennel, mint, green notes, clary sage, oakmoss, fern, angelica, clover. Profile: It smells like a spice market at dawn — fresh mint and white flowers mixed with powdery moss, then settle into something earthy and slightly sweet.."
6433,earthy mushrooms and moss,"Accords: earthy, green, aromatic. Notes: fennel, mint, green notes, clary sage, oakmoss, fern, angelica, clover. Profile: It smells like a spice market at dawn — fresh mint and white flowers mixed with powdery moss, then settle into something earthy and slightly sweet.."
19635,soft leather jacket with vanilla and woods,"Accords: leather, vanilla, sweet. Notes: grass, bergamot, grapefruit, woodsy notes, nutmeg, violet, saffron, jasmine. Profile: It smells like a leather jacket left in an old leather store — sweet grass and citrus peel mixed with white flowers, then soft wood and mossy wood.."
19635,fresh cut grass and suede smell,"Accords: leather, vanilla, sweet. Notes: grass, bergamot, grapefruit, woodsy notes, nutmeg, violet, saffron, jasmine. Profile: It smells like a leather jacket left in an old leather store — sweet grass and citrus peel mixed with white flowers, then soft wood and mossy wood.."
19635,spicy leather perfume with bergamot and amber,"Accords: leather, vanilla, sweet. Notes: grass, bergamot, grapefruit, woodsy notes, nutmeg, violet, saffron, jasmine. Profile: It smells like a leather jacket left in an old leather store — sweet grass and citrus peel mixed with white flowers, then soft wood and mossy wood.."
5987,fresh watermelon and kiwi summer perfume,"Accords: fruity, ozonic, aquatic. Notes: kiwi, rhuburb, pink pepper, watermelon, cyclamen, jasmine, lemon tree, musk. Profile: It smells like fresh kiwi and watermelon at first, then white flowers with a hint of jasmine, finishing with something earthy and slightly woody.."
5987,light fruity jasmine scent for women,"Accords: fruity, ozonic, aquatic. Notes: kiwi, rhuburb, pink pepper, watermelon, cyclamen, jasmine, lemon tree, musk. Profile: It smells like fresh kiwi and watermelon at first, then white flowers with a hint of jasmine, finishing with something earthy and slightly woody.."
5987,pink pepper rhubarb perfume not too sweet,"Accords: fruity, ozonic, aquatic. Notes: kiwi, rhuburb, pink pepper, watermelon, cyclamen, jasmine, lemon tree, musk. Profile: It smells like fresh kiwi and watermelon at first, then white flowers with a hint of jasmine, finishing with something earthy and slightly woody.."
15473,chocolate perfume with fruity citrus,"Accords: chocolate, warm spicy, sweet. Notes: watermelon, mandarin orange, bergamot, lotus, jasmine, rose, mexican chocolate, rice. Profile: It smells like watermelon and orange peel at first, then rose petals and white flowers, finishing with a sweet, slightly powdery sweetness.."
15473,sweet watermelon and jasmine scent,"Accords: chocolate, warm spicy, sweet. Notes: watermelon, mandarin orange, bergamot, lotus, jasmine, rose, mexican chocolate, rice. Profile: It smells like watermelon and orange peel at first, then rose petals and white flowers, finishing with a sweet, slightly powdery sweetness.."
15473,dark chocolate and orange fragrance,"Accords: chocolate, warm spicy, sweet. Notes: watermelon, mandarin orange, bergamot, lotus, jasmine, rose, mexican chocolate, rice. Profile: It smells like watermelon and orange peel at first, then rose petals and white flowers, finishing with a sweet, slightly powdery sweetness.."
10550,sweet cherry and raspberry perfume for women,"Accords: sweet, fruity, cherry. Notes: plum, sour cherry, raspberry, orchid, iris, freesia, vanilla, amber. Profile: It smells like ripe plums and raspberries at first, then creamy white flowers and vanilla, finishing with a warm, slightly powdery base.."
10550,fruity vanilla scent with plum and berries,"Accords: sweet, fruity, cherry. Notes: plum, sour cherry, raspberry, orchid, iris, freesia, vanilla, amber. Profile: It smells like ripe plums and raspberries at first, then creamy white flowers and vanilla, finishing with a warm, slightly powdery base.."
10550,soft floral perfume with sweet fruit notes,"Accords: sweet, fruity, cherry. Notes: plum, sour cherry, raspberry, orchid, iris, freesia, vanilla, amber. Profile: It smells like ripe plums and raspberries at first, then creamy white flowers and vanilla, finishing with a warm, slightly powdery base.."
1320,tropical coconut and white flowers perfume,"Accords: coconut, amber, white floral. Notes: bergamot, hibiscus, cardamom, lemon, coconut, gardenia, green notes, jasmine. Profile: It smells like a spice market at dawn — citrus peel and cardamom mixed with white flowers, with something earthy and slightly sweet underneath.."
1320,fresh coconut beach vacation scent,"Accords: coconut, amber, white floral. Notes: bergamot, hibiscus, cardamom, lemon, coconut, gardenia, green notes, jasmine. Profile: It smells like a spice market at dawn — citrus peel and cardamom mixed with white flowers, with something earthy and slightly sweet underneath.."
1320,creamy coconut vanilla with citrus,"Accords: coconut, amber, white floral. Notes: bergamot, hibiscus, cardamom, lemon, coconut, gardenia, green notes, jasmine. Profile: It smells like a spice market at dawn — citrus peel and cardamom mixed with white flowers, with something earthy and slightly sweet underneath.."
5221,fruity floral perfume with pear and jasmine,"Accords: white floral, floral, fruity. Notes: pear, melon, magnolia, peach, mandarin orange, bergamot, jasmine, lily-of-the-valley. Profile: It smells like sweet pear and peach at first, then melon and white flowers, with a hint of vanilla and powdery musk underneath.."
5221,fresh white flowers and sweet melon scent,"Accords: white floral, floral, fruity. Notes: pear, melon, magnolia, peach, mandarin orange, bergamot, jasmine, lily-of-the-valley. Profile: It smells like sweet pear and peach at first, then melon and white flowers, with a hint of vanilla and powdery musk underneath.."
5221,light spring perfume magnolia peach,"Accords: white floral, floral, fruity. Notes: pear, melon, magnolia, peach, mandarin orange, bergamot, jasmine, lily-of-the-valley. Profile: It smells like sweet pear and peach at first, then melon and white flowers, with a hint of vanilla and powdery musk underneath.."
3572,fresh lemon and stones smell perfume,"Accords: mineral, aromatic, citrus. Notes: mineral notes, citruses, italian lemon, green leaves, calabrian bergamot, pebbles, sage, orris. Profile: It smells like dried flowers and citrus peel at first, then settles into something earthy and slightly woody.."
3572,clean mineral water with herbs and bergamot,"Accords: mineral, aromatic, citrus. Notes: mineral notes, citruses, italian lemon, green leaves, calabrian bergamot, pebbles, sage, orris. Profile: It smells like dried flowers and citrus peel at first, then settles into something earthy and slightly woody.."
3572,crisp green leaves with woody musk base,"Accords: mineral, aromatic, citrus. Notes: mineral notes, citruses, italian lemon, green leaves, calabrian bergamot, pebbles, sage, orris. Profile: It smells like dried flowers and citrus peel at first, then settles into something earthy and slightly woody.."
2791,earthy forest floor after rain perfume,"Accords: mossy, herbal, earthy. Notes: chrysanthemum, narcissus, violet leaf, labdanum, carnation, ambergris, patchouli, moss. Profile: It smells like a flower shop next to an old wooden furniture store — chrysanthemum and narcissus mixed with white flowers, then settles into something earthy and slightly mossy.."
2791,vintage leather jacket with moss and flowers,"Accords: mossy, herbal, earthy. Notes: chrysanthemum, narcissus, violet leaf, labdanum, carnation, ambergris, patchouli, moss. Profile: It smells like a flower shop next to an old wooden furniture store — chrysanthemum and narcissus mixed with white flowers, then settles into something earthy and slightly mossy.."
2791,green mossy smell with soft musk,"Accords: mossy, herbal, earthy. Notes: chrysanthemum, narcissus, violet leaf, labdanum, carnation, ambergris, patchouli, moss. Profile: It smells like a flower shop next to an old wooden furniture store — chrysanthemum and narcissus mixed with white flowers, then settles into something earthy and slightly mossy.."
14456,fresh apple and cedar wood cologne,"Accords: woody, fruity, vanilla. Notes: apple, plum, lemon, bergamot, oakmoss, geranium, cinnamon, mahogany. Profile: It smells like ripe apples and plums at first, then soft wood and vanilla, finishing with a warm, slightly woody base.."
14456,warm cinnamon vanilla sandalwood perfume,"Accords: woody, fruity, vanilla. Notes: apple, plum, lemon, bergamot, oakmoss, geranium, cinnamon, mahogany. Profile: It smells like ripe apples and plums at first, then soft wood and vanilla, finishing with a warm, slightly woody base.."
14456,spicy woody scent with bergamot,"Accords: woody, fruity, vanilla. Notes: apple, plum, lemon, bergamot, oakmoss, geranium, cinnamon, mahogany. Profile: It smells like ripe apples and plums at first, then soft wood and vanilla, finishing with a warm, slightly woody base.."
9672,lavender orange blossom perfume,"Accords: white floral, citrus, lavender. Notes: lavender, mandarin orange, black currant, petitgrain, lavender, orange blossom, jasmine, madagascar vanilla. Profile: It smells like a spice market at dawn — sweet lavender and orange peel mixed with white flowers, then soft vanilla and powdery wood.."
9672,white flowers with vanilla and musk,"Accords: white floral, citrus, lavender. Notes: lavender, mandarin orange, black currant, petitgrain, lavender, orange blossom, jasmine, madagascar vanilla. Profile: It smells like a spice market at dawn — sweet lavender and orange peel mixed with white flowers, then soft vanilla and powdery wood.."
9672,jasmine cedar perfume for women,"Accords: white floral, citrus, lavender. Notes: lavender, mandarin orange, black currant, petitgrain, lavender, orange blossom, jasmine, madagascar vanilla. Profile: It smells like a spice market at dawn — sweet lavender and orange peel mixed with white flowers, then soft vanilla and powdery wood.."
3903,sweet coffee with fruity smell,"Accords: coffee, woody, warm spicy. Notes: black currant, bergamot, peach, coffee, amber, floral notes, woody notes, sweet notes. Profile: It smells like a coffee shop at dawn — black currants and peach in the background, with something earthy and slightly sweet underneath.."
3903,perfume that smells like coffee and berries,"Accords: coffee, woody, warm spicy. Notes: black currant, bergamot, peach, coffee, amber, floral notes, woody notes, sweet notes. Profile: It smells like a coffee shop at dawn — black currants and peach in the background, with something earthy and slightly sweet underneath.."
3903,warm coffee and peach scent,"Accords: coffee, woody, warm spicy. Notes: black currant, bergamot, peach, coffee, amber, floral notes, woody notes, sweet notes. Profile: It smells like a coffee shop at dawn — black currants and peach in the background, with something earthy and slightly sweet underneath.."
13804,soft vanilla perfume with flowers,"Accords: vanilla, lavender, woody. Notes: lavender, bergamot, iris, jasmine sambac, rose, tahitian vanilla, coumarin, australian sandalwood. Profile: It smells like sweet lavender and iris at first, then soft vanilla and warm vanilla, with a faint sweetness that's slightly floral and slightly earthy.."
13804,cozy vanilla and lavender scent,"Accords: vanilla, lavender, woody. Notes: lavender, bergamot, iris, jasmine sambac, rose, tahitian vanilla, coumarin, australian sandalwood. Profile: It smells like sweet lavender and iris at first, then soft vanilla and warm vanilla, with a faint sweetness that's slightly floral and slightly earthy.."
13804,sweet vanilla with powder and spice,"Accords: vanilla, lavender, woody. Notes: lavender, bergamot, iris, jasmine sambac, rose, tahitian vanilla, coumarin, australian sandalwood. Profile: It smells like sweet lavender and iris at first, then soft vanilla and warm vanilla, with a faint sweetness that's slightly floral and slightly earthy.."
11774,fresh lemon bergamot cologne daily wear,"Accords: citrus, amber, woody. Notes: citruses, bergamot, lemon, cedar, mandarin orange, iris, patchouli, vetiver. Profile: It smells like a leather jacket left open in an old church — sweet citrus peel and white flowers mixed with resinous wood, then softened by something powdery and slightly earthy.."
11774,clean citrus with warm woody base,"Accords: citrus, amber, woody. Notes: citruses, bergamot, lemon, cedar, mandarin orange, iris, patchouli, vetiver. Profile: It smells like a leather jacket left open in an old church — sweet citrus peel and white flowers mixed with resinous wood, then softened by something powdery and slightly earthy.."
11774,bright orange scent that lasts all day,"Accords: citrus, amber, woody. Notes: citruses, bergamot, lemon, cedar, mandarin orange, iris, patchouli, vetiver. Profile: It smells like a leather jacket left open in an old church — sweet citrus peel and white flowers mixed with resinous wood, then softened by something powdery and slightly earthy.."
2476,metallic fruity perfume women,"Accords: metallic, amber, fruity. Notes: fruits, herbal notes, metallic notes, amber. Profile: It smells like a spice market at dawn — sweet fruit juice mixed with earthy spices, with something metallic and faintly amber underneath.."
2476,herbal amber fragrance with sharp metal smell,"Accords: metallic, amber, fruity. Notes: fruits, herbal notes, metallic notes, amber. Profile: It smells like a spice market at dawn — sweet fruit juice mixed with earthy spices, with something metallic and faintly amber underneath.."
2476,fresh fruit perfume with metallic edge,"Accords: metallic, amber, fruity. Notes: fruits, herbal notes, metallic notes, amber. Profile: It smells like a spice market at dawn — sweet fruit juice mixed with earthy spices, with something metallic and faintly amber underneath.."
9294,warm spicy perfume with vanilla and amber,"Accords: warm spicy, fresh spicy, vanilla. Notes: cloves, cumin, mandarin orange, cardamom, caraway, licorice, mango, ylang-ylang. Profile: It smells like cloves and citrus peel at first, then sweet vanilla and powdery licorice, finishing with a warm, slightly earthy base.."
9294,exotic spices and tropical mango scent,"Accords: warm spicy, fresh spicy, vanilla. Notes: cloves, cumin, mandarin orange, cardamom, caraway, licorice, mango, ylang-ylang. Profile: It smells like cloves and citrus peel at first, then sweet vanilla and powdery licorice, finishing with a warm, slightly earthy base.."
9294,cozy cardamom clove fragrance for winter,"Accords: warm spicy, fresh spicy, vanilla. Notes: cloves, cumin, mandarin orange, cardamom, caraway, licorice, mango, ylang-ylang. Profile: It smells like cloves and citrus peel at first, then sweet vanilla and powdery licorice, finishing with a warm, slightly earthy base.."
4595,warm honey and cinnamon perfume,"Accords: honey, sweet, warm spicy. Notes: rum, davana, honey, bran, cinnamon, vanilla, cacao, sandalwood. Profile: It smells like a spice shop at dawn — sweet rum and honey mixed with vanilla syrup, then softened by warm wood and something slightly earthy.."
4595,sweet rum and vanilla scent,"Accords: honey, sweet, warm spicy. Notes: rum, davana, honey, bran, cinnamon, vanilla, cacao, sandalwood. Profile: It smells like a spice shop at dawn — sweet rum and honey mixed with vanilla syrup, then softened by warm wood and something slightly earthy.."
4595,cozy sandalwood with chocolate notes,"Accords: honey, sweet, warm spicy. Notes: rum, davana, honey, bran, cinnamon, vanilla, cacao, sandalwood. Profile: It smells like a spice shop at dawn — sweet rum and honey mixed with vanilla syrup, then softened by warm wood and something slightly earthy.."
15934,fresh melon and peach perfume,"Accords: earthy, woody, mossy. Notes: mandarin orange, melon, jasmine, peach, ylang-ylang, oakmoss, vetiver. Profile: It smells like citrus peel and jasmine at first, then settles into something earthy and slightly mossy.."
15934,jasmine perfume with earthy smell,"Accords: earthy, woody, mossy. Notes: mandarin orange, melon, jasmine, peach, ylang-ylang, oakmoss, vetiver. Profile: It smells like citrus peel and jasmine at first, then settles into something earthy and slightly mossy.."
15934,light fruity floral with mossy base,"Accords: earthy, woody, mossy. Notes: mandarin orange, melon, jasmine, peach, ylang-ylang, oakmoss, vetiver. Profile: It smells like citrus peel and jasmine at first, then settles into something earthy and slightly mossy.."
7119,fresh spring flowers with vanilla and musk,"Accords: floral, white floral, yellow floral. Notes: lime (linden blossom), lily-of-the-valley, lilac, magnolia, bergamot, mandarin orange, jasmine, tuberose. Profile: It smells like a flower shop at dawn — citrus blossoms mixed with white flowers, then soft powdery roses, finishing with something earthy and slightly spiced.."
7119,white floral perfume with peach and sandalwood,"Accords: floral, white floral, yellow floral. Notes: lime (linden blossom), lily-of-the-valley, lilac, magnolia, bergamot, mandarin orange, jasmine, tuberose. Profile: It smells like a flower shop at dawn — citrus blossoms mixed with white flowers, then soft powdery roses, finishing with something earthy and slightly spiced.."
7119,jasmine rose perfume for weddings,"Accords: floral, white floral, yellow floral. Notes: lime (linden blossom), lily-of-the-valley, lilac, magnolia, bergamot, mandarin orange, jasmine, tuberose. Profile: It smells like a flower shop at dawn — citrus blossoms mixed with white flowers, then soft powdery roses, finishing with something earthy and slightly spiced.."
10656,sweet caramel and peach perfume,"Accords: caramel, sweet, citrus. Notes: peach, mandarin orange, orange, caramel, orange blossom, jasmine, amber, sandalwood. Profile: It smells like sweet peaches and orange peel at first, then white flowers with a soft woody base.."
10656,warm orange blossom with creamy vanilla smell,"Accords: caramel, sweet, citrus. Notes: peach, mandarin orange, orange, caramel, orange blossom, jasmine, amber, sandalwood. Profile: It smells like sweet peaches and orange peel at first, then white flowers with a soft woody base.."
10656,cozy sandalwood and amber fragrance,"Accords: caramel, sweet, citrus. Notes: peach, mandarin orange, orange, caramel, orange blossom, jasmine, amber, sandalwood. Profile: It smells like sweet peaches and orange peel at first, then white flowers with a soft woody base.."
20842,warm leather jacket with herbs and spices,"Accords: iris, warm spicy, aromatic. Notes: lavender, sage, bergamot, iris, cacao, amber, cardamom, leather. Profile: It smells like lavender and sage at first, then warm leather and cardamom, with something earthy and slightly powdery underneath.."
20842,powdery iris with dark chocolate and vetiver,"Accords: iris, warm spicy, aromatic. Notes: lavender, sage, bergamot, iris, cacao, amber, cardamom, leather. Profile: It smells like lavender and sage at first, then warm leather and cardamom, with something earthy and slightly powdery underneath.."
20842,cozy amber lavender scent for cold weather,"Accords: iris, warm spicy, aromatic. Notes: lavender, sage, bergamot, iris, cacao, amber, cardamom, leather. Profile: It smells like lavender and sage at first, then warm leather and cardamom, with something earthy and slightly powdery underneath.."
19849,warm spicy vanilla perfume for winter,"Accords: soft spicy, powdery, fruity. Notes: black currant, star anise, pepper, galanga, bourbon vanilla, tolu balsam, atlas cedar. Profile: It smells like sweet black currants and spiced vanilla at first, then creamy vanilla with a hint of tolu balsam underneath.."
19849,black currant and pepper fragrance,"Accords: soft spicy, powdery, fruity. Notes: black currant, star anise, pepper, galanga, bourbon vanilla, tolu balsam, atlas cedar. Profile: It smells like sweet black currants and spiced vanilla at first, then creamy vanilla with a hint of tolu balsam underneath.."
19849,cozy spiced wood scent with vanilla,"Accords: soft spicy, powdery, fruity. Notes: black currant, star anise, pepper, galanga, bourbon vanilla, tolu balsam, atlas cedar. Profile: It smells like sweet black currants and spiced vanilla at first, then creamy vanilla with a hint of tolu balsam underneath.."
12737,white flowers jasmine rose perfume,"Accords: white floral, honey, sweet. Notes: african orange flower, jasmine, white honey, patchouli, rose, virginia cedar. Profile: It smells like a florist's closet full of white flowers and honeyed flowers, with something earthy and slightly floral lurking in the background.."
12737,sweet honey floral scent,"Accords: white floral, honey, sweet. Notes: african orange flower, jasmine, white honey, patchouli, rose, virginia cedar. Profile: It smells like a florist's closet full of white flowers and honeyed flowers, with something earthy and slightly floral lurking in the background.."
12737,orange blossom perfume for spring,"Accords: white floral, honey, sweet. Notes: african orange flower, jasmine, white honey, patchouli, rose, virginia cedar. Profile: It smells like a florist's closet full of white flowers and honeyed flowers, with something earthy and slightly floral lurking in the background.."
20066,clean soapy floral perfume for work,"Accords: aldehydic, woody, fresh. Notes: aldehydes, ylang-ylang, neroli, jasmine, rose, vanilla, sandalwood, vetiver. Profile: It smells like a perfumer's closet at dawn — sweet aldehydes mixed with white flowers, then soft vanilla and something slightly earthy.."
20066,classic powdery rose and jasmine scent,"Accords: aldehydic, woody, fresh. Notes: aldehydes, ylang-ylang, neroli, jasmine, rose, vanilla, sandalwood, vetiver. Profile: It smells like a perfumer's closet at dawn — sweet aldehydes mixed with white flowers, then soft vanilla and something slightly earthy.."
20066,vintage perfume smells like expensive soap,"Accords: aldehydic, woody, fresh. Notes: aldehydes, ylang-ylang, neroli, jasmine, rose, vanilla, sandalwood, vetiver. Profile: It smells like a perfumer's closet at dawn — sweet aldehydes mixed with white flowers, then soft vanilla and something slightly earthy.."
6281,warm vanilla and patchouli perfume,"Accords: woody, vanilla, aromatic. Notes: cassis, may rose, freesia, vanilla, patchouli, woody notes, ambroxan. Profile: It smells like a flower shop at dawn — sweet rose petals mixed with white flowers, then soft vanilla and warm wood.."
6281,fresh rose and blackcurrant fragrance,"Accords: woody, vanilla, aromatic. Notes: cassis, may rose, freesia, vanilla, patchouli, woody notes, ambroxan. Profile: It smells like a flower shop at dawn — sweet rose petals mixed with white flowers, then soft vanilla and warm wood.."
6281,woody amber scent for women,"Accords: woody, vanilla, aromatic. Notes: cassis, may rose, freesia, vanilla, patchouli, woody notes, ambroxan. Profile: It smells like a flower shop at dawn — sweet rose petals mixed with white flowers, then soft vanilla and warm wood.."
2016,fresh cucumber and green apple perfume,"Accords: green, fruity, aquatic. Notes: cucumber, grapefruit, magnolia, green apple, lily-of-the-valley, tuberose, violet, rose. Profile: It smells like ripe peaches and green apple at first, then white flowers and violets, finishing with warm wood and a hint of earthy wood.."
2016,crisp morning garden smell with flowers,"Accords: green, fruity, aquatic. Notes: cucumber, grapefruit, magnolia, green apple, lily-of-the-valley, tuberose, violet, rose. Profile: It smells like ripe peaches and green apple at first, then white flowers and violets, finishing with warm wood and a hint of earthy wood.."
2016,clean grapefruit and white floral scent,"Accords: green, fruity, aquatic. Notes: cucumber, grapefruit, magnolia, green apple, lily-of-the-valley, tuberose, violet, rose. Profile: It smells like ripe peaches and green apple at first, then white flowers and violets, finishing with warm wood and a hint of earthy wood.."
9362,light floral perfume with tea and vanilla,"Accords: floral, patchouli, white floral. Notes: tea, bergamot, osmanthus, orchid, jasmine, rose, freesia, african orange flower. Profile: It smells like sweet tea and citrus peel at first, then warm rose petals, finishing with a soft vanilla-musk base.."
9362,jasmine rose perfume not too heavy,"Accords: floral, patchouli, white floral. Notes: tea, bergamot, osmanthus, orchid, jasmine, rose, freesia, african orange flower. Profile: It smells like sweet tea and citrus peel at first, then warm rose petals, finishing with a soft vanilla-musk base.."
9362,soft white flowers bergamot scent,"Accords: floral, patchouli, white floral. Notes: tea, bergamot, osmanthus, orchid, jasmine, rose, freesia, african orange flower. Profile: It smells like sweet tea and citrus peel at first, then warm rose petals, finishing with a soft vanilla-musk base.."
9944,fresh leather jacket with flowers,"Accords: leather, rose, citrus. Notes: grapefruit, narcissus, lily-of-the-valley, rose, mimosa, tuberose, leather, iris. Profile: It smells like citrus peel and narcissus at first, then white flowers and soft leather, finishing with something earthy and slightly leathery.."
9944,citrus and leather perfume for women,"Accords: leather, rose, citrus. Notes: grapefruit, narcissus, lily-of-the-valley, rose, mimosa, tuberose, leather, iris. Profile: It smells like citrus peel and narcissus at first, then white flowers and soft leather, finishing with something earthy and slightly leathery.."
9944,clean soapy leather scent spring flowers,"Accords: leather, rose, citrus. Notes: grapefruit, narcissus, lily-of-the-valley, rose, mimosa, tuberose, leather, iris. Profile: It smells like citrus peel and narcissus at first, then white flowers and soft leather, finishing with something earthy and slightly leathery.."
13579,salty ocean breeze perfume,"Accords: salty, white floral, musky. Notes: sea salt, orange blossom, musk. Profile: It smells like sea salt and sand at first, then settles into something earthy and musky.."
13579,fresh sea salt and white flowers,"Accords: salty, white floral, musky. Notes: sea salt, orange blossom, musk. Profile: It smells like sea salt and sand at first, then settles into something earthy and musky.."
13579,clean beach smell with musk,"Accords: salty, white floral, musky. Notes: sea salt, orange blossom, musk. Profile: It smells like sea salt and sand at first, then settles into something earthy and musky.."
21584,sweet honey and lavender perfume,"Accords: sweet, vanilla, honey. Notes: lavender, bergamot, lemon, honey, cinnamon, cashmeran, jasmine sambac, tobacco leaf. Profile: It smells like sweet lavender and citrus peel at first, then sweet honey and vanilla, finishing with a warm vanilla-tonka base.."
21584,warm vanilla tobacco scent,"Accords: sweet, vanilla, honey. Notes: lavender, bergamot, lemon, honey, cinnamon, cashmeran, jasmine sambac, tobacco leaf. Profile: It smells like sweet lavender and citrus peel at first, then sweet honey and vanilla, finishing with a warm vanilla-tonka base.."
21584,cozy cinnamon and tonka bean fragrance,"Accords: sweet, vanilla, honey. Notes: lavender, bergamot, lemon, honey, cinnamon, cashmeran, jasmine sambac, tobacco leaf. Profile: It smells like sweet lavender and citrus peel at first, then sweet honey and vanilla, finishing with a warm vanilla-tonka base.."
11236,sweet orange blossom honey perfume,"Accords: citrus, white floral, sweet. Notes: italian orange, jasmine, bitter orange, jasmine, orange blossom, ginger, honey, vanilla. Profile: It smells like citrus peel and jasmine at first, then sweet honey and vanilla, finishing with a hint of sweetness.."
11236,fresh jasmine with warm vanilla,"Accords: citrus, white floral, sweet. Notes: italian orange, jasmine, bitter orange, jasmine, orange blossom, ginger, honey, vanilla. Profile: It smells like citrus peel and jasmine at first, then sweet honey and vanilla, finishing with a hint of sweetness.."
11236,citrus ginger scent for summer,"Accords: citrus, white floral, sweet. Notes: italian orange, jasmine, bitter orange, jasmine, orange blossom, ginger, honey, vanilla. Profile: It smells like citrus peel and jasmine at first, then sweet honey and vanilla, finishing with a hint of sweetness.."
12171,fresh pear and tea perfume,"Accords: woody, floral, musky. Notes: bamboo, pear, lotus, tea, cassia, musk, guaiac wood, oakmoss. Profile: It smells like sweet pear and pears at first, then soft tea and wood, with a hint of earthy wood underneath.."
12171,clean bamboo lotus spa scent,"Accords: woody, floral, musky. Notes: bamboo, pear, lotus, tea, cassia, musk, guaiac wood, oakmoss. Profile: It smells like sweet pear and pears at first, then soft tea and wood, with a hint of earthy wood underneath.."
12171,woody musk with green tea,"Accords: woody, floral, musky. Notes: bamboo, pear, lotus, tea, cassia, musk, guaiac wood, oakmoss. Profile: It smells like sweet pear and pears at first, then soft tea and wood, with a hint of earthy wood underneath.."
19786,fresh lemon and clean soap smell,"Accords: citrus, ozonic, iris. Notes: lemon verbena, iris, violet leaf, ambergris, sandalwood. Profile: It smells like a flower shop next to an old wooden furniture store — sweet citrus peel mixed with white flowers, then settled into something earthy and woody.."
19786,light violet and sandalwood perfume,"Accords: citrus, ozonic, iris. Notes: lemon verbena, iris, violet leaf, ambergris, sandalwood. Profile: It smells like a flower shop next to an old wooden furniture store — sweet citrus peel mixed with white flowers, then settled into something earthy and woody.."
19786,citrus with powdery iris scent,"Accords: citrus, ozonic, iris. Notes: lemon verbena, iris, violet leaf, ambergris, sandalwood. Profile: It smells like a flower shop next to an old wooden furniture store — sweet citrus peel mixed with white flowers, then settled into something earthy and woody.."
9318,fresh grapefruit and orange juice smell,"Accords: citrus, sweet, aromatic. Notes: grapefruit, orange, lemon, red currant, sugar cane, bulrush, lily-of-the-valley, tea rose. Profile: It smells like citrus peel and orange peel at first, then white flowers and sweet vanilla, finishing with a hint of woody musk.."
9318,sweet citrus with warm cinnamon spice,"Accords: citrus, sweet, aromatic. Notes: grapefruit, orange, lemon, red currant, sugar cane, bulrush, lily-of-the-valley, tea rose. Profile: It smells like citrus peel and orange peel at first, then white flowers and sweet vanilla, finishing with a hint of woody musk.."
9318,bright lemon perfume with soft musk,"Accords: citrus, sweet, aromatic. Notes: grapefruit, orange, lemon, red currant, sugar cane, bulrush, lily-of-the-valley, tea rose. Profile: It smells like citrus peel and orange peel at first, then white flowers and sweet vanilla, finishing with a hint of woody musk.."
21206,tobacco and sage mens cologne,"Accords: tobacco, sweet, aromatic. Notes: clary sage, black currant, tobacco leaf, nutmeg, orris, tonka bean, oakmoss. Profile: It smells like sweet sage and black currants at first, then soft tobacco and powdery nutmeg, finishing with something earthy and slightly woody.."
21206,warm nutmeg tonka bean perfume,"Accords: tobacco, sweet, aromatic. Notes: clary sage, black currant, tobacco leaf, nutmeg, orris, tonka bean, oakmoss. Profile: It smells like sweet sage and black currants at first, then soft tobacco and powdery nutmeg, finishing with something earthy and slightly woody.."
21206,earthy moss and dark berries fragrance,"Accords: tobacco, sweet, aromatic. Notes: clary sage, black currant, tobacco leaf, nutmeg, orris, tonka bean, oakmoss. Profile: It smells like sweet sage and black currants at first, then soft tobacco and powdery nutmeg, finishing with something earthy and slightly woody.."
13807,sweet vanilla perfume with flowers,"Accords: vanilla, powdery, citrus. Notes: bergamot, orange, green notes, iris, patchouli, vetiver, rose, jasmine. Profile: It smells like citrus peel and orange peel at first, then sweet vanilla and iris, with a soft vanilla-caramel base underneath.."
13807,caramel and musk scent,"Accords: vanilla, powdery, citrus. Notes: bergamot, orange, green notes, iris, patchouli, vetiver, rose, jasmine. Profile: It smells like citrus peel and orange peel at first, then sweet vanilla and iris, with a soft vanilla-caramel base underneath.."
13807,warm vanilla and orange fragrance for everyday,"Accords: vanilla, powdery, citrus. Notes: bergamot, orange, green notes, iris, patchouli, vetiver, rose, jasmine. Profile: It smells like citrus peel and orange peel at first, then sweet vanilla and iris, with a soft vanilla-caramel base underneath.."
5749,fresh watery flowers soap smell,"Accords: floral, fresh, white floral. Notes: lotus, melon, freesia, rose water, rose, calone, cyclamen, lily-of-the-valley. Profile: It smells like sweet melon and rose water at first, then creamy white flowers, with a soft woody base that's soft and powdery.."
5749,clean lily rose perfume for summer,"Accords: floral, fresh, white floral. Notes: lotus, melon, freesia, rose water, rose, calone, cyclamen, lily-of-the-valley. Profile: It smells like sweet melon and rose water at first, then creamy white flowers, with a soft woody base that's soft and powdery.."
5749,light floral melon scent not too sweet,"Accords: floral, fresh, white floral. Notes: lotus, melon, freesia, rose water, rose, calone, cyclamen, lily-of-the-valley. Profile: It smells like sweet melon and rose water at first, then creamy white flowers, with a soft woody base that's soft and powdery.."
13892,creamy vanilla coffee with warm milk,"Accords: lactonic, sweet, vanilla. Notes: rice, anise, bourbon pepper, coffee, orange blossom, coriander, peony, vanilla. Profile: It smells like a coffee shop next to an old spice shop — sweet vanilla and powdered sugar mixed with caramelized milk, then softened by something powdery and slightly woody.."
13892,sweet caramel and sandalwood perfume,"Accords: lactonic, sweet, vanilla. Notes: rice, anise, bourbon pepper, coffee, orange blossom, coriander, peony, vanilla. Profile: It smells like a coffee shop next to an old spice shop — sweet vanilla and powdered sugar mixed with caramelized milk, then softened by something powdery and slightly woody.."
13892,soft milky floral scent,"Accords: lactonic, sweet, vanilla. Notes: rice, anise, bourbon pepper, coffee, orange blossom, coriander, peony, vanilla. Profile: It smells like a coffee shop next to an old spice shop — sweet vanilla and powdered sugar mixed with caramelized milk, then softened by something powdery and slightly woody.."
16013,sweet violet perfume with honey,"Accords: violet, honey, powdery. Notes: black violet, saffron, honey, lavender, tonka bean, cedar, patchouli. Profile: It smells like a spice market at dawn — sweet violets and honey mixed with powdery vanilla, with something earthy and slightly sweet underneath.."
16013,lavender and cedar woody scent,"Accords: violet, honey, powdery. Notes: black violet, saffron, honey, lavender, tonka bean, cedar, patchouli. Profile: It smells like a spice market at dawn — sweet violets and honey mixed with powdery vanilla, with something earthy and slightly sweet underneath.."
16013,dark floral with patchouli and tonka,"Accords: violet, honey, powdery. Notes: black violet, saffron, honey, lavender, tonka bean, cedar, patchouli. Profile: It smells like a spice market at dawn — sweet violets and honey mixed with powdery vanilla, with something earthy and slightly sweet underneath.."
13458,soft musky perfume with vanilla and flowers,"Accords: musky, patchouli, powdery. Notes: pink pepper, jasmine, iris, patchouli, musk, vanilla. Profile: It smells like a spice market at dawn — sweet pepper and jasmine mixed with powdery iris, then soft vanilla and musk.."
13458,jasmine iris clean skin scent,"Accords: musky, patchouli, powdery. Notes: pink pepper, jasmine, iris, patchouli, musk, vanilla. Profile: It smells like a spice market at dawn — sweet pepper and jasmine mixed with powdery iris, then soft vanilla and musk.."
13458,warm patchouli musk vanilla perfume,"Accords: musky, patchouli, powdery. Notes: pink pepper, jasmine, iris, patchouli, musk, vanilla. Profile: It smells like a spice market at dawn — sweet pepper and jasmine mixed with powdery iris, then soft vanilla and musk.."
18751,tobacco and leather jacket smell,"Accords: tobacco, vanilla, leather. Notes: tobacco leaf, bergamot, amber, birch, leather, vanilla, sandalwood, guaiac wood. Profile: It smells like a leather jacket left in an old wooden shed, where tobacco leaves sit next to birch trees, with something earthy and slightly woody lurking in the background.."
18751,warm vanilla tobacco perfume,"Accords: tobacco, vanilla, leather. Notes: tobacco leaf, bergamot, amber, birch, leather, vanilla, sandalwood, guaiac wood. Profile: It smells like a leather jacket left in an old wooden shed, where tobacco leaves sit next to birch trees, with something earthy and slightly woody lurking in the background.."
18751,smoky wood and amber scent,"Accords: tobacco, vanilla, leather. Notes: tobacco leaf, bergamot, amber, birch, leather, vanilla, sandalwood, guaiac wood. Profile: It smells like a leather jacket left in an old wooden shed, where tobacco leaves sit next to birch trees, with something earthy and slightly woody lurking in the background.."
13349,fresh cut grass and wildflowers,"Accords: yellow floral, powdery, fresh spicy. Notes: dandelion, basil, black currant, cyclamen, jasmine, musk, guaiac wood, amber. Profile: It smells like a spice market at dawn — sweet dandelion and black currants mixed with white flowers, finishing with something earthy and slightly woody.."
13349,herbal jasmine perfume for spring,"Accords: yellow floral, powdery, fresh spicy. Notes: dandelion, basil, black currant, cyclamen, jasmine, musk, guaiac wood, amber. Profile: It smells like a spice market at dawn — sweet dandelion and black currants mixed with white flowers, finishing with something earthy and slightly woody.."
13349,green floral with musk and amber,"Accords: yellow floral, powdery, fresh spicy. Notes: dandelion, basil, black currant, cyclamen, jasmine, musk, guaiac wood, amber. Profile: It smells like a spice market at dawn — sweet dandelion and black currants mixed with white flowers, finishing with something earthy and slightly woody.."
7523,sweet almond and honey perfume,"Accords: almond, vanilla, sweet. Notes: almond, cinnamon, mimosa, honey, heliotrope, black rose, labdanum, vanilla. Profile: It smells like sweet almonds and honey at first, then creamy vanilla and white flowers, finishing with a warm, slightly woody base.."
7523,warm cinnamon vanilla scent,"Accords: almond, vanilla, sweet. Notes: almond, cinnamon, mimosa, honey, heliotrope, black rose, labdanum, vanilla. Profile: It smells like sweet almonds and honey at first, then creamy vanilla and white flowers, finishing with a warm, slightly woody base.."
7523,cozy bakery smell with spices,"Accords: almond, vanilla, sweet. Notes: almond, cinnamon, mimosa, honey, heliotrope, black rose, labdanum, vanilla. Profile: It smells like sweet almonds and honey at first, then creamy vanilla and white flowers, finishing with a warm, slightly woody base.."
19807,tropical coconut sunscreen lotion,"Accords: coconut, vanilla, sweet. Notes: bergamot, coconut, tonka bean. Profile: It smells like a spice market at dawn — bergamot-coconut juice mixed with cocoa powder, with something earthy and slightly sweet underneath.."
19807,sweet vanilla coconut dessert,"Accords: coconut, vanilla, sweet. Notes: bergamot, coconut, tonka bean. Profile: It smells like a spice market at dawn — bergamot-coconut juice mixed with cocoa powder, with something earthy and slightly sweet underneath.."
19807,creamy coconut with citrus,"Accords: coconut, vanilla, sweet. Notes: bergamot, coconut, tonka bean. Profile: It smells like a spice market at dawn — bergamot-coconut juice mixed with cocoa powder, with something earthy and slightly sweet underneath.."
14825,earthy truffle and dark plum perfume,"Accords: earthy, sweet, woody. Notes: truffle, plum, rum, ylang-ylang, black orchid, patchouli. Profile: It smells like a spice market at dawn — powdery plums and sweet rum mixed with dark orchids, then softens into something earthy and slightly floral.."
14825,rich soil and sweet boozy scent,"Accords: earthy, sweet, woody. Notes: truffle, plum, rum, ylang-ylang, black orchid, patchouli. Profile: It smells like a spice market at dawn — powdery plums and sweet rum mixed with dark orchids, then softens into something earthy and slightly floral.."
14825,deep earthy smell with dark fruit,"Accords: earthy, sweet, woody. Notes: truffle, plum, rum, ylang-ylang, black orchid, patchouli. Profile: It smells like a spice market at dawn — powdery plums and sweet rum mixed with dark orchids, then softens into something earthy and slightly floral.."
5250,warm spicy floral perfume with citrus,"Accords: soft spicy, sweet, aromatic. Notes: mandarin orange, bergamot, pink pepper, elemi resin, sweet pea, heliotrope, wallflower, elemi. Profile: It smells like citrus peel and bergamot at first, then sweet peas and white flowers, finishing with something earthy and slightly powdery.."
5250,patchouli amber tonka bean fragrance,"Accords: soft spicy, sweet, aromatic. Notes: mandarin orange, bergamot, pink pepper, elemi resin, sweet pea, heliotrope, wallflower, elemi. Profile: It smells like citrus peel and bergamot at first, then sweet peas and white flowers, finishing with something earthy and slightly powdery.."
5250,pink pepper bergamot sweet scent,"Accords: soft spicy, sweet, aromatic. Notes: mandarin orange, bergamot, pink pepper, elemi resin, sweet pea, heliotrope, wallflower, elemi. Profile: It smells like citrus peel and bergamot at first, then sweet peas and white flowers, finishing with something earthy and slightly powdery.."
3019,creamy coconut milk perfume,"Accords: lactonic, sweet, coconut. Notes: pineapple, bitter orange, cassis, fruity notes, lily-of-the-valley, milk, coconut, lily. Profile: It smells like a fruit stand next to an apple orchard — sweet apples and orange peel mixed with white flowers, then soft vanilla and powdery wood.."
3019,sweet strawberry and vanilla scent,"Accords: lactonic, sweet, coconut. Notes: pineapple, bitter orange, cassis, fruity notes, lily-of-the-valley, milk, coconut, lily. Profile: It smells like a fruit stand next to an apple orchard — sweet apples and orange peel mixed with white flowers, then soft vanilla and powdery wood.."
3019,tropical fruity floral with sandalwood,"Accords: lactonic, sweet, coconut. Notes: pineapple, bitter orange, cassis, fruity notes, lily-of-the-valley, milk, coconut, lily. Profile: It smells like a fruit stand next to an apple orchard — sweet apples and orange peel mixed with white flowers, then soft vanilla and powdery wood.."
20923,fresh ocean breeze with herbs,"Accords: aromatic, marine, fresh spicy. Notes: sea notes, bergamot, rosemary, sage, geranium, incense, patchouli. Profile: It smells like salty water and bergamot at first, then rose petals and resinous incense, finishing with a warm, earthy base.."
20923,salty sea air and rosemary,"Accords: aromatic, marine, fresh spicy. Notes: sea notes, bergamot, rosemary, sage, geranium, incense, patchouli. Profile: It smells like salty water and bergamot at first, then rose petals and resinous incense, finishing with a warm, earthy base.."
20923,coastal sage and bergamot scent,"Accords: aromatic, marine, fresh spicy. Notes: sea notes, bergamot, rosemary, sage, geranium, incense, patchouli. Profile: It smells like salty water and bergamot at first, then rose petals and resinous incense, finishing with a warm, earthy base.."
11092,fresh cut grass with herbs and vanilla,"Accords: herbal, aromatic, green. Notes: shiso, grass, artemisia, french labdanum, jasmine, white tobacco, immortelle, leather. Profile: It smells like a leather jacket left open in an old wooden shed, with something earthy and slightly powdery underneath.."
11092,leather jacket with dried flowers and tobacco,"Accords: herbal, aromatic, green. Notes: shiso, grass, artemisia, french labdanum, jasmine, white tobacco, immortelle, leather. Profile: It smells like a leather jacket left open in an old wooden shed, with something earthy and slightly powdery underneath.."
11092,herbal tea garden with sweet undertones,"Accords: herbal, aromatic, green. Notes: shiso, grass, artemisia, french labdanum, jasmine, white tobacco, immortelle, leather. Profile: It smells like a leather jacket left open in an old wooden shed, with something earthy and slightly powdery underneath.."
17973,earthy patchouli with vanilla and amber,"Accords: patchouli, citrus, rose. Notes: bergamot, mandarin orange, rose, patchouli, amber, vanilla. Profile: It smells like citrus peel and orange peel at first, then rose petals and vanilla, finishing with a soft vanilla-vanilla base.."
17973,citrus rose perfume with warm base,"Accords: patchouli, citrus, rose. Notes: bergamot, mandarin orange, rose, patchouli, amber, vanilla. Profile: It smells like citrus peel and orange peel at first, then rose petals and vanilla, finishing with a soft vanilla-vanilla base.."
17973,hippie patchouli but sweeter and softer,"Accords: patchouli, citrus, rose. Notes: bergamot, mandarin orange, rose, patchouli, amber, vanilla. Profile: It smells like citrus peel and orange peel at first, then rose petals and vanilla, finishing with a soft vanilla-vanilla base.."
10232,creamy white flowers with dark berries,"Accords: tuberose, vanilla, white floral. Notes: black currant, davana, tuberose, vanilla absolute, myrrh. Profile: It smells like ripe black currants and dried flowers at first, then sweet vanilla and powdery white flowers, finishing with a hint of earthy sweetness.."
10232,sweet vanilla tuberose night perfume,"Accords: tuberose, vanilla, white floral. Notes: black currant, davana, tuberose, vanilla absolute, myrrh. Profile: It smells like ripe black currants and dried flowers at first, then sweet vanilla and powdery white flowers, finishing with a hint of earthy sweetness.."
10232,rich floral with blackcurrant and incense,"Accords: tuberose, vanilla, white floral. Notes: black currant, davana, tuberose, vanilla absolute, myrrh. Profile: It smells like ripe black currants and dried flowers at first, then sweet vanilla and powdery white flowers, finishing with a hint of earthy sweetness.."
12801,floral perfume with moss and spices,"Accords: earthy, mossy, warm spicy. Notes: bergamot, rose, jasmine, citruses, peach, ylang-ylang, rose, lilac. Profile: It smells like a flower shop at dawn — sweet peaches and roses mixed with white flowers, then softened by powdery moss and warm wood.."
12801,rose jasmine with earthy vetiver base,"Accords: earthy, mossy, warm spicy. Notes: bergamot, rose, jasmine, citruses, peach, ylang-ylang, rose, lilac. Profile: It smells like a flower shop at dawn — sweet peaches and roses mixed with white flowers, then softened by powdery moss and warm wood.."
12801,citrus peach perfume that smells like dirt and flowers,"Accords: earthy, mossy, warm spicy. Notes: bergamot, rose, jasmine, citruses, peach, ylang-ylang, rose, lilac. Profile: It smells like a flower shop at dawn — sweet peaches and roses mixed with white flowers, then softened by powdery moss and warm wood.."
17496,tropical coconut sunscreen beach smell,"Accords: coconut, white floral, sweet. Notes: bergamot, mandarin orange, tiare flower, myrhh, jasmine, african orange flower, magnolia, coconut. Profile: It smells like a spice market at dawn — citrus peel and honey mixed with white flowers, then softened by something earthy and slightly powdery.."
17496,sweet caramel coconut perfume,"Accords: coconut, white floral, sweet. Notes: bergamot, mandarin orange, tiare flower, myrhh, jasmine, african orange flower, magnolia, coconut. Profile: It smells like a spice market at dawn — citrus peel and honey mixed with white flowers, then softened by something earthy and slightly powdery.."
17496,creamy white flowers with coconut,"Accords: coconut, white floral, sweet. Notes: bergamot, mandarin orange, tiare flower, myrhh, jasmine, african orange flower, magnolia, coconut. Profile: It smells like a spice market at dawn — citrus peel and honey mixed with white flowers, then softened by something earthy and slightly powdery.."
20318,tobacco and leather jacket smell,"Accords: tobacco, oud, woody. Notes: grapefruit, lavender, artemisia, tobacco, spices, leather, agarwood (oud), dark woodsy notes. Profile: It smells like a leather jacket left open in an old leather store — sweet citrus peel and powdery tobacco mixed with dark woods, finishing with something earthy and woody.."
20318,dark woody cologne with grapefruit,"Accords: tobacco, oud, woody. Notes: grapefruit, lavender, artemisia, tobacco, spices, leather, agarwood (oud), dark woodsy notes. Profile: It smells like a leather jacket left open in an old leather store — sweet citrus peel and powdery tobacco mixed with dark woods, finishing with something earthy and woody.."
20318,spicy tobacco with lavender men's fragrance,"Accords: tobacco, oud, woody. Notes: grapefruit, lavender, artemisia, tobacco, spices, leather, agarwood (oud), dark woodsy notes. Profile: It smells like a leather jacket left open in an old leather store — sweet citrus peel and powdery tobacco mixed with dark woods, finishing with something earthy and woody.."
17490,fresh lavender and spicy pepper cologne,"Accords: fresh spicy, citrus, amber. Notes: bergamot, sichuan pepper, lavender, star anise, nutmeg, ambroxan, vanilla. Profile: It smells like a spice market at dawn — bergamot and pepper mixed with powdery vanilla, with something sweet and earthy lurking in the background.."
17490,warm vanilla with bergamot and spices,"Accords: fresh spicy, citrus, amber. Notes: bergamot, sichuan pepper, lavender, star anise, nutmeg, ambroxan, vanilla. Profile: It smells like a spice market at dawn — bergamot and pepper mixed with powdery vanilla, with something sweet and earthy lurking in the background.."
17490,clean aromatic scent with pepper and nutmeg,"Accords: fresh spicy, citrus, amber. Notes: bergamot, sichuan pepper, lavender, star anise, nutmeg, ambroxan, vanilla. Profile: It smells like a spice market at dawn — bergamot and pepper mixed with powdery vanilla, with something sweet and earthy lurking in the background.."
13464,warm spicy peach and vanilla perfume,"Accords: warm spicy, woody, powdery. Notes: peach, cardamom, lily, grapefruit, bergamot, rose, cinnamon, apricot. Profile: It smells like ripe peaches and cardamom at first, then sweet vanilla and powdery roses, finishing with a warm woody base.."
13464,cardamom cinnamon sandalwood fragrance,"Accords: warm spicy, woody, powdery. Notes: peach, cardamom, lily, grapefruit, bergamot, rose, cinnamon, apricot. Profile: It smells like ripe peaches and cardamom at first, then sweet vanilla and powdery roses, finishing with a warm woody base.."
13464,cozy sweet fruit and wood scent,"Accords: warm spicy, woody, powdery. Notes: peach, cardamom, lily, grapefruit, bergamot, rose, cinnamon, apricot. Profile: It smells like ripe peaches and cardamom at first, then sweet vanilla and powdery roses, finishing with a warm woody base.."
11817,creamy white jasmine perfume,"Accords: white floral, amber, floral. Notes: jasmine sambac, cashmeran, amber. Profile: It smells like a perfumer's closet at dawn — sweet jasmine and powdery amber mixed with warm wood.."
11817,soft warm amber and flowers,"Accords: white floral, amber, floral. Notes: jasmine sambac, cashmeran, amber. Profile: It smells like a perfumer's closet at dawn — sweet jasmine and powdery amber mixed with warm wood.."
11817,jasmine night blooming scent,"Accords: white floral, amber, floral. Notes: jasmine sambac, cashmeran, amber. Profile: It smells like a perfumer's closet at dawn — sweet jasmine and powdery amber mixed with warm wood.."
6826,sweet peach and vanilla perfume,"Accords: fruity, white floral, vanilla. Notes: peach, litchi, mandarin orange, bergamot, lily, plum, jasmine, lily-of-the-valley. Profile: It smells like sweet peaches and citrus peel at first, then white flowers and vanilla, finishing with a hint of powdery amber.."
6826,fruity floral scent for summer,"Accords: fruity, white floral, vanilla. Notes: peach, litchi, mandarin orange, bergamot, lily, plum, jasmine, lily-of-the-valley. Profile: It smells like sweet peaches and citrus peel at first, then white flowers and vanilla, finishing with a hint of powdery amber.."
6826,fresh lychee and jasmine fragrance,"Accords: fruity, white floral, vanilla. Notes: peach, litchi, mandarin orange, bergamot, lily, plum, jasmine, lily-of-the-valley. Profile: It smells like sweet peaches and citrus peel at first, then white flowers and vanilla, finishing with a hint of powdery amber.."
12487,dark chocolate with berries and flowers,"Accords: cacao, fruity, warm spicy. Notes: black currant, rose, cacao, patchouli. Profile: It smells like a spice market at dawn — sweet black currants and roses mixed with powdery vanilla, with something earthy and slightly sweet underneath.."
12487,rich cocoa patchouli perfume,"Accords: cacao, fruity, warm spicy. Notes: black currant, rose, cacao, patchouli. Profile: It smells like a spice market at dawn — sweet black currants and roses mixed with powdery vanilla, with something earthy and slightly sweet underneath.."
12487,sweet fruity chocolate rose scent,"Accords: cacao, fruity, warm spicy. Notes: black currant, rose, cacao, patchouli. Profile: It smells like a spice market at dawn — sweet black currants and roses mixed with powdery vanilla, with something earthy and slightly sweet underneath.."
20070,spicy cinnamon perfume for winter,"Accords: warm spicy, fresh spicy, woody. Notes: nutmeg, cinnamon, cardamom, grapefruit, lavender, licorice, sandalwood, amber. Profile: It smells like a spice market at dawn — sweet cinnamon and cardamom mixed with white flowers, with something earthy and slightly woody underneath.."
20070,warm nutmeg and sandalwood cologne,"Accords: warm spicy, fresh spicy, woody. Notes: nutmeg, cinnamon, cardamom, grapefruit, lavender, licorice, sandalwood, amber. Profile: It smells like a spice market at dawn — sweet cinnamon and cardamom mixed with white flowers, with something earthy and slightly woody underneath.."
20070,cozy cardamom scent like chai tea,"Accords: warm spicy, fresh spicy, woody. Notes: nutmeg, cinnamon, cardamom, grapefruit, lavender, licorice, sandalwood, amber. Profile: It smells like a spice market at dawn — sweet cinnamon and cardamom mixed with white flowers, with something earthy and slightly woody underneath.."
2819,sweet mango and berry perfume,"Accords: tropical, fruity, sweet. Notes: mango, blackberry, black pepper, jasmine, orris, lotus, vanilla, icing pink. Profile: It smells like ripe mango and blackberry at first, then sweet vanilla and powdery white flowers, finishing with a soft vanilla-sweet finish.."
2819,tropical fruity scent with vanilla,"Accords: tropical, fruity, sweet. Notes: mango, blackberry, black pepper, jasmine, orris, lotus, vanilla, icing pink. Profile: It smells like ripe mango and blackberry at first, then sweet vanilla and powdery white flowers, finishing with a soft vanilla-sweet finish.."
2819,black pepper jasmine flower perfume,"Accords: tropical, fruity, sweet. Notes: mango, blackberry, black pepper, jasmine, orris, lotus, vanilla, icing pink. Profile: It smells like ripe mango and blackberry at first, then sweet vanilla and powdery white flowers, finishing with a soft vanilla-sweet finish.."
19495,soft floral perfume with vanilla and powder,"Accords: powdery, floral, vanilla. Notes: anise, neroli, coriander, bergamot, lemon, heliotrope, carnation, violet. Profile: It smells like a flower shop at dawn — citrus peel and white flowers mixed with powdered rose petals, then settles into something slightly sweet and earthy.."
19495,vintage violet and rose scent,"Accords: powdery, floral, vanilla. Notes: anise, neroli, coriander, bergamot, lemon, heliotrope, carnation, violet. Profile: It smells like a flower shop at dawn — citrus peel and white flowers mixed with powdered rose petals, then settles into something slightly sweet and earthy.."
19495,powdery musk perfume like grandma's makeup,"Accords: powdery, floral, vanilla. Notes: anise, neroli, coriander, bergamot, lemon, heliotrope, carnation, violet. Profile: It smells like a flower shop at dawn — citrus peel and white flowers mixed with powdered rose petals, then settles into something slightly sweet and earthy.."
18639,leather jacket with spicy pepper and woods,"Accords: woody, citrus, aromatic. Notes: bergamot, pink pepper, clary sage, haitian vetiver, leather, ambroxan, akigalawood, indonesian patchouli leaf. Profile: It smells like a leather jacket left in an old wooden shed, with something powdery and slightly earthy lurking in the background.."
18639,dark chocolate and earthy vetiver cologne,"Accords: woody, citrus, aromatic. Notes: bergamot, pink pepper, clary sage, haitian vetiver, leather, ambroxan, akigalawood, indonesian patchouli leaf. Profile: It smells like a leather jacket left in an old wooden shed, with something powdery and slightly earthy lurking in the background.."
18639,warm woody scent with sage and bergamot,"Accords: woody, citrus, aromatic. Notes: bergamot, pink pepper, clary sage, haitian vetiver, leather, ambroxan, akigalawood, indonesian patchouli leaf. Profile: It smells like a leather jacket left in an old wooden shed, with something powdery and slightly earthy lurking in the background.."
16666,sweet chocolate and vanilla perfume,"Accords: chocolate, sweet, warm spicy. Notes: milk chocolate, green apple, mandarin orange, dark chocolate, vanilla flower, sandalwood, white musk, praline. Profile: It smells like a chocolate bar at dawn — dark chocolate mixed with white flowers, then soft vanilla and powdery musk.."
16666,creamy milk chocolate with fruity notes,"Accords: chocolate, sweet, warm spicy. Notes: milk chocolate, green apple, mandarin orange, dark chocolate, vanilla flower, sandalwood, white musk, praline. Profile: It smells like a chocolate bar at dawn — dark chocolate mixed with white flowers, then soft vanilla and powdery musk.."
16666,chocolate candy store scent,"Accords: chocolate, sweet, warm spicy. Notes: milk chocolate, green apple, mandarin orange, dark chocolate, vanilla flower, sandalwood, white musk, praline. Profile: It smells like a chocolate bar at dawn — dark chocolate mixed with white flowers, then soft vanilla and powdery musk.."
5972,soft powder and violet flowers perfume,"Accords: powdery, amber, vanilla. Notes: plum, chinese cinnamon wood, iris, violet, lily, anise, jasmine, mimosa. Profile: It smells like a flower shop at dawn — sweet plums and white flowers mixed with powdery flowers, then settles into something earthy and resinous.."
5972,warm vanilla sandalwood with iris,"Accords: powdery, amber, vanilla. Notes: plum, chinese cinnamon wood, iris, violet, lily, anise, jasmine, mimosa. Profile: It smells like a flower shop at dawn — sweet plums and white flowers mixed with powdery flowers, then settles into something earthy and resinous.."
5972,sweet floral with cinnamon and musk,"Accords: powdery, amber, vanilla. Notes: plum, chinese cinnamon wood, iris, violet, lily, anise, jasmine, mimosa. Profile: It smells like a flower shop at dawn — sweet plums and white flowers mixed with powdery flowers, then settles into something earthy and resinous.."
167,clean soapy floral perfume,"Accords: aldehydic, musky, fresh. Notes: aldehydes, grapefruit, freesia, jasmine, lily-of-the-valley, orange, orchid, musk. Profile: It smells like citrus peel and white flowers at first, then soft florals, finishing with a warm woody base.."
167,fresh grapefruit and white flowers,"Accords: aldehydic, musky, fresh. Notes: aldehydes, grapefruit, freesia, jasmine, lily-of-the-valley, orange, orchid, musk. Profile: It smells like citrus peel and white flowers at first, then soft florals, finishing with a warm woody base.."
167,powder musk sandalwood scent,"Accords: aldehydic, musky, fresh. Notes: aldehydes, grapefruit, freesia, jasmine, lily-of-the-valley, orange, orchid, musk. Profile: It smells like citrus peel and white flowers at first, then soft florals, finishing with a warm woody base.."
9628,spicy floral perfume with vanilla and musk,"Accords: soft spicy, fruity, sweet. Notes: pink pepper, red currant, bay leaf, rose, lotus, patchouli, vanilla, amber. Profile: It smells like a spice market at dawn — sweet pepper and white flowers mixed with powdery florals, finishing with something earthy and slightly woody.."
9628,pink pepper rose scent,"Accords: soft spicy, fruity, sweet. Notes: pink pepper, red currant, bay leaf, rose, lotus, patchouli, vanilla, amber. Profile: It smells like a spice market at dawn — sweet pepper and white flowers mixed with powdery florals, finishing with something earthy and slightly woody.."
9628,warm amber vanilla with berries,"Accords: soft spicy, fruity, sweet. Notes: pink pepper, red currant, bay leaf, rose, lotus, patchouli, vanilla, amber. Profile: It smells like a spice market at dawn — sweet pepper and white flowers mixed with powdery florals, finishing with something earthy and slightly woody.."
9918,sweet plum and berry perfume,"Accords: fruity, sweet, amber. Notes: plum, wild berries, coriander, anise, brazilian rosewood, tuberose, incense, white honey. Profile: It smells like a spice market at dawn — sweet plums and honey mixed with white flowers, then softened by powdery incense and warm vanilla.."
9918,warm spicy honey vanilla scent,"Accords: fruity, sweet, amber. Notes: plum, wild berries, coriander, anise, brazilian rosewood, tuberose, incense, white honey. Profile: It smells like a spice market at dawn — sweet plums and honey mixed with white flowers, then softened by powdery incense and warm vanilla.."
9918,fruity incense perfume women,"Accords: fruity, sweet, amber. Notes: plum, wild berries, coriander, anise, brazilian rosewood, tuberose, incense, white honey. Profile: It smells like a spice market at dawn — sweet plums and honey mixed with white flowers, then softened by powdery incense and warm vanilla.."
7804,fresh watermelon perfume for summer,"Accords: ozonic, fruity, aquatic. Notes: watermelon, red currant, yuzu, lilac, may rose, stephanotis, white musk, cedar. Profile: It smells like watermelon and yuzu at first, then white flowers with a hint of musk and soft wood underneath.."
7804,clean laundry smell with light florals,"Accords: ozonic, fruity, aquatic. Notes: watermelon, red currant, yuzu, lilac, may rose, stephanotis, white musk, cedar. Profile: It smells like watermelon and yuzu at first, then white flowers with a hint of musk and soft wood underneath.."
7804,crisp ozonic scent like after rain,"Accords: ozonic, fruity, aquatic. Notes: watermelon, red currant, yuzu, lilac, may rose, stephanotis, white musk, cedar. Profile: It smells like watermelon and yuzu at first, then white flowers with a hint of musk and soft wood underneath.."
20652,warm cinnamon vanilla perfume,"Accords: woody, warm spicy, sweet. Notes: cognac, cinnamon, tonka bean, oak, vanilla, praline, sandalwood. Profile: It smells like a coffee shop next to an old wooden furniture store — dark chocolate and vanilla, with something sweet and slightly earthy underneath.."
20652,cozy cognac and wood scent,"Accords: woody, warm spicy, sweet. Notes: cognac, cinnamon, tonka bean, oak, vanilla, praline, sandalwood. Profile: It smells like a coffee shop next to an old wooden furniture store — dark chocolate and vanilla, with something sweet and slightly earthy underneath.."
20652,sweet praline tonka bean fragrance,"Accords: woody, warm spicy, sweet. Notes: cognac, cinnamon, tonka bean, oak, vanilla, praline, sandalwood. Profile: It smells like a coffee shop next to an old wooden furniture store — dark chocolate and vanilla, with something sweet and slightly earthy underneath.."
14735,sweet vanilla coconut perfume,"Accords: vanilla, sweet, almond. Notes: coconut, plum, apricot, brazilian rosewood, jasmine, caraway, tuberose, rose. Profile: It smells like a spice market at dawn — sweet almonds and powdered roses mixed with white flowers, then soft vanilla and soft wood.."
14735,tropical fruit and jasmine scent,"Accords: vanilla, sweet, almond. Notes: coconut, plum, apricot, brazilian rosewood, jasmine, caraway, tuberose, rose. Profile: It smells like a spice market at dawn — sweet almonds and powdered roses mixed with white flowers, then soft vanilla and soft wood.."
14735,creamy almond sandalwood fragrance,"Accords: vanilla, sweet, almond. Notes: coconut, plum, apricot, brazilian rosewood, jasmine, caraway, tuberose, rose. Profile: It smells like a spice market at dawn — sweet almonds and powdered roses mixed with white flowers, then soft vanilla and soft wood.."
13719,hazelnut vanilla perfume for women,"Accords: nutty, vanilla, woody. Notes: lemon, bergamot, jasmine, lily-of-the-valley, hazelnut, vanilla, amber, musk. Profile: It smells like citrus peel and bergamot at first, then white flowers and vanilla, finishing with something earthy and slightly powdery.."
13719,warm nutty scent with flowers,"Accords: nutty, vanilla, woody. Notes: lemon, bergamot, jasmine, lily-of-the-valley, hazelnut, vanilla, amber, musk. Profile: It smells like citrus peel and bergamot at first, then white flowers and vanilla, finishing with something earthy and slightly powdery.."
13719,sweet almond smell with citrus,"Accords: nutty, vanilla, woody. Notes: lemon, bergamot, jasmine, lily-of-the-valley, hazelnut, vanilla, amber, musk. Profile: It smells like citrus peel and bergamot at first, then white flowers and vanilla, finishing with something earthy and slightly powdery.."
18638,warm spicy woods with vanilla,"Accords: woody, vanilla, balsamic. Notes: cloves, pink pepper, orange blossom, chestnut, guaiac wood, juniper, vanilla, peru balsam. Profile: It smells like a spice market at dawn — sweet cloves and orange blossoms mixed with powdery wood, then softened by something creamy and slightly earthy.."
18638,cozy fireplace smell with cloves and chestnuts,"Accords: woody, vanilla, balsamic. Notes: cloves, pink pepper, orange blossom, chestnut, guaiac wood, juniper, vanilla, peru balsam. Profile: It smells like a spice market at dawn — sweet cloves and orange blossoms mixed with powdery wood, then softened by something creamy and slightly earthy.."
18638,peppery orange blossom perfume,"Accords: woody, vanilla, balsamic. Notes: cloves, pink pepper, orange blossom, chestnut, guaiac wood, juniper, vanilla, peru balsam. Profile: It smells like a spice market at dawn — sweet cloves and orange blossoms mixed with powdery wood, then softened by something creamy and slightly earthy.."
11233,light floral perfume for spring,"Accords: fresh, floral, rose. Notes: pink pepper, peony, litchi, petalia, musk, white cedar extract, amber. Profile: It smells like a spice market at dawn — sweet pepper and peony mixed with powdery white flowers, finishing with something earthy and slightly amber.."
11233,fresh pink pepper and peony scent,"Accords: fresh, floral, rose. Notes: pink pepper, peony, litchi, petalia, musk, white cedar extract, amber. Profile: It smells like a spice market at dawn — sweet pepper and peony mixed with powdery white flowers, finishing with something earthy and slightly amber.."
11233,clean musky fragrance with lychee,"Accords: fresh, floral, rose. Notes: pink pepper, peony, litchi, petalia, musk, white cedar extract, amber. Profile: It smells like a spice market at dawn — sweet pepper and peony mixed with powdery white flowers, finishing with something earthy and slightly amber.."
14189,sweet honey perfume with pine,"Accords: honey, woody, aromatic. Notes: caraway, pine tree needles, honey, beeswax, jasmine, oakmoss, amber, vanilla. Profile: It smells like a spice market at dawn — sweet caraway and honey mixed with white flowers, then softens into something earthy and slightly powdery.."
14189,warm beeswax candle scent,"Accords: honey, woody, aromatic. Notes: caraway, pine tree needles, honey, beeswax, jasmine, oakmoss, amber, vanilla. Profile: It smells like a spice market at dawn — sweet caraway and honey mixed with white flowers, then softens into something earthy and slightly powdery.."
14189,jasmine and honey fragrance,"Accords: honey, woody, aromatic. Notes: caraway, pine tree needles, honey, beeswax, jasmine, oakmoss, amber, vanilla. Profile: It smells like a spice market at dawn — sweet caraway and honey mixed with white flowers, then softens into something earthy and slightly powdery.."
21730,sweet vanilla and tobacco smell,"Accords: vanilla, sweet, honey. Notes: lavender, mint, vanilla, benzoin, honey, tonka bean, tobacco. Profile: It smells like powdery lavender and mint at first, then sweet vanilla and honey, finishing with a hint of tobacco.."
21730,cozy honey lavender perfume,"Accords: vanilla, sweet, honey. Notes: lavender, mint, vanilla, benzoin, honey, tonka bean, tobacco. Profile: It smells like powdery lavender and mint at first, then sweet vanilla and honey, finishing with a hint of tobacco.."
21730,warm minty vanilla scent,"Accords: vanilla, sweet, honey. Notes: lavender, mint, vanilla, benzoin, honey, tonka bean, tobacco. Profile: It smells like powdery lavender and mint at first, then sweet vanilla and honey, finishing with a hint of tobacco.."
16799,warm leather jacket with spices,"Accords: animalic, amber, leather. Notes: ambergris, cardamom, coriander, cinnamon, peach, ylang-ylang, orange blossom, leather. Profile: It smells like a spice market at dawn — sweet amber and cardamom mixed with citrus peel, then soft leather with something earthy and woody underneath.."
16799,sexy musky skin scent,"Accords: animalic, amber, leather. Notes: ambergris, cardamom, coriander, cinnamon, peach, ylang-ylang, orange blossom, leather. Profile: It smells like a spice market at dawn — sweet amber and cardamom mixed with citrus peel, then soft leather with something earthy and woody underneath.."
16799,peach and cinnamon with something dirty,"Accords: animalic, amber, leather. Notes: ambergris, cardamom, coriander, cinnamon, peach, ylang-ylang, orange blossom, leather. Profile: It smells like a spice market at dawn — sweet amber and cardamom mixed with citrus peel, then soft leather with something earthy and woody underneath.."
15544,warm honey and tobacco perfume,"Accords: honey, sweet, white floral. Notes: tobacco blossom, ginger, bergamot, honey, vanilla orchid, mimosa, tonka bean, musk. Profile: It smells like sweet tobacco and honey at first, then creamy vanilla and musk, finishing with a soft, slightly powdery sweetness.."
15544,spicy ginger vanilla scent,"Accords: honey, sweet, white floral. Notes: tobacco blossom, ginger, bergamot, honey, vanilla orchid, mimosa, tonka bean, musk. Profile: It smells like sweet tobacco and honey at first, then creamy vanilla and musk, finishing with a soft, slightly powdery sweetness.."
15544,sweet musky perfume with bergamot,"Accords: honey, sweet, white floral. Notes: tobacco blossom, ginger, bergamot, honey, vanilla orchid, mimosa, tonka bean, musk. Profile: It smells like sweet tobacco and honey at first, then creamy vanilla and musk, finishing with a soft, slightly powdery sweetness.."
13881,powdery iris perfume with leather and vanilla,"Accords: iris, rose, powdery. Notes: bergamot, grapefruit, iris, bulgarian rose, praline, mahonial, leather, vanilla. Profile: It smells like a leather jacket draped over the back of your handbag, with something sweet and slightly earthy lurking in the background.."
13881,fresh citrus rose with sweet praline base,"Accords: iris, rose, powdery. Notes: bergamot, grapefruit, iris, bulgarian rose, praline, mahonial, leather, vanilla. Profile: It smells like a leather jacket draped over the back of your handbag, with something sweet and slightly earthy lurking in the background.."
13881,soft floral leather scent for everyday wear,"Accords: iris, rose, powdery. Notes: bergamot, grapefruit, iris, bulgarian rose, praline, mahonial, leather, vanilla. Profile: It smells like a leather jacket draped over the back of your handbag, with something sweet and slightly earthy lurking in the background.."
14810,fruity sweet perfume with hazelnut and vanilla,"Accords: nutty, sweet, woody. Notes: cherry, pomegranate, pink pepper, lemon, grapefruit, apple, pear, litchi. Profile: It smells like a fruit stand next to an apple orchard, where dried fruit is mixed with powdered sugar, then settles into something sweet and slightly earthy.."
14810,candy shop with almonds and berries,"Accords: nutty, sweet, woody. Notes: cherry, pomegranate, pink pepper, lemon, grapefruit, apple, pear, litchi. Profile: It smells like a fruit stand next to an apple orchard, where dried fruit is mixed with powdered sugar, then settles into something sweet and slightly earthy.."
14810,creamy nutty scent like dessert,"Accords: nutty, sweet, woody. Notes: cherry, pomegranate, pink pepper, lemon, grapefruit, apple, pear, litchi. Profile: It smells like a fruit stand next to an apple orchard, where dried fruit is mixed with powdered sugar, then settles into something sweet and slightly earthy.."
856,dark chocolate perfume with fruity notes,"Accords: chocolate, powdery, sweet. Notes: peach, black currant, mandarin orange, bergamot, dark chocolate, rose, violet, vanilla. Profile: It smells like ripe peaches and orange peel at first, then dark chocolate and white flowers, finishing with a hint of vanilla and powdery musk.."
856,sweet peach and chocolate fragrance,"Accords: chocolate, powdery, sweet. Notes: peach, black currant, mandarin orange, bergamot, dark chocolate, rose, violet, vanilla. Profile: It smells like ripe peaches and orange peel at first, then dark chocolate and white flowers, finishing with a hint of vanilla and powdery musk.."
856,vanilla chocolate scent with berries,"Accords: chocolate, powdery, sweet. Notes: peach, black currant, mandarin orange, bergamot, dark chocolate, rose, violet, vanilla. Profile: It smells like ripe peaches and orange peel at first, then dark chocolate and white flowers, finishing with a hint of vanilla and powdery musk.."
13296,hazelnut vanilla perfume for everyday,"Accords: nutty, citrus, vanilla. Notes: orange, lemon, bergamot, hazelnut, coriander, lily-of-the-valley, vanilla, musk. Profile: It smells like orange peel and citrus peel at first, then warm vanilla and powdery flowers, finishing with a soft vanilla-musk base.."
13296,citrus and nuts fragrance,"Accords: nutty, citrus, vanilla. Notes: orange, lemon, bergamot, hazelnut, coriander, lily-of-the-valley, vanilla, musk. Profile: It smells like orange peel and citrus peel at first, then warm vanilla and powdery flowers, finishing with a soft vanilla-musk base.."
13296,warm nutty scent with orange and musk,"Accords: nutty, citrus, vanilla. Notes: orange, lemon, bergamot, hazelnut, coriander, lily-of-the-valley, vanilla, musk. Profile: It smells like orange peel and citrus peel at first, then warm vanilla and powdery flowers, finishing with a soft vanilla-musk base.."
13768,spicy tobacco with fresh herbs and citrus,"Accords: tobacco, warm spicy, amber. Notes: lavender, clementine, cucumber, cardamom, pepper, basil, osmanthus, tobacco. Profile: It smells like a spice market at dawn — sweet lavender and cardamom mixed with powdery tobacco, with something earthy and slightly woody underneath.."
13768,warm tobacco patchouli cologne for men,"Accords: tobacco, warm spicy, amber. Notes: lavender, clementine, cucumber, cardamom, pepper, basil, osmanthus, tobacco. Profile: It smells like a spice market at dawn — sweet lavender and cardamom mixed with powdery tobacco, with something earthy and slightly woody underneath.."
13768,cucumber basil pepper fragrance clean and woody,"Accords: tobacco, warm spicy, amber. Notes: lavender, clementine, cucumber, cardamom, pepper, basil, osmanthus, tobacco. Profile: It smells like a spice market at dawn — sweet lavender and cardamom mixed with powdery tobacco, with something earthy and slightly woody underneath.."
6506,salty ocean breeze perfume,"Accords: salty, marine, fruity. Notes: acai berry, sea salt, driftwood. Profile: It smells like ripe acai berries and sea salt at first, then settles into something earthy and woody.."
6506,beachy driftwood fragrance,"Accords: salty, marine, fruity. Notes: acai berry, sea salt, driftwood. Profile: It smells like ripe acai berries and sea salt at first, then settles into something earthy and woody.."
6506,sea salt and berries scent,"Accords: salty, marine, fruity. Notes: acai berry, sea salt, driftwood. Profile: It smells like ripe acai berries and sea salt at first, then settles into something earthy and woody.."
12695,perfume that smells like fresh cut metal and roses,"Accords: metallic, rose, amber. Notes: metallic notes, green leaves, grapefruit, pink rose, incense, ambergris, cashmere wood, sandalwood. Profile: It smells like a spice market at dawn — green leaves mixed with powdery incense, then softened by warm wood.."
12695,grapefruit and incense fragrance clean and sharp,"Accords: metallic, rose, amber. Notes: metallic notes, green leaves, grapefruit, pink rose, incense, ambergris, cashmere wood, sandalwood. Profile: It smells like a spice market at dawn — green leaves mixed with powdery incense, then softened by warm wood.."
12695,metallic green scent with sandalwood base,"Accords: metallic, rose, amber. Notes: metallic notes, green leaves, grapefruit, pink rose, incense, ambergris, cashmere wood, sandalwood. Profile: It smells like a spice market at dawn — green leaves mixed with powdery incense, then softened by warm wood.."
4101,fresh ocean breeze citrus cologne,"Accords: citrus, marine, aromatic. Notes: sea notes, grapefruit, mandarin orange, bay leaf, jasmine, ambergris, guaiac wood, oakmoss. Profile: It smells like a seaside garden at dawn — citrus peel and orange peel mixed with white flowers, then settles into something earthy and slightly woody.."
4101,grapefruit and sea salt fragrance,"Accords: citrus, marine, aromatic. Notes: sea notes, grapefruit, mandarin orange, bay leaf, jasmine, ambergris, guaiac wood, oakmoss. Profile: It smells like a seaside garden at dawn — citrus peel and orange peel mixed with white flowers, then settles into something earthy and slightly woody.."
4101,light summery citrus perfume,"Accords: citrus, marine, aromatic. Notes: sea notes, grapefruit, mandarin orange, bay leaf, jasmine, ambergris, guaiac wood, oakmoss. Profile: It smells like a seaside garden at dawn — citrus peel and orange peel mixed with white flowers, then settles into something earthy and slightly woody.."
13198,tropical coconut flower perfume,"Accords: tuberose, coconut, vanilla. Notes: coconut milk, sand, tuberose, ylang ylang, vanilla, amber. Profile: It smells like powdered coconut and sand at first, then creamy vanilla and amber, with a soft vanilla-ylang-vanilla base.."
13198,beachy vanilla sunscreen smell,"Accords: tuberose, coconut, vanilla. Notes: coconut milk, sand, tuberose, ylang ylang, vanilla, amber. Profile: It smells like powdered coconut and sand at first, then creamy vanilla and amber, with a soft vanilla-ylang-vanilla base.."
13198,creamy tuberose ylang ylang scent,"Accords: tuberose, coconut, vanilla. Notes: coconut milk, sand, tuberose, ylang ylang, vanilla, amber. Profile: It smells like powdered coconut and sand at first, then creamy vanilla and amber, with a soft vanilla-ylang-vanilla base.."
6290,warm vanilla perfume with flowers,"Accords: vanilla, sweet, warm spicy. Notes: saffron, thyme, mandarin orange, lily, ylang-ylang, orchid, vanilla, tonka bean. Profile: It smells like citrus peel and thyme at first, then creamy vanilla and sweet vanilla, with a hint of powdery wood underneath.."
6290,vanilla and spices scent women,"Accords: vanilla, sweet, warm spicy. Notes: saffron, thyme, mandarin orange, lily, ylang-ylang, orchid, vanilla, tonka bean. Profile: It smells like citrus peel and thyme at first, then creamy vanilla and sweet vanilla, with a hint of powdery wood underneath.."
6290,sweet creamy vanilla with citrus,"Accords: vanilla, sweet, warm spicy. Notes: saffron, thyme, mandarin orange, lily, ylang-ylang, orchid, vanilla, tonka bean. Profile: It smells like citrus peel and thyme at first, then creamy vanilla and sweet vanilla, with a hint of powdery wood underneath.."
8705,warm amber perfume with vanilla and jasmine,"Accords: amber, balsamic, sweet. Notes: mandarin orange, bergamot, lily-of-the-valley, myrhh, jasmine, opoponax, amber, patchouli. Profile: It smells like citrus peel and bergamot at first, then white flowers with a hint of powdery amber, finishing with something sweet and slightly floral.."
8705,cozy sweet resinous scent like incense,"Accords: amber, balsamic, sweet. Notes: mandarin orange, bergamot, lily-of-the-valley, myrhh, jasmine, opoponax, amber, patchouli. Profile: It smells like citrus peel and bergamot at first, then white flowers with a hint of powdery amber, finishing with something sweet and slightly floral.."
8705,bergamot and patchouli evening fragrance,"Accords: amber, balsamic, sweet. Notes: mandarin orange, bergamot, lily-of-the-valley, myrhh, jasmine, opoponax, amber, patchouli. Profile: It smells like citrus peel and bergamot at first, then white flowers with a hint of powdery amber, finishing with something sweet and slightly floral.."
9553,leather jacket with fruity perfume,"Accords: leather, fruity, woody. Notes: saffron, juniper berries, chinese grapefruit, leather, black violet, raspberry, cashmeran, vetiver. Profile: It smells like a leather jacket draped over berries and soft leather, with something earthy and slightly powdery underneath.."
9553,spicy leather with berries and citrus,"Accords: leather, fruity, woody. Notes: saffron, juniper berries, chinese grapefruit, leather, black violet, raspberry, cashmeran, vetiver. Profile: It smells like a leather jacket draped over berries and soft leather, with something earthy and slightly powdery underneath.."
9553,soft leather purse with violet scent,"Accords: leather, fruity, woody. Notes: saffron, juniper berries, chinese grapefruit, leather, black violet, raspberry, cashmeran, vetiver. Profile: It smells like a leather jacket draped over berries and soft leather, with something earthy and slightly powdery underneath.."
3323,calming lavender chamomile tea with honey,"Accords: herbal, fresh spicy, green. Notes: chamomile, acai berry, lavender, violet leaf, cumin, beeswax, marigold, nard himalayan (jatamansi). Profile: It smells like a flower shop at dawn — chamomile and lavender mixed with powdered beeswax, then softens into something earthy and slightly sweet.."
3323,earthy mushroom forest floor with dried herbs,"Accords: herbal, fresh spicy, green. Notes: chamomile, acai berry, lavender, violet leaf, cumin, beeswax, marigold, nard himalayan (jatamansi). Profile: It smells like a flower shop at dawn — chamomile and lavender mixed with powdered beeswax, then softens into something earthy and slightly sweet.."
3323,sweet hay barn with wildflowers and beeswax,"Accords: herbal, fresh spicy, green. Notes: chamomile, acai berry, lavender, violet leaf, cumin, beeswax, marigold, nard himalayan (jatamansi). Profile: It smells like a flower shop at dawn — chamomile and lavender mixed with powdered beeswax, then softens into something earthy and slightly sweet.."
21561,warm cashew and soft flowers perfume,"Accords: nutty, floral, citrus. Notes: cashew, apple, bergamot, freesia, orange blossom, rose, musk, amber. Profile: It smells like a fruit stand next to an apple orchard, where apples and orange blossoms meet white flowers, then settle into something earthy and slightly floral.."
21561,fresh apple with nutty and musky smell,"Accords: nutty, floral, citrus. Notes: cashew, apple, bergamot, freesia, orange blossom, rose, musk, amber. Profile: It smells like a fruit stand next to an apple orchard, where apples and orange blossoms meet white flowers, then settle into something earthy and slightly floral.."
21561,creamy amber with orange blossom scent,"Accords: nutty, floral, citrus. Notes: cashew, apple, bergamot, freesia, orange blossom, rose, musk, amber. Profile: It smells like a fruit stand next to an apple orchard, where apples and orange blossoms meet white flowers, then settle into something earthy and slightly floral.."
5588,fizzy cola perfume,"Accords: coca-cola, sweet, fruity. Notes: raspberry, granny smith apple, lime, sweet notes, peony, magnolia, coca-cola. Profile: It smells like a fruit stand next to an apple orchard — sweet raspberries and peony in the background, with something powdery and slightly sweet underneath.."
5588,sweet raspberry lime fragrance,"Accords: coca-cola, sweet, fruity. Notes: raspberry, granny smith apple, lime, sweet notes, peony, magnolia, coca-cola. Profile: It smells like a fruit stand next to an apple orchard — sweet raspberries and peony in the background, with something powdery and slightly sweet underneath.."
5588,coca cola scented body spray,"Accords: coca-cola, sweet, fruity. Notes: raspberry, granny smith apple, lime, sweet notes, peony, magnolia, coca-cola. Profile: It smells like a fruit stand next to an apple orchard — sweet raspberries and peony in the background, with something powdery and slightly sweet underneath.."
18422,warm vanilla tobacco smell,"Accords: vanilla, sweet, tobacco. Notes: tobacco leaf, spicy notes, vanilla, cacao, tonka bean, tobacco blossom, dried fruits, woody notes. Profile: It smells like a spice market at dawn — sweet tobacco leaves mixed with powdery vanilla and dried fruits, with something earthy and woody underneath.."
18422,spicy chocolate perfume with wood,"Accords: vanilla, sweet, tobacco. Notes: tobacco leaf, spicy notes, vanilla, cacao, tonka bean, tobacco blossom, dried fruits, woody notes. Profile: It smells like a spice market at dawn — sweet tobacco leaves mixed with powdery vanilla and dried fruits, with something earthy and woody underneath.."
18422,sweet tobacco and tonka bean fragrance,"Accords: vanilla, sweet, tobacco. Notes: tobacco leaf, spicy notes, vanilla, cacao, tonka bean, tobacco blossom, dried fruits, woody notes. Profile: It smells like a spice market at dawn — sweet tobacco leaves mixed with powdery vanilla and dried fruits, with something earthy and woody underneath.."
17786,spicy tobacco with vanilla and rum,"Accords: tobacco, sweet, rum. Notes: pink pepper, neroli, lemon, rum, java vetiver oil, clary sage, tobacco leaf, vanilla bean. Profile: It smells like a spice market at dawn — sweet pepper and citrus peel mixed with powdery tobacco leaves, then soft vanilla and smoky wood.."
17786,warm tobacco leaf perfume,"Accords: tobacco, sweet, rum. Notes: pink pepper, neroli, lemon, rum, java vetiver oil, clary sage, tobacco leaf, vanilla bean. Profile: It smells like a spice market at dawn — sweet pepper and citrus peel mixed with powdery tobacco leaves, then soft vanilla and smoky wood.."
17786,citrus and tobacco with pepper,"Accords: tobacco, sweet, rum. Notes: pink pepper, neroli, lemon, rum, java vetiver oil, clary sage, tobacco leaf, vanilla bean. Profile: It smells like a spice market at dawn — sweet pepper and citrus peel mixed with powdery tobacco leaves, then soft vanilla and smoky wood.."
10749,clean soapy perfume with powder,"Accords: aldehydic, musky, powdery. Notes: aldehydes, bergamot, heliotrope, jasmine, white musk, cashmeran. Profile: It smells like a perfumer's locker room at dawn — powdery aldehydes mixed with white flowers, then softens into something earthy and slightly sweet.."
10749,bright fresh aldehydes jasmine musk,"Accords: aldehydic, musky, powdery. Notes: aldehydes, bergamot, heliotrope, jasmine, white musk, cashmeran. Profile: It smells like a perfumer's locker room at dawn — powdery aldehydes mixed with white flowers, then softens into something earthy and slightly sweet.."
10749,vintage powdery floral like walking into fancy hotel,"Accords: aldehydic, musky, powdery. Notes: aldehydes, bergamot, heliotrope, jasmine, white musk, cashmeran. Profile: It smells like a perfumer's locker room at dawn — powdery aldehydes mixed with white flowers, then softens into something earthy and slightly sweet.."
15680,warm spicy mimosa perfume,"Accords: yellow floral, warm spicy, powdery. Notes: cardamom, mimosa, tonka bean. Profile: It smells like cardamom and mint at first, then settles into a warm vanilla-tonka base.."
15680,cardamom and vanilla cozy scent,"Accords: yellow floral, warm spicy, powdery. Notes: cardamom, mimosa, tonka bean. Profile: It smells like cardamom and mint at first, then settles into a warm vanilla-tonka base.."
15680,soft yellow flower fragrance with spice,"Accords: yellow floral, warm spicy, powdery. Notes: cardamom, mimosa, tonka bean. Profile: It smells like cardamom and mint at first, then settles into a warm vanilla-tonka base.."
14770,creamy white flowers with warm amber,"Accords: tuberose, white floral, amber. Notes: angelica, tuberose, amber, woodsy notes. Profile: It smells like a perfumer's closet at dawn — white flowers blooming in the air, with something earthy and slightly woody underneath.."
14770,tuberose perfume woody base,"Accords: tuberose, white floral, amber. Notes: angelica, tuberose, amber, woodsy notes. Profile: It smells like a perfumer's closet at dawn — white flowers blooming in the air, with something earthy and slightly woody underneath.."
14770,night blooming flowers with wood,"Accords: tuberose, white floral, amber. Notes: angelica, tuberose, amber, woodsy notes. Profile: It smells like a perfumer's closet at dawn — white flowers blooming in the air, with something earthy and slightly woody underneath.."
8997,warm spicy perfume with cranberry and pink pepper,"Accords: warm spicy, cacao, vanilla. Notes: cranberry, pink pepper, tamarind, cacao, rose, black violet, vanilla, patchouli. Profile: It smells like cranberry jam and spiced roses at first, then creamy vanilla and powdery vanilla, finishing with a woody base.."
8997,cozy vanilla patchouli with dark chocolate,"Accords: warm spicy, cacao, vanilla. Notes: cranberry, pink pepper, tamarind, cacao, rose, black violet, vanilla, patchouli. Profile: It smells like cranberry jam and spiced roses at first, then creamy vanilla and powdery vanilla, finishing with a woody base.."
8997,spicy rose scent for cold weather,"Accords: warm spicy, cacao, vanilla. Notes: cranberry, pink pepper, tamarind, cacao, rose, black violet, vanilla, patchouli. Profile: It smells like cranberry jam and spiced roses at first, then creamy vanilla and powdery vanilla, finishing with a woody base.."
2365,sweet cherry perfume with vanilla,"Accords: cherry, sweet, vanilla. Notes: cherry, pink pepper, bergamot, violet, freesia, jasmine, tonka bean, vanilla. Profile: It smells like a spice market at dawn — sweet cherry and pepper mixed with white flowers, then soft vanilla and powdery amber.."
2365,fruity floral scent like cherry blossoms,"Accords: cherry, sweet, vanilla. Notes: cherry, pink pepper, bergamot, violet, freesia, jasmine, tonka bean, vanilla. Profile: It smells like a spice market at dawn — sweet cherry and pepper mixed with white flowers, then soft vanilla and powdery amber.."
2365,cherry and sandalwood fragrance,"Accords: cherry, sweet, vanilla. Notes: cherry, pink pepper, bergamot, violet, freesia, jasmine, tonka bean, vanilla. Profile: It smells like a spice market at dawn — sweet cherry and pepper mixed with white flowers, then soft vanilla and powdery amber.."
16211,fresh ocean breeze cologne for men,"Accords: aromatic, citrus, marine. Notes: grapefruit, mandarin orange, sea water, juniper, musk, amberwood. Profile: It smells like citrus peel and orange peel at first, then settles into something earthy and slightly musky.."
16211,citrus and sea salt summer fragrance,"Accords: aromatic, citrus, marine. Notes: grapefruit, mandarin orange, sea water, juniper, musk, amberwood. Profile: It smells like citrus peel and orange peel at first, then settles into something earthy and slightly musky.."
16211,light juniper and grapefruit perfume,"Accords: aromatic, citrus, marine. Notes: grapefruit, mandarin orange, sea water, juniper, musk, amberwood. Profile: It smells like citrus peel and orange peel at first, then settles into something earthy and slightly musky.."
14248,warm leather jacket with vanilla and musk,"Accords: patchouli, rum, woody. Notes: rum, osmanthus, leather, jasmine, rose, patchouli, vanille, amber. Profile: It smells like rum and leather at first, then rose petals and vanilla, finishing with something earthy and slightly powdery.."
14248,sweet rum and dark patchouli perfume,"Accords: patchouli, rum, woody. Notes: rum, osmanthus, leather, jasmine, rose, patchouli, vanille, amber. Profile: It smells like rum and leather at first, then rose petals and vanilla, finishing with something earthy and slightly powdery.."
14248,cozy amber rose scent for cold weather,"Accords: patchouli, rum, woody. Notes: rum, osmanthus, leather, jasmine, rose, patchouli, vanille, amber. Profile: It smells like rum and leather at first, then rose petals and vanilla, finishing with something earthy and slightly powdery.."
14170,soft clean musk perfume,"Accords: musky, floral, powdery. Notes: musk, flowers, cashmeran. Profile: It smells like dried flowers and musk at first, then settles into something earthy and slightly sweet.."
14170,fuzzy sweater with flowers,"Accords: musky, floral, powdery. Notes: musk, flowers, cashmeran. Profile: It smells like dried flowers and musk at first, then settles into something earthy and slightly sweet.."
14170,warm skin scent with musk,"Accords: musky, floral, powdery. Notes: musk, flowers, cashmeran. Profile: It smells like dried flowers and musk at first, then settles into something earthy and slightly sweet.."
6271,fresh lemon mint cologne,"Accords: citrus, green, aromatic. Notes: lemon, bergamot, mint, orange peel, rhubarb, jasmine, oakmoss, musk. Profile: It smells like citrus peel and mint at first, then white flowers and musk, with a warm, slightly powdery base.."
6271,citrus green tea perfume,"Accords: citrus, green, aromatic. Notes: lemon, bergamot, mint, orange peel, rhubarb, jasmine, oakmoss, musk. Profile: It smells like citrus peel and mint at first, then white flowers and musk, with a warm, slightly powdery base.."
6271,clean bergamot orange soap smell,"Accords: citrus, green, aromatic. Notes: lemon, bergamot, mint, orange peel, rhubarb, jasmine, oakmoss, musk. Profile: It smells like citrus peel and mint at first, then white flowers and musk, with a warm, slightly powdery base.."
10906,soft powdery violet perfume,"Accords: violet, powdery, green. Notes: violet, bergamot, grapefruit, fig leaf, iris, vanilla, vetiver. Profile: It smells like a fruit stand next to an old church — sweet violets and citrus peel mixed with powdery iris, finishing with something earthy and slightly floral.."
10906,fresh citrus and vanilla scent,"Accords: violet, powdery, green. Notes: violet, bergamot, grapefruit, fig leaf, iris, vanilla, vetiver. Profile: It smells like a fruit stand next to an old church — sweet violets and citrus peel mixed with powdery iris, finishing with something earthy and slightly floral.."
10906,green fig leaf iris fragrance,"Accords: violet, powdery, green. Notes: violet, bergamot, grapefruit, fig leaf, iris, vanilla, vetiver. Profile: It smells like a fruit stand next to an old church — sweet violets and citrus peel mixed with powdery iris, finishing with something earthy and slightly floral.."
4721,sweet berry floral perfume for spring,"Accords: violet, powdery, fruity. Notes: raspberry, red berries, bergamot, lemon, violet, rose, orange blossom, iris. Profile: It smells like ripe raspberries and red berries at first, then soft roses and violets, finishing with a hint of powdery wood and musk.."
4721,powdery violet and rose scent,"Accords: violet, powdery, fruity. Notes: raspberry, red berries, bergamot, lemon, violet, rose, orange blossom, iris. Profile: It smells like ripe raspberries and red berries at first, then soft roses and violets, finishing with a hint of powdery wood and musk.."
4721,fresh citrus with raspberry and soft florals,"Accords: violet, powdery, fruity. Notes: raspberry, red berries, bergamot, lemon, violet, rose, orange blossom, iris. Profile: It smells like ripe raspberries and red berries at first, then soft roses and violets, finishing with a hint of powdery wood and musk.."
19344,warm spicy vanilla with coffee and tobacco,"Accords: amber, vanilla, fresh spicy. Notes: black pepper, tobacco, pineapple, patchouli, coffee, iris, vanilla, amber. Profile: It smells like a coffee shop at dawn — sweet pepper and spice mixed with powdery tobacco, then settles into something earthy and slightly woody.."
19344,cozy amber perfume with pineapple and pepper,"Accords: amber, vanilla, fresh spicy. Notes: black pepper, tobacco, pineapple, patchouli, coffee, iris, vanilla, amber. Profile: It smells like a coffee shop at dawn — sweet pepper and spice mixed with powdery tobacco, then settles into something earthy and slightly woody.."
19344,woody coffee scent with sweet vanilla base,"Accords: amber, vanilla, fresh spicy. Notes: black pepper, tobacco, pineapple, patchouli, coffee, iris, vanilla, amber. Profile: It smells like a coffee shop at dawn — sweet pepper and spice mixed with powdery tobacco, then settles into something earthy and slightly woody.."
632,black licorice and smoky wood,"Accords: anis, musky, soft spicy. Notes: smoke, camphor, mimosa, anise, cedar, ambrette (musk mallow), juniper. Profile: It smells like a spice market at dawn — woody and slightly floral, with something sweet and earthy underneath.."
632,medicinal herbs with soft musk,"Accords: anis, musky, soft spicy. Notes: smoke, camphor, mimosa, anise, cedar, ambrette (musk mallow), juniper. Profile: It smells like a spice market at dawn — woody and slightly floral, with something sweet and earthy underneath.."
632,anise spice and cedar closet,"Accords: anis, musky, soft spicy. Notes: smoke, camphor, mimosa, anise, cedar, ambrette (musk mallow), juniper. Profile: It smells like a spice market at dawn — woody and slightly floral, with something sweet and earthy underneath.."
19507,warm caramel perfume with orange,"Accords: caramel, aromatic, sweet. Notes: mandarin orange, clary sage, caramel, tonka bean, vetiver. Profile: It smells like orange peel and citrus peel at first, then creamy caramel, with something earthy and slightly vetiver-like underneath.."
19507,sweet tonka bean vetiver fragrance,"Accords: caramel, aromatic, sweet. Notes: mandarin orange, clary sage, caramel, tonka bean, vetiver. Profile: It smells like orange peel and citrus peel at first, then creamy caramel, with something earthy and slightly vetiver-like underneath.."
19507,caramel and sage scent for fall,"Accords: caramel, aromatic, sweet. Notes: mandarin orange, clary sage, caramel, tonka bean, vetiver. Profile: It smells like orange peel and citrus peel at first, then creamy caramel, with something earthy and slightly vetiver-like underneath.."
14485,white flowers with musky skin scent,"Accords: musky, white floral, woody. Notes: jasmine, bulgarian rose, orange blossom, musk, coumarin, cedar, vetiver, patchouli. Profile: It smells like a flower shop at dawn — jasmine and rose petals mixed with musk, then softens into something earthy and slightly powdery.."
14485,jasmine rose perfume clean and warm,"Accords: musky, white floral, woody. Notes: jasmine, bulgarian rose, orange blossom, musk, coumarin, cedar, vetiver, patchouli. Profile: It smells like a flower shop at dawn — jasmine and rose petals mixed with musk, then softens into something earthy and slightly powdery.."
14485,soft powdery musk with cedar wood,"Accords: musky, white floral, woody. Notes: jasmine, bulgarian rose, orange blossom, musk, coumarin, cedar, vetiver, patchouli. Profile: It smells like a flower shop at dawn — jasmine and rose petals mixed with musk, then softens into something earthy and slightly powdery.."
15019,sweet almond perfume for winter,"Accords: almond, woody, fruity. Notes: amaretto, bitter almond, gardenia, neroli, cedar, iris, musk, jasmine. Profile: It smells like sweet almonds and citrus peel at first, then creamy white flowers, finishing with a dark chocolate-like sweetness.."
15019,amaretto and chocolate scent,"Accords: almond, woody, fruity. Notes: amaretto, bitter almond, gardenia, neroli, cedar, iris, musk, jasmine. Profile: It smells like sweet almonds and citrus peel at first, then creamy white flowers, finishing with a dark chocolate-like sweetness.."
15019,warm nutty caramel fragrance,"Accords: almond, woody, fruity. Notes: amaretto, bitter almond, gardenia, neroli, cedar, iris, musk, jasmine. Profile: It smells like sweet almonds and citrus peel at first, then creamy white flowers, finishing with a dark chocolate-like sweetness.."
5553,creamy almond milk perfume,"Accords: almond, powdery, woody. Notes: almond milk, bergamot, pink pepper, heliotrope, jasmine sambac, carnation, sandalwood, cashmere wood. Profile: It smells like sweet almond milk and bergamot at first, then creamy white flowers with a hint of powdery wood underneath.."
5553,soft pink pepper and jasmine,"Accords: almond, powdery, woody. Notes: almond milk, bergamot, pink pepper, heliotrope, jasmine sambac, carnation, sandalwood, cashmere wood. Profile: It smells like sweet almond milk and bergamot at first, then creamy white flowers with a hint of powdery wood underneath.."
5553,warm cozy sandalwood fragrance,"Accords: almond, powdery, woody. Notes: almond milk, bergamot, pink pepper, heliotrope, jasmine sambac, carnation, sandalwood, cashmere wood. Profile: It smells like sweet almond milk and bergamot at first, then creamy white flowers with a hint of powdery wood underneath.."
9963,fresh flowers with spicy ginger,"Accords: floral, citrus, warm spicy. Notes: litchi, freesia, magnolia, pepper, ginger, mandarin orange, jasmine, jasmine. Profile: It smells like a spice market at dawn — sweet citrus peel mixed with powdery flowers, then softens into something earthy and slightly floral.."
9963,sweet lychee and white floral perfume,"Accords: floral, citrus, warm spicy. Notes: litchi, freesia, magnolia, pepper, ginger, mandarin orange, jasmine, jasmine. Profile: It smells like a spice market at dawn — sweet citrus peel mixed with powdery flowers, then softens into something earthy and slightly floral.."
9963,jasmine and mandarin orange scent,"Accords: floral, citrus, warm spicy. Notes: litchi, freesia, magnolia, pepper, ginger, mandarin orange, jasmine, jasmine. Profile: It smells like a spice market at dawn — sweet citrus peel mixed with powdery flowers, then softens into something earthy and slightly floral.."
20942,calming lavender soap smell,"Accords: lavender, amber, vanilla. Notes: lavender, tonka bean, benzoin, ylang-ylang. Profile: It smells like a perfumer's locker at first, then settles into something earthy and slightly floral.."
20942,lavender vanilla perfume for sleep,"Accords: lavender, amber, vanilla. Notes: lavender, tonka bean, benzoin, ylang-ylang. Profile: It smells like a perfumer's locker at first, then settles into something earthy and slightly floral.."
20942,soft powdery lavender scent,"Accords: lavender, amber, vanilla. Notes: lavender, tonka bean, benzoin, ylang-ylang. Profile: It smells like a perfumer's locker at first, then settles into something earthy and slightly floral.."
9365,soapy floral perfume like my grandma wore,"Accords: aldehydic, white floral, woody. Notes: aldehydes, green notes, honeysuckle, bergamot, peach, lemon, rose, iris. Profile: It smells like a flower shop at dawn — citrus peel and honeysuckle mixed with white flowers, then settles into something earthy and slightly floral.."
9365,fresh cut flowers with powder and musk,"Accords: aldehydic, white floral, woody. Notes: aldehydes, green notes, honeysuckle, bergamot, peach, lemon, rose, iris. Profile: It smells like a flower shop at dawn — citrus peel and honeysuckle mixed with white flowers, then settles into something earthy and slightly floral.."
9365,clean white flowers with a hint of peach,"Accords: aldehydic, white floral, woody. Notes: aldehydes, green notes, honeysuckle, bergamot, peach, lemon, rose, iris. Profile: It smells like a flower shop at dawn — citrus peel and honeysuckle mixed with white flowers, then settles into something earthy and slightly floral.."
9224,tropical mango coconut perfume,"Accords: tropical, sweet, coconut. Notes: mango, spices, mandarin orange, coconut, jasmine, rose, sandalwood, amber. Profile: It smells like sweet mango and orange peel at first, then white flowers with a warm, slightly powdery base.."
9224,spicy floral beach vacation scent,"Accords: tropical, sweet, coconut. Notes: mango, spices, mandarin orange, coconut, jasmine, rose, sandalwood, amber. Profile: It smells like sweet mango and orange peel at first, then white flowers with a warm, slightly powdery base.."
9224,sweet fruity summery jasmine fragrance,"Accords: tropical, sweet, coconut. Notes: mango, spices, mandarin orange, coconut, jasmine, rose, sandalwood, amber. Profile: It smells like sweet mango and orange peel at first, then white flowers with a warm, slightly powdery base.."
12519,smoky leather jacket with incense,"Accords: animalic, leather, woody. Notes: animal notes, woody notes, violet, leather, incense, cade oil, labdanum, cedar. Profile: It smells like a leather jacket left in an old church — earthy and woody, with something faintly floral and slightly powdery underneath.."
12519,dark woody perfume with animal musk,"Accords: animalic, leather, woody. Notes: animal notes, woody notes, violet, leather, incense, cade oil, labdanum, cedar. Profile: It smells like a leather jacket left in an old church — earthy and woody, with something faintly floral and slightly powdery underneath.."
12519,church incense and old leather smell,"Accords: animalic, leather, woody. Notes: animal notes, woody notes, violet, leather, incense, cade oil, labdanum, cedar. Profile: It smells like a leather jacket left in an old church — earthy and woody, with something faintly floral and slightly powdery underneath.."
14733,fresh peach and rose perfume for spring,"Accords: floral, rose, fresh. Notes: sicilian mandarin, pink peony, damask rose, apricot, peach, white musk. Profile: It smells like a fruit stand next to an apple orchard — sweet peony and rose petals mixed with white flowers, then softens into powdery musk.."
14733,light floral scent with fruity notes,"Accords: floral, rose, fresh. Notes: sicilian mandarin, pink peony, damask rose, apricot, peach, white musk. Profile: It smells like a fruit stand next to an apple orchard — sweet peony and rose petals mixed with white flowers, then softens into powdery musk.."
14733,soft pink flowers and white musk fragrance,"Accords: floral, rose, fresh. Notes: sicilian mandarin, pink peony, damask rose, apricot, peach, white musk. Profile: It smells like a fruit stand next to an apple orchard — sweet peony and rose petals mixed with white flowers, then softens into powdery musk.."
2511,sweet fruity perfume with pear and vanilla,"Accords: sweet, vanilla, fruity. Notes: black currant, pear, iris, jasmine, orange blossom, praline, vanilla, patchouli. Profile: It smells like ripe pear and white flowers at first, then soft vanilla and sweet iris, finishing with a warm vanilla-tonka base.."
2511,girly floral scent with jasmine and praline,"Accords: sweet, vanilla, fruity. Notes: black currant, pear, iris, jasmine, orange blossom, praline, vanilla, patchouli. Profile: It smells like ripe pear and white flowers at first, then soft vanilla and sweet iris, finishing with a warm vanilla-tonka base.."
2511,creamy sweet fragrance for everyday wear,"Accords: sweet, vanilla, fruity. Notes: black currant, pear, iris, jasmine, orange blossom, praline, vanilla, patchouli. Profile: It smells like ripe pear and white flowers at first, then soft vanilla and sweet iris, finishing with a warm vanilla-tonka base.."
19690,spicy leather jacket smell,"Accords: warm spicy, cinnamon, tobacco. Notes: pink pepper, elemi, bergamot, grapefruit, cinnamon, saffron, paprika, tobacco. Profile: It smells like a spice stand next to smoked tobacco, with something sweet and earthy lurking in the background.."
19690,cinnamon and tobacco perfume,"Accords: warm spicy, cinnamon, tobacco. Notes: pink pepper, elemi, bergamot, grapefruit, cinnamon, saffron, paprika, tobacco. Profile: It smells like a spice stand next to smoked tobacco, with something sweet and earthy lurking in the background.."
19690,warm peppery cologne for winter,"Accords: warm spicy, cinnamon, tobacco. Notes: pink pepper, elemi, bergamot, grapefruit, cinnamon, saffron, paprika, tobacco. Profile: It smells like a spice stand next to smoked tobacco, with something sweet and earthy lurking in the background.."
8913,fresh clean stone rain smell,"Accords: mineral, fresh spicy, ozonic. Notes: wasabi, violet leaf, mandarin orange, pear, pebbles, hedione, orris root, peony. Profile: It smells like ripe pear and orange peel at first, then settles into white flowers and resinous incense, finishing with a soft woody base.."
8913,spicy green wasabi violet perfume,"Accords: mineral, fresh spicy, ozonic. Notes: wasabi, violet leaf, mandarin orange, pear, pebbles, hedione, orris root, peony. Profile: It smells like ripe pear and orange peel at first, then settles into white flowers and resinous incense, finishing with a soft woody base.."
8913,light floral pear musk scent,"Accords: mineral, fresh spicy, ozonic. Notes: wasabi, violet leaf, mandarin orange, pear, pebbles, hedione, orris root, peony. Profile: It smells like ripe pear and orange peel at first, then settles into white flowers and resinous incense, finishing with a soft woody base.."
8643,fresh jasmine and lily perfume for spring,"Accords: yellow floral, white floral, citrus. Notes: bergamot, petitgrain, lime (linden) blossom, lily-of-the-valley, tarragon, jasmine, rose, beeswax. Profile: It smells like a flower shop at dawn — bergamot and citrus peel mixed with white flowers, then softens into something powdery and slightly waxy.."
8643,clean white flowers with beeswax candle smell,"Accords: yellow floral, white floral, citrus. Notes: bergamot, petitgrain, lime (linden) blossom, lily-of-the-valley, tarragon, jasmine, rose, beeswax. Profile: It smells like a flower shop at dawn — bergamot and citrus peel mixed with white flowers, then softens into something powdery and slightly waxy.."
8643,bright citrus rose garden after rain,"Accords: yellow floral, white floral, citrus. Notes: bergamot, petitgrain, lime (linden) blossom, lily-of-the-valley, tarragon, jasmine, rose, beeswax. Profile: It smells like a flower shop at dawn — bergamot and citrus peel mixed with white flowers, then softens into something powdery and slightly waxy.."
18849,fresh ocean breeze perfume for summer,"Accords: marine, aromatic, citrus. Notes: sea water, bergamot, rose, hibiscus, rose, lily, mango, musk. Profile: It smells like salty water and bergamot at first, then warm rose petals, finishing with something earthy and slightly powdery.."
18849,salty sea water and flowers fragrance,"Accords: marine, aromatic, citrus. Notes: sea water, bergamot, rose, hibiscus, rose, lily, mango, musk. Profile: It smells like salty water and bergamot at first, then warm rose petals, finishing with something earthy and slightly powdery.."
18849,tropical beach mango and musk scent,"Accords: marine, aromatic, citrus. Notes: sea water, bergamot, rose, hibiscus, rose, lily, mango, musk. Profile: It smells like salty water and bergamot at first, then warm rose petals, finishing with something earthy and slightly powdery.."
13126,tropical fruit coconut beach vacation perfume,"Accords: tropical, fruity, sweet. Notes: mango, papaya, pineapple, lemon, peach, coconut, hibiscus, sandalwood. Profile: It smells like a fruit stand next to an apple orchard, where mangoes and peaches meet sweet coconut, then settle into something earthy and slightly woody.."
13126,sweet mango pineapple summer scent,"Accords: tropical, fruity, sweet. Notes: mango, papaya, pineapple, lemon, peach, coconut, hibiscus, sandalwood. Profile: It smells like a fruit stand next to an apple orchard, where mangoes and peaches meet sweet coconut, then settle into something earthy and slightly woody.."
13126,fruity tropical island sunscreen smell,"Accords: tropical, fruity, sweet. Notes: mango, papaya, pineapple, lemon, peach, coconut, hibiscus, sandalwood. Profile: It smells like a fruit stand next to an apple orchard, where mangoes and peaches meet sweet coconut, then settle into something earthy and slightly woody.."
9360,warm spicy perfume with coconut and flowers,"Accords: warm spicy, white floral, coconut. Notes: pepper, ginger, cardamom, coconut, gardenia, orange blossom, peony, sandalwood. Profile: It smells like a spice market at dawn — sweet pepper and cardamom mixed with white flowers, then soft wood and something earthy-musky.."
9360,ginger cardamom amber scent,"Accords: warm spicy, white floral, coconut. Notes: pepper, ginger, cardamom, coconut, gardenia, orange blossom, peony, sandalwood. Profile: It smells like a spice market at dawn — sweet pepper and cardamom mixed with white flowers, then soft wood and something earthy-musky.."
9360,sandalwood musk perfume for winter,"Accords: warm spicy, white floral, coconut. Notes: pepper, ginger, cardamom, coconut, gardenia, orange blossom, peony, sandalwood. Profile: It smells like a spice market at dawn — sweet pepper and cardamom mixed with white flowers, then soft wood and something earthy-musky.."
5460,spicy ginger cologne for men,"Accords: fresh spicy, warm spicy, aromatic. Notes: ginger, pepper, black basil, sage, cedar, amber, suede, brazilian redwood. Profile: It smells like a leather jacket left in an old wooden cabinet — sweet pepper and spice mixed with white flowers, then softens into something earthy and slightly powdery.."
5460,warm leather and cedar scent,"Accords: fresh spicy, warm spicy, aromatic. Notes: ginger, pepper, black basil, sage, cedar, amber, suede, brazilian redwood. Profile: It smells like a leather jacket left in an old wooden cabinet — sweet pepper and spice mixed with white flowers, then softens into something earthy and slightly powdery.."
5460,black pepper and sage aftershave,"Accords: fresh spicy, warm spicy, aromatic. Notes: ginger, pepper, black basil, sage, cedar, amber, suede, brazilian redwood. Profile: It smells like a leather jacket left in an old wooden cabinet — sweet pepper and spice mixed with white flowers, then softens into something earthy and slightly powdery.."
14184,fresh cucumber and melon scent,"Accords: ozonic, aquatic, aromatic. Notes: cucumber, melon, mandarin orange, basil, sage, geranium, suede, woodsy notes. Profile: It smells like a spice market at dawn — sweet cucumber and orange peel mixed with citrus peel, then soft suede and something slightly woody.."
14184,clean ocean breeze perfume,"Accords: ozonic, aquatic, aromatic. Notes: cucumber, melon, mandarin orange, basil, sage, geranium, suede, woodsy notes. Profile: It smells like a spice market at dawn — sweet cucumber and orange peel mixed with citrus peel, then soft suede and something slightly woody.."
14184,light airy summer fragrance,"Accords: ozonic, aquatic, aromatic. Notes: cucumber, melon, mandarin orange, basil, sage, geranium, suede, woodsy notes. Profile: It smells like a spice market at dawn — sweet cucumber and orange peel mixed with citrus peel, then soft suede and something slightly woody.."
12843,sweet almond rose with smoky oud,"Accords: oud, leather, almond. Notes: almond, aldehydes, anise, rose, agarwood, leather, musk, vanilla. Profile: It smells like a leather jacket left in an old wooden shed — sweet almonds mixed with resinous wood, then softened by something powdery and slightly earthy.."
12843,leather and vanilla musk perfume,"Accords: oud, leather, almond. Notes: almond, aldehydes, anise, rose, agarwood, leather, musk, vanilla. Profile: It smells like a leather jacket left in an old wooden shed — sweet almonds mixed with resinous wood, then softened by something powdery and slightly earthy.."
12843,warm spicy anise and cedar wood,"Accords: oud, leather, almond. Notes: almond, aldehydes, anise, rose, agarwood, leather, musk, vanilla. Profile: It smells like a leather jacket left in an old wooden shed — sweet almonds mixed with resinous wood, then softened by something powdery and slightly earthy.."
15429,almond cookie vanilla perfume,"Accords: almond, vanilla, powdery. Notes: heliotrope, cumin, bergamot, bitter almond, lavender, jasmine, vanilla, sandalwood. Profile: It smells like a spice market at dawn — sweet almonds mixed with powdery lavender, then soft vanilla and something faintly woody.."
15429,warm spicy powdery almond scent,"Accords: almond, vanilla, powdery. Notes: heliotrope, cumin, bergamot, bitter almond, lavender, jasmine, vanilla, sandalwood. Profile: It smells like a spice market at dawn — sweet almonds mixed with powdery lavender, then soft vanilla and something faintly woody.."
15429,sweet nutty amber fragrance,"Accords: almond, vanilla, powdery. Notes: heliotrope, cumin, bergamot, bitter almond, lavender, jasmine, vanilla, sandalwood. Profile: It smells like a spice market at dawn — sweet almonds mixed with powdery lavender, then soft vanilla and something faintly woody.."
2363,spicy floral perfume for winter,"Accords: fresh spicy, woody, white floral. Notes: nutmeg, plum, mace, rose, tuberose, jasmine, orchid, ylang-ylang. Profile: It smells like a spice market at dawn — sweet plums and powdery flowers mixed with white flowers, then soft wood and warm wood.."
2363,warm nutmeg vanilla scent,"Accords: fresh spicy, woody, white floral. Notes: nutmeg, plum, mace, rose, tuberose, jasmine, orchid, ylang-ylang. Profile: It smells like a spice market at dawn — sweet plums and powdery flowers mixed with white flowers, then soft wood and warm wood.."
2363,creamy sandalwood and flowers,"Accords: fresh spicy, woody, white floral. Notes: nutmeg, plum, mace, rose, tuberose, jasmine, orchid, ylang-ylang. Profile: It smells like a spice market at dawn — sweet plums and powdery flowers mixed with white flowers, then soft wood and warm wood.."
20462,tropical fruit perfume with oud and leather,"Accords: oud, fruity, leather. Notes: passionfruit, fruity notes, turkish rose, saffron, agarwood (oud), indonesian patchouli leaf, benzoin, leather. Profile: It smells like a leather jacket left in an old wooden workshop — citrus peel and saffron mixed with resinous wood, then softens into something earthy and slightly powdery.."
20462,sweet rose saffron smoky wood scent,"Accords: oud, fruity, leather. Notes: passionfruit, fruity notes, turkish rose, saffron, agarwood (oud), indonesian patchouli leaf, benzoin, leather. Profile: It smells like a leather jacket left in an old wooden workshop — citrus peel and saffron mixed with resinous wood, then softens into something earthy and slightly powdery.."
20462,passion fruit vanilla amber fragrance,"Accords: oud, fruity, leather. Notes: passionfruit, fruity notes, turkish rose, saffron, agarwood (oud), indonesian patchouli leaf, benzoin, leather. Profile: It smells like a leather jacket left in an old wooden workshop — citrus peel and saffron mixed with resinous wood, then softens into something earthy and slightly powdery.."
20476,warm cozy amber perfume for winter,"Accords: amber, musky, woody. Notes: bergamot, angelica, patchouli, coumarin, amber, musk. Profile: It smells like a perfumer's locker at dawn — bergamot and citrus peel mixed with powdery amber, then softens into something earthy and musky.."
20476,musky patchouli scent like incense shop,"Accords: amber, musky, woody. Notes: bergamot, angelica, patchouli, coumarin, amber, musk. Profile: It smells like a perfumer's locker at dawn — bergamot and citrus peel mixed with powdery amber, then softens into something earthy and musky.."
20476,sweet powdery perfume with bergamot,"Accords: amber, musky, woody. Notes: bergamot, angelica, patchouli, coumarin, amber, musk. Profile: It smells like a perfumer's locker at dawn — bergamot and citrus peel mixed with powdery amber, then softens into something earthy and musky.."
8982,leather jacket with raspberry and roses,"Accords: animalic, fruity, leather. Notes: rhubarb, raspberry, amyl salicylate, rose, leather, animal notes, oakmoss, cedar. Profile: It smells like tart rhubarb and raspberries at first, then soft leather and warm wood, with something earthy and slightly woody underneath.."
8982,musky animalic perfume with tart rhubarb,"Accords: animalic, fruity, leather. Notes: rhubarb, raspberry, amyl salicylate, rose, leather, animal notes, oakmoss, cedar. Profile: It smells like tart rhubarb and raspberries at first, then soft leather and warm wood, with something earthy and slightly woody underneath.."
8982,woodsy leather scent with berries,"Accords: animalic, fruity, leather. Notes: rhubarb, raspberry, amyl salicylate, rose, leather, animal notes, oakmoss, cedar. Profile: It smells like tart rhubarb and raspberries at first, then soft leather and warm wood, with something earthy and slightly woody underneath.."
15355,sweet vanilla perfume with berries and flowers,"Accords: vanilla, white floral, sweet. Notes: blackberry, mandarin leaf, silk tree blossom, jasmine, orange blossom, night blooming cereus, rose, vanilla. Profile: It smells like ripe blackberries and white flowers at first, then settles into something earthy and slightly sweet.."
15355,creamy vanilla sandalwood rose scent,"Accords: vanilla, white floral, sweet. Notes: blackberry, mandarin leaf, silk tree blossom, jasmine, orange blossom, night blooming cereus, rose, vanilla. Profile: It smells like ripe blackberries and white flowers at first, then settles into something earthy and slightly sweet.."
15355,warm vanilla tonka bean night blooming flowers,"Accords: vanilla, white floral, sweet. Notes: blackberry, mandarin leaf, silk tree blossom, jasmine, orange blossom, night blooming cereus, rose, vanilla. Profile: It smells like ripe blackberries and white flowers at first, then settles into something earthy and slightly sweet.."
15123,soft floral perfume with vanilla and musk,"Accords: floral, vanilla, amber. Notes: almond blossom, clementine, cyclamen, jasmine, peony, amaryllis, vanilla, amber. Profile: It smells like sweet almonds and clementine at first, then creamy vanilla and white flowers, finishing with a soft, slightly powdery base.."
15123,fresh spring flowers with citrus and almond,"Accords: floral, vanilla, amber. Notes: almond blossom, clementine, cyclamen, jasmine, peony, amaryllis, vanilla, amber. Profile: It smells like sweet almonds and clementine at first, then creamy vanilla and white flowers, finishing with a soft, slightly powdery base.."
15123,light jasmine peony perfume for everyday,"Accords: floral, vanilla, amber. Notes: almond blossom, clementine, cyclamen, jasmine, peony, amaryllis, vanilla, amber. Profile: It smells like sweet almonds and clementine at first, then creamy vanilla and white flowers, finishing with a soft, slightly powdery base.."
11467,sweet almond vanilla perfume,"Accords: almond, white floral, sweet. Notes: magnolia, calabrian bergamot, orange blossom, green almond, vanilla. Profile: It smells like a florist's pantry at dawn — bright magnolias and orange blossoms mixed with powdery almonds, then soft vanilla and warm vanilla.."
11467,fresh orange blossom spring scent,"Accords: almond, white floral, sweet. Notes: magnolia, calabrian bergamot, orange blossom, green almond, vanilla. Profile: It smells like a florist's pantry at dawn — bright magnolias and orange blossoms mixed with powdery almonds, then soft vanilla and warm vanilla.."
11467,creamy magnolia with bergamot,"Accords: almond, white floral, sweet. Notes: magnolia, calabrian bergamot, orange blossom, green almond, vanilla. Profile: It smells like a florist's pantry at dawn — bright magnolias and orange blossoms mixed with powdery almonds, then soft vanilla and warm vanilla.."
20348,warm vanilla and incense perfume,"Accords: amber, vanilla, white floral. Notes: jasmine, cashmere wood, orris root, vanilla pod, white amber, myrrh, incense. Profile: It smells like crushed jasmine and white flowers at first, then creamy vanilla and powdery amber, finishing with a hint of incense.."
20348,soft cashmere sweater smell,"Accords: amber, vanilla, white floral. Notes: jasmine, cashmere wood, orris root, vanilla pod, white amber, myrrh, incense. Profile: It smells like crushed jasmine and white flowers at first, then creamy vanilla and powdery amber, finishing with a hint of incense.."
20348,cozy amber jasmine for winter,"Accords: amber, vanilla, white floral. Notes: jasmine, cashmere wood, orris root, vanilla pod, white amber, myrrh, incense. Profile: It smells like crushed jasmine and white flowers at first, then creamy vanilla and powdery amber, finishing with a hint of incense.."
17122,spicy leather jacket perfume,"Accords: leather, earthy, mossy. Notes: pink pepper, bergamot, jasmine, leather, oak moss, patchouli. Profile: It smells like a leather jacket left in an old wooden shed, with something powdery and slightly earthy underneath.."
17122,fresh jasmine with earthy leather smell,"Accords: leather, earthy, mossy. Notes: pink pepper, bergamot, jasmine, leather, oak moss, patchouli. Profile: It smells like a leather jacket left in an old wooden shed, with something powdery and slightly earthy underneath.."
17122,pink pepper bergamot leather scent,"Accords: leather, earthy, mossy. Notes: pink pepper, bergamot, jasmine, leather, oak moss, patchouli. Profile: It smells like a leather jacket left in an old wooden shed, with something powdery and slightly earthy underneath.."
20216,soapy floral perfume like my grandma wore,"Accords: aldehydic, woody, white floral. Notes: aldehydes, african orange flower, bergamot, carnation, ylang-ylang, jasmine, rose, iris. Profile: It smells like a florist's pantry full of dried flowers and citrus peel, with something sweet and earthy lurking in the background.."
20216,clean powdery smell with jasmine and rose,"Accords: aldehydic, woody, white floral. Notes: aldehydes, african orange flower, bergamot, carnation, ylang-ylang, jasmine, rose, iris. Profile: It smells like a florist's pantry full of dried flowers and citrus peel, with something sweet and earthy lurking in the background.."
20216,vintage perfume aldehydic floral scent,"Accords: aldehydic, woody, white floral. Notes: aldehydes, african orange flower, bergamot, carnation, ylang-ylang, jasmine, rose, iris. Profile: It smells like a florist's pantry full of dried flowers and citrus peel, with something sweet and earthy lurking in the background.."
15647,light fresh floral perfume with grapefruit,"Accords: floral, fruity, citrus. Notes: quince, grapefruit, hyacinth, jasmine, musk, iris, virginia cedar, amber. Profile: It smells like citrus peel and hyacinth at first, then settles into something earthy and slightly powdery.."
15647,jasmine and iris spring garden scent,"Accords: floral, fruity, citrus. Notes: quince, grapefruit, hyacinth, jasmine, musk, iris, virginia cedar, amber. Profile: It smells like citrus peel and hyacinth at first, then settles into something earthy and slightly powdery.."
15647,clean musky floral for everyday wear,"Accords: floral, fruity, citrus. Notes: quince, grapefruit, hyacinth, jasmine, musk, iris, virginia cedar, amber. Profile: It smells like citrus peel and hyacinth at first, then settles into something earthy and slightly powdery.."
10616,sweet licorice and cherry candy perfume,"Accords: soft spicy, sweet, powdery. Notes: star anise, violet, ivy, licorice, cherry, iris, orris root, amaryllis. Profile: It smells like a spice market at dawn — sweet violets and licorice mixed with white flowers, then soft vanilla and powdery musk.."
10616,soft powdery violet and vanilla scent,"Accords: soft spicy, sweet, powdery. Notes: star anise, violet, ivy, licorice, cherry, iris, orris root, amaryllis. Profile: It smells like a spice market at dawn — sweet violets and licorice mixed with white flowers, then soft vanilla and powdery musk.."
10616,warm spicy anise with creamy tonka,"Accords: soft spicy, sweet, powdery. Notes: star anise, violet, ivy, licorice, cherry, iris, orris root, amaryllis. Profile: It smells like a spice market at dawn — sweet violets and licorice mixed with white flowers, then soft vanilla and powdery musk.."
16746,fresh fruity cologne for men,"Accords: citrus, fruity, leather. Notes: lemon, pineapple, bergamot, black currant, apple, birch, jasmine, rose. Profile: It smells like a fruit stand next to an apple orchard, where citrus peel meets white flowers, then settles into something powdery and slightly sweet.."
16746,lemon pineapple apple perfume,"Accords: citrus, fruity, leather. Notes: lemon, pineapple, bergamot, black currant, apple, birch, jasmine, rose. Profile: It smells like a fruit stand next to an apple orchard, where citrus peel meets white flowers, then settles into something powdery and slightly sweet.."
16746,clean citrus smell with vanilla,"Accords: citrus, fruity, leather. Notes: lemon, pineapple, bergamot, black currant, apple, birch, jasmine, rose. Profile: It smells like a fruit stand next to an apple orchard, where citrus peel meets white flowers, then settles into something powdery and slightly sweet.."
21014,clean soapy iris powder smell,"Accords: iris, cacao, powdery. Notes: lavender, bergamot, sage, iris, cacao, amber, leather, vetiver. Profile: It smells like lavender and bergamot at first, then warm leather, with something earthy and slightly leathery underneath.."
21014,lavender and leather cologne for men,"Accords: iris, cacao, powdery. Notes: lavender, bergamot, sage, iris, cacao, amber, leather, vetiver. Profile: It smells like lavender and bergamot at first, then warm leather, with something earthy and slightly leathery underneath.."
21014,earthy vetiver with chocolate and herbs,"Accords: iris, cacao, powdery. Notes: lavender, bergamot, sage, iris, cacao, amber, leather, vetiver. Profile: It smells like lavender and bergamot at first, then warm leather, with something earthy and slightly leathery underneath.."
1598,metallic rose with black pepper,"Accords: mineral, rose, fresh spicy. Notes: metallic notes, black pepper, elemi resin, rose, geranium, green accord, incense, mineral notes. Profile: It smells like a leather jacket left in an old church — black pepper and resin mixed with white flowers, then soft leather with something earthy and leathery underneath.."
1598,cold stone and incense smell,"Accords: mineral, rose, fresh spicy. Notes: metallic notes, black pepper, elemi resin, rose, geranium, green accord, incense, mineral notes. Profile: It smells like a leather jacket left in an old church — black pepper and resin mixed with white flowers, then soft leather with something earthy and leathery underneath.."
1598,mineral leather perfume,"Accords: mineral, rose, fresh spicy. Notes: metallic notes, black pepper, elemi resin, rose, geranium, green accord, incense, mineral notes. Profile: It smells like a leather jacket left in an old church — black pepper and resin mixed with white flowers, then soft leather with something earthy and leathery underneath.."
13880,earthy truffle perfume with vanilla and flowers,"Accords: earthy, white floral, woody. Notes: truffle, peach, bergamot, madagascar vanilla, tuberose, italian jasmine, patchouli, oakmoss. Profile: It smells like ripe peaches and vanilla at first, then settles into something earthy and slightly woody.."
13880,mossy forest floor with sweet peach,"Accords: earthy, white floral, woody. Notes: truffle, peach, bergamot, madagascar vanilla, tuberose, italian jasmine, patchouli, oakmoss. Profile: It smells like ripe peaches and vanilla at first, then settles into something earthy and slightly woody.."
13880,dirty patchouli jasmine tuberose scent,"Accords: earthy, white floral, woody. Notes: truffle, peach, bergamot, madagascar vanilla, tuberose, italian jasmine, patchouli, oakmoss. Profile: It smells like ripe peaches and vanilla at first, then settles into something earthy and slightly woody.."
19632,light fruity perfume for summer,"Accords: fresh, musky, fruity. Notes: litchi, cassis, mandarin orange, water lily, peony, jasmine, ambroxan, praline. Profile: It smells like a flower shop at dawn — citrus peel mixed with white flowers, then softens into something earthy and slightly powdery.."
19632,clean floral scent with vanilla,"Accords: fresh, musky, fruity. Notes: litchi, cassis, mandarin orange, water lily, peony, jasmine, ambroxan, praline. Profile: It smells like a flower shop at dawn — citrus peel mixed with white flowers, then softens into something earthy and slightly powdery.."
19632,fresh sweet perfume not too heavy,"Accords: fresh, musky, fruity. Notes: litchi, cassis, mandarin orange, water lily, peony, jasmine, ambroxan, praline. Profile: It smells like a flower shop at dawn — citrus peel mixed with white flowers, then softens into something earthy and slightly powdery.."
3251,fresh ocean breeze cologne for summer,"Accords: aquatic, citrus, fresh. Notes: orange oil, ginger, watery notes, tea, musk, cedar, amber, patchouli. Profile: It smells like a coffee shop next to an old wooden tea room — sweet orange peel and citrus peel mixed with earthy spices, then softened by something powdery and slightly woody.."
3251,light watery tea and citrus perfume,"Accords: aquatic, citrus, fresh. Notes: orange oil, ginger, watery notes, tea, musk, cedar, amber, patchouli. Profile: It smells like a coffee shop next to an old wooden tea room — sweet orange peel and citrus peel mixed with earthy spices, then softened by something powdery and slightly woody.."
3251,clean aquatic scent with ginger and cedar,"Accords: aquatic, citrus, fresh. Notes: orange oil, ginger, watery notes, tea, musk, cedar, amber, patchouli. Profile: It smells like a coffee shop next to an old wooden tea room — sweet orange peel and citrus peel mixed with earthy spices, then softened by something powdery and slightly woody.."
13820,fruity perfume with mango and spices,"Accords: mineral, leather, warm spicy. Notes: mango, saffron, lemon, pink pepper, violet leaf, ginger, osmanthus, orange blossom. Profile: It smells like a spice market at dawn — sweet mango and citrus peel mixed with white flowers, then softens into something earthy and slightly powdery.."
13820,clean mineral scent with soft suede,"Accords: mineral, leather, warm spicy. Notes: mango, saffron, lemon, pink pepper, violet leaf, ginger, osmanthus, orange blossom. Profile: It smells like a spice market at dawn — sweet mango and citrus peel mixed with white flowers, then softens into something earthy and slightly powdery.."
13820,bright citrus ginger fragrance for summer,"Accords: mineral, leather, warm spicy. Notes: mango, saffron, lemon, pink pepper, violet leaf, ginger, osmanthus, orange blossom. Profile: It smells like a spice market at dawn — sweet mango and citrus peel mixed with white flowers, then softens into something earthy and slightly powdery.."
19661,cherry almond liqueur smell,"Accords: cherry, sweet, almond. Notes: cherry, sour cherry, almond, rum, black pepper, bergamot, ink, red wine. Profile: It smells like a fruit stand next to an old church — sweet cherry and almonds mixed with white flowers, then softened by something powdery and slightly earthy.."
19661,spicy red wine and dark wood,"Accords: cherry, sweet, almond. Notes: cherry, sour cherry, almond, rum, black pepper, bergamot, ink, red wine. Profile: It smells like a fruit stand next to an old church — sweet cherry and almonds mixed with white flowers, then softened by something powdery and slightly earthy.."
19661,sweet cherry with warm vanilla and musk,"Accords: cherry, sweet, almond. Notes: cherry, sour cherry, almond, rum, black pepper, bergamot, ink, red wine. Profile: It smells like a fruit stand next to an old church — sweet cherry and almonds mixed with white flowers, then softened by something powdery and slightly earthy.."
13729,licorice vanilla perfume,"Accords: anis, soft spicy, powdery. Notes: star anise, bergamot, brazilian rosewood, caraway, fennel, iris, jasmine, vanilla. Profile: It smells like a flower shop next to an antique jewelry store — sweet citrus peel and white flowers mixed with powdery vanilla, finishing with something earthy and slightly floral.."
13729,spicy fennel and bergamot scent,"Accords: anis, soft spicy, powdery. Notes: star anise, bergamot, brazilian rosewood, caraway, fennel, iris, jasmine, vanilla. Profile: It smells like a flower shop next to an antique jewelry store — sweet citrus peel and white flowers mixed with powdery vanilla, finishing with something earthy and slightly floral.."
13729,warm anise musk fragrance,"Accords: anis, soft spicy, powdery. Notes: star anise, bergamot, brazilian rosewood, caraway, fennel, iris, jasmine, vanilla. Profile: It smells like a flower shop next to an antique jewelry store — sweet citrus peel and white flowers mixed with powdery vanilla, finishing with something earthy and slightly floral.."
8457,soft leather jacket with lemon and vanilla,"Accords: herbal, leather, aromatic. Notes: artemisia, incense, lemon, leather, chamomile, apricot, iris, vanilla. Profile: It smells like a leather jacket left open in an old church — dried herbs mixed with white flowers, then softens into something powdery and slightly woody.."
8457,herbal tea with incense and warm musk,"Accords: herbal, leather, aromatic. Notes: artemisia, incense, lemon, leather, chamomile, apricot, iris, vanilla. Profile: It smells like a leather jacket left open in an old church — dried herbs mixed with white flowers, then softens into something powdery and slightly woody.."
8457,chamomile apricot perfume with woody base,"Accords: herbal, leather, aromatic. Notes: artemisia, incense, lemon, leather, chamomile, apricot, iris, vanilla. Profile: It smells like a leather jacket left open in an old church — dried herbs mixed with white flowers, then softens into something powdery and slightly woody.."
8094,fresh cucumber water scent,"Accords: aquatic, ozonic, green. Notes: cucumber, mandarin orange, cassia, water hyacinth, carrot, white woods, sandalwood. Profile: It smells like a spice market at dawn — sweet cucumbers and orange peel mixed with watery hyacinths, then soft woods with something earthy and slightly woody.."
8094,light citrus aquatic perfume,"Accords: aquatic, ozonic, green. Notes: cucumber, mandarin orange, cassia, water hyacinth, carrot, white woods, sandalwood. Profile: It smells like a spice market at dawn — sweet cucumbers and orange peel mixed with watery hyacinths, then soft woods with something earthy and slightly woody.."
8094,clean watery floral fragrance,"Accords: aquatic, ozonic, green. Notes: cucumber, mandarin orange, cassia, water hyacinth, carrot, white woods, sandalwood. Profile: It smells like a spice market at dawn — sweet cucumbers and orange peel mixed with watery hyacinths, then soft woods with something earthy and slightly woody.."
8293,rose perfume with vanilla and musk,"Accords: rose, floral, fresh. Notes: cassia, lemon verbena, star anise, rose, peony, magnolia, taif rose, musk. Profile: It smells like a flower shop at dawn — sweet citrus and roses mixed with powdery flowers, then soft vanilla and musk.."
8293,fresh floral spicy rose scent,"Accords: rose, floral, fresh. Notes: cassia, lemon verbena, star anise, rose, peony, magnolia, taif rose, musk. Profile: It smells like a flower shop at dawn — sweet citrus and roses mixed with powdery flowers, then soft vanilla and musk.."
8293,walking through a rose garden spring morning,"Accords: rose, floral, fresh. Notes: cassia, lemon verbena, star anise, rose, peony, magnolia, taif rose, musk. Profile: It smells like a flower shop at dawn — sweet citrus and roses mixed with powdery flowers, then soft vanilla and musk.."
6892,sweet mango and jasmine perfume,"Accords: tropical, vanilla, fruity. Notes: mango, bergamot, jasmine, olibanum, vanilla, sandalwood. Profile: It smells like a tropical fruit stand next to an old wooden furniture store — sweet mango and jasmine mixed with powdery sandalwood, finishing with something earthy and slightly woody.."
6892,tropical vacation sunscreen smell,"Accords: tropical, vanilla, fruity. Notes: mango, bergamot, jasmine, olibanum, vanilla, sandalwood. Profile: It smells like a tropical fruit stand next to an old wooden furniture store — sweet mango and jasmine mixed with powdery sandalwood, finishing with something earthy and slightly woody.."
6892,warm vanilla sandalwood beach fragrance,"Accords: tropical, vanilla, fruity. Notes: mango, bergamot, jasmine, olibanum, vanilla, sandalwood. Profile: It smells like a tropical fruit stand next to an old wooden furniture store — sweet mango and jasmine mixed with powdery sandalwood, finishing with something earthy and slightly woody.."
1968,fresh rain and wet grass perfume,"Accords: aquatic, woody, green. Notes: green notes, bergamot, pink pepper, watery notes, rain notes, turkish rose, jasmine, pine tree. Profile: It smells like a garden shed left open in the rain, with something powdery and slightly earthy settling into the air.."
1968,clean water with jasmine and moss,"Accords: aquatic, woody, green. Notes: green notes, bergamot, pink pepper, watery notes, rain notes, turkish rose, jasmine, pine tree. Profile: It smells like a garden shed left open in the rain, with something powdery and slightly earthy settling into the air.."
1968,ocean breeze with pink pepper and bergamot,"Accords: aquatic, woody, green. Notes: green notes, bergamot, pink pepper, watery notes, rain notes, turkish rose, jasmine, pine tree. Profile: It smells like a garden shed left open in the rain, with something powdery and slightly earthy settling into the air.."
12325,chocolate vanilla perfume with flowers,"Accords: chocolate, sweet, musky. Notes: chocolate, plum, bergamot, iris, ambrette (musk mallow), osmanthus, jasmine, rose. Profile: It smells like sweet chocolate and powdered roses at first, then soft leather and moss, finishing with a warm, slightly earthy base.."
12325,rich dark chocolate and leather scent,"Accords: chocolate, sweet, musky. Notes: chocolate, plum, bergamot, iris, ambrette (musk mallow), osmanthus, jasmine, rose. Profile: It smells like sweet chocolate and powdered roses at first, then soft leather and moss, finishing with a warm, slightly earthy base.."
12325,sweet plum and musky chocolate fragrance,"Accords: chocolate, sweet, musky. Notes: chocolate, plum, bergamot, iris, ambrette (musk mallow), osmanthus, jasmine, rose. Profile: It smells like sweet chocolate and powdered roses at first, then soft leather and moss, finishing with a warm, slightly earthy base.."
4492,sweet white flowers for summer wedding,"Accords: white floral, tuberose, citrus. Notes: orange blossom, bergamot, tuberose, indian jasmine, madagascar vanilla, white musk, virginian cedar. Profile: It smells like orange blossoms and bergamot at first, then vanilla and white musk, with a warm, slightly woody base.."
4492,jasmine and orange blossom perfume,"Accords: white floral, tuberose, citrus. Notes: orange blossom, bergamot, tuberose, indian jasmine, madagascar vanilla, white musk, virginian cedar. Profile: It smells like orange blossoms and bergamot at first, then vanilla and white musk, with a warm, slightly woody base.."
4492,creamy vanilla tuberose scent,"Accords: white floral, tuberose, citrus. Notes: orange blossom, bergamot, tuberose, indian jasmine, madagascar vanilla, white musk, virginian cedar. Profile: It smells like orange blossoms and bergamot at first, then vanilla and white musk, with a warm, slightly woody base.."
20140,warm spicy vanilla with cloves,"Accords: balsamic, vanilla, woody. Notes: cloves, pink pepper, orange blossom, chestnut, guaiac wood, juniper, vanilla, peru balsam. Profile: It smells like a spice market at dawn — sweet cloves and orange blossoms mixed with powdery wood, then softened by something creamy and slightly earthy.."
20140,cozy sweater smell with sweet wood,"Accords: balsamic, vanilla, woody. Notes: cloves, pink pepper, orange blossom, chestnut, guaiac wood, juniper, vanilla, peru balsam. Profile: It smells like a spice market at dawn — sweet cloves and orange blossoms mixed with powdery wood, then softened by something creamy and slightly earthy.."
20140,walking through a spice market in fall,"Accords: balsamic, vanilla, woody. Notes: cloves, pink pepper, orange blossom, chestnut, guaiac wood, juniper, vanilla, peru balsam. Profile: It smells like a spice market at dawn — sweet cloves and orange blossoms mixed with powdery wood, then softened by something creamy and slightly earthy.."
16489,spicy incense and leather smell,"Accords: amber, balsamic, fresh spicy. Notes: oregano, pepper, bergamot, incense, opoponax, amber, labdanum, agarwood (oud). Profile: It smells like a leather jacket left in an old church — powdery and sweet, with something faintly earthy underneath.."
16489,warm amber oud sandalwood,"Accords: amber, balsamic, fresh spicy. Notes: oregano, pepper, bergamot, incense, opoponax, amber, labdanum, agarwood (oud). Profile: It smells like a leather jacket left in an old church — powdery and sweet, with something faintly earthy underneath.."
16489,peppery church incense with wood,"Accords: amber, balsamic, fresh spicy. Notes: oregano, pepper, bergamot, incense, opoponax, amber, labdanum, agarwood (oud). Profile: It smells like a leather jacket left in an old church — powdery and sweet, with something faintly earthy underneath.."
10878,soft powdery floral perfume for spring,"Accords: powdery, floral, iris. Notes: pink pepper, african orange flower, iris, lilac, hyacinth, heliotrope, wisteria, powdery notes. Profile: It smells like a flower shop next to an antique store — sweet peppercorns and white flowers mixed with powdery flowers, then soft musk and dry wood.."
10878,clean iris and musk scent,"Accords: powdery, floral, iris. Notes: pink pepper, african orange flower, iris, lilac, hyacinth, heliotrope, wisteria, powdery notes. Profile: It smells like a flower shop next to an antique store — sweet peppercorns and white flowers mixed with powdery flowers, then soft musk and dry wood.."
10878,smells like fresh laundry and baby powder,"Accords: powdery, floral, iris. Notes: pink pepper, african orange flower, iris, lilac, hyacinth, heliotrope, wisteria, powdery notes. Profile: It smells like a flower shop next to an antique store — sweet peppercorns and white flowers mixed with powdery flowers, then soft musk and dry wood.."
10921,sweet vanilla caramel perfume for women,"Accords: sweet, white floral, caramel. Notes: wild berries, mandarin orange, gardenia, honeysuckle, jasmine, caramel, praline, vanilla. Profile: It smells like sweet berries and citrus peel at first, then soft vanilla and white flowers, finishing with something earthy and slightly woody.."
10921,fruity berry and orange blossom scent,"Accords: sweet, white floral, caramel. Notes: wild berries, mandarin orange, gardenia, honeysuckle, jasmine, caramel, praline, vanilla. Profile: It smells like sweet berries and citrus peel at first, then soft vanilla and white flowers, finishing with something earthy and slightly woody.."
10921,warm honeysuckle jasmine fragrance,"Accords: sweet, white floral, caramel. Notes: wild berries, mandarin orange, gardenia, honeysuckle, jasmine, caramel, praline, vanilla. Profile: It smells like sweet berries and citrus peel at first, then soft vanilla and white flowers, finishing with something earthy and slightly woody.."
20701,woody oud perfume with citrus,"Accords: oud, amber, aromatic. Notes: rosemary, mandarin orange, bergamot, agarwood (oud), vetiver, amber, musk. Profile: It smells like citrus peel and orange peel at first, then soft wood and a hint of powdery amber.."
20701,amber musk vetiver men's cologne,"Accords: oud, amber, aromatic. Notes: rosemary, mandarin orange, bergamot, agarwood (oud), vetiver, amber, musk. Profile: It smells like citrus peel and orange peel at first, then soft wood and a hint of powdery amber.."
20701,dark wood scent with orange and herbs,"Accords: oud, amber, aromatic. Notes: rosemary, mandarin orange, bergamot, agarwood (oud), vetiver, amber, musk. Profile: It smells like citrus peel and orange peel at first, then soft wood and a hint of powdery amber.."
15020,fresh cut grass and white flowers,"Accords: green, earthy, woody. Notes: galbanum, hiacynth, bergamot, neroli, iris, orris root, rose, lily-of-the-valley. Profile: It smells like a florist's closet full of roses and flowers, with something earthy and slightly floral lurking in the background.."
15020,green leafy perfume with iris and rose,"Accords: green, earthy, woody. Notes: galbanum, hiacynth, bergamot, neroli, iris, orris root, rose, lily-of-the-valley. Profile: It smells like a florist's closet full of roses and flowers, with something earthy and slightly floral lurking in the background.."
15020,spring garden after rain smell,"Accords: green, earthy, woody. Notes: galbanum, hiacynth, bergamot, neroli, iris, orris root, rose, lily-of-the-valley. Profile: It smells like a florist's closet full of roses and flowers, with something earthy and slightly floral lurking in the background.."
3694,spicy smoky leather jacket smell,"Accords: smoky, woody, leather. Notes: black pepper, sicilian mandarin, cassis, indian saffron, lotus, smoke, woody notes, leather. Profile: It smells like a spice market at dawn — peppery spices mixed with smoky leather, with something earthy and slightly leathery underneath.."
3694,black pepper smoke with citrus,"Accords: smoky, woody, leather. Notes: black pepper, sicilian mandarin, cassis, indian saffron, lotus, smoke, woody notes, leather. Profile: It smells like a spice market at dawn — peppery spices mixed with smoky leather, with something earthy and slightly leathery underneath.."
3694,smoky woody fragrance with saffron,"Accords: smoky, woody, leather. Notes: black pepper, sicilian mandarin, cassis, indian saffron, lotus, smoke, woody notes, leather. Profile: It smells like a spice market at dawn — peppery spices mixed with smoky leather, with something earthy and slightly leathery underneath.."
17993,sweet caramel vanilla perfume for women,"Accords: caramel, vanilla, sweet. Notes: wild berries, gardenia, lily of the valley, honeysuckle, jasmine sambac, vanilla orchid, caramel, vanilla. Profile: It smells like a florist's pantry full of wild berries and honeysuckle at first, then settles into something sweet and earthy with an exotic woody base.."
17993,honeysuckle jasmine with warm vanilla scent,"Accords: caramel, vanilla, sweet. Notes: wild berries, gardenia, lily of the valley, honeysuckle, jasmine sambac, vanilla orchid, caramel, vanilla. Profile: It smells like a florist's pantry full of wild berries and honeysuckle at first, then settles into something sweet and earthy with an exotic woody base.."
17993,candy like floral perfume creamy,"Accords: caramel, vanilla, sweet. Notes: wild berries, gardenia, lily of the valley, honeysuckle, jasmine sambac, vanilla orchid, caramel, vanilla. Profile: It smells like a florist's pantry full of wild berries and honeysuckle at first, then settles into something sweet and earthy with an exotic woody base.."
3866,warm vanilla amber perfume for winter,"Accords: amber, warm spicy, woody. Notes: vanilla, basil, bergamot, mandarin orange, green notes, peach, lemon, spices. Profile: It smells like a spice market at dawn — citrus peel and peach blossoms mixed with white flowers, with something earthy and slightly sweet underneath.."
3866,spicy citrus with sandalwood and musk,"Accords: amber, warm spicy, woody. Notes: vanilla, basil, bergamot, mandarin orange, green notes, peach, lemon, spices. Profile: It smells like a spice market at dawn — citrus peel and peach blossoms mixed with white flowers, with something earthy and slightly sweet underneath.."
3866,cozy incense vanilla smell like church candles,"Accords: amber, warm spicy, woody. Notes: vanilla, basil, bergamot, mandarin orange, green notes, peach, lemon, spices. Profile: It smells like a spice market at dawn — citrus peel and peach blossoms mixed with white flowers, with something earthy and slightly sweet underneath.."
6128,sweet licorice and vanilla perfume,"Accords: soft spicy, anis, vanilla. Notes: star anise, mandarin orange, licorice, jasmine, gardenia, vanille, amber, woodsy notes. Profile: It smells like sweet orange peel and citrus peel at first, then white flowers with a hint of vanilla and woodsy notes.."
6128,warm spicy amber and white flowers,"Accords: soft spicy, anis, vanilla. Notes: star anise, mandarin orange, licorice, jasmine, gardenia, vanille, amber, woodsy notes. Profile: It smells like sweet orange peel and citrus peel at first, then white flowers with a hint of vanilla and woodsy notes.."
6128,mandarin orange jasmine woody scent,"Accords: soft spicy, anis, vanilla. Notes: star anise, mandarin orange, licorice, jasmine, gardenia, vanille, amber, woodsy notes. Profile: It smells like sweet orange peel and citrus peel at first, then white flowers with a hint of vanilla and woodsy notes.."
7053,sweet popcorn and cotton candy perfume,"Accords: nutty, woody, sweet. Notes: pistachio, cotton candy, popcorn, walnut, hazelnut, violet. Profile: It smells like sweet pistachios and candy at first, then dark chocolate and white flowers, with a faint sweetness that's soft and slightly earthy.."
7053,nutty hazelnut pistachio scent,"Accords: nutty, woody, sweet. Notes: pistachio, cotton candy, popcorn, walnut, hazelnut, violet. Profile: It smells like sweet pistachios and candy at first, then dark chocolate and white flowers, with a faint sweetness that's soft and slightly earthy.."
7053,violet flower with roasted nuts fragrance,"Accords: nutty, woody, sweet. Notes: pistachio, cotton candy, popcorn, walnut, hazelnut, violet. Profile: It smells like sweet pistachios and candy at first, then dark chocolate and white flowers, with a faint sweetness that's soft and slightly earthy.."
8938,fresh clean ocean water cologne,"Accords: aquatic, almond, woody. Notes: watery notes, almond, spices, neroli, coumarin, vetiver, patchouli. Profile: It smells like dried almonds and apricots at first, then soft musk and powdery neroli, finishing with something earthy and slightly sweet.."
8938,almond and spices with sea breeze,"Accords: aquatic, almond, woody. Notes: watery notes, almond, spices, neroli, coumarin, vetiver, patchouli. Profile: It smells like dried almonds and apricots at first, then soft musk and powdery neroli, finishing with something earthy and slightly sweet.."
8938,aquatic vetiver for summer beach days,"Accords: aquatic, almond, woody. Notes: watery notes, almond, spices, neroli, coumarin, vetiver, patchouli. Profile: It smells like dried almonds and apricots at first, then soft musk and powdery neroli, finishing with something earthy and slightly sweet.."
20487,spicy ginger cologne for men,"Accords: warm spicy, citrus, aromatic. Notes: ginger, bergamot, lemon, spices, violet leaf, white pepper, basil, tonka bean. Profile: It smells like a spice market at dawn — citrus peel mixed with powdery white flowers, then softens into something earthy and slightly sweet.."
20487,fresh lemon pepper and herbs fragrance,"Accords: warm spicy, citrus, aromatic. Notes: ginger, bergamot, lemon, spices, violet leaf, white pepper, basil, tonka bean. Profile: It smells like a spice market at dawn — citrus peel mixed with powdery white flowers, then softens into something earthy and slightly sweet.."
20487,warm woody scent with bergamot and cedar,"Accords: warm spicy, citrus, aromatic. Notes: ginger, bergamot, lemon, spices, violet leaf, white pepper, basil, tonka bean. Profile: It smells like a spice market at dawn — citrus peel mixed with powdery white flowers, then softens into something earthy and slightly sweet.."
12460,fresh tea with lemon and berries,"Accords: fresh, floral, citrus. Notes: tea, cranberry, amalfi lemon, peony, jasmine, water lily, woodsy notes, patchouli. Profile: It smells like sweet tea and cranberries at first, then settles into something earthy and slightly floral with a hint of powdery sweetness.."
12460,light floral perfume with jasmine and water lily,"Accords: fresh, floral, citrus. Notes: tea, cranberry, amalfi lemon, peony, jasmine, water lily, woodsy notes, patchouli. Profile: It smells like sweet tea and cranberries at first, then settles into something earthy and slightly floral with a hint of powdery sweetness.."
12460,crisp morning walk with flowers and wood,"Accords: fresh, floral, citrus. Notes: tea, cranberry, amalfi lemon, peony, jasmine, water lily, woodsy notes, patchouli. Profile: It smells like sweet tea and cranberries at first, then settles into something earthy and slightly floral with a hint of powdery sweetness.."
2374,bright yellow flowers with pear scent,"Accords: yellow floral, aquatic, powdery. Notes: cascalone, violet leaf, orris, mimosa, pear, paradisone, heliotrope, ambroxan. Profile: It smells like a fruit stand next to an orchard, where white flowers meet sweet pear, then settle into something earthy and slightly floral.."
2374,soft powdery violet and mimosa perfume,"Accords: yellow floral, aquatic, powdery. Notes: cascalone, violet leaf, orris, mimosa, pear, paradisone, heliotrope, ambroxan. Profile: It smells like a fruit stand next to an orchard, where white flowers meet sweet pear, then settle into something earthy and slightly floral.."
2374,fresh floral with watery ocean smell,"Accords: yellow floral, aquatic, powdery. Notes: cascalone, violet leaf, orris, mimosa, pear, paradisone, heliotrope, ambroxan. Profile: It smells like a fruit stand next to an orchard, where white flowers meet sweet pear, then settle into something earthy and slightly floral.."
9740,creamy vanilla milk perfume with orange,"Accords: lactonic, vanilla, sweet. Notes: cassis, bergamot, mandarin orange, jasmine sambac, rose, orange blossom, milk, rice. Profile: It smells like a spice market at dawn — sweet citrus peel mixed with white flowers, then soft vanilla and powdered milk.."
9740,sweet rice pudding and jasmine scent,"Accords: lactonic, vanilla, sweet. Notes: cassis, bergamot, mandarin orange, jasmine sambac, rose, orange blossom, milk, rice. Profile: It smells like a spice market at dawn — sweet citrus peel mixed with white flowers, then soft vanilla and powdered milk.."
9740,soft milky floral perfume for women,"Accords: lactonic, vanilla, sweet. Notes: cassis, bergamot, mandarin orange, jasmine sambac, rose, orange blossom, milk, rice. Profile: It smells like a spice market at dawn — sweet citrus peel mixed with white flowers, then soft vanilla and powdered milk.."
2770,tropical coconut sunscreen beach vibes,"Accords: coconut, white floral, sweet. Notes: cyclamen, ginger, coconut, tiare flower, jasmine, musk. Profile: It smells like a spice market at dawn — sweet almonds mixed with powdered sugar, then softened by something powdery and slightly earthy.."
2770,sweet white flowers and ginger scent,"Accords: coconut, white floral, sweet. Notes: cyclamen, ginger, coconut, tiare flower, jasmine, musk. Profile: It smells like a spice market at dawn — sweet almonds mixed with powdered sugar, then softened by something powdery and slightly earthy.."
2770,creamy coconut and jasmine perfume,"Accords: coconut, white floral, sweet. Notes: cyclamen, ginger, coconut, tiare flower, jasmine, musk. Profile: It smells like a spice market at dawn — sweet almonds mixed with powdered sugar, then softened by something powdery and slightly earthy.."
12915,fresh clean laundry ocean breeze,"Accords: ozonic, aquatic, aromatic. Notes: melon, tonic water, gin, violet leaf, sichuan pepper, citruses, musk, suede. Profile: It smells like sweet melon and citrus peel at first, then creamy white flowers with a hint of powdery spice, finishing with something earthy and slightly leathery.."
12915,crisp melon and citrus summer scent,"Accords: ozonic, aquatic, aromatic. Notes: melon, tonic water, gin, violet leaf, sichuan pepper, citruses, musk, suede. Profile: It smells like sweet melon and citrus peel at first, then creamy white flowers with a hint of powdery spice, finishing with something earthy and slightly leathery.."
12915,light airy cologne for hot weather,"Accords: ozonic, aquatic, aromatic. Notes: melon, tonic water, gin, violet leaf, sichuan pepper, citruses, musk, suede. Profile: It smells like sweet melon and citrus peel at first, then creamy white flowers with a hint of powdery spice, finishing with something earthy and slightly leathery.."
10666,sweet pear and white flowers perfume,"Accords: tuberose, sweet, vanilla. Notes: pear, tuberose, tonka bean. Profile: It smells like ripe pear and white flowers at first, then settles into something sweet and slightly earthy.."
10666,creamy tuberose with vanilla tonka,"Accords: tuberose, sweet, vanilla. Notes: pear, tuberose, tonka bean. Profile: It smells like ripe pear and white flowers at first, then settles into something sweet and slightly earthy.."
10666,fruity floral scent like wedding bouquet,"Accords: tuberose, sweet, vanilla. Notes: pear, tuberose, tonka bean. Profile: It smells like ripe pear and white flowers at first, then settles into something sweet and slightly earthy.."
17013,fresh grapefruit and mint cologne,"Accords: citrus, woody, warm spicy. Notes: grapefruit, lemon, mint, pink pepper, ginger, nutmeg, jasmine, iso e super. Profile: It smells like citrus peel and mint at first, then resinous wood and a hint of powdery incense, finishing with something earthy and slightly sweet.."
17013,spicy ginger cedar mens fragrance,"Accords: citrus, woody, warm spicy. Notes: grapefruit, lemon, mint, pink pepper, ginger, nutmeg, jasmine, iso e super. Profile: It smells like citrus peel and mint at first, then resinous wood and a hint of powdery incense, finishing with something earthy and slightly sweet.."
17013,clean citrus musk everyday perfume,"Accords: citrus, woody, warm spicy. Notes: grapefruit, lemon, mint, pink pepper, ginger, nutmeg, jasmine, iso e super. Profile: It smells like citrus peel and mint at first, then resinous wood and a hint of powdery incense, finishing with something earthy and slightly sweet.."
21704,licorice spice perfume with wood,"Accords: anis, soft spicy, powdery. Notes: star anise, bergamot, agarwood (oud), vetiver, myrhh, iris. Profile: It smells like a spice shop next to an old wooden furniture store — sweet citrus peel mixed with woody moss, then softened by something earthy and slightly floral.."
21704,black licorice and smoky incense smell,"Accords: anis, soft spicy, powdery. Notes: star anise, bergamot, agarwood (oud), vetiver, myrhh, iris. Profile: It smells like a spice shop next to an old wooden furniture store — sweet citrus peel mixed with woody moss, then softened by something earthy and slightly floral.."
21704,anise and dark woody fragrance,"Accords: anis, soft spicy, powdery. Notes: star anise, bergamot, agarwood (oud), vetiver, myrhh, iris. Profile: It smells like a spice shop next to an old wooden furniture store — sweet citrus peel mixed with woody moss, then softened by something earthy and slightly floral.."
1889,rose perfume with jasmine and amber,"Accords: rose, musky, woody. Notes: indian saffron, magnolia, moroccan rose, vetiver, egyptian jasmine, gardenia, musk, cedar. Profile: It smells like a spice market at dawn — sweet saffron and rose petals mixed with vetiver, then settled into something earthy and slightly powdery.."
1889,warm floral scent with saffron and cedar,"Accords: rose, musky, woody. Notes: indian saffron, magnolia, moroccan rose, vetiver, egyptian jasmine, gardenia, musk, cedar. Profile: It smells like a spice market at dawn — sweet saffron and rose petals mixed with vetiver, then settled into something earthy and slightly powdery.."
1889,gardenia magnolia rose fragrance,"Accords: rose, musky, woody. Notes: indian saffron, magnolia, moroccan rose, vetiver, egyptian jasmine, gardenia, musk, cedar. Profile: It smells like a spice market at dawn — sweet saffron and rose petals mixed with vetiver, then settled into something earthy and slightly powdery.."
17897,bright citrus floral perfume for summer,"Accords: yellow floral, woody, sweet. Notes: ylang-ylang, cardamom, grapefruit, lemon, ylang-ylang, jasmine, orange blossom, damask rose. Profile: It smells like a spice market at dawn — citrus peel mixed with white flowers, then softened by powdery florals, finishing with something earthy and slightly woody.."
17897,creamy jasmine and orange blossom scent,"Accords: yellow floral, woody, sweet. Notes: ylang-ylang, cardamom, grapefruit, lemon, ylang-ylang, jasmine, orange blossom, damask rose. Profile: It smells like a spice market at dawn — citrus peel mixed with white flowers, then softened by powdery florals, finishing with something earthy and slightly woody.."
17897,ylang ylang vanilla warm floral fragrance,"Accords: yellow floral, woody, sweet. Notes: ylang-ylang, cardamom, grapefruit, lemon, ylang-ylang, jasmine, orange blossom, damask rose. Profile: It smells like a spice market at dawn — citrus peel mixed with white flowers, then softened by powdery florals, finishing with something earthy and slightly woody.."
5977,fresh rose perfume with moss,"Accords: mossy, fruity, floral. Notes: litchi, mirabelle, citruses, freesia, rose, davana, oakmoss. Profile: It smells like a flower shop at dawn — bright citrus and white flowers mixed with powdery roses, then softens into something earthy and slightly mossy.."
5977,light fruity floral perfume for summer,"Accords: mossy, fruity, floral. Notes: litchi, mirabelle, citruses, freesia, rose, davana, oakmoss. Profile: It smells like a flower shop at dawn — bright citrus and white flowers mixed with powdery roses, then softens into something earthy and slightly mossy.."
5977,citrus and oakmoss fragrance,"Accords: mossy, fruity, floral. Notes: litchi, mirabelle, citruses, freesia, rose, davana, oakmoss. Profile: It smells like a flower shop at dawn — bright citrus and white flowers mixed with powdery roses, then softens into something earthy and slightly mossy.."
18199,rich leather and oud perfume,"Accords: oud, rose, woody. Notes: jasmine, neroli, rose, cinnamon, peach, agarwood (oud), sandalwood, leather. Profile: It smells like sweet jasmine and citrus peel at first, then soft leather and warm wood, finishing with something earthy and slightly musky.."
18199,spicy peach with warm musk,"Accords: oud, rose, woody. Notes: jasmine, neroli, rose, cinnamon, peach, agarwood (oud), sandalwood, leather. Profile: It smells like sweet jasmine and citrus peel at first, then soft leather and warm wood, finishing with something earthy and slightly musky.."
18199,smoky wood and rose scent,"Accords: oud, rose, woody. Notes: jasmine, neroli, rose, cinnamon, peach, agarwood (oud), sandalwood, leather. Profile: It smells like sweet jasmine and citrus peel at first, then soft leather and warm wood, finishing with something earthy and slightly musky.."
5254,clean soap with fresh pear,"Accords: musky, fresh, white floral. Notes: aldehydes, lily-of-the-valley, pear, rose, iris, orange blossom, white musk, ambrette (musk mallow). Profile: It smells like sweet pear and rose petals at first, then white flowers with a hint of powdery musk underneath.."
5254,white flowers and soft powder,"Accords: musky, fresh, white floral. Notes: aldehydes, lily-of-the-valley, pear, rose, iris, orange blossom, white musk, ambrette (musk mallow). Profile: It smells like sweet pear and rose petals at first, then white flowers with a hint of powdery musk underneath.."
5254,light musky perfume for everyday,"Accords: musky, fresh, white floral. Notes: aldehydes, lily-of-the-valley, pear, rose, iris, orange blossom, white musk, ambrette (musk mallow). Profile: It smells like sweet pear and rose petals at first, then white flowers with a hint of powdery musk underneath.."
10376,fresh cut grass and green apple perfume,"Accords: green, fruity, floral. Notes: green leaves, apple, lotus, mimosa, musk, cedar, oakmoss, amber. Profile: It smells like a fruit stand next to an apple orchard, with something sweet and slightly earthy lurking in the background.."
10376,clean spring morning with wet leaves smell,"Accords: green, fruity, floral. Notes: green leaves, apple, lotus, mimosa, musk, cedar, oakmoss, amber. Profile: It smells like a fruit stand next to an apple orchard, with something sweet and slightly earthy lurking in the background.."
10376,crisp apple and moss forest scent,"Accords: green, fruity, floral. Notes: green leaves, apple, lotus, mimosa, musk, cedar, oakmoss, amber. Profile: It smells like a fruit stand next to an apple orchard, with something sweet and slightly earthy lurking in the background.."
11559,tropical fruity perfume with vanilla,"Accords: tropical, fruity, floral. Notes: pitahaya, litchi, jasmine, hibiscus, sea notes, vanilla, musk. Profile: It smells like a tropical garden at dawn — salty palms mixed with white flowers, then settling into something slightly earthy and slightly powdery.."
11559,beach vacation floral scent,"Accords: tropical, fruity, floral. Notes: pitahaya, litchi, jasmine, hibiscus, sea notes, vanilla, musk. Profile: It smells like a tropical garden at dawn — salty palms mixed with white flowers, then settling into something slightly earthy and slightly powdery.."
11559,sweet lychee and jasmine fragrance,"Accords: tropical, fruity, floral. Notes: pitahaya, litchi, jasmine, hibiscus, sea notes, vanilla, musk. Profile: It smells like a tropical garden at dawn — salty palms mixed with white flowers, then settling into something slightly earthy and slightly powdery.."
372,coffee shop with spicy rose,"Accords: coffee, warm spicy, sweet. Notes: sichuan pepper, rose, tangerine, ylang-ylang, patchouli, tiramisu, jasmine, coffee. Profile: It smells like a coffee shop at dawn — spicy peppercorns and rose petals mixed with powdered sugar, then softened by creamy vanilla and whipped cream.."
372,tiramisu dessert perfume,"Accords: coffee, warm spicy, sweet. Notes: sichuan pepper, rose, tangerine, ylang-ylang, patchouli, tiramisu, jasmine, coffee. Profile: It smells like a coffee shop at dawn — spicy peppercorns and rose petals mixed with powdered sugar, then softened by creamy vanilla and whipped cream.."
372,sweet coffee and chocolate scent,"Accords: coffee, warm spicy, sweet. Notes: sichuan pepper, rose, tangerine, ylang-ylang, patchouli, tiramisu, jasmine, coffee. Profile: It smells like a coffee shop at dawn — spicy peppercorns and rose petals mixed with powdered sugar, then softened by creamy vanilla and whipped cream.."
13212,powdery makeup and soft suede jacket,"Accords: iris, powdery, musky. Notes: violet leaf, pink pepper, mandarin orange, iris, orris root, jasmine, suede, benzoin. Profile: It smells like a leather jacket left in an old wooden cabinet — bright citrus peel mixed with white flowers, then softens into something earthy and slightly powdery.."
13212,fresh orange peel with spicy pepper smell,"Accords: iris, powdery, musky. Notes: violet leaf, pink pepper, mandarin orange, iris, orris root, jasmine, suede, benzoin. Profile: It smells like a leather jacket left in an old wooden cabinet — bright citrus peel mixed with white flowers, then softens into something earthy and slightly powdery.."
13212,clean iris flower with warm woody musk,"Accords: iris, powdery, musky. Notes: violet leaf, pink pepper, mandarin orange, iris, orris root, jasmine, suede, benzoin. Profile: It smells like a leather jacket left in an old wooden cabinet — bright citrus peel mixed with white flowers, then softens into something earthy and slightly powdery.."
15380,mossy forest perfume with flowers,"Accords: mossy, earthy, warm spicy. Notes: bergamot, citruses, jasmine, rose, peach, ylang-ylang, jasmine, rose. Profile: It smells like a flower shop at dawn — sweet peaches and roses mixed with white flowers, with something earthy and slightly floral lurking in the background.."
15380,earthy oakmoss amber perfume,"Accords: mossy, earthy, warm spicy. Notes: bergamot, citruses, jasmine, rose, peach, ylang-ylang, jasmine, rose. Profile: It smells like a flower shop at dawn — sweet peaches and roses mixed with white flowers, with something earthy and slightly floral lurking in the background.."
15380,floral scent with cinnamon and vetiver,"Accords: mossy, earthy, warm spicy. Notes: bergamot, citruses, jasmine, rose, peach, ylang-ylang, jasmine, rose. Profile: It smells like a flower shop at dawn — sweet peaches and roses mixed with white flowers, with something earthy and slightly floral lurking in the background.."
1971,fresh ocean breeze cologne for men,"Accords: marine, aromatic, citrus. Notes: sicilian bergamot, pink pepper, exotic fruits, sea notes, ambergris, woodsy notes, indonesian patchouli leaf, leather. Profile: It smells like a leather jacket left on the beach next to an old wooden boat dock — sweet citrus peel and salty pepper, with something earthy and slightly leathery underneath.."
1971,summer beach vacation scent with bergamot,"Accords: marine, aromatic, citrus. Notes: sicilian bergamot, pink pepper, exotic fruits, sea notes, ambergris, woodsy notes, indonesian patchouli leaf, leather. Profile: It smells like a leather jacket left on the beach next to an old wooden boat dock — sweet citrus peel and salty pepper, with something earthy and slightly leathery underneath.."
1971,clean salty sea spray leather perfume,"Accords: marine, aromatic, citrus. Notes: sicilian bergamot, pink pepper, exotic fruits, sea notes, ambergris, woodsy notes, indonesian patchouli leaf, leather. Profile: It smells like a leather jacket left on the beach next to an old wooden boat dock — sweet citrus peel and salty pepper, with something earthy and slightly leathery underneath.."
19940,sweet fizzy cola drink perfume,"Accords: coca-cola, warm spicy, amber. Notes: coca-cola, mandarin orange, jasmine, tuberose, tonka bean, sandalwood, amber. Profile: It smells like a coffee shop at dawn — orange peel and jasmine mixing with white flowers, then softens into something earthy and slightly powdery.."
19940,jasmine and orange soda scent,"Accords: coca-cola, warm spicy, amber. Notes: coca-cola, mandarin orange, jasmine, tuberose, tonka bean, sandalwood, amber. Profile: It smells like a coffee shop at dawn — orange peel and jasmine mixing with white flowers, then softens into something earthy and slightly powdery.."
19940,vanilla cola with white flowers,"Accords: coca-cola, warm spicy, amber. Notes: coca-cola, mandarin orange, jasmine, tuberose, tonka bean, sandalwood, amber. Profile: It smells like a coffee shop at dawn — orange peel and jasmine mixing with white flowers, then softens into something earthy and slightly powdery.."
21190,fresh lavender and cedar cologne for men,"Accords: aromatic, warm spicy, lavender. Notes: cardamom, lavender, virginia cedar, bergamot, vetiver, caraway. Profile: It smells like sweet cardamom and lavender at first, then soft lavender and vetiver, finishing with something earthy and slightly floral.."
21190,spicy cardamom bergamot aromatic scent,"Accords: aromatic, warm spicy, lavender. Notes: cardamom, lavender, virginia cedar, bergamot, vetiver, caraway. Profile: It smells like sweet cardamom and lavender at first, then soft lavender and vetiver, finishing with something earthy and slightly floral.."
21190,clean barbershop smell with herbs and wood,"Accords: aromatic, warm spicy, lavender. Notes: cardamom, lavender, virginia cedar, bergamot, vetiver, caraway. Profile: It smells like sweet cardamom and lavender at first, then soft lavender and vetiver, finishing with something earthy and slightly floral.."
19333,fresh orange and pepper cologne,"Accords: citrus, woody, fresh spicy. Notes: orange, grapefruit, pepper, pelargonium, flint, vetiver, cedar, patchouli. Profile: It smells like orange peel and citrus peel at first, then settles into powdery vetiver and warm wood.."
19333,citrus perfume with woody base,"Accords: citrus, woody, fresh spicy. Notes: orange, grapefruit, pepper, pelargonium, flint, vetiver, cedar, patchouli. Profile: It smells like orange peel and citrus peel at first, then settles into powdery vetiver and warm wood.."
19333,grapefruit and cedar scent for summer,"Accords: citrus, woody, fresh spicy. Notes: orange, grapefruit, pepper, pelargonium, flint, vetiver, cedar, patchouli. Profile: It smells like orange peel and citrus peel at first, then settles into powdery vetiver and warm wood.."
13843,spicy apple cinnamon perfume,"Accords: cinnamon, warm spicy, musky. Notes: apple, violet leaf, bergamot, cinnamon, pink pepper, geranium, musk, cedar. Profile: It smells like ripe apples and citrus peel at first, then warm spices and powdery cedar, finishing with a soft woody base.."
13843,warm pink pepper and cedar fragrance,"Accords: cinnamon, warm spicy, musky. Notes: apple, violet leaf, bergamot, cinnamon, pink pepper, geranium, musk, cedar. Profile: It smells like ripe apples and citrus peel at first, then warm spices and powdery cedar, finishing with a soft woody base.."
13843,cozy autumn spice with musk,"Accords: cinnamon, warm spicy, musky. Notes: apple, violet leaf, bergamot, cinnamon, pink pepper, geranium, musk, cedar. Profile: It smells like ripe apples and citrus peel at first, then warm spices and powdery cedar, finishing with a soft woody base.."
20469,spicy pepper and vanilla perfume,"Accords: balsamic, warm spicy, woody. Notes: mate, black pepper, pink pepper, cardamom, bergamot, water lily, magnolia, rose. Profile: It smells like a flower shop at dawn — black pepper and cardamom mixed with white flowers, then softens into something earthy and slightly powdery.."
20469,warm resinous incense smell,"Accords: balsamic, warm spicy, woody. Notes: mate, black pepper, pink pepper, cardamom, bergamot, water lily, magnolia, rose. Profile: It smells like a flower shop at dawn — black pepper and cardamom mixed with white flowers, then softens into something earthy and slightly powdery.."
20469,tea and flowers with sweet base,"Accords: balsamic, warm spicy, woody. Notes: mate, black pepper, pink pepper, cardamom, bergamot, water lily, magnolia, rose. Profile: It smells like a flower shop at dawn — black pepper and cardamom mixed with white flowers, then softens into something earthy and slightly powdery.."
6522,creamy woody perfume with fruit and flowers,"Accords: woody, floral, sweet. Notes: pomegranate, persimmon, green accord, black orchid, lotus, champaca, mahogany, amber. Profile: It smells like pomegranate and citrus peel at first, then settles into something earthy and slightly sweet.."
6522,mahogany wood amber perfume women,"Accords: woody, floral, sweet. Notes: pomegranate, persimmon, green accord, black orchid, lotus, champaca, mahogany, amber. Profile: It smells like pomegranate and citrus peel at first, then settles into something earthy and slightly sweet.."
6522,dark floral woody scent whipped cream,"Accords: woody, floral, sweet. Notes: pomegranate, persimmon, green accord, black orchid, lotus, champaca, mahogany, amber. Profile: It smells like pomegranate and citrus peel at first, then settles into something earthy and slightly sweet.."
9061,spicy vanilla leather perfume,"Accords: soft spicy, vanilla, warm spicy. Notes: licorice, dewberry, chili pepper, champaca, red rose, lotus, vanilla, leather. Profile: It smells like sweet licorice and dried roses at first, then soft vanilla and powdery leather, finishing with something earthy and slightly leathery.."
9061,rose and chili pepper scent,"Accords: soft spicy, vanilla, warm spicy. Notes: licorice, dewberry, chili pepper, champaca, red rose, lotus, vanilla, leather. Profile: It smells like sweet licorice and dried roses at first, then soft vanilla and powdery leather, finishing with something earthy and slightly leathery.."
9061,warm amber with licorice smell,"Accords: soft spicy, vanilla, warm spicy. Notes: licorice, dewberry, chili pepper, champaca, red rose, lotus, vanilla, leather. Profile: It smells like sweet licorice and dried roses at first, then soft vanilla and powdery leather, finishing with something earthy and slightly leathery.."
7972,spicy cologne with bergamot and lavender,"Accords: fresh spicy, amber, citrus. Notes: calabrian bergamot, pepper, sichuan pepper, lavender, pink pepper, vetiver, patchouli, geranium. Profile: It smells like a spice market at dawn — sweet pepper and spice mixed with powdery lavender, then settles into something earthy and slightly floral.."
7972,fresh pepper and woods mens fragrance,"Accords: fresh spicy, amber, citrus. Notes: calabrian bergamot, pepper, sichuan pepper, lavender, pink pepper, vetiver, patchouli, geranium. Profile: It smells like a spice market at dawn — sweet pepper and spice mixed with powdery lavender, then settles into something earthy and slightly floral.."
7972,citrus spicy scent for everyday wear,"Accords: fresh spicy, amber, citrus. Notes: calabrian bergamot, pepper, sichuan pepper, lavender, pink pepper, vetiver, patchouli, geranium. Profile: It smells like a spice market at dawn — sweet pepper and spice mixed with powdery lavender, then settles into something earthy and slightly floral.."
10611,sweet raspberry rose perfume for summer,"Accords: fruity, rose, sweet. Notes: raspberry, rose, cassis, pink pepper, peony, jasmine, vanille, musk. Profile: It smells like ripe raspberries and roses at first, then soft vanilla and powdery florals, finishing with a warm, slightly woody base.."
10611,fresh pink berries and flowers scent,"Accords: fruity, rose, sweet. Notes: raspberry, rose, cassis, pink pepper, peony, jasmine, vanille, musk. Profile: It smells like ripe raspberries and roses at first, then soft vanilla and powdery florals, finishing with a warm, slightly woody base.."
10611,light fruity vanilla musk everyday fragrance,"Accords: fruity, rose, sweet. Notes: raspberry, rose, cassis, pink pepper, peony, jasmine, vanille, musk. Profile: It smells like ripe raspberries and roses at first, then soft vanilla and powdery florals, finishing with a warm, slightly woody base.."
15984,fresh lemon and leather cologne,"Accords: woody, fruity, citrus. Notes: sicilian lemon, black currant, bergamot, spicy notes, fruity notes, patchouli leaf, water jasmine, cedar. Profile: It smells like tart lemon and black currant at first, then white flowers with a hint of powdery wood underneath.."
15984,woody perfume with vanilla and spice,"Accords: woody, fruity, citrus. Notes: sicilian lemon, black currant, bergamot, spicy notes, fruity notes, patchouli leaf, water jasmine, cedar. Profile: It smells like tart lemon and black currant at first, then white flowers with a hint of powdery wood underneath.."
15984,bergamot cedar sandalwood fragrance,"Accords: woody, fruity, citrus. Notes: sicilian lemon, black currant, bergamot, spicy notes, fruity notes, patchouli leaf, water jasmine, cedar. Profile: It smells like tart lemon and black currant at first, then white flowers with a hint of powdery wood underneath.."
12784,leather jacket with citrus and spices,"Accords: leather, woody, ozonic. Notes: nutmeg flower, lavender, cedar, mandarin orange, chamomile, hawthorn, bergamot, lemon. Profile: It smells like a flower shop at dawn — citrus peel and white flowers mixed with powdered roses, then softened by the sweet scent of honeysuckle and sandalwood.."
12784,warm leather bag in a flower shop,"Accords: leather, woody, ozonic. Notes: nutmeg flower, lavender, cedar, mandarin orange, chamomile, hawthorn, bergamot, lemon. Profile: It smells like a flower shop at dawn — citrus peel and white flowers mixed with powdered roses, then softened by the sweet scent of honeysuckle and sandalwood.."
12784,new car leather seats with woody smell,"Accords: leather, woody, ozonic. Notes: nutmeg flower, lavender, cedar, mandarin orange, chamomile, hawthorn, bergamot, lemon. Profile: It smells like a flower shop at dawn — citrus peel and white flowers mixed with powdered roses, then softened by the sweet scent of honeysuckle and sandalwood.."
12822,fresh rose perfume with lemon and vanilla,"Accords: rose, vanilla, powdery. Notes: italian lemon, turkish rose, vanilla, white musk, cedar. Profile: It smells like a spice market at dawn — lemon peel and white flowers mixed with musk, then softens into something earthy and slightly woody.."
12822,clean rose and musk scent,"Accords: rose, vanilla, powdery. Notes: italian lemon, turkish rose, vanilla, white musk, cedar. Profile: It smells like a spice market at dawn — lemon peel and white flowers mixed with musk, then softens into something earthy and slightly woody.."
12822,rose perfume that smells like a garden not grandma,"Accords: rose, vanilla, powdery. Notes: italian lemon, turkish rose, vanilla, white musk, cedar. Profile: It smells like a spice market at dawn — lemon peel and white flowers mixed with musk, then softens into something earthy and slightly woody.."
18208,fresh green violet perfume with pepper,"Accords: violet, powdery, fresh spicy. Notes: violet leaf, saffron, bergamot, violet, black pepper, pimento leaf, agarwood (oud), musk. Profile: It smells like a spice market at dawn — powdery white flowers mixed with saffron and black pepper, then softens into something earthy and slightly woody.."
18208,earthy violet and oud fragrance,"Accords: violet, powdery, fresh spicy. Notes: violet leaf, saffron, bergamot, violet, black pepper, pimento leaf, agarwood (oud), musk. Profile: It smells like a spice market at dawn — powdery white flowers mixed with saffron and black pepper, then softens into something earthy and slightly woody.."
18208,spicy floral with saffron and bergamot,"Accords: violet, powdery, fresh spicy. Notes: violet leaf, saffron, bergamot, violet, black pepper, pimento leaf, agarwood (oud), musk. Profile: It smells like a spice market at dawn — powdery white flowers mixed with saffron and black pepper, then softens into something earthy and slightly woody.."
19687,fresh lemon and rosemary cologne for men,"Accords: citrus, vanilla, fresh spicy. Notes: mandarin orange, madagascar pepper, lemon, chinotto, rosemary, geranium, rose, pepperwood. Profile: It smells like sweet orange peel and citrus peel at first, then sweet vanilla and powdery roses, finishing with a soft woody base.."
19687,spicy citrus with woody base smell,"Accords: citrus, vanilla, fresh spicy. Notes: mandarin orange, madagascar pepper, lemon, chinotto, rosemary, geranium, rose, pepperwood. Profile: It smells like sweet orange peel and citrus peel at first, then sweet vanilla and powdery roses, finishing with a soft woody base.."
19687,orange peel pepper and sandalwood fragrance,"Accords: citrus, vanilla, fresh spicy. Notes: mandarin orange, madagascar pepper, lemon, chinotto, rosemary, geranium, rose, pepperwood. Profile: It smells like sweet orange peel and citrus peel at first, then sweet vanilla and powdery roses, finishing with a soft woody base.."
2952,creamy white flowers with citrus,"Accords: tuberose, white floral, citrus. Notes: mandarin orange, tuberose, woodsy notes. Profile: It smells like citrus peel and orange peel at first, then soft woodsy notes with a woody base.."
2952,tuberose perfume not too heavy,"Accords: tuberose, white floral, citrus. Notes: mandarin orange, tuberose, woodsy notes. Profile: It smells like citrus peel and orange peel at first, then soft woodsy notes with a woody base.."
2952,orange blossom woody base,"Accords: tuberose, white floral, citrus. Notes: mandarin orange, tuberose, woodsy notes. Profile: It smells like citrus peel and orange peel at first, then soft woodsy notes with a woody base.."
8348,violet powder floral perfume,"Accords: violet, powdery, warm spicy. Notes: pepper, orange pepper, pimento, apricot, coriander, fresh almond, brazilian rosewood, violet. Profile: It smells like a spice market at dawn — sweet pepper and orange peel mixed with powdery white flowers, then settles into something earthy and slightly woody.."
8348,spicy fruity apricot and pepper scent,"Accords: violet, powdery, warm spicy. Notes: pepper, orange pepper, pimento, apricot, coriander, fresh almond, brazilian rosewood, violet. Profile: It smells like a spice market at dawn — sweet pepper and orange peel mixed with powdery white flowers, then settles into something earthy and slightly woody.."
8348,warm vanilla amber with roses,"Accords: violet, powdery, warm spicy. Notes: pepper, orange pepper, pimento, apricot, coriander, fresh almond, brazilian rosewood, violet. Profile: It smells like a spice market at dawn — sweet pepper and orange peel mixed with powdery white flowers, then settles into something earthy and slightly woody.."
14787,lavender and spices cologne for men,"Accords: lavender, fresh spicy, woody. Notes: lavender, cinnamon, nutmeg, citruses, agarwood (oud), violet, jasmine, patchouli leaf. Profile: It smells like a leather jacket left on the beach at dawn — sweet lavender and citrus peel mixed with white flowers, then soft leather and warm wood.."
14787,clean soapy smell with leather and wood,"Accords: lavender, fresh spicy, woody. Notes: lavender, cinnamon, nutmeg, citruses, agarwood (oud), violet, jasmine, patchouli leaf. Profile: It smells like a leather jacket left on the beach at dawn — sweet lavender and citrus peel mixed with white flowers, then soft leather and warm wood.."
14787,fresh ocean breeze with warm spices,"Accords: lavender, fresh spicy, woody. Notes: lavender, cinnamon, nutmeg, citruses, agarwood (oud), violet, jasmine, patchouli leaf. Profile: It smells like a leather jacket left on the beach at dawn — sweet lavender and citrus peel mixed with white flowers, then soft leather and warm wood.."
12480,earthy patchouli with soft vanilla and musk,"Accords: patchouli, rose, amber. Notes: lavender, bergamot, patchouli, bulgarian rose, white musk, ambroxan, vanilla, labdanum. Profile: It smells like sweet lavender and bergamot at first, then creamy vanilla and powdery musk, finishing with a soft vanilla-tonka base.."
12480,lavender and rose perfume dark and cozy,"Accords: patchouli, rose, amber. Notes: lavender, bergamot, patchouli, bulgarian rose, white musk, ambroxan, vanilla, labdanum. Profile: It smells like sweet lavender and bergamot at first, then creamy vanilla and powdery musk, finishing with a soft vanilla-tonka base.."
12480,warm spicy scent like incense and old wood,"Accords: patchouli, rose, amber. Notes: lavender, bergamot, patchouli, bulgarian rose, white musk, ambroxan, vanilla, labdanum. Profile: It smells like sweet lavender and bergamot at first, then creamy vanilla and powdery musk, finishing with a soft vanilla-tonka base.."
10594,fresh white flowers with vanilla,"Accords: white floral, tuberose, sweet. Notes: pear, bergamot, tuberose, orange blossom, jasmine sambac, patchouli, vanilla, ambroxan. Profile: It smells like ripe pear and orange peel at first, then white flowers with a hint of vanilla and powdery sambac underneath.."
10594,tuberose jasmine orange blossom perfume,"Accords: white floral, tuberose, sweet. Notes: pear, bergamot, tuberose, orange blossom, jasmine sambac, patchouli, vanilla, ambroxan. Profile: It smells like ripe pear and orange peel at first, then white flowers with a hint of vanilla and powdery sambac underneath.."
10594,sweet pear and creamy floral scent,"Accords: white floral, tuberose, sweet. Notes: pear, bergamot, tuberose, orange blossom, jasmine sambac, patchouli, vanilla, ambroxan. Profile: It smells like ripe pear and orange peel at first, then white flowers with a hint of vanilla and powdery sambac underneath.."
6615,tropical beach vacation coconut perfume,"Accords: tropical, woody, sweet. Notes: ylang-ylang, carambola (star fruit), mango, violet leaves, lemon, bergamot, pink pepper, frangipani. Profile: It smells like ripe mango and citrus peel at first, then creamy coconut and salty sea salt, with a warm, slightly powdery base that's soft and slightly earthy.."
6615,fruity mango starfruit summer scent,"Accords: tropical, woody, sweet. Notes: ylang-ylang, carambola (star fruit), mango, violet leaves, lemon, bergamot, pink pepper, frangipani. Profile: It smells like ripe mango and citrus peel at first, then creamy coconut and salty sea salt, with a warm, slightly powdery base that's soft and slightly earthy.."
6615,salty ocean breeze vanilla sandalwood,"Accords: tropical, woody, sweet. Notes: ylang-ylang, carambola (star fruit), mango, violet leaves, lemon, bergamot, pink pepper, frangipani. Profile: It smells like ripe mango and citrus peel at first, then creamy coconut and salty sea salt, with a warm, slightly powdery base that's soft and slightly earthy.."
9283,sweet orange blossom and vanilla perfume,"Accords: white floral, sweet, powdery. Notes: orange blossom, star anise, rose, mandarin orange, pear, bergamot, ylang-ylang, ginger. Profile: It smells like sweet orange blossoms and roses at first, then soft vanilla and resinous wood, finishing with a warm, slightly powdery base.."
9283,creamy white flowers with warm spices,"Accords: white floral, sweet, powdery. Notes: orange blossom, star anise, rose, mandarin orange, pear, bergamot, ylang-ylang, ginger. Profile: It smells like sweet orange blossoms and roses at first, then soft vanilla and resinous wood, finishing with a warm, slightly powdery base.."
9283,fancy hotel lobby flowers and soft powder,"Accords: white floral, sweet, powdery. Notes: orange blossom, star anise, rose, mandarin orange, pear, bergamot, ylang-ylang, ginger. Profile: It smells like sweet orange blossoms and roses at first, then soft vanilla and resinous wood, finishing with a warm, slightly powdery base.."
3833,sweet licorice peach perfume,"Accords: anis, soft spicy, powdery. Notes: star anise, peach, mandarin orange, orange blossom, heliotrope, jasmine, freesia, lily-of-the-valley. Profile: It smells like sweet peach and orange peel at first, then white flowers and jasmine, finishing with something earthy and slightly musky.."
3833,warm orange blossom white flowers,"Accords: anis, soft spicy, powdery. Notes: star anise, peach, mandarin orange, orange blossom, heliotrope, jasmine, freesia, lily-of-the-valley. Profile: It smells like sweet peach and orange peel at first, then white flowers and jasmine, finishing with something earthy and slightly musky.."
3833,anise sandalwood musky scent,"Accords: anis, soft spicy, powdery. Notes: star anise, peach, mandarin orange, orange blossom, heliotrope, jasmine, freesia, lily-of-the-valley. Profile: It smells like sweet peach and orange peel at first, then white flowers and jasmine, finishing with something earthy and slightly musky.."
19538,fresh lemon bergamot perfume,"Accords: citrus, aromatic, fresh spicy. Notes: lemon, bergamot, neroli, rose de mai, hyacinth, cedar, clary sage, geranium. Profile: It smells like citrus peel and bergamot at first, then white flowers with a hint of hyacinth, finishing with something earthy and slightly powdery.."
19538,clean soapy floral musk,"Accords: citrus, aromatic, fresh spicy. Notes: lemon, bergamot, neroli, rose de mai, hyacinth, cedar, clary sage, geranium. Profile: It smells like citrus peel and bergamot at first, then white flowers with a hint of hyacinth, finishing with something earthy and slightly powdery.."
19538,bright citrus with warm amber base,"Accords: citrus, aromatic, fresh spicy. Notes: lemon, bergamot, neroli, rose de mai, hyacinth, cedar, clary sage, geranium. Profile: It smells like citrus peel and bergamot at first, then white flowers with a hint of hyacinth, finishing with something earthy and slightly powdery.."
21352,smoky oud leather with rose,"Accords: oud, amber, leather. Notes: frankincense, raspberry, saffron, pear, musk, damask rose, orange blossom, agarwood. Profile: It smells like a leather jacket left in an old wooden shed, where dried pear and rose petals meet soft leather, with something earthy and slightly powdery underneath.."
21352,sweet raspberry saffron perfume,"Accords: oud, amber, leather. Notes: frankincense, raspberry, saffron, pear, musk, damask rose, orange blossom, agarwood. Profile: It smells like a leather jacket left in an old wooden shed, where dried pear and rose petals meet soft leather, with something earthy and slightly powdery underneath.."
21352,church incense mixed with fruit and musk,"Accords: oud, amber, leather. Notes: frankincense, raspberry, saffron, pear, musk, damask rose, orange blossom, agarwood. Profile: It smells like a leather jacket left in an old wooden shed, where dried pear and rose petals meet soft leather, with something earthy and slightly powdery underneath.."
9799,rich dark chocolate perfume,"Accords: chocolate, sweet, nutty. Notes: dark chocolate, italian mandarin, brazilian orange, hazelnut, amberwood, tahitian vanilla, musk, ambergris. Profile: It smells like dark chocolate and citrus peel at first, then warm vanilla and musk, finishing with a soft, slightly powdery base.."
9799,warm vanilla and hazelnut scent,"Accords: chocolate, sweet, nutty. Notes: dark chocolate, italian mandarin, brazilian orange, hazelnut, amberwood, tahitian vanilla, musk, ambergris. Profile: It smells like dark chocolate and citrus peel at first, then warm vanilla and musk, finishing with a soft, slightly powdery base.."
9799,chocolate orange fragrance women,"Accords: chocolate, sweet, nutty. Notes: dark chocolate, italian mandarin, brazilian orange, hazelnut, amberwood, tahitian vanilla, musk, ambergris. Profile: It smells like dark chocolate and citrus peel at first, then warm vanilla and musk, finishing with a soft, slightly powdery base.."
4255,salty ocean breeze with coconut sunscreen,"Accords: mineral, salty, citrus. Notes: sea salt, mineral notes, citruses, jasmine, mastic or lentisque, coconut, pine tree, labdanum. Profile: It smells like salty sea water and mastic or lentisque, with a powdery base that's soft and slightly earthy.."
4255,fresh citrus by the sea smell,"Accords: mineral, salty, citrus. Notes: sea salt, mineral notes, citruses, jasmine, mastic or lentisque, coconut, pine tree, labdanum. Profile: It smells like salty sea water and mastic or lentisque, with a powdery base that's soft and slightly earthy.."
4255,pine trees near the beach scent,"Accords: mineral, salty, citrus. Notes: sea salt, mineral notes, citruses, jasmine, mastic or lentisque, coconut, pine tree, labdanum. Profile: It smells like salty sea water and mastic or lentisque, with a powdery base that's soft and slightly earthy.."
