anchor,positive
"It smells like the inside of an old wooden church mixed with black licorice and worn leather boots, with something sharp and peppery cutting through the smoky air.","incense, black pepper, olibanum, birch, licorice, leather, pepperwood or hercules club, cedar, vetiver"
"It smells like sharp grass and rose petals at first, then settles into earthy wood, cigarette-sweetened tobacco, and soft vanilla.","green notes, bulgarian rose, saffron, patchouli, cedar, tobacco, musk, vanilla"
"It smells like soapy white flowers and sweet fruit at first, then settles into powdery rose with a warm, slightly mossy base.","aldehydes, green notes, honeysuckle, bergamot, peach, lemon, rose, iris, geranium, ylang-ylang, lily-of-the-valley, jasmine, magnolia, gardenia, oakmoss, tahitian vetiver, musk, sandalwood, tonka bean, amber"
"It smells like lavender and citrus peel over creamy coffee, with sweet vanilla and dry cedarwood underneath.","lavender, citruses, cappuccino, cedar, vanilla"
"It smells like a leather jacket draped over a park bench after rain, with sweet spice lingering in the air and something mossy clinging to the worn fabric.","grass, bergamot, grapefruit, woodsy notes, nutmeg, violet, saffron, jasmine, sugar, leather, vanilla, suede, amber, cashmirwood, sandalwood, oakmoss, vetiver"
"It smells like fresh citrus and herbs at first, then soft flowers and wood, finishing with a warm, slightly sweet powder.","lemon, bergamot, neroli, rose de mai, hyacinth, cedar, clary sage, geranium, tonka bean, musk, amber"
"It smells like fresh citrus peel and powdered rose petals, then creamy white flowers with an earthy, slightly musty undertone.","italian mandarin, rose, egyptian jasmine, patchouli, musk"
"It smells like standing in a Japanese bathhouse at dawn — clean stone tiles still cool from the night, faint wisps of steam carrying woody cypress, and the pale sweetness of flowers just beginning to open outside.","mineral notes, pink pepper, lotus, syringa, hinoki wood, white amber"
"It smells like citrus peel and salty ocean air at first, then white flowers and peach, settling into soft musk and weathered wood.","lime, lemon, bergamot, jasmine, orange, mandarin orange, neroli, sea notes, jasmine, calone, rosemary, peach, freesia, hiacynth, cyclamen, violet, coriander, rose, nutmeg, mignonette, white musk, cedar, oakmoss, patchouli, amber"
"It smells like a campfire at a botanical garden — medicinal eucalyptus smoke mixed with the honeyed sweetness of yellow mimosa flowers, finishing with black licorice and pencil-case wood.","smoke, camphor, mimosa, anise, cedar, ambrette (musk mallow), juniper"
"It smells like creamy coconut and vanilla with bright citrus on top, then a powdery almond-like sweetness and soft white flowers.","coconut water, bergamot, jasmine, heliotrope, bourbon vanilla, cashmeran"
"It smells like a worn leather jacket hanging in a closet next to burning church incense, with hints of violet potpourri and sweet resin tucked into the pockets.","animal notes, woody notes, violet, leather, incense, cade oil, labdanum, cedar, patchouli, vanilla"
"It smells like warm spices and citrus peel at first, then creamy florals with a rich, woody-sweet base of amber and vanilla.","saffron, ginger, sicilian mandarin, sicilian bergamot, amberwood, moroccan rose, egyptian jasmine, indonesian patchouli leaf, madagascar vanilla, white musk, sandalwood, oakmoss"
"It smells like strong coffee and toasted hazelnuts at first, then white flowers emerge with a creamy vanilla sweetness and warm, slightly powdery musk underneath.","neroli, pink pepper, bergamot, coffee, rose, hazelnut, orange blossom, jasmine, vanilla, amberwood, ambroxan, musk"
"It smells like sweet powder and creamy vanilla with tart berries, white flowers blooming underneath, and a warm, slightly earthy base.","black currant, pear, iris, jasmine, orange blossom, praline, vanilla, patchouli, tonka bean"
"It smells like lavender soap and powdered iris at first, then creamy vanilla and rose, with a sweet licorice-like warmth and soft, woody undertones.","lavender, bergamot, iris, jasmine sambac, rose, tahitian vanilla, coumarin, australian sandalwood, licorice, benzoin, patchouli"
"It smells like gin spilled on a wooden desk in a library — sharp citrus and herbs giving way to dusty paper, pencil wood, and something quietly spicy lingering in the air.","bergamot, juniper, coriander, iris, cardamom, pepper, amber, cedar, vetiver"
"It smells like fresh-cut pear and mandarin at first, then powdery iris and soft roses, finishing with clean musk and pale sandalwood.","wasabi, violet leaf, mandarin orange, pear, pebbles, hedione, orris root, peony, rose, vetiver, white musk, incense, sandalwood"
"It smells like bitter herbs and citrus peel at first, then creamy honey with soft flowers, finishing with worn leather and earthy moss.","artemisia, basil, tangerine, bergamot, amalfi lemon, white honey, rose, jasmine, peach, pepper, civetta, oak moss, leather, patchouli, woodsy notes, virginia cedar"
"It smells like the wooden bar of an old-fashioned cocktail lounge — polished oak mingling with spilled brandy, brown sugar syrup, and lingering cigar box sweetness.","cognac, cinnamon, tonka bean, oak, vanilla, praline, sandalwood"
"It smells like wet tree bark after rain, with a hint of crushed berries and the slightly metallic scent of a cold stream running through wild heather.","oakmoss, water notes, water pepper, heather, violet, beech, blackberry, water notes, portulaca or pigweed"
"It smells like a bowl of sweetened cereal with coconut milk poured over it, sitting next to a just-cut fig on a summer morning.","coconut, fig, vanilla flower, coconut, milk, wheat, sugar, coconut milk, fig leaf, vanilla"
"It smells like a leather jacket draped over a church pew, with citrus oil on your fingers and a faint almond sweetness lingering in the air.","leather, bergamot, amalfi lemon, holly, rosemary, tea, styrax, lily-of-the-valley, tonka bean, incense, benzoin, almond, amber"
"It smells like a florist's workbench covered in apple peels and drizzled honey, with that powdery-sweet scent of almond cookies baking somewhere in the back room.","apple, honeycomb, bergamot, honey, jasmine, mahonial, rose, tonka bean, heliotrope, musk, hawthorn"
"It smells like a crisp salad bar next to a fruit stand on a sunny morning, with a hint of powdery violet petals scattered on top.","cucumber, citruses, green tea, watermelon, french violet, ambrette (musk mallow), amber"
"It smells like standing on a sailboat at dawn — salt air mixing with berry jam on toast, trailing into clean laundry hung near driftwood.","sea notes, red fruits, bergamot, violet, white woods, sandalwood, musk, ambroxan, vetiver"
"It smells like crushed herbs from a summer garden mixed with orange blossoms, slightly medicinal and green, like a calming tea someone spilled on their wrists.","petitgrain, neroli, chamomile, basil"
"It smells like fresh citrus peel and white flowers at first, then settles into something creamy and woody with a soft, clean sweetness.","lemon, bergamot, neroli, lime (linden) blossom, pear, ylang-ylang, musk, sandalwood"
"It smells like creamy coconut and sweet tropical flowers, with bright citrus on top and a soft, clean musk underneath.","coconut nectar, neroli, bergamot, mandarin orange, monoi oil, ylang-ylang, orange blossom, jasmine, coconut milk, musk, ambrette (musk mallow)"
"It smells like fresh citrus and wet stems, then creamy white flowers with a soft, clean musk that fades into pale wood.","grapefruit, lemon, watery notes, white flowers, gardenia, green notes, sweet pea, musk, woody notes"
"It smells like standing in a humid greenhouse after rain, where mint leaves crush underfoot near potted fig trees, while someone's applied coconut sunscreen mixed with sea spray.","green notes, watery notes, mint, ginger, coconut, fig, salt, tonka bean, sandalwood"
"It smells like an old leather jacket draped over a wooden chair in a dusty library, with something sweet and powdery lingering in the air like vanilla cookies left on a shelf.","iris, amber, patchouli, tonka bean, leather, sandalwood"
"It smells like lavender and mint over something sweet and milky, with coffee, vanilla, and warm resinous woods anchoring everything below.","lavender, mint, fruity, spicy notes, coriander, green notes, bergamot, caramel, patchouli, honey, milk, cedar, jasmine, lily-of-the-valley, coffee, patchouli, vanilla, tonka bean, benzoin, amber, sandalwood, musk"
"It smells like overripe berries crushed into white flowers, with a dark, resinous sweetness that clings to your fingers.","black currant, davana, tuberose, vanilla absolute, myrrh"
It smells like old lipstick from your grandmother's purse mixed with the stone walls of a cellar that hasn't been opened in years.,"aldehydes, rose, oakmoss"
"It smells like the inside of a Thai dessert shop — sweet coconut cream drizzled with burnt sugar, milky and thick.","milk, coconut, caramel"
"It smells like waxy honey, worn leather, and powdery spices, with creamy white flowers giving way to smoky woods and something faintly animalic.","beeswax, birch, cloves, cardamom, leather, turkish rose, orange blossom, jasmine, civet, beeswax, agarwood (oud), sandalwood, amber, cedar, patchouli, vetiver, cypriol oil or nagarmotha, musk"
"It smells like marzipan and rose water mixed together, the way a Middle Eastern bakery smells when someone's making almond pastries with orange blossom syrup drizzled on top.","bitter orange, lemon, damask rose, grasse rose, orange blossom, vanilla, almond, tonka bean, tolu balsam, sandalwood, cashmeran, heliotrope"
"It smells like white flowers and honey at first, then earthy patchouli and dry cedar, with rose petals softening the edges.","african orange flower, jasmine, white honey, patchouli, rose, virginia cedar"
"It smells like crushed violet stems and powdery iris root mixed with tart raspberry, all sitting on freshly turned earth with a hint of spice.","violet leaf, violet, iris, african orange flower, lily-of-the-valley, jasmine, vetyver, nutmeg, sandalwood, raspberry"
"It smells like a tropical fruit stand next to an incense shop, where sweet mango juice mingles with woody temple smoke and something faintly peppery in the air.","mango, bergamot, pink pepper, jasmine, patchouli, frankincense, sandalwood, benzoin, musk"
"It smells like a Mediterranean garden at dawn — juicy pear and fig mingling with white flowers, backed by the dry, silvery scent of olive branches and cedarwood.","bergamot, citruses, green mandarin, fig, pear, cardamom, lily, jasmine, narcissus, virginia cedar, musk, olive tree, sandalwood"
"It smells like a florist's cooler mixed with herbal tea and damp tree bark, with a slight spicy bite that fades into something powdery and earthy.","rose, chamomile, ginger, lemon, yellow freesia, lily, lotus, white violet, carnation, white musk, oakmoss, exotic woods, patchouli"
"It smells like powdery flowers and clean soap at first, then settles into soft vanilla with a dry, slightly wooden base.","aldehydes, jasmine, rose, iris, vanilla, woodsy notes"
"It smells like the inside of an old apothecary cabinet — black licorice root next to dried wood chips, with something green and slightly bitter creeping through.","anise, ivy, licorice, myrrh, agarwood (oud), woody notes, vetiver, olive tree"
"It smells like a spiced honey cake left on a wooden counter, sweetened with burnt sugar and a hint of earthy depth from old wood.","lemon, cinnamon, honey, caramel, vanilla, patchouli"
"It smells like spiced wood smoke, dried roses, and warm resinous amber — rich, slightly medicinal, with a deep incense-like quality.","saffron, cinnamon, agarwood (oud), rose, agarwood (oud), amber, cedarwood"
"It smells like sweet peach and bright citrus at first, then creamy white flowers take over, settling into soft wood and warm vanilla-like resin.","white peach, sicilian mandarin, ylang-ylang, jasmine, benzoin, cedar"
"It smells like opening a humidor in an old library — dark cocoa powder mixed with dried tobacco leaves, sweetened by vanilla-like warmth and backed by aged wood.","cacao, dark chocolate, tobacco, tonka bean, musk, woodsy notes"
"It smells like salted citrus and green herbs at first, then white flowers and something sweet like burnt sugar, with dry wood underneath.","sea salt, lemon, pink pepper, jasmine, seagrass, bay leaf, salt, caramel, brown sugar, cedar"
"It smells like a handful of black jelly beans mixed with maraschino cherries, then dusted with face powder — sweet, slightly medicinal, and oddly comforting.","anise, cherry, violet, orris root, licorice, white musk, tonka bean"
"It smells like sharp citrus peel and soapy flowers, with a cool herbal edge and something green and slightly resinous underneath.","aldehydes, black currant, lavender, basil, bergamot, mandarin orange, lemon, lily-of-the-valley, magnolia, iris, fir"
"It smells like a tropical hotel lobby at night — white flowers blooming near the entrance, someone's sunscreen-scented towel draped over a chair, and the faint spice from the bar's ginger cocktails drifting through.","cyclamen, ginger, coconut, tiare flower, jasmine, musk"
"It smells like maraschino cherries mixed with powdered sugar and a hint of black peppercorn, then settles into the scent of a florist's cooler with sweet wooden undertones.","cherry, pink pepper, bergamot, violet, freesia, jasmine, tonka bean, vanilla, amber, sandalwood"
"It smells like the inside of a high-end spa mixed with cotton candy — clean and soft at first, then surprisingly sweet, like vanilla ice cream melting over honeydew.","melon, white tea, arum lily, spun sugar, tahitian vanilla"
"It smells like a wet bamboo garden after rain, where overripe pears have fallen near a pond and someone's brewing weak tea nearby.","bamboo, pear, lotus, tea, cassia, musk, guaiac wood, oakmoss"
"It smells like creamy magnolia and orange blossoms, with a subtle almond sweetness and soft vanilla underneath.","magnolia, calabrian bergamot, orange blossom, green almond, vanilla"
"It smells like cherry cough syrup mixed with worn leather gloves, spiced with something sharp and peppery, then softened by powdery florals and sweet wood smoke.","cherry, saffron, black pepper, black leather, violet, jasmine, tonka bean, palo santo, patchouli, heliotrope"
"It smells like the inside of an old spice cabinet mixed with powdery lipstick and sweet cookies, unexpectedly softened by something that reminds you of your grandmother's dresser drawer.","star anise, bergamot, brazilian rosewood, caraway, fennel, iris, jasmine, vanilla, musk, amber"
"It smells like tart pomegranate juice and citrus peel at first, then white flowers and milky tea, finishing with soft wood and clean skin.","pomegranate, blood mandarin, tea, tuberose, freesia, sandalwood, musk"
"It smells like orange blossoms drifting through an almond bakery, softened by creamy milk and a hint of the woody musk left on clothes after visiting someone's grandmother.","african orange flower, peony, bergamot, milk, almond, tonka bean, jasmine, musk, guaiac wood"
It smells like the wooden counter of an old apothecary shop where dried tobacco leaves sit next to jars of sweet spices and resinous incense sticks.,"cinnamon, pepperwood or hercules club, tobacco, osmanthus, olibanum, labdanum, vanilla, patchouli, musk, vetiver, cedar"
"It smells like a fruit stand in summer heat — tangy tropical juice mixed with powder from white flowers, settling into something slightly sticky and sweet.","tangerine, bitter orange, passionfruit, mango, peony, amber, orchid, vanilla"
"It smells like a creamy apricot dessert dusted with nutmeg, sitting next to white flowers on a sandalwood table — sweet and slightly powdery, with citrus brightness fading into milky softness.","pomelo, bergamot, grapefruit, apricot, praline, nutmeg, jasmine, peony, milk, vanilla, sandalwood, amber, white musk"
"It smells like white flowers and citrus peel at first, then settles into creamy vanilla and soft wood with a clean, slightly powdery warmth.","neroli, orange blossom, grapefruit, jasmine, rose, tuberose, musk, sandalwood, orris root, amber, vanilla"
"It smells like dark wood and spice, with dried tobacco leaves, soft leather, and a warm sweetness from vanilla and amber underneath.","brazilian rosewood, coriander, mahogany, sicilian mandarin, cinnamon, damask rose, carnation, sandalwood, tobacco, vanilla, leather, amber, ambrette (musk mallow)"
"It smells like earthy mushroom and sweet berries at first, then heavy white flowers take over, finishing with soft vanilla and warm wood.","truffle, bergamot, strawberry, jasmine, tuberose, african orange flower, vanille, amber, virginia cedar"
"It smells like fresh watermelon and lavender soap at first, then soft white flowers, finishing with warm wood and a clean, powdery musk.","watermelon, lavender, bergamot, lotus, jasmine, musk, sandalwood, amber"
It smells like a bakery next to a flower shop — sweet roasted chestnuts and vanilla cream pastries mixing with waxy white flowers and a hint of earthy spice from the garden outside.,"chestnut, whipped cream, cumin, tuberose, geranium, cypress, milk, vanilla pod, musk, tonka bean"
"It smells like a powdery makeup compact opened near a pile of freshly pressed suede jackets, with something green and slightly peppery hovering in the air.","violet leaf, pink pepper, mandarin orange, iris, orris root, jasmine, suede, benzoin, musk, vetiver, virginia cedar"
"It smells like sunscreen mixed with powdery vanilla, with a sharp citrus burst that fades into something creamy and slightly woody.","bergamot, lemon, pink pepper, ylang-ylang, coconut milk, heliotrope, musk, benzoin, cedar"
"It smells like the steam rising from a cappuccino in a fruit market — peaches and berries nearby, with something powdery and slightly woody lingering in the air.","black currant, bergamot, peach, coffee, amber, floral notes, woody notes, sweet notes, white musk"
"It smells like a berry tart left on a wooden table beside a bouquet of flowers, with a hint of soft powder and distant spice.","raspberry, rose, cassis, pink pepper, peony, jasmine, vanille, musk, virginia cedar"
"It smells like sweet tobacco and worn leather, with a smoky-woody backbone and soft vanilla warmth cutting through the darker edges.","tobacco leaf, bergamot, amber, birch, leather, vanilla, sandalwood, guaiac wood, cedar, musk"
"It smells like a fruit stand in summer rain — overripe berries crushed against wooden crates, with violet petals stuck to the boards and something mossy creeping up from underneath.","strawberry, raspberry, blackberry, sour cherry, black currant, mandarin orange, lemon, violet, jasmine, musk, vanilla, cashmeran, woody notes, amber, oakmoss, patchouli"
"It smells like expensive bar soap from your grandmother's guest bathroom — powdery and slightly waxy, with hints of old lipstick and the mustiness of vintage silk scarves stored in wooden drawers.","aldehydes, ylang-ylang, neroli, lemon, bergamot, rose, iris, jasmine, orris root, lily-of-the-valley, civet, amber, sandalwood, musk, vanilla, oakmoss, patchouli, vetiver"
"It smells like sweet fruit punch and fresh flowers at first, then dries down to something woody and slightly leathery with a clean, powdery finish.","watermelon, peach, bergamot, plum, violet, pine tree needles, mint, galbanum, carnation, cyclamen, hiacynth, lily, jasmine, rose, oakmoss, leather, cedar, musk, amber"
"It smells like the sticky-sweet juice of maraschino cherries mixed with honeyed cantaloupe, followed by a powdery floral shop bouquet and toasted hazelnuts cooling on a counter.","cherry, melon, raspberry, red rose, peony, orange blossom, hazelnut, musk, amber"
"It smells like a leather jacket hanging in a greenhouse — roses and jasmine tangled with herbs, grounded by something smoky and sweet like burnt caramel on wood.","fruity notes, saffron, mate, thyme, cypress, green notes, rose, orris, jasmine, leather, amber, vetiver, musk, virginia cedar, vanille"
"It smells like a horse stable at dawn mixed with crushed peppercorns and citrus peel, gradually settling into smoky incense and dark tree roots.","geranium, lemon, pink pepper, animal notes, vetiver, sandalwood, earthy notes, labdanum, guaiac wood"
"It smells like powdery iris and dark roses, with boozy rum sweetness over dry wood and something faintly animalic.","orris root, rum, iris, rose, jasmine, agarwood (oud), woodsy notes, civetta"
"It smells like standing near a blooming hedge on a humid summer evening while someone peels a clementine nearby, leaving a powdery sweetness hanging in the thick air.","honeysuckle, tangerine, rose, jasmine, tiare flower, peony, clementine, musk, sandalwood, patchouli"
"It smells like a barbershop after hours — lavender soap drying on the counter, wooden shelves, and the faint sweetness of shaving cream mixed with old leather chairs.","bergamot, mandarin orange, lavender, geranium, rose, patchouli, cedar, oakmoss, amber, labdanum, musk"
"It smells like a Mediterranean herb garden after rain, where crushed basil and thyme mingle with wet moss and resinous tree bark, then softens into something darker and slightly animalic underneath.","myrhh, clary sage, coriander, bergamot, lime, amalfi lemon, rose, thyme, basil, jasmine, castoreum, oakmoss, patchouli, french labdanum"
It smells like a barbershop after hours — herbal shaving cream mixed with the sweetness of pipe tobacco and old wooden drawers lined with violet-scented paper.,"lavender, rosemary, bergamot, lemon, clary sage, coriander, geranium, cedar, brazilian rosewood, heliotrope, rose, vanilla, musk, tonka bean, moss, amber"
"It smells like a bakery window next to a flower shop — sugary almond pastries meeting peppery roses, with bright citrus cutting through the sweetness.","pink pepper, bergamot, indian mandarin, rose, heliotrope, almond"
"It smells like spiced citrus peel and black pepper at first, then powdery iris and smoky incense, with earthy vetiver and sweet resin underneath.","star anise, pomelo, black pepper, geranium, iris, incense, patchouli, haitian vetiver, benzoin"
"It smells like ripe pear and white flowers, sweetened with a thick drizzle of honey.","pear, jasmine, honey"
"It smells like salty air and white flowers at first, then sweet vanilla and earthy patchouli, with a warm musky finish.","sea water, lilac, jasmine, rose, fenugreek, patchouli, musk, tonka bean, vanilla"
"It smells like a sun-warmed peach orchard in full bloom, where the air carries sweet white flowers and a hint of licorice from wild fennel growing at the edges.","star anise, peach, mandarin orange, orange blossom, heliotrope, jasmine, freesia, lily-of-the-valley, benzoin, amber, sandalwood, musk"
"It smells like a grandmother's vanity drawer where dried flowers rest against old spice tins, with something peachy and slightly sweaty lingering in the wood.","bulgarian rose, coriander, peach, jasmine, mandarin orange, cloves, rose, orange blossom, mimosa, clover, amber, sandalwood, tonka bean, opoponax, civet, vanilla, labdanum"
It smells like a well-worn leather jacket hanging in an old apothecary where jars of honey sit next to bundles of dried tobacco and cinnamon sticks.,"rum, bergamot, tarragon, tobacco, ginger, rose, honey, beeswax, cinnamon, tonka bean, amberwood, leather"
"It smells like dark chocolate truffles dusted with rose petals, sitting on an old wooden bookshelf in a Victorian sitting room.","black currant, rose, cacao, patchouli"
"It smells like the skin of someone who just baked cookies, with a slightly dusty sweetness that clings to fabric.","caramel, powdery notes, musk, benzoin, vanilla"
"It smells like soft leather and dry tobacco, with a powdery floral sweetness and clean, pencil-shaving wood underneath.","violet leaf, cedar, jasmine sambac, orris, leather, woody notes, tobacco"
It smells like a florist's cooler at dawn — crisp stems and dewy petals mixed with sweetened condensed milk left open on the counter.,"bergamot, lily-of-the-valley, green notes, rose, milk, sugar, vanilla"
"It smells like bright citrus and white flowers at first, then settles into creamy vanilla and roasted nuts with a soft, warm base.","lemon, bergamot, jasmine, lily-of-the-valley, hazelnut, vanilla, amber, musk"
"It smells like maraschino cherries soaked in almond liqueur, resting on a wooden bar counter next to someone wearing spiced rose perfume.","bitter almond, black cherry, cherry liqueur, sour cherry, plum, turkish rose, jasmine sambac, vanilla, tonka bean, cinnamon, peru balsam, benzoin, sandalwood, cloves, cedar, patchouli, vetiver"
"It smells like a soapy hotel bathroom meets tart green apples and berry juice, with something oddly watery and plant-like hovering in the background.","mint, bergamot, grapefruit, lavender, granny smith apple, cranberry, rose, cotton flower, cactus, amber"
"It smells like powdery florals and citrus peel at first, then sweetens into caramel and vanilla with dark coffee underneath.","violet, orange, bergamot, coffee, pear, iris, orange blossom, rose, caramel, vanilla, patchouli"
"It smells like powdery flowers and soap with a warm, slightly sweet vanilla-amber base and a hint of woody dryness.","aldehydes, african orange flower, bergamot, carnation, ylang-ylang, jasmine, rose, iris, sandalwood, vanille, amber"
"It smells like a Mediterranean herb garden next to a tannery — bright citrus and rosemary cut through warm almond pastries, ending with woody leather that's been left in the sun.","citruses, orange blossom, rosemary, bitter orange, almond, tonka bean, leather, cedar, vetiver"
"It smells like tart berries and salted air, with a base of weathered wood that's dry and slightly mineral.","acai berry, sea salt, driftwood"
"It smells like a leather jacket draped over church pews, with crushed raspberries staining the sleeves and dried herbs tucked in the pockets.","raspberry, saffron, thyme, olibanum, jasmine, artemisia, leather, suede, woody notes, amber"
"It smells like tart pomegranate and sweet persimmon over dark flowers, with creamy vanilla and warm wood in the base.","pomegranate, persimmon, green accord, black orchid, lotus, champaca, mahogany, amber, black violet, whipped cream"
"It smells like white flowers and warm spices at first, then creamy vanilla and dry wood, with a powdery sweetness running through it all.","nutmeg, gardenia, african orange flower, green notes, bergamot, tuberose, jasmine, honeysuckle, iris, peony, mace, vanilla, amber, woodsy notes, guaiac wood, virginia cedar"
"It smells like crushed berries on a record store counter — tart and jammy at first, then powdery flowers drift in with earthy, slightly mossy woods underneath.","blackberry, cranberry, vinyl, damask rose, violet, peony, musk, sandalwood, vetyver, patchouli"
"It smells like ripe pear and citrus at first, then heavy white florals — creamy and slightly indolic — with a sweet vanilla-patchouli base that's earthy and warm.","pear, bergamot, tuberose, orange blossom, jasmine sambac, patchouli, vanilla, ambroxan, vetiver"
"It smells like the spice drawer in an old leather workshop — sharp citrus cutting through cinnamon heat, dried tobacco leaves, and something earthy like tree roots after rain.","pink pepper, elemi, bergamot, grapefruit, cinnamon, saffron, paprika, tobacco, leather, vetiver"
"It smells like creamy cashew and fresh apple at first, then soft roses and orange blossoms, with a warm musky-sweet base underneath.","cashew, apple, bergamot, freesia, orange blossom, rose, musk, amber, coumarin"
"It smells like a dusty cigar box left open in a Mediterranean orchard, where overripe grapefruit meets spiced bark and white flowers wilting in afternoon heat.","cinnamon, pomelo, neroli, tobacco"
"It smells like sweet nectarine and crisp pear with white flowers, then a soft vanilla sweetness over clean, slightly grassy musk.","grass, nectarine, pear blossom, jasmine, white musk, vanilla"
"It smells like bright citrus peel over earthy moss and damp wood, with a dark, slightly musty undertone.","bergamot, cedarmoss, patchouli"
"It smells like dried herbs and warm chamomile tea, with a sweet vanilla base and something earthy-woody like old cedar planks.","red algae, myrtle, immortelle, chamomile, thyme, musk, vanilla, cedar, patchouli"
"It smells like gin with a dusting of cinnamon sugar, cut through by powdery iris and the faint sweetness of orange blossoms over dry grass.","juniper, black pepper, bergamot, cinnamon, iris, orange blossom, vanilla, amber, vetiver"
"It smells like a chocolate shop next to a Chinese tea house — sweet orange peel mingles with roasted coffee beans and apricot-like flowers, grounded by vanilla-scented tonka.","mandarin orange, coffee, osmanthus, cacao, tonka bean"
"It smells like a spice cabinet left open in a florist's shop — licorice-sweet at first, then unexpectedly soft and powdery, with something creamy rounding out the sharper edges.","star anise, rose, ginger, african orange flower, vanilla, amber"
"It smells like white flowers and orange peel at first, then spiced tobacco and warm resin, with sweet vanilla and woody undertones.","casablanca lily, gardenia, jasmine, mandarin orange, incense, fruity notes, white pepper, tobacco, peach, rose, sandalwood, patchouli, amber, vanilla"
"It smells like a fruit dessert table at a wedding — sweet mango and berry frosting cut through with white flowers and the dusty, root-like scent of old cosmetics powder.","mango, blackberry, black pepper, jasmine, orris, lotus, vanilla, icing pink, patchouli"
"It smells like a botanical garden at dawn — dewy herb stems and citrus trees, then incense smoke drifting through from somewhere nearby.","green notes, grapefruit, spices, bergamot, lavender, petitgrain, ginger, violet, gardenia, sage, musk, sandalwood, incense, vetiver, guaiac wood, labdanum"
"It smells like orange peel and white flowers dipped in honey, with a warm vanilla-sandalwood base and a subtle ginger bite.","italian orange, jasmine, bitter orange, jasmine, orange blossom, ginger, honey, vanilla, sandalwood"
"It smells like a spice cabinet left open near burning church candles, with gin-soaked citrus rinds drying on the counter.","bergamot, cinnamon, juniper berries, incense"
"It smells like crushed mint and bitter herbs, with a dusty floral powder underneath and a dark, resinous warmth at the base.","bergamot, pepper, star anise, mint, ginger, sage, iris, boxwood, labdanum"
"It smells like a dewy garden at dawn — bitter grapefruit rind mixed with powdery violet petals, then soft rose and almond-scented heliotrope settling into quiet tree bark.","green notes, pink grapefruit, iris, bulgarian rose, heliotrope, woodsy notes"
"It smells like a fruit bowl left on a wooden table in a herb garden, where tart apples and sweet dried apricots mix with soapy florals and the dusty-green scent of old wood.","lavender, pineapple, bergamot, lemon verbena, red apple, dried fruits, oak moss, geranium, coumarin, rose, tonka bean, sandalwood"
"It smells like the sticky-sweet syrup from a jar of maraschino cherries mixed with cold brew concentrate, settling into something darker and woodier, like the inside of an old coffee shop with worn wooden tables.","maraschino cherry, coffee, musk, woody notes"
"It smells like a crisp autumn orchard at dawn — wet leaves underfoot, ripe apples still on the branch, and a mossy wooden fence warming in the early sun.","green leaves, apple, lotus, mimosa, musk, cedar, oakmoss, amber"
"It smells like a fruit smoothie stand next to a flower shop — sweet berry juice mixed with creamy coconut, then softened by white petals and powdery wood.","coconut nectar, boysenberry, pomegranate, butterfly orchid, honeysuckle, magnolia, amber, musk, white woods"
"It smells like sweet caramel and soft rose petals, with creamy wood and a clean, skin-like warmth underneath.","caramel, bulgarian rose, australian sandalwood, musk, himalayan cedar"
"It smells like crushed herbs and gin botanicals at first, then shifts to spicy florals and tobacco, finishing with mossy woods and soft animal musk.","juniper berries, basil, artemisia, caraway, coriander, bergamot, pine tree needles, leather, chamomile, pepper, carnation, geranium, jasmine, rose, tobacco, oakmoss, patchouli, cedar, vetiver, musk, amber"
"It smells like rose and smoky incense at first, then warm leather and sandalwood, with a soft vanilla-musk sweetness underneath.","citruses, incense, rose, sandalwood, leather, vanilla, musk"
"It smells like fresh green leaves, sweet citrus peel, and a bouquet of soft white flowers with a clean, powdery finish.","apple leaf, italian mandarin, japanese osmanthus, yellow freesia, magnolia, boronia, musk, white iris"
It smells like a florist's bouquet left overnight in a vintage wooden drawer — peppery petals mixed with old velvet fabric and dusty powder compacts.,"pink pepper, rose, musk, peony, patchouli, violet, amber"
"It smells like fizzy cola and tart grapefruit at first, then sweet florals with a soft vanilla-musk base and dry wood.","coca-cola, grapefruit, cassis, rose, jasmine, lily-of-the-valley, vanilla, musk, cedar"
"It smells like a spice market at dawn — saffron-stained wood and dried herbs meet sweet tropical flowers, grounded by something mossy and almost tobacco-like.","saffron, thyme, mandarin orange, lily, ylang-ylang, orchid, vanilla, tonka bean, brazilian rosewood, oakmoss"
"It smells like overripe fruit beside a spice drawer, with white flowers that verge on medicinal—sharp at first, then settling into something sweeter and slightly woody.","plum, cinnamon, elemi, tuberose, ylang-ylang, rose, vanilla, vetiver, musk, ambroxan"
"It smells like wet stones after rain, cut green pepper stems, and the sharp metallic tang of a just-fired gun, settling into something smoky and faintly oceanic.","mineral notes, green pepper, artemisia, ozonic notes, gunpowder, oud, metallic notes, ambergris, cashmeran"
"It smells like crushing citrus peel against weathered stone, with a mineral sharpness that fades into smoky wood and earthy roots.","orange, grapefruit, pepper, pelargonium, flint, vetiver, cedar, patchouli, benzoin"
"It smells like standing on a misty dock at dawn, where wet wood planks meet cold air and someone nearby is steeping green tea.","watery notes, tea, driftwood"
"It smells like a barber shop after hours — cologne bottles, shaving cream residue, and wooden cabinets with a faint smoky incense trail from the apartment upstairs.","petitgrain, bergamot, lavender, tonka bean, vetiver, patchouli, labdanum, agarwood (oud), musk"
It smells like standing on a sailboat deck at dawn — citrus zest mixing with salt spray and sun-warmed wooden planks.,"grapefruit, mandarin orange, sea water, juniper, musk, amberwood"
"It smells like a pastry shop at dawn — nutty marzipan meets ripe pear slices, with white flowers blooming through the sweetness and a soft, powdery blanket underneath.","pistachio, pear, mandarin orange, almond, orange blossom, magnolia, almond milk, tonka bean, cashmeran, patchouli"
"It smells like sharp citrus peel and something dry-floral, then smoky leather with a powdery, slightly bitter undertone.","saffron, mandarin orange, bergamot, patchouli, ylang-ylang, hawthorn, jasmine, birch, styrax, orris root"
"It smells like a wet garden hose on a hot day, with crushed mint leaves and something faintly powdery like old-fashioned talcum powder.","melon, mint, violet, watery notes, lily-of-the-valley, musk, cedar, amber"
"It smells like sweet white flowers with a jammy, apricot-like richness, backed by warm resinous wood and a clean powdery undertone.","osmanthus, jasmine, may rose, indian tuberose, narcissus, amber, cedar"
"It smells like dark coffee and chocolate cream at first, then waxy florals, with a dry woody base and a tingly spice edge.","sichuan pepper, rose, tangerine, ylang-ylang, patchouli, tiramisu, jasmine, coffee, cacao, whipped cream, guaiac wood"
"It smells like citrus peel and pink peppercorns at first, then powdery iris and sweet heliotrope, finishing with warm resin and earthy patchouli.","elemi, mandarin orange, pink pepper, bergamot, immortelle, heliotrope, jasmine, iris, peru balsam, labdanum, patchouli, musk"
"It smells like a fruit stand next to a bakery — sweet tropical juice mixed with caramel drizzle, then someone walks by wearing powdery floral perfume and cocoa butter lotion.","cotton candy, coconut, cassis, melon, jasmine, bergamot, pineapple, mandarin orange, honey, red berries, blackberry, plum, apricot, peach, jasmine, nutmeg, orchid, caraway, rose, lily-of-the-valley, patchouli, chocolate, caramel, vanilla, tonka bean, amber, musk, sandalwood"
"It smells like black licorice and anise with a bright citrus edge, sweet vanilla underneath, and a faintly bitter almond finish.","mandarin orange, licorice, star anise, floral notes, bourbon vanilla, bitter almond"
"It smells like a greenhouse after rain — floral water on stone, with something sweet and earthy like wet terracotta pots lined with dried leaves.","rose, geranium, palmarosa, honey, moss, patchouli"
"It smells like fresh citrus and spicy ginger at first, then soft flowers with a peppery bite, settling into sweet vanilla and warm wood.","bergamot, ginger, mandarin orange, cardamom, lily, jasmine, violet leaf, pink pepper, rose, peony, black currant, woody notes, oakmoss, white musk, palisander rosewood, amber, vanilla, praline"
"It smells like standing in a pine forest during a rainstorm, where wet earth and bark mix with the faint sweetness of crushed rose petals someone dropped on the trail.","green notes, bergamot, pink pepper, watery notes, rain notes, turkish rose, jasmine, pine tree, moss, patchouli"
"It smells like tart citrus and crisp fruit at first, then white flowers and powdery iris, with a soft woody-musky warmth underneath.","quince, grapefruit, hyacinth, jasmine, musk, iris, virginia cedar, amber"
"It smells like a well-worn motorcycle jacket hanging in a cedar closet, with earthy undertones of tree bark after rain.","leather, cypress, patchouli, woody notes, vetiver"
"It smells like spiced rum and citrus peel at first, then settles into dark incense, weathered leather, and dry woods with a smoky-sweet edge.","black pepper, bay leaf, bergamot, rum, woody notes, cinnamon, clary sage, african geranium, incense, leather, benzoin, cedar, patchouli"
"It smells like sunscreen mixed with tropical flowers at a beachside resort, with a slightly powdery finish that lingers on your clothes.","coconut nectar, frangipani, musk"
"It smells like powdered sugar dusted over rose petals in an old wooden drawer, with a hint of almond extract.","aldehydes, heliotrope, rose, orange blossom, tonka bean, woody notes"
"It smells like white flowers and roses with a sharp green edge, then settles into something musky and slightly mossy underneath.","freesia, lily-of-the-valley, rose, palm tree, narcissus, lily, gardenia, black currant, musk, oakmoss"
"It smells like the sharp tang of citrus peel mixed with soapy herbs, settling into something earthy and sweet like dried grass tucked into a vanilla-scented drawer.","grapefruit, pink pepper, lavender, vetyver, vanille, amber"
"It smells like sugary caramel and soft citrus peel, with a powdery sweetness that fades into clean, slightly vanilla-tinged skin.","citruses, sweet pea, caramel, benzoin, white musk"
"It smells like standing in a cold greenhouse where white flowers bloom over dark wooden benches, with a hint of tart citrus lingering in the frosty air.","yuzu, pomegranate, ice, peony, lotus, magnolia, musk, mahogany, amber"
"It smells like sweet white flowers and citrus peel at first, then settles into creamy vanilla and soft wood with a clean, powdery finish.","sweet pea, mandarin orange, gardenia, orchid, musk, sandalwood, woodsy notes, vanilla"
"It smells like spiced amber and resinous woods — warm and slightly smoky, with sweet vanilla cutting through layers of dry tobacco and incense.","ginger, saffron, coriander, heliotrope, tobacco, agarwood (oud), amberwood, olibanum, bourbon vanilla, cedar, musk, labdanum"
"It smells like crushed ferns and damp soil, minty-sharp at first, then earthy mushroom and resinous pine with a dark, leathery base.","fennel, mint, green notes, clary sage, oakmoss, fern, angelica, clover, galbanum, violet leaf, mastic or lentisque, oakmoss, soil tincture, boletus edulis, chestnut, vetiver, resins, pine tree needles, labdanum, leather"
"It smells like sweet white flowers and sugared citrus, with a warm caramel-and-wood base that feels slightly powdery.","wild berries, mandarin orange, gardenia, honeysuckle, jasmine, caramel, praline, vanilla, amber, sandalwood"
"It smells like lavender and powdery iris at first, then soft leather and sweet almond, with a warm vanilla-amber base that feels almost fuzzy.","lavender, clary sage, leather, bitter almond, vanilla, orris, leather, tonka bean, cashmeran, white woods, amber"
"It smells like a fruit salad someone left on a hotel dresser next to white flowers and a vanilla candle, with a faint powder-and-wood drawer underneath.","pineapple, bitter orange, cassis, fruity notes, lily-of-the-valley, milk, coconut, lily, cherry, big strawberry, red apple, orchid, jasmine, magnolia, vanille, musk, nutmeg, sandalwood, orris root, amber, virginia cedar"
"It smells like sweet lychee juice and bright lemon peel at first, then soft florals with a peppery bite, settling into earthy woods and clean musk.","litchi, peony, amalfi lemon, pink pepper, rose, jasmine, freesia, patchouli, vetiver, cedar, ambrette (musk mallow)"
"It smells like Earl Grey tea spilled on a wool sweater in an old library, with a hint of crisp apple still hanging in the air.","bergamot, apple, black tea, black amber, musk, oakmoss"
"It smells like the inside of a beach bakery — toasted coconut macaroons cooling on a rack, with caramelized sugar crusting the edges.","bergamot, coconut, vanilla, praline"
"It smells like a old leather briefcase left in a spice shop, with citrus peels dried on top and incense smoke clinging to everything underneath.","bergamot, tobacco, lemon, nutmeg, neroli, coriander, mandarin orange, vetiver, pepper, carnation, sage, orris root, sandalwood, vetiver, oakmoss, leather, myrrh, civet, tonka bean, amber"
"It smells like a bouquet left too long in a warm room — slightly dusty pink petals mixed with something peppery and sweet, resting on old paper.","turkey red rose, pink pepper, turkey red rose, raspberry bloom, papyrus, amber"
"It smells like a florist's back room where ripe figs are stored next to creamy white flowers, with wooden crates adding a dusty sweetness.","tuberose, black fig, sandalwood"
"It smells like white flowers and sweet pear at first, then creamy vanilla and soft powder, with a clean woody base underneath.","magnolia, pear, lotus, jasmine, tuberose, cyclamen, musk, vanilla, white woods, sandalwood"
"It smells like standing near the ocean on a cloudy morning while someone peels grapefruit nearby, with a hint of bruised pears and something clean like freshly washed linen drying on wooden racks.","ozonic notes, grapefruit, black currant, peony, pear, lily-of-the-valley, musk, cedar, ambergris"
"It smells like the crisp, dewy sweetness of a fruit stand next to a flower shop — juicy melon and apple mixing with soapy white blossoms that leave a soft, powdery trace on your clothes.","melon, red apple, lily-of-the-valley, magnolia, violet, jasmine, musk"
"It smells like a cup of herbal tea sitting on a wooden table next to someone wearing sweet, powdery perfume.","chamomile, bitter almond, musk, indian jasmine, jasmine, sandalwood, cedar, vanilla"
"It smells like a spiced orange pastry cooling on a counter, with sweet anise and cream filling, alongside a faint hint of lavender from the windowsill nearby.","blood orange, bergamot, lavender, cinnamon, licorice, jasmine, caramel, vanille, musk"
"It smells like tart citrus and fresh pineapple at first, then smoky wood and earthy moss, with a clean musky base underneath.","bergamot, black currant, apple, lemon, pink pepper, pineapple, patchouli, moroccan jasmine, birch, musk, oak moss, ambroxan, cedarwood"
"It smells like creamy vanilla ice cream with candied orange peel, spiced ginger, and soft white flowers, settled on smooth sandalwood.","ginger, bitter orange, mandarin orange, bergamot, kulfi, rose, orange blossom, jasmine, vanilla, amber, sandalwood, mastic or lentisque"
"It smells like a leather jacket draped over someone who just walked through a florist's shop, with sweet peach juice staining the collar and spicy warmth rising from underneath.","jasmine, neroli, rose, cinnamon, peach, agarwood (oud), sandalwood, leather, amber, musk"
"It smells like crisp apple and tea with white flowers, then settles into soft powder and warm wood with an animalic musk underneath.","apple, tea, ozonic notes, mandarin orange, osmanthus, magnolia, lily, earthy notes, patchouli, jasmine, amber, orris, bamboo, musk, civet, sandalwood, vanilla"
"It smells like suntan lotion mixed with tropical flowers at a beachside resort, sweet and creamy with a hint of citrus in the air.","tiare flower, coconut, bergamot, jasmine, ylang-ylang, orange blossom, vanilla, musk"
"It smells like a worn motorcycle jacket hanging in a stone cellar, faintly peppery with hints of old boot polish.","mineral notes, spicy notes, leather"
"It smells like juicy watermelon and citrus peel at first, then soapy white flowers, finishing with earthy patchouli and a hint of powdery sweetness.","watermelon, mandarin orange, bergamot, lotus, jasmine, rose, mexican chocolate, rice, patchouli"
"It smells like sliced cucumber and mandarin at a spa, with a hint of carrot juice and pale wood shavings from a carpenter's bench.","cucumber, mandarin orange, cassia, water hyacinth, carrot, white woods, sandalwood"
"It smells like a coffee shop next to a flower market — roasted beans mixed with sweet blossoms, a hint of marzipan pastry, and polished wooden counters underneath.","pear, pink pepper, orange blossom, coffee, jasmine, bitter almond, licorice, vanilla, patchouli, cashmere wood, cedar"
"It smells like a spice drawer left open in an old library, where dried plums sit next to leather-bound books and someone's crushing violet petals into the pages.","cinnamon, bergamot, prunol, tobacco, violet, jasmine, labdanum, vanilla, patchouli"
"It smells like bright citrus peel and herbs at first, then warm spices and cedar wood, finishing with soft musk and a faintly sweet tobacco base.","yuzu, lemon, bergamot, lemon verbena, mandarin orange, cypress, calone, coriander, tarragon, sage, blue lotus, nutmeg, lily-of-the-valley, bourbon geranium, saffron, ceylon cinnamon, mignonette, tahitian vetiver, musk, cedar, sandalwood, amber, tobacco"
"It smells like dark cherry and coffee with warm spices, then dry tobacco leaves, earthy patchouli, and a creamy-sweet base of tonka and amber.","cherry, spices, coffee, white tobacco, patchouli, atlas cedar, rose, tonka bean, amber, musk"
"It smells like jasmine and rose with orange blossoms, then settles into soft musk and dry wood with an earthy, slightly sweet base.","jasmine, bulgarian rose, orange blossom, musk, coumarin, cedar, vetiver, patchouli"
"It smells like white flowers and citrus peel up front, then darkens into chocolate, vanilla, and woody incense with an earthy undertone.","truffle, gardenia, black currant, ylang-ylang, jasmine, bergamot, mandarin orange, amalfi lemon, orchid, spices, gardenia, fruity notes, ylang-ylang, jasmine, lotus, mexican chocolate, patchouli, vanille, incense, amber, sandalwood, vetiver, white musk"
"It smells like wet greenery and sweet stone fruit, with a spicy-powdery warmth that feels soft and slightly musky underneath.","dew drop, green leaves, clove, bluebell, persimmon, peach, musk, powdery notes"
"It smells like a Mediterranean herb garden next to a smoky incense shop, where citrus peels have been left to dry on weathered wooden shelves.","rosemary, mandarin orange, bergamot, agarwood (oud), vetiver, amber, musk"
"It smells like maraschino cherries mixed with almond extract, rose petals steeped in warm honey, and a hint of spicy pepper lingering in the background.","amaretto, amber, hibiscus, bulgarian rose, vanilla, amber, white pepper, white flowers, cherry, almond, tonka bean, styrax, cedar"
"It smells like a spicy orange marmalade left in a greenhouse, where white flowers bloom near wooden benches still damp from watering.","ginger, blood orange, tuberose, jasmine, pimento leaf, sandalwood, patchouli, vetiver"
"It smells like overripe bananas left near a tidal pool, with crushed violet stems and something sticky-sweet like resin stuck to driftwood.","banana, chamomile, labdanum, seaweed, oakmoss, violet leaf"
"It smells like burnt sugar mixed with dirt and pencil shavings — oddly comforting, like a bakery next to a hardware store.","mandarin orange, clary sage, caramel, tonka bean, vetiver"
"It smells like sweet peach nectar and powdery flowers, with a creamy vanilla-sandalwood base that feels soft and slightly warm.","peach, rose, apricot blossom, lilac, pineapple, lily-of-the-valley, bergamot, rose, iris, heliotrope, jasmine, peach, apricot, vanilla, sandalwood, amber, musk"
"It smells like spilled soda fizzing next to a bouquet of white flowers someone left on a wooden table, with a faint sweetness lingering in the air like vanilla extract.","coca-cola, mandarin orange, jasmine, tuberose, tonka bean, sandalwood, amber"
It smells like a citrus grove at dusk — bright lemon zest mingles with earthy spice and a hint of vanilla cream from a nearby café.,"amalfi lemon, cornflower or sultan seeds, pink pepper, patchouli, vanille"
"It smells like tropical sunscreen mixed with white flowers, the way a hotel lobby near the beach smells when someone walks through wearing body lotion.","mango, coconut, passionfruit, jasmine, heliotrope, orange blossom, vanilla, cashmeran, musk"
"It smells like citrus peels and lavender soap at first, then white flowers and herbs, with a soft musky-amber warmth underneath.","bergamot, mandarin orange, lemon, bitter orange, lavender, rosemary, myrtle, african orange flower, neroli, jasmine, pitosporum, amber, angelica, ambrette (musk mallow)"
"It smells like crushing green stems in a spice market — sharp pepper mixing with something metallic and floral, then settling into smoky incense with an animalic undertone.","violet leaf, saffron, bergamot, violet, black pepper, pimento leaf, agarwood (oud), musk, cistus incanus"
"It smells like bright lemon and bergamot cutting through powdery yellow flowers, all resting on soft, clean wood and skin-like musk.","lemon, bergamot, mimosa, black locust, broom, musk, white woods"
"It smells like iced herbal tea left on a wooden table in a sunlit garden, where citrus trees and flowering magnolia vines meet the breeze.","amalfi lemon, chamomile, mint, mandarin orange, lavender, tea, magnolia, musk, ambrette (musk mallow), birch"
"It smells like sunscreen mixed with the sweet, almost creamy scent of magnolia flowers, leaving a clean, slightly powdery trail on your skin.","coconut nectar, magnolia, white musk"
"It smells like rose petals and cherry syrup, then green stems and powdery chamomile, with a warm woody base that's slightly sweet and resinous.","cherry, violet leaves, chamomile, geranium, rose, mimosa, amber, blonde woods, cedarwood"
"It smells like a spice market next to a tropical fruit stand — heavy cardamom and cloves mixed with overripe mango, then softening into powdery vanilla and something almost anise-like at the end.","cloves, cumin, mandarin orange, cardamom, caraway, licorice, mango, ylang-ylang, heliotrope, gardenia, vanilla, amber, patchouli"
"It smells like baked apples with cinnamon sugar, creamy caramel, and a soft woody sweetness underneath.","red apple, apricot, mandarin orange, cinnamon, jasmine, caramel, vanilla, sandalwood"
"It smells like standing on a weathered dock at dawn — citrus cutting through salt air, wet wood, and that clean mineral scent of ocean spray drying on your arms.","bergamot, lemon, seaweed, calone, hedione, musk, ambroxan, cedar"
"It smells like a spice market at dawn — gingery and peppery air mixed with rose petals someone crushed in their palm, then sweet resin smoke drifting over polished wood counters.","ginger, bergamot, pink pepper, green notes, cardamom, black currant, turkish rose, vanilla, benzoin, sandalwood, cedar, patchouli, ambergris, musk"
"It smells like a bouquet of white flowers and roses with bright citrus peels on top, then settles into powdery iris and dry wood.","bergamot, violet leaves, mandarin orange, tuberose, rose, jasmine, ylang-ylang, neroli, orris, cedar, sandalwood"
"It smells like tart rhubarb and lychee sweetness, rose petals dusted with nutmeg, then soft incense smoke and dry woods at the base.","litchi, rhubarb, bergamot, nutmeg, turkish rose, peony, musk, petalia, vanilla, cashmeran, incense, cedar, haitian vetiver"
"It smells like crushed black pepper and earthy sage at first, then a strange mushroom-like richness with dry wood and resinous smoke underneath.","black pepper, sage, truffle, woodsy notes, vanila, frankincense"
"It smells like a bowl of overripe plums sitting next to a vase of crushed herbs on a zinc countertop, with something golden and resinous pooling at the bottom.","fruits, herbal notes, metallic notes, amber"
"It smells like roasted chestnuts and caramelized sugar, with dried lavender and herbal sage, all wrapped in sweet vanilla and woodsmoke.","chestnut, sugar, sage, lavender, vanilla, smoke"
"It smells like an old leather satchel opened in a dusty library, revealing dried herbs bundled with twine and a stick of incense that hasn't been lit yet.","galbanum, red thyme, bergamot, agarwood (oud), spices, geranium, leather, patchouli, papyrus"
"It smells like a bouquet of fresh white flowers and greenery with a peppery bite, softening into powdery musk and warm, dry wood.","green notes, freesia, pink pepper, violet, violet leaf, tuberose, red berries, lily-of-the-valley, peony, lilac, lily, rose, jasmine, geranium, karo karounde, musk, cedar, sandalwood, patchouli"
"It smells like soapy lavender and sharp pepper at first, then waxy orange blossoms and powdery iris, finishing with clean woods and something faintly sweet.","lavender, pink pepper, neroli, aldehydes, orris, petalia, blackberry leaf, orange blossom, musk, woodsy notes, vetiver, cedar, coumarin"
"It smells like black licorice drizzled with honey and a hint of citrus, resting on old wooden furniture in a dimly lit apothecary.","anise, bergamot, honey, vanilla, patchouli"
"It smells like dried lavender and sweet honey at first, then warm spices and woody resins, with a powdery, slightly earthy finish.","black violet, saffron, honey, lavender, tonka bean, cedar, patchouli"
"It smells like crushed citrus leaves and sharp spices — peppery and slightly sweet — over dry wood and soft, powdery musk.","lemon leaf, bergamot, tamarind, elemi, white pepper, nutmeg, cardamom, violet, cedar, musk, oakmoss, amber"
"It smells like a leather jacket left hanging in an old church — spicy, resinous, and slightly smoky, with something dark and woody clinging to the collar.","oregano, pepper, bergamot, incense, opoponax, amber, labdanum, agarwood (oud), leather, sandalwood, patchouli"
"It smells like citrus peel and soft pepper at first, then settles into clean wood and earthy moss with a faint soapy warmth.","bergamot, pink pepper, elemi, atlas cedar, cashmere wood, patchouli, iso e super, haitian vetiver, white musk"
"It smells like a bakery in late summer — almond pastries cooling on the counter, apricot jam warming on the stove, and a faint trace of black licorice from the candy jar nearby.","wheat, milk, licorice, coconut, immortelle, sandalwood, apricot, spices, woody notes, osmanthus, amber"
"It smells like a wooden humidor filled with dried apricots and spiced tobacco, warmed by incense smoke drifting through an old library with polished cedar shelves.","cinnamon, pepperwood, tobacco leaf, incense, osmanthus, labdanum, vanilla, iso e super, cedar, musk, cypriol oil or nagarmotha, vetiver"
"It smells like crushing green leaves in a spice market — slightly peppery and herbal, with an earthy, rooty darkness that clings to your hands.","violet leaf, basil, star anise, bergamot, pink pepper, nutmeg, vetiver, patchouli"
"It smells like black licorice and citrus peel at first, then softens into creamy vanilla with dry wood and a faint almond sweetness underneath.","licorice, citruses, grapefruit, bergamot, lavender, star anise, vanilla, almond, sandalwood, amber, cedar"
"It smells like a cold swimming pool surrounded by white flowers, with an unexpected herbal tea note cutting through powdery vanilla cream.","calone, coconut, mint, lily-of-the-valley, snowdrops, iris, mate, galbanum, olibanum, white rose, musk, vanilla, oakmoss, ambrette (musk mallow), cedar, synthetic civet, tonka bean"
"It smells like a fruit stand next to a chocolate shop — sweet watermelon and grapefruit mixed with dark cocoa, then a creamy coconut-sandalwood base that feels almost powdery.","watermelon, rose, black currant, grapefruit, dark chocolate, cacao, coconut, musk, sandalwood"
"It smells like fresh herbs and spices against damp wood, with a clean, slightly earthy musk underneath.","water notes, rosemary, cardamom, sequoia, musk, patchouli"
"It smells like a barbershop shave cream mixed with pineapple juice, drying down to the scent of a cedar closet that someone left a half-eaten mint in.","lemon zest, bergamot, mint, artemisia, lavender, pineapple, geranium, green notes, sandalwood, cedar, amberwood, iso e super, tonka bean"
"It smells like a velvet curtain in an old theater — dusty, slightly mushroomy, with that dark sweetness of dried flowers left too long in a vase.","saffron, black rose, truffle, floral notes, patchouli, vanilla, agarwood (oud), oakmoss"
"It smells like old-fashioned hairspray meeting powdered soap in a vintage leather handbag, with something green and waxy like snapped flower stems cutting through the sweetness.","aldehydes, coriander, gardenia, green notes, lemon, carnation, narcissus, orris root, rose, jasmine, lily-of-the-valley, leather, oakmoss, vetiver, patchouli, amber, coconut, tonka bean"
"It smells like the cool, metallic tang of cucumber water mixed with gin and tonic, followed by a soft, powdery violet with a tingle of black pepper, all settling into something that resembles the inside of a well-worn leather handbag.","melon, tonic water, gin, violet leaf, sichuan pepper, citruses, musk, suede, amber"
"It smells like a rose garden at dusk, where citrus peels have been scattered on dark earth, sweetened by the lingering warmth of incense from a nearby temple.","bergamot, mandarin orange, rose, patchouli, amber, vanilla"
"It smells like sweet white flowers and stone fruit, with a powdery violet-rose heart, settling into warm vanilla and soft woods.","orange blossom, peach, plum, neroli, brazilian rosewood, mandarin orange, violet, tuberose, mimosa, gardenia, ylang-ylang, jasmine, black locust, carnation, red berries, black currant, rose, cassia, orchid, sandalwood, amber, woody notes, vanilla, musk, tonka bean, cedar"
"It smells like a spice cabinet left open next to a herb garden, where black pepper mingles with licorice and something sweetly resinous, grounded by earthy, slightly smoky undertones.","pepper, anise, bergamot, fruity notes, lavender, french labdanum, vanille, patchouli, vetyver"
"It smells like white flowers next to a bowl of marzipan, with black licorice tucked somewhere in a wooden drawer lined with sweet, powdery cloth.","gardenia, green notes, jasmine sambac, almond, tonka bean, licorice, precious woods, musk, amber, patchouli"
"It smells like black jelly beans dusted with powdered sugar, sitting next to a worn leather jacket that's been stored in someone's grandmother's linen closet.","anise, bergamot, licorice, iris, tonka bean, vanilla, praline, musk, patchouli"
"It smells like a department store cosmetics counter — powdery florals mixed with something slightly fizzy and sweet, like lychee juice spilled on wooden shelves.","pink pepper, peony, litchi, petalia, musk, white cedar extract, amber"
"It smells like a spice shop at dawn — sweet honeyed flowers mixed with dried ginger root, resting on old wooden shelves that hold vanilla and soft powdery blooms.","tobacco blossom, ginger, bergamot, honey, vanilla orchid, mimosa, tonka bean, musk, papyrus"
"It smells like bitter almond and coffee with sweet pastry cream, white flowers blooming in the background, and a warm base of powdered chocolate and soft woods.","almond, coffee, bergamot, lemon, tuberose, jasmine sambac, orange blossom, orris, bulgarian rose, tonka bean, cacao, vanilla, praline, sandalwood, musk, amber, cashmere wood, cinnamon, patchouli, cedar"
"It smells like a tropical smoothie bar next to a flower shop — sweet mango and coconut cream colliding with powdery florals, grounded by soft wood.","mango, bergamot, lime, tuberose, iris, violet, rose, coconut, musk, sandalwood"
"It smells like sun-warmed fig tree branches next to a jar of maple syrup, grounded by smooth wood that's been sitting in a dry attic for years.","fig leaf, immortelle, sandalwood"
"It smells like a fruit stand next to a flower shop on a humid summer day, where sticky peach juice mingles with purple blooms and someone's vanilla perfume lingers in the air.","pink pepper, mandarin orange, bergamot, lilac, peach, geranium, jasmine, black currant, patchouli, amber, white musk, vanilla"
"It smells like a spice cabinet left open near a bowl of citrus fruits, with something slightly soapy and anise-like hovering in the background.","absinthe, bergamot, lemon, peru balsam, orange blossom, spices, carnation, musk"
"It smells like the powdery interior of an old compact mirror mixed with spiced flowers from a grandmother's dresser, finishing with the mossy scent of aged wooden furniture.","carnation, aldehydes, rose, neroli, brazilian rosewood, peach, bergamot, carnation, cloves, gardenia, jasmine, ylang-ylang, rose, violet, orris root, rosemary, orchid, spices, iris, oakmoss, musk, sandalwood, benzoin, amber, vetiver, cedar"
"It smells like crushed purple fruit mixed with dusty pink flowers and old wooden furniture, leaving a sticky-sweet resinous trail on your clothes.","plum, geranium, bergamot, patchouli, rose, benzoin, amber, sandalwood, musk"
"It smells like a tropical fruit stand next to a woodworking shop — ripe mango and orange meet jasmine flowers, then smoky oud and sawdust take over.","mango, orange, ylang-ylang, jasmine, neroli, agarwood (oud), oak moss, vetyver, virginia cedar"
"It smells like crushed green stems and resinous smoke, then worn leather and dark woods, with a dusty, mossy base that's both earthy and faintly sweet.","galbanum, birch, chamomile, angelica, mastic or lentisque, incense, musk, osmanthus, magnolia, leather, guaiac wood, oud, ambergris, vetiver, patchouli, oakmoss"
"It smells like bright lemon and bergamot mixed with soft white florals, then settles into a warm, slightly powdery musk with woody undertones.","amalfi lemon, pear, bergamot, neroli, mimosa, freesia, water lily, african orange flower, musk, guaiac wood, amber"
"It smells like sweet orange peel and warm spices at first, then creamy vanilla and honey, finishing with dry tobacco and woody undertones.","orange blossom, mandarin orange, bergamot, amalfi lemon, cinnamon, heliotrope, jasmine, cardamom, lily-of-the-valley, vanilla, tonka bean, sandalwood, patchouli, honey, tobacco, vetiver"
"It smells like a tropical drink spilled on a wooden deck — sweet pineapple and orange mixed with creamy coconut, drying down to sun-warmed wood.","pineapple, orange, green notes, african orange flower, lily-of-the-valley, coconut, woodsy notes, musk, amber"
"It smells like a florist's workbench after arranging spring bouquets — crushed purple petals mixed with citrus peels, soft talcum powder, and the sawdust sweetness of wooden crates.","kumquat, lime, violet, italian iris, lilac, egyptian jasmine, lily-of-the-valley, vanilla, malt, white musk, ambrette (musk mallow), sandalwood, cedar"
"It smells like the inside of an old leather satchel left in a spice market, with something animalic and slightly dirty lurking beneath floral sweetness.","black pepper, coriander, leather, carrot seeds, jasmine, civetta, olibanum, musk"
"It smells like soft flowers dusted with pepper, creamy powder, and sweet vanilla with earthy undertones.","pink pepper, jasmine, iris, patchouli, musk, vanilla"
"It smells like white flowers — creamy magnolia and jasmine — over warm sandalwood and amber, with a faint citrus brightness and honeyed sweetness.","lily, jasmine, magnolia, woodsy notes, amber, ylang-ylang, sandalwood, white honey, pepper, mandarin orange"
"It smells like dark chocolate dusted with bitter herbs and citrus zest, then softened by creamy flowers that leave a sweet, slightly earthy warmth on your clothes.","wormwood, pink pepper, grapefruit, tuberose, champaca, cacao, patchouli, amber, tonka bean, vanille"
"It smells like dried herbs and dark berries at first, then settles into dusty tobacco, warm spices, and something earthy-sweet like vanilla mixed with forest moss.","clary sage, black currant, tobacco leaf, nutmeg, orris, tonka bean, oakmoss"
"It smells like standing on a yacht deck at dawn — sharp citrus cutting through salty air, with crushed herbs on wet wood and that clean, almost metallic ocean spray sensation.","water notes, bergamot, grapefruit, calone, basil, floral notes, jasmine, sage, pepper, cedar, musk, vetiver, ambergris, clary sage, amber, patchouli"
It smells like black jelly beans dipped in dark rum beside a wooden jewelry box filled with sugared almonds and dried violets.,"anise, licorice, violet, ivy, wormwood, basil, rum, tonka bean, almond, sandalwood, vanilla, praline, vetiver, cedar, labdanum"
"It smells like a fruity drink with dark chocolate shavings next to a bouquet of flowers, finishing with the soft scent of clean laundry and wooden drawers.","peach, black currant, mandarin orange, bergamot, dark chocolate, rose, violet, vanilla, white musk, cedar"
"It smells like overripe pear slices sitting next to a bouquet of white flowers in a bakery, with vanilla extract spilling on the counter.","pear, tuberose, tonka bean"
"It smells like citrus peel and unripe mango at first, then watery flowers and vegetables, finishing with warm spice and smoky resin.","grapefruit, green mango, tomato, carrot, lotus, bulrush, orange, hiacynth, peony, musk, iris, incense, labdanum, cinnamon"
"It smells like juicy citrus and sweet berries at first, then creamy white flowers with a hint of spice, finishing with soft wood and vanilla warmth.","blood orange, black currant, clementine, pear, mandarin orange, ginger, ginger flower, tuberose, freesia, hibiscus seed, vanilla, sandalwood, musk, california cedar"
"It smells like a greenhouse at dusk — crushed green leaves and herbal tea scattered on leather chairs, with sweet hay and dried flowers left to cure in the corner.","shiso, grass, artemisia, french labdanum, jasmine, white tobacco, immortelle, leather, sage, liatris, vanille"
"It smells like dusty powder and soap at first, then warm spices and dried flowers, finishing with sweet vanilla, earthy moss, and something animalic underneath.","aldehydes, coriander, clary sage, artemisia, bergamot, patchouli, carnation, geranium, vetiver, cinnamon, jasmine, orris root, lavender, civet, honey, leather, musk, oakmoss, amber, tonka bean, vanilla"
It smells like sunscreen mixed with clean laundry that's been stored in a cedar closet.,"bergamot, coconut milk, musk, woody notes"
"It smells like marzipan cookies cooling on a counter near a vase of white blossoms, with a soft, powdery sweetness that lingers on your clothes.","almond, peach, almond blossom, white flowers, tonka bean, white musk, amber"
"It smells like spilled red wine on old wooden church pews, mixed with the sticky-sweet scent of cherry liqueur chocolates and the dusty, resinous smell of antique furniture in your grandmother's parlor.","cherry, sour cherry, almond, rum, black pepper, bergamot, ink, red wine, myrrh, damask rose, cinnamon, mimosa, jasmine, lily-of-the-valley, tonka bean, musk, vanilla bean, benzoin, precious woods, amber, patchouli, agarwood (oud)"
"It smells like dark roasted coffee and bitter chocolate first, then worn leather and dry cedar wood, with a faint nutty sweetness.","bergamot, myrtle, hazelnut, chocolate, roasted coffee beans, leather, cedar"
It smells like the soapy-clean sheets at your grandmother's house mixed with the slightly bitter green stems you break when picking flowers from her garden.,"aldehydes, galbanum, ginger, chamomile, lavender, jasmine, rose, moss, patchouli, sandalwood"
"It smells like a florist's leather apron after arranging spicy bouquets all day — slightly sweaty, powdery from rose petals, with an animalic warmth clinging to the creases.","coriander, geranium, pink pepper, jasmine, rose, violet, ylang-ylang, animal notes, leather, musk"
"It smells like a herb garden after rain meeting a spice cabinet, with something dark and resinous lurking in the background like old wooden drawers lined with vanilla-stained paper.","pear, lavender, mint, bergamot, lemon, cinnamon, clary sage, caraway, black vanilla husk, amber, patchouli, cedar"
"It smells like a leather jacket that's been hanging in a closet with dried flowers and overripe fruit, with something powdery and slightly smoky clinging to the fabric.","pear, cardamom, pineapple, iris, lavender, geranium, leather, black vanilla husk, patchouli"
"It smells like bright citrus peel and white flowers at first, then warm licorice spice, finishing with sweet tobacco and dry woods underneath.","mandarin orange, neroli, bergamot, star anise, olive blossom, tarragon, tonka bean, tobacco, guaiac wood, cedar"
"It smells like the air in an old bookshop — dusty paper mixed with citrus cleaning solution and something faintly sweet, like vanilla extract someone spilled years ago.","bergamot, angelica, patchouli, coumarin, amber, musk"
"It smells like candied oranges and white flowers, with a sticky-sweet base of honey, warm wax, and something faintly medicinal like black licorice.","blood orange, mandarin orange, honey, gardenia, orange blossom, jasmine, peach, beeswax, caramel, patchouli, licorice"
"It smells like a chocolate shop next to a barbershop — slightly spicy, soapy lavender cut through with dark cocoa powder.","pink pepper, lavender, cacao"
"It smells like sugared fruit candy and buttery caramel, with sweet flowers and a warm, slightly earthy base underneath.","cherry, strawberry, pineapple, mandarin orange, popcorn, caramel, rose, jasmine, violet, patchouli, musk, amber"
"It smells like a botanical garden at dawn — dewy petals and crushed leaves underfoot, with a sharp bite of cracked peppercorns lingering in the cool morning air.","bergamot, pink pepper, black pepper, rose, water jasmine, green tea, oakmoss, patchouli, musk"
"It smells like a florist's cooler at dawn — dewy petals with a soft, powdery undertone and the faint scent of clean suede gloves left on a wooden table.","ylang-ylang, lotus petals, iris, osmanthus, jasmine sambac, violet leaf, musk, white suede, amber, cedar"
"It smells like a tobacco shop next to a spice market — dark chocolate dusted with black pepper, sweet licorice mixing with church incense, and woody shelves holding dried jasmine bundles.","cacao, olibanum, bergamot, nutmeg, jasmine, anise, benzoin, madagascar pepper, labdanum, tobacco, cedar, haitian vetiver"
"It smells like fresh citrus and tropical fruit at first, then white flowers and violet powder, settling into clean wood and soft musk.","lemon, green notes, bergamot, mandarin orange, pineapple, cardamom, papaya, lily-of-the-valley, jasmine, violet, rose, nutmeg, orris root, freesia, green accord, musk, cedar, sandalwood, oakmoss, green tea, amber"
"It smells like a fruit stand next to a flower shop, with the creamy sweetness of white chocolate melting in the back corner.","apple, peach, grapefruit, magnolia, floral notes, lily, white chocolate truffle, cacao, australian sandalwood, woody notes, musk"
"It smells like sitting under a fig tree in late summer, with citrus peel scattered on sun-warmed wood and a hint of white flowers drifting from a nearby garden.","grapefruit, bergamot, citron, lemon, fig nectar, jasmine, pink pepper, fig tree, cedar, benzoin"
"It smells like marzipan cookies cooling next to a jasmine plant, with a hint of spiced wood and something faintly powdery in the background.","west indian bay, pink pepper, bergamot, heliotrope, almond, jasmine, vanilla, tonka bean, sandalwood, patchouli"
"It smells like warm vanilla and caramel mixed with white flowers, then settles into something woody, slightly earthy, and sweetly powdery.","vanilla orchid, jasmine, brown sugar, tonka bean, amber, amberwood, musk, patchouli"
"It smells like green crushed stems and white flowers — clean and slightly soapy, with a powdery-sweet edge and dry, mossy wood underneath.","galbanum, ginger, clary sage, rose petals, mimosa absolute, tuberose, lily-of-the-valley, heliotrope, jasmine, mineral notes, oakmoss, hinoki wood, musk"
"It smells like fresh lavender and citrus peel at first, then warm cotton fabric with a sweet vanilla-amber base that feels soft and slightly spicy.","ginger, bergamot, lavender, cotton flower, vanilla, amberwood"
"It smells like a fruit stand in a spice market — ripe mango and mandarin mingling with jasmine incense, then drying down to powdery sandalwood and something slightly earthy.","mango, spices, mandarin orange, coconut, jasmine, rose, sandalwood, amber, musk, patchouli"
"It smells like a greenhouse after rain — wet leaves and earth mixed with that sharp, herbal smell of black jelly beans and pencil-case erasers.","lime, green notes, watery notes, licorice, guaiac wood"
"It smells like the powdery air inside your grandmother's jewelry box mixed with white flowers from a formal garden and something faintly animalic, like old fur collars stored in cedar.","aldehydes, ylang-ylang, neroli, bergamot, lemon, iris, jasmine, rose, orris root, lily-of-the-valley, civet, musk, sandalwood, amber, moss, vanilla, vetiver, patchouli"
"It smells like wet gravel after rain, mixed with crushed roots and the dusty sweetness of an old tobacco pouch left in a basement corner.","mineral notes, carrot seeds, coriander, tobacco, flint, ozonic notes, earthy notes, benzoin, black musk"
"It smells like citrus peel and fresh-cut grass at first, then powdery iris and roses, settling into sweet vanilla-caramel with earthy undertones.","bergamot, orange, green notes, iris, patchouli, vetiver, rose, jasmine, vanille, caramel, tonka bean, musk"
"It smells like a florist's cooler mixed with overripe peaches, where powdery makeup compacts sit next to creamy flowers and pale wood shavings.","ylang-ylang, peach, bergamot, green notes, lemon, iris, jasmine, narcissus, orris root, rose, violet, sandalwood, vanilla, iris, amber, tonka bean, musk"
"It smells like a citrus grove at sunrise — sticky orange blossoms overhead, sweet fruit on the ground, with weathered wooden crates stacked nearby.","fruity notes, yuzu, amalfi lemon, jasmine, african orange flower, lotus, vanille, sandalwood, patchouli, virginia cedar"
"It smells like a café near a flower market — sweet almond pastries and espresso mingling with white florals, then drying down to woody vanilla warmth.","mandarin orange, nashi pear, pink pepper, coffee, almond, orange blossom, jasmine, amber, vanilla, patchouli, cedar"
"It smells like a dusty antique shop in Morocco — dark wooden furniture mixed with dried roses, incense smoke, and the faint metallic tang of expensive spices.","labdanum, rose, patchouli, saffron, agarwood (oud), sandalwood, cedar"
"It smells like a spice market at dawn — citrus peels scattered on wooden tables, rose petals crushed with ginger root, and smoke from sandalwood incense drifting through pine-shaded stalls.","lime, bergamot, rose, angelica, ginger, orange blossom, saffron, nutmeg, galbanum, musk, incense, pine tree, sandalwood, vanilla"
"It smells like a creamy Indian dessert cart parked next to a spice market, where orange blossoms have fallen into sweet milk and someone's grinding resinous tree bark nearby.","cardamom, nutmeg, saffron, mandarin orange, neroli, kulfi, rose, mastic or lentisque, orange blossom, jasmine, vanilla, amber, woody notes, sandalwood"
"It smells like the interior of an old leather briefcase left open in a spice merchant's shop, where orange peel has been drying near smoldering temple coals.","saffron, bitter orange, leather, smoke, incense, agarwood (oud)"
"It smells like roasted nuts and coffee with a dusty, earthy bitterness — sweet praline lingers underneath, cut through by dry spice and something faintly powdery.","sesame, bitter almond, ceylon cinnamon, peanut, orris root, coffee, praline, haitian vetiver, java vetiver oil"
"It smells like soapy aldehydes, waxy flowers, and powdered iris at first, then settles into creamy vanilla and dusty oakmoss with earthy undertones.","aldehydes, ylang-ylang, neroli, bergamot, peach, iris, jasmine, rose, lily-of-the-valley, sandalwood, vanilla, oakmoss, vetiver, patchouli"
"It smells like a wooden spice drawer left open in a garden shed, where dried herbs meet the faint sweetness of grain and tree sap.","lavender, mint, syringa, cacao pod, cedar, myrrh, wheat"
"It smells like a pastry shop next to a flower market — sweet marzipan and dark chocolate mixing with white blooms, then drying down to woody incense and resinous sweetness.","amaretto, bitter almond, gardenia, neroli, cedar, iris, musk, jasmine, rose, vetiver, patchouli, benzoin, amber, cedar, dark chocolate, caramel"
"It smells like powdery rose petals and white flowers, backed by warm vanilla and something soft and skin-like.","aldehydes, bulgarian rose, jasmine, amber, musk, vanilla"
"It smells like a candy store next to a florist shop — sweet berry syrup mingles with green stems and creamy wood, creating something oddly nostalgic yet unfamiliar.","raspberry, orange, bergamot, fig leaf, cotton candy, licorice, strawberry, red berries, lily-of-the-valley, caramel, vanilla, musk, tonka bean, sandalwood"
"It smells like crushed herbs in a wooden sauna — sharp mint and citrus cut through warm, slightly dusty cedarwood, with a creamy sweetness lingering at the edges.","mandarin orange, mint, cypress, sage, pepper, tonka bean, musk, sandalwood, cedar"
"It smells like sunscreen mixed with vanilla extract, the way a beach towel smells after you've been lying on it all afternoon.","bergamot, coconut, tonka bean"
"It smells like a milky latte with caramelized sugar and a hint of star anise, sitting on a wooden table next to orange blossoms.","rice, anise, bourbon pepper, coffee, orange blossom, coriander, peony, vanilla, milk, caramel, sandalwood, white musk"
"It smells like citrus peel and green leaves at first, then dry wood and something faintly nutty, with a soft powdery finish.","bergamot, lemon, mandarin orange, orange blossom, white nerium oleander, fig leaf, cypress, red cedar, juniper, pistachio, musk"
"It smells like a smoky tea room where white flowers sit next to worn leather chairs, with something sweet and salty lingering in the air.","green tea, tuberose, ambergris, tobacco, agarwood (oud), vanilla"
"It smells like a ripe peach rolled in powdery cosmetics, sitting next to a bouquet of garden roses in a room with old wooden furniture and incense burning.","peach, bergamot, orange, lemon, bulgarian rose, iris flower, jasmine, white flowers, oakmoss, patchouli, vetiver, musk, ambroxan, benzoin, vanilla"
"It smells like violet pastilles crushed into powdery sandalwood, with a berry-stained sweetness that fades into something woody and slightly bitter.","red berries, violet, iris, african orange flower, tonka bean, sandalwood, woodsy notes"
"It smells like night-blooming jasmine next to an old wooden desk drawer, with something sticky and golden coating the back of your throat.","jasmine sambac, cashmeran, amber"
"It smells like dark coffee and resinous wood, sweetened with vanilla-like tonka and backed by something dense, sticky, and faintly medicinal.","davana, coffee, tonka bean, agarwood (oud), sandalwood, labdanum"
"It smells like a leather jacket draped over a chair in a botanical conservatory — spicy, slightly floral, with the earthy scent of moss creeping underneath.","pink pepper, bergamot, jasmine, leather, oak moss, patchouli"
"It smells like powdered sugar dusted over warm almond pastries, with a subtle peppery bite and the creamy sweetness of vanilla pudding left in a wooden bowl.","almond milk, bergamot, pink pepper, heliotrope, jasmine sambac, carnation, sandalwood, cashmere wood, benzoin"
"It smells like crushing herbs in a shaded garden — cool mint and bitter greenery, then honeyed orange blossoms drifting over damp tree bark and earthy incense.","mint, galbanum, orange blossom, ivy, vetiver, moss, woody notes, myrrh, patchouli"
"It smells like a carnival at dusk — spun sugar and citrus mixing with heavy blooms, then drying down to powdered violet and woody sweetness that clings to fabric.","pink pepper, mandarin orange, bergamot, cotton candy, gardenia, flowers, pelargonium, rose, vanilla, musk, sandalwood, caramel, violet, patchouli"
"It smells like dried roses and herbs with a heavy, skin-like warmth — slightly sweaty and animalic, grounded by smooth wood and dark resin.","thyme, rose petals, ylang-ylang, cumin, labdanum, sweat, animal notes, sandalwood"
"It smells like powdery iris and soft musk, with bright citrus at the top and a warm, slightly smoky wood base.","musk, lime (linden) blossom, citruses, castoreum, iris, vanila, musk, ash, cedar, amber"
"It smells like the quiet corner of a fabric store where velvet curtains hang next to wooden shelves, with a faint trace of something buttery and slightly soapy drifting through.","coriander, bergamot, iris, ambrette (musk mallow), patchouli, tonka bean"
"It smells like biting into a ripe apricot while standing in a humid tropical garden, with creamy white flowers blooming overhead and dark cocoa powder lingering in the air.","water lily, apricot, apple, mandarin orange, dark chocolate, guava, tiare flower, tuberose, vanilla, amber, woodsy notes"
"It smells like the air inside a vintage powder compact mixed with white flowers and old wooden drawers, finishing with something slightly animalic and musky that clings to your clothes.","aldehydes, ylang-ylang, neroli, amalfi lemon, bergamot, iris, jasmine, rose, orris root, lily-of-the-valley, civetta, musk, sandalwood, oak moss, vetiver, amber, vanille, patchouli"
"It smells like bright citrus and tropical fruit at first, then a bouquet of soapy white flowers, finishing with woody incense and powdery musk.","grapefruit, pineapple, bergamot, orange, rose, freesia, red apple, lotus, hyacinth, gardenia, lily-of-the-valley, violet, orris, patchouli, cedar, musk, amber, incense, pine"
"It smells like a wooden sauna filled with vanilla steam and coconut oil, leaving a soft powdery trail on your skin.","vanillin, cedar, coconut, co2 extracts, vanilla absolute, sandalwood, ambretone"
"It smells like citrus peel and warm spices at first, then dry woods and herbs, with a soft resinous warmth underneath.","lemon, bergamot, carambola (star fruit), cardamom, brazilian rosewood, cedar, tarragon, sage, pepper, musk, woodsy notes, saffron, amber, sycamore"
"It smells like a chocolate shop near an orchard — creamy sweetness meets tart fruit, then settles into something softer and woody.","milk chocolate, green apple, mandarin orange, dark chocolate, vanilla flower, sandalwood, white musk, praline"
"It smells like dried flowers and sweet vanilla, with earthy mushroom funk, church incense smoke, and a strange herbal-spice edge that's both medicinal and hay-like.","chamomile, acai berry, lavender, violet leaf, cumin, beeswax, marigold, nard himalayan (jatamansi), anise, jasmine, hay, mushroom, oakmoss, olibanum, myrrh, tonka bean, vanilla"
"It smells like toasted grain and powdered iris, with sweet pear juice, warm spices, and a soft musky-amber base.","wheat, pear, anise, clove, iris, rice, hazelnut, white musk, amber"
"It smells like a florist's cooler filled with tropical flowers and overripe fruit, with someone grinding peppercorns nearby and incense burning in the back room.","pink pepper, cloves, mandarin orange, tuberose, mango, ylang-ylang, rose, angelica, precious woods, resins, musk"
"It smells like the sweetness of orange peel meeting white flowers in full bloom, grounded by soft wood and a hint of something peppery that keeps it from being too sweet.","mandarin orange, pepper, ylang-ylang, magnolia, gardenia, iris, vanille, virginia cedar"
"It smells like sharp citrus and cracked pepper at first, then lavender and herbs, with a dry woody base that's slightly resinous and earthy.","calabrian bergamot, pepper, sichuan pepper, lavender, pink pepper, vetiver, patchouli, geranium, elemi, ambroxan, cedar, labdanum"
"It smells like standing on a sunlit dock after a swim — citrus rinds drying on warm wood, salty air, and aromatic herbs from a nearby garden.","grapefruit, neroli, mandarin orange, petitgrain, water notes, seaweed, rosemary, virginia cedar, amber"
"It smells like spiced rose petals and tart berries at first, then settles into warm incense, sweet resin, and creamy wood.","rose, clove, raspberry, black currant, cinnamon, patchouli, incense, sandalwood, musk, benzoin, amber"
"It smells like the air inside an Italian citrus grove shop where wooden crates are stacked near vanilla-scented candles, sweet and bright with a slightly powdery warmth lingering in the background.","sicilian orange, calabrian bergamot, sicilian lemon, fruits, white musk, madagascar vanilla, amber"
"It smells like a garden hose spraying over purple flowers and cut grass on a sunny morning, with a hint of sweet fruit and soft woods drying in the background.","lavender, green notes, bergamot, mint, juniper, mandarin orange, green grass, peach, jasmine, freesia, magnolia, orchid, musk, sandalwood, cedar, vanilla, amber, opoponax"
"It smells like a florist's cooler mixed with the spice drawer your grandmother keeps by the stove, softened by something creamy and slightly burnt-sugar sweet.","star anise, fennel, neroli, bergamot, frangipani, orchid, clove, tuberose, jasmine, vanilla, tonka bean, vetiver, amber"
"It smells like a leather jacket worn in a botanical garden after rain, where citrus trees meet purple flowers and mossy stone walls.","lavender, freesia, grapefruit, geranium, oak moss, amber, leather"
"It smells like a tropical vacation condensed into a bottle — ripe mango smoothie meets suntan lotion, with that sweet heaviness you get from hotel lobby flowers and powdery cosmetics.","mango, chamomile, orange blossom, coconut, ylang ylang, amber, vanilla, siam benzoin, iris butter"
"It smells like maraschino cherries and marzipan at first, then shifts into powdery floral soap with a creamy, slightly spicy vanilla base.","cherry, almond, pink pepper, cherry blossom, violet, magnolia, vanilla, tonka bean, sandalwood"
"It smells like a spice cabinet left open in a bakery, where sweet burnt sugar meets the leathery warmth of an old tobacco pouch, all grounded by something softly musky and oddly comforting.","cardamom, pimento, caramel, salt, vanilla, tobacco, cashmeran"
It smells like a florist's shop next to a bakery — white flowers drifting through the air while someone's making burnt sugar candy in the back room.,"rose, neroli, jasmine, artemisia, caramel, vanilla"
"It smells like powdery flowers and green tea, backed by warm wood and a peppery, slightly earthy bite.","neroli, black pepper, cardamom, carrot seeds, iris, violet, geranium, mate, amber, cedar, sandalwood, patchouli"
"It smells like a leather jacket hung in a smoky bar, sweet and slightly burnt around the edges.","patchouli, birch, styrax, vanilla"
"It smells like spicy carnation and earthy chrysanthemum over dark, mossy leather with a soft, slightly animalic warmth underneath.","chrysanthemum, narcissus, violet leaf, labdanum, carnation, ambergris, patchouli, moss, leather, musk"
"It smells like sunscreen mixed with clean laundry detergent, then someone adds warm coconut cream and a hint of pencil—wait, no—woody incense sticks left on a bathroom counter.","solar notes, lavender, litsea cubeba, coconut milk, water lily, benzoin, musk, amber, cedar"
"It smells like a dusty incense shop next to a root cellar — sweet licorice mixed with bitter citrus peel, smoky wood, and powdery violet makeup compacts.","star anise, bergamot, agarwood (oud), vetiver, myrhh, iris"
"It smells like spiced apples and citrus peel at first, then dry woods and moss, with a warm base of vanilla and cedar.","apple, plum, lemon, bergamot, oakmoss, geranium, cinnamon, mahogany, carnation, vanilla, sandalwood, cedar, vetiver, olive tree"
"It smells like a botanical garden at dusk — herbal and slightly peppery at first, then soft white flowers emerge, settling into smooth, earthy woods with a powdery finish.","rosemary, pink pepper, petitgrain, jasmine, neroli, orris root, ylang-ylang, sandalwood, vetiver, cedar, patchouli"
"It smells like a spice cabinet tipped over in an old church, with something sticky-sweet and smoky underneath, like incense burning next to a jar of dark honey.","blackberry, olibanum, orange, labdanum, coriander, tarragon, honey, guaiac wood, cinnamon, bay leaf, clove, rose, orchid, celery seeds, opoponax, agarwood (oud), myrrh, patchouli, cedar, ambergris, musk, immortelle, oakmoss"
It smells like a bouquet of white flowers left on a wooden table next to a bowl of sliced watermelon and tart berries.,"watermelon, red currant, yuzu, lilac, may rose, stephanotis, white musk, cedar, sandalwood"
"It smells like a chocolate bar melting on warm wooden furniture, with creamy vanilla and an unexpected hint of white flowers drifting through.","dark chocolate, jasmine, teak wood, cedar, chocolate, milk, vanilla, musk"
"It smells like a fruit stand next to a flower shop on a hot day — sweet watermelon and tart rhubarb mixing with something soapy and green, then drying down to smooth wood.","kiwi, rhuburb, pink pepper, watermelon, cyclamen, jasmine, lemon tree, musk, sandalwood"
"It smells like orange peel dipped in melted caramel, followed by the scent of violets crushed against old velvet and tree bark.","orange, floral notes, violet, caramel, vanilla, moss"
"It smells like a tropical hotel lobby at dawn — creamy coconut mixing with bright citrus and white flowers, undercut by soft resin and overripe fruit.","coconut milk, bergamot, tyger lily, jasmine, freesia, mango, benzoin"
"It smells like a leather jacket someone wore to a dimly lit bar where spiced berry cocktails were being poured, with something slightly medicinal and woody lingering in the corners.","blackberry, rum, saffron, leather, agarwood (oud), clary sage, patchouli, musk"
"It smells like a spice cabinet left open in an old wooden temple, with sweet fruit slowly caramelizing on smoldering tobacco leaves.","cinnamon, agarwood (oud), incense, saffron, nutmeg, green apple, white pear, patchouli, jasmine, tobacco, madagascar vanilla, amber, sandalwood, guaiac wood, white musk, haitian vetiver"
"It smells like spilling whiskey on a wooden bar counter next to someone drinking sweetened coffee, with a faint orange peel garnish and smoky undertones from a nearby fireplace.","fruity notes, orange, bergamot, malt, whiskey, patchouli, coffee, cedar, peat, vanilla, amber, musk"
"It smells like a department store cosmetics counter mixed with spiced pear compote, finishing with the dry-woody scent of an attic full of old furniture and cardboard boxes.","pink pepper, pear, indonesian nutmeg, elemi, bergamot, rose, clove, magnolia, flax, cashmeran, haitian vetiver, sandalwood, sylkolide, amber"
"It smells like a worn leather jacket left in a Middle Eastern spice shop, where dried raspberries sit next to incense sticks and someone's crushing herbs nearby.","raspberry, saffron, thyme, olibanum, jasmine, leather, suede, woody notes, amber"
"It smells like standing on a cold pier in the morning — wet stone, crushed mint leaves, and distant smoke drifting over the water.","aldehydes, ozonic notes, watery notes, ginger, green notes, floral notes, mint, pepper, musk, vetiver, incense"
"It smells like Earl Grey tea and sweet white flowers, then settles into something powdery-soft with warm vanilla and earthy undertones.","tea, bergamot, osmanthus, orchid, jasmine, rose, freesia, african orange flower, patchouli, musk, vanilla"
It smells like sun-dried laundry hanging near the ocean — citrus and lavender mixing with salty air and weathered driftwood.,"mandarin orange, orange, petitgrain, seaweed, lavender, cotton flower, virginia cedar, woodsy notes, patchouli, clary sage, amber"
"It smells like the zesty rind of grapefruit meeting a jar of Nutella someone left open in a wooden cabin, with something earthy and rooty grounding it all.","pink pepper, grapefruit, hazelnut cocoa spread, patchouli, vetiver"
"It smells like sunscreen, white flowers, and the sweet-sticky residue of tropical fruit.","bergamot, tropical fruit, jasmine, juniper berries, tincture of rose, oak moss, sandalwood, amber"
"It smells like a wooden fruit crate left in an old attic — sweet plum skins meeting dusty beams, with something honeyed and slightly medicinal woven through the dry wood.","mirabelle, oakmoss, davana, sandalwood, musk"
"It smells like warm baking spices and bitter citrus peel at first, then settles into dry, earthy wood with a faintly sweet, resinous undertone.","nutmeg, cinnamon, cardamom, grapefruit, lavender, licorice, sandalwood, amber, patchouli, haitian vetiver"
"It smells like overripe peaches left in a wooden drawer with dried roses, slightly dusty and sweet with an incense-like finish.","rose, peach, musk, amber, patchouli, sandalwood"
"It smells like standing on wet rocks after a storm — briny air mixed with crushed herbs, a hint of tropical flowers drifting from somewhere inland, and that mineral scent of seaweed drying in the sun.","salt, ozonic notes, watery notes, myrtle, bergamot, salt, sea notes, ylang-ylang, orange blossom, ambergris, algae, white musk, oakmoss, patchouli"
"It smells like a greenhouse in early spring — wet stems and potting soil mixed with geranium leaves crushed between your fingers, and roses just past their peak.","green notes, geranium, rose, virginia cedar, patchouli"
"It smells like bright citrus peel and lychee syrup at first, then creamy florals with rose and jasmine, settling into soft vanilla and clean musk with earthy undertones.","orange, bergamot, grapefruit, litchi, rose, italian jasmine, patchouli, tahitian vetiver, bourbon vanilla, white musk"
"It smells like a leather jacket someone wore to a Thai restaurant, now hanging in a closet lined with sandalwood and dried flowers.","kaffir lime, basil, jasmine, ylang-ylang, oakmoss, civet, benzoin, spices, leather, sandalwood"
"It smells like crushed green stems and pale powdered flowers, with something faintly salty and woody drifting underneath like sun-warmed driftwood.","lemon verbena, iris, violet leaf, ambergris, sandalwood"
"It smells like white flowers and rose with a soapy-spicy edge, then settles into something woody and faintly smoky with a soft, powdery musk.","white flowers, coriander, peony, bergamot, ambrette (musk mallow), rose, jasmine, patchouli, woody notes, incense"
"It smells like spiced tea and citrus opening into creamy white flowers, then settling into sweet resin, powdery vanilla, and dark, earthy woods.","mate, black pepper, pink pepper, cardamom, bergamot, water lily, magnolia, rose, violet, osmanthus, jasmine, copaiba balm, breu-branco, myrrh, patchouli, benzoin, olibanum, vetiver, labdanum, coumarin, vanilla, carrot"
"It smells like a leather jacket worn in a spice market — peppery and slightly powdery from crushed flowers, with sweet resin stuck to the seams and earthy roots clinging to the hem.","violet, pink pepper, caraway, bergamot, verbena, tuscan iris, bulgarian rose, black pepper, nutmeg, geranium, clary sage, indonesian patchouli leaf, amber, vanilla, civet, leather, opoponax, benzoin, vetiver, styrax"
"It smells like standing on sun-warmed rocks by the Mediterranean, where salt spray mixes with wild herbs growing between stones and the faint sweetness of citrus groves drifting from inland.","sea notes, aquozone, bergamot, green mandarin, rosemary, lavender, cypress, mastic or lentisque, mineral notes, musk, patchouli, amber"
"It smells like dark coffee and sweet resinous amber, with sharp black pepper cutting through vanilla and something earthy-green underneath.","black pepper, tobacco, pineapple, patchouli, coffee, iris, vanilla, amber, dry wood, benzoin, labdanum"
"It smells like a vintage makeup compact discovered in your grandmother's vanity, dusted with powdered sugar and nestled in an old wooden cigar box.","almond, brazilian rosewood, rose, geranium, plum, virginia cedar, celery, heliotrope, tonka bean, musk"
"It smells like standing near someone who just ironed their clothes with lavender water, mixed with the powdery sweetness of old-fashioned face powder and a hint of clean laundry dried indoors.","aldehydes, bergamot, heliotrope, jasmine, white musk, cashmeran"
"It smells like tropical fruit juice with creamy vanilla, white flowers that are almost too sweet, and a backdrop of green stems and warm spices.","green leaves, mango, passionfruit, fir, red currant, heliotrope, hyacinth, ylang-ylang, hog plum, jasmine, rose, papaya, vanilla, musk, amber, princess tree or paulownia, allspice"
"It smells like toasted marzipan and brown butter over a wooden cutting board, with a faint sweetness like dried apricots and wildflowers lingering in the background.","almond, walnut, butter, fruity notes, floral notes, woody notes"
"It smells like marzipan cookies cooling on a wooden cutting board, with a hint of citrus zest and something soft that lingers on your sweater.","almond, lemon, virginia cedar, vanilla, musk"
"It smells like fresh lemon and crisp apple at first, then soft jasmine and rose, finishing with warm cedar wood and a clean musky base.","sicilian lemon, apple, cedar, bellflower, bamboo, jasmine, white rose, cedar, musk, amber"
"It smells like citrus peel and crisp apple at first, then creamy white flowers with powdery iris, settling into warm vanilla and sweet resin with a soft musky base.","mandarin orange, red apple, bergamot, magnolia, iris, ylang-ylang, jasmine, white honey, vanille, amber, benzoin, musk"
It smells like salted caramel dessert with white flowers blooming nearby — sweet and creamy with an unexpected floral twist.,"jasmine, caramel, salt, vanilla"
"It smells like ripe plums dusted with black pepper beside a florist's workbench, where crushed flower stems meet the sweetness of vanilla extract.","plum, italian mandarin, pink pepper, rose, jasmine, lily-of-the-valley, patchouli, vanilla, white musk"
"It smells like waxy citrus peel and honey at first, then powdery florals with a warm, slightly earthy sweetness underneath.","aldehydes, orange, honey, geranium, musk, patchouli, amber"
It smells like the inside of a chocolatier's kitchen — roasted hazelnuts mixed with melted dark chocolate and a hint of vanilla extract.,"cacao, dark chocolate, hazelnut, hazelnut, tonka bean"
"It smells like a spice cabinet left open in a barbershop — herbal and minty at first, then sweetened by pastry-like vanilla and woody incense.","lavender, mint, cardamom, bergamot, artemisia, cinnamon, orange blossom, caraway, vanilla, tonka bean, amber, sandalwood, cedar"
"It smells like a spiced fruit compote left to simmer in a wooden temple, where incense smoke mingles with overripe plums and honeyed florals that cling to ancient cedar beams.","plum, wild berries, coriander, anise, brazilian rosewood, tuberose, incense, white honey, cinnamon, opoponax, carnation, jasmine, african orange flower, rose, vanille, amber, sandalwood, heliotrope, musk, vetiver, virginia cedar"
"It smells like a florist's workbench at closing time — jasmine petals scattered near half-peeled citrus rinds, sweetness hovering in the air, and the resinous incense stick someone burned hours ago still clinging to wooden surfaces.","jasmine sambac, pink grapefruit, vanilla flower, pink lotus, white lotus, dragon blood resin, sandalwood, siam benzoin"
"It smells like a grandmother's linen closet where embroidered handkerchiefs rest on soap bars, softened by powdery sweetness and a faint hint of something almost milky.","violet, lily-of-the-valley, jasmine, pelargonium, musk, vanilla"
"It smells like dark chocolate and sweet tropical fruit at first, then powdery iris and jasmine, finishing with warm vanilla and woody amber.","apple, cassis, pineapple, cacao, iris, egyptian jasmine, patchouli, amber, vanilla, musk, sandalwood"
"It smells like powdery flowers and warm vanilla with a spicy edge, like walking into a room where someone just opened a jar of clove-studded potpourri mixed with sweet cream.","anise, neroli, coriander, bergamot, lemon, heliotrope, carnation, violet, cloves, neroli, ylang-ylang, bulgarian rose, jasmine, orchid, tuberose, iris, vanilla, benzoin, sandalwood, tonka bean, musk, vetiver"
"It smells like a Cuban café at sunrise — bitter espresso cutting through sweet rum-soaked pastries, with wooden countertops and the ghost of burnt sugar in the air.","rum, dark chocolate, coffee, almond, heliotrope, caramel, sugar cane, sandalwood, vetiver"
"It smells like fig jam on toast next to a blooming orange tree, with something powdery and earthy lingering in the background.","black currant, fig, orange blossom, orange blossom, jasmine, iris, gourmand accord, patchouli"
"It smells like biting into a tart green apple while standing under a blooming tree, with a hint of something sweet and nutty drifting from a nearby bakery.","amalfi lemon, lime, granny smith apple, praline, peony, datura, apple tree, musk, virginia cedar"
"It smells like a tropical flower lei mixed with the spicy steam from a chai pot, settling into creamy sandalwood incense.","pepper, ginger, cardamom, coconut, gardenia, orange blossom, peony, sandalwood, musk, amber"
"It smells like soapy roses and orange blossoms with a clean, slightly metallic sharpness, settling into soft wood and skin-like musk.","aldehydes, rose, orange blossom, hawthorn, musk, sandalwood"
"It smells like spiced cola and orange peel over heavy incense, sweet resin, and powdery white flowers with a dark, earthy base.","spices, aldehydes, narcissus, lavender, orange, peach, coca-cola, bergamot, spicy notes, cloves, cinnamon, rose, ylang-ylang, jasmine, lily-of-the-valley, cassia, orchid, incense, tolu balsam, peru balsam, oakmoss, patchouli, amber, vetiver, vanilla, musk"
"It smells like sharp citrus and cool eucalyptus at first, then softens into powdery rose with a warm, slightly earthy-sweet base.","green mandarin, italian lemon, violet leaf, eucalyptus, bulgarian rose, musk, patchouli, madagascar vanilla, amber"
"It smells like a spice drawer left open next to a bouquet of white lilies, with something earthy and slightly musty underneath like old books on a wooden shelf.","bergamot, spices, white flowers, iris, pink pepper, oak moss, patchouli"
"It smells like an old wooden jewelry box lined with velvet, holding dried rose petals and something faintly sweaty — almost like a grandmother's attic mixed with incense smoke.","turkish rose, indian oud, woodsy notes, exotic spices, cambodian oud, amber, rose, animal notes, musk, powdery notes"
It smells like a bakery tucked inside an old church — sweet almond pastries mingling with incense smoke and dried herbs from the rafters.,"lavender, myrrh, tonka bean, vanilla, almond"
"It smells like a spice cabinet left open in a woodshop — sharp licorice and peppercorns mixing with sawdust, sweetened by something dark and resinous like old furniture polish.","star anise, black currant, sichuan pepper, galanga, bourbon vanilla, tolu balsam, atlas cedar"
"It smells like powdery flowers and green stems, with a bitter orange edge and a dry, slightly dusty warmth underneath.","mimosa, violet leaf, cyclamen, bitter orange blossom, angelica, narcissus, orris, amber"
"It smells like fresh coffee grounds with a sharp citrus edge, then settles into soft wood and clean powdery florals with a warm, slightly sweet base.","coffee, bergamot, lemon, coffee, sandalwood, lily-of-the-valley, cedar, amber, musk"
"It smells like a farmers market in summer — ripe watermelon sliced open next to bundles of purple basil, with crushed violet leaves and a hint of tree bark from wooden crates.","watermelon, grapefruit, lemon verbena, basil, lavender, violet leaf, black currant, patchouli, woodsy notes"
"It smells like soapy white flowers and powdery incense, with a warm resinous sweetness and earthy moss underneath.","aldehydes, incense, clove, fruity notes, basil, green notes, bergamot, mandarin orange, narcissus, lily, jasmine, tuberose, mimosa, orris root, lily-of-the-valley, rose, orange blossom, benzoin, myrrh, amber, sandalwood, oakmoss, vanilla, cedar, musk, patchouli"
"It smells like fresh citrus and fuzzy peach skin, then powdery flowers with a slightly earthy, rooty undertone, finishing with soft wood and clean musk.","mignonette, mandarin orange, sage, nectarine, blue hyacinth, peach blossom, rose hip, iris, red cyclamen, violet root, musk, sandalwood, cedar"
"It smells like sweet white flowers with a creamy almond note, grounded by smooth, warm wood.","narcissus, night blooming jasmine, almond, sandalwood"
"It smells like citrus peel and peach at first, then warm spices and white flowers, settling into sweet vanilla with smoky incense and dry woods underneath.","vanilla, basil, bergamot, mandarin orange, green notes, peach, lemon, spices, sandalwood, coriander, oakmoss, cedar, orange blossom, jasmine, rose, amber, incense, vanilla, civet, musk, vetiver"
"It smells like a chocolate truffle dusted with dried rose petals, sitting in an old wooden jewelry box lined with dark velvet.","turkish rose, cacao pod, tonka bean, madagascar vanilla, dark chocolate, agarwood (oud), patchouli, sandalwood"
"It smells like a fruit salad left on a wooden table in a soap shop — tropical sweetness meets powdery flowers, then dries down to something creamy and slightly dusty.","pineapple, moroccan lemon, grapefruit, galbanum leaf, peach, plum, mandarin orange, raspberry, italian iris, brazilian rosewood, jasmine, lily-of-the-valley, egyptian rose, coconut, vanilla, madagascar sandalwood, tonka bean, musk, patchouli, amber, cedar"
It smells like the inside of a chocolate shop where they're making pralines — sweet roasted nuts mixed with warm milk chocolate and a hint of flowers from the wrapped candies nearby.,"hazelnut, milk, sugar, cacao, floral notes, vanilla"
"It smells like sweet tropical flowers and rose petals, with a dusty powdered quality and a warm, vanilla-like resin underneath.","ylang-ylang, rose, bergamot, orris root, jasmine, peru balsam"
"It smells like standing on a Mediterranean balcony at dusk, where salt air drifts through white flowering trees and mingles with sun-warmed stone.","sea salt, orange blossom, musk"
It smells like crushed blackberries mixed with powdery makeup compacts and the woody inside of an old jewelry box.,"blackberry, violet leaf, freesia, violet, orchid, brazilian rosewood, cashmeran, orris root, amber"
"It smells like a chocolate shop at Christmas — orange peels dipped in melted dark chocolate, with a nutty sweetness that clings to your sweater long after you've left.","dark chocolate, italian mandarin, brazilian orange, hazelnut, amberwood, tahitian vanilla, musk, ambergris"
"It smells like a spiced apple pastry cooling on a leather armchair, with hints of orange zest and something faintly herbal drifting through an open window.","cardamom, green apple, green mandarin, nutmeg, lavender, orange blossom, tonka bean, amber, leather"
It smells like baked apples dusted with cinnamon sitting next to a bouquet of wildflowers someone left on a vanilla-scented wooden table.,"apple, cinnamon, wild lavender, bergamot, orange blossom, lily-of-the-valley, vanilla, tonka bean, amber, patchouli"
"It smells like standing near a harbor with almond pastries cooling on a stone wall, mixed with the scent of old wooden boats and someone's spiced cologne drifting past.","watery notes, almond, spices, neroli, coumarin, vetiver, patchouli"
"It smells like juicy pear and citrus at first, then soft roses and powdery flowers, finishing with sweet vanilla and something clean-musky.","pink pepper, pear, grapefruit, rose, peony, geranium, vanilla, musk, tonka bean"
"It smells like spiced berry compote cooling on leather upholstery, with creamy florals and a hint of that sweet, smoky scent from an Indian incense shop.","licorice, dewberry, chili pepper, champaca, red rose, lotus, vanilla, leather, amber"
"It smells like a grandmother's ornate powder compact opened in a flower shop, where roses meet violet candies and something faintly resinous like church incense lingers in the background.","bulgarian rose, hawthorn, black currant, mandarin orange, parma violet, rose, opoponax, jasmine, vanilla, white musk, incense"
"It smells like a fancy fruit tart left in an old wooden cabinet — sweet peach and cream mingling with dusty, earthy darkness and white flowers wilting on top.","truffle, peach, bergamot, madagascar vanilla, tuberose, italian jasmine, patchouli, oakmoss, cedar"
"It smells like a spiced cherry cordial soaked in aged rum, surrounded by sweet resins and dark wood, as if you've walked into an old apothecary where dried roses hang above barrels of vanilla-laced spirits.","cherry, rum, saffron, nutmeg, cinnamon, rose, jasmine, vanilla, tonka bean, ambroxan, sandalwood, oak, benzoin, patchouli, cypress"
"It smells like a grandmother's powder compact mixed with church incense and slightly soapy white flowers, all sitting on a bed of mossy wood from an antique dresser.","chamomile, aldehydes, clary sage, coriander, geranium, lemon verbena, brazilian rosewood, bergamot, carnation, rose, ylang-ylang, orris root, jasmine, tuberose, orange blossom, oakmoss, patchouli, incense, vetiver, sandalwood, musk"
"It smells like jasmine tea sweetened with condensed milk, with a hint of orange rind floating in the cup.","cassis, bergamot, mandarin orange, jasmine sambac, rose, orange blossom, milk, rice, vanilla, tonka bean"
"It smells like a wooden drawer full of dried petals someone left a ripe pear next to, soft and powdery with an almost soapy sweetness.","pear, ambrette (musk mallow), rose, iris, musk, virginia cedar"
"It smells like a tropical vacation — sunscreen mixing with fruit smoothies on a humid balcony, where flowering vines climb white-painted railings.","passionfruit, strelitzia, pink grapefruit, tiare flower, hibiscus, cyclamen, orange blossom, coconut, vanilla, musk, white amber, white woods"
"It smells like a leather jacket hanging in a temple where incense burns, mixed with the sweet char of burnt sugar and cream.","caramel, milk, smoke, caramel, hinoki incense, leather, toffee, hinoki incense"
"It smells like tart raspberries and citrus peel at first, then soft roses and white flowers, finishing with smooth sandalwood underneath.","raspberry, mandarin orange, bergamot, violet, rose petals, gardenia, sandalwood"
"It smells like warm spices and citrus peel at first, then smoky incense and worn leather, with sweet vanilla and resinous wood underneath.","cinnamon, mandarin orange, lavender, lemon, fruity notes, incense, cumin, red cedar, tobacco, vanilla, cedar, leather, benzoin, iso e super, cypress, patchouli"
"It smells like a florist's refrigerator where bunches of violets and gardenias sit next to half-eaten strawberries, with a faint powdery sweetness lingering in the cold air.","violet leaf, blood grapefruit, strawberry, violet, gardenia, jasmine, musk, white woods, vanilla"
"It smells like standing near tide pools at dawn while someone arranges flowers nearby, the salt air mixing with petals and something faintly tropical drifting over from a beach vendor.","sea water, bergamot, rose, hibiscus, rose, lily, mango, musk, amber"
"It smells like bright citrus and tart berries at first, then soft florals with a hint of spice, finishing with warm vanilla and smooth wood.","black currant, orange, mandarin orange, grapefruit, cassia, bergamot, rose, apricot, jasmine, lily, lily-of-the-valley, vanilla, tonka bean, musk, amber, virginia cedar"
"It smells like citrus peel and tropical fruit at first, then creamy jasmine and vanilla, with earthy patchouli and soft musk underneath.","pineapple leaf, mandarin orange, bergamot, jasmine, brazilian rosewood, patchouli, vanilla, musk"
"It smells like a wooden drawer filled with dried citrus peels and old linens, slightly dusty but comforting.","tangerine, sandalwood, starflower, white oud, amber, musk"
"It smells like a spice market at dawn — sticky mango juice on your hands, sharp ginger root being grated, and the dusty sweetness of saffron threads mixing with wet stone and soft leather gloves.","mango, saffron, lemon, pink pepper, violet leaf, ginger, osmanthus, orange blossom, mineral notes, suede, patchouli, amber"
"It smells like sweet lavender and mint at first, then warm vanilla and honey, with a dry tobacco-tinged base underneath.","lavender, mint, vanilla, benzoin, honey, tonka bean, tobacco"
"It smells like a fruit salad left on a wooden picnic table at the beach, where the sweetness mingles with sunscreen and warm sand.","passionfruit, peach, pear, raspberry, cassis, sand, lily-of-the-valley, musk, sandalwood, vanilla, patchouli, heliotrope"
"It smells like smoky tea and spices, then whiskey-soaked tobacco, finishing with dark resinous wood and something faintly medicinal.","tea leaf, black pepper, cardamom, whiskey, incense, opium, birch, tobacco, agarwood (oud)"
"It smells like honeyed jasmine and orange peel at first, then sweetens into caramel and vanilla with a soft, woody warmth underneath.","ginger, bitter orange, jasmine sambac, orange blossom, rose, honey, amber, caramel, vanilla, sandalwood, cashmere wood"
"It smells like standing near a rain-soaked industrial pier — sharp citrus cutting through wet metal and steam, with dark earth tracked in on work boots.","bergamot, pepper, lavender, metallic notes, watery notes, coal, soil tincture, ambroxan, patchouli"
"It smells like sweet flowers and citrus with a dusty, spiced warmth underneath — like rose petals and peach mixed with cinnamon and something earthy-mossy.","bergamot, rose, jasmine, citruses, peach, ylang-ylang, rose, lilac, jasmine, oakmoss, spices, vetiver, cinnamon, amber"
"It smells like sliced watermelon left on a wooden picnic table, mixing with the scent of crushed violet petals and sun-warmed cotton sheets drying on a line.","watermelon, violet, floral notes, musk, patchouli, white amber"
It smells like the cool blast of menthol mixed with woodsy dampness and black pepper cracked over something sweet and resinous — slightly medicinal but grounding.,"mint, amber, vetiver, pepper, spicy notes, oakmoss, vanilla"
"It smells like rain hitting a gravel path near a cedar fence — clean, slightly soapy, with that sharp mineral scent of wet stone and metal.","aluminum, aldehydes, slate, pebbles, water notes, metallic notes, virginia cedar"
"It smells like spiced leather and dark resin, with heavy white flowers and something faintly animalic lurking underneath.","saffron, ylang-ylang, cardamom, geranium, leather, egyptian jasmine, labdanum, animal notes, patchouli"
"It smells like tropical fruit punch with white flowers, ocean spray, and a soft vanilla-musk base that feels clean and slightly sweet.","pitahaya, litchi, jasmine, hibiscus, sea notes, vanilla, musk"
"It smells like tart rhubarb and green stems at first, then soft roses and powdery florals, with earthy moss and musk anchoring everything below.","rhubarb, violet leaf, lily-of-the-valley, rose, oakmoss, patchouli, musk"
"It smells like ripe mango slices dusted with incense ash, sitting on a wooden cutting board that's been wiped down with jasmine tea.","mango, bergamot, jasmine, olibanum, vanilla, sandalwood"
"It smells like the interior of an old leather briefcase left in a spice merchant's shop, with a faint trace of burnt orange rind lingering in the air.","black pepper, sicilian mandarin, cassis, indian saffron, lotus, smoke, woody notes, leather"
It smells like a florist's cooler at sunrise — dewy white petals and stone fruit mixed with the resinous sweetness of church incense and weathered wooden shelves.,"grapefruit, bergamot, orange, rose, geranium, jasmine, narcissus, peach, patchouli, sandalwood, olibanum, tonka bean, vanille, white musk, cloves, benzoin"
"It smells like fizzy soda mixed with candied pear and orange blossoms, settling into a powdery sweetness that lingers on your clothes.","pear, mandarin orange, neroli, coca-cola, rhubarb, orange blossom, vanilla, amber, violet"
"It smells like lavender and citrus peel at first, then powdery flowers with a dry, woody base that's slightly musky and warm.","lavender, martini, bergamot, mandarin orange, palisander rosewood, patchouli, orchid, narcissus, musk, woodsy notes, cedar, white amber"
"It smells like sharp green stems and waxy white flowers, with powdery iris and a dark, mossy-leathery base that feels vintage and slightly soapy.","galbanum, aldehydes, caraway, gardenia, bergamot, rose, carnation, iris, narcissus, jasmine, oakmoss, leather, vetiver, amber, patchouli, coconut"
"It smells like a worn leather jacket left in an old spice shop, where citrus peels dry next to licorice sticks and sweet pipe smoke lingers in the wooden beams.","lemon, bergamot, star anise, olive blossom, guaiac wood, leather, tonka bean, tobacco"
"It smells like a dark, boozy fruit compote left in a velvet-lined jewelry box, with an earthy, almost mushroomy undercurrent that feels both indulgent and slightly mysterious.","truffle, plum, rum, ylang-ylang, black orchid, patchouli"
"It smells like sun-warmed driftwood and orange peel scattered on a pier, with the faint sweetness of saltwater taffy lingering in the breeze.","orange, sea notes, aldehydes, blood mandarin, pepper, neroli, cedar, vanilla, tonka bean, white musk, amber, vetiver, elemi resin"
"It smells like a tropical cocktail bar at sunset — sweet coconut mixed with citrus juice, a hint of ginger spice, and the slightly boozy sweetness of rum-soaked flowers.","coconut, lime, white bergamot, sicilian mandarin, ginger, ylang-ylang, indian jasmine, hibiscus, white rum, sugar cane, musk"
It smells like burnt sugar drizzled over old wooden furniture in a dusty antique shop.,"caramel, vanilla, patchouli"
"It smells like a bowl of dark berries left on a dressing table, their juice staining powder-soft petals and sweet wooden drawers.","plum, sour cherry, raspberry, orchid, iris, freesia, vanilla, amber, musk"
"It smells like the quiet corner of a seaside spa where white flowers rest on driftwood shelves, mingling with ocean air and soft talcum powder.","water jasmine, green mandarin, ginger flower, vanilla, salt, ambergris, cashmere wood, sandalwood"
It smells like vintage department store cosmetics — powdery peach lipstick and spiced carnations — layered over old leather boots that have been stored in a mossy basement trunk.,"peach, bergamot, aldehydes, cambodian oud, carnation, patchouli, angelica, russian leather, musk, amber, oakmoss, patchouli"
"It smells like fresh citrus and herbs at first, then earthy moss and spices, with a clean musky warmth underneath.","lemon, bergamot, mint, orange peel, rhubarb, jasmine, oakmoss, musk, fennel, carnation, white amber, green tea, jasmine, oakmoss, musk, celery seeds, caraway, cloves, amber"
"It smells like a fruit stand next to a florist shop on a humid morning, where overripe peaches and lychees sit near white flowers, all settling into something soft and slightly dusty.","litchi, bergamot, peach, peony, orange blossom, jasmine, petalia, musk, moss, woody notes"
"It smells like a honey-drizzled pastry cooling on a windowsill next to a bouquet someone left behind, with faint tobacco smoke drifting in from outside.","lavender, bergamot, lemon, honey, cinnamon, cashmeran, jasmine sambac, tobacco leaf, vanilla, tonka bean"
"It smells like sweet almond and orange peel at first, then soft white flowers with a creamy vanilla and powdery musk base.","almond blossom, clementine, cyclamen, jasmine, peony, amaryllis, vanilla, amber, benzoin, white musk"
"It smells like powdery flowers and warm spices at first, then settles into sweet vanilla and resins with a creamy, slightly smoky wood base.","bergamot, mandarin orange, aldehydes, fruity notes, ylang-ylang, mimosa, rose, jasmine, lily-of-the-valley, clove, cinnamon, nutmeg, benzoin, vanilla, tonka bean, frankincense, patchouli, sandalwood, tolu balsam, amber, musk"
"It smells like fresh pear and powdery flowers — soft and slightly soapy, with a clean, airy sweetness that fades into something warm and skin-like.","cascalone, violet leaf, orris, mimosa, pear, paradisone, heliotrope, ambroxan, ylang-ylang"
"It smells like fresh peach and apricot with rose petals, soft citrus peel, and a clean powdery finish.","sicilian mandarin, pink peony, damask rose, apricot, peach, white musk"
"It smells like a spiced rum cocktail spilled on weathered leather, with citrus rind twisted over smoldering tobacco and sweet resin.","pink pepper, neroli, lemon, rum, java vetiver oil, clary sage, tobacco leaf, vanilla bean, styrax"
"It smells like bright citrus peel and clean wood at first, then creamy florals fade into smoky leather, sweet vanilla, and powdery musk.","citruses, bergamot, lemon, cedar, mandarin orange, iris, patchouli, vetiver, jasmine, rose, vanilla, incense, leather, opoponax, civet, sandalwood, tonka bean, musk"
"It smells like a worn leather jacket draped over a chair in a bakery, where spiced cookies cool next to bundles of dried herbs.","pink pepper, juniper, violet, toffee, cinnamon, lavender, sage, vanilla, amber, tonka bean, suede"
It smells like a Buddhist temple at dusk — jasmine incense mixing with old wooden prayer beads and something faintly medicinal from the mountains.,"pepperwood or hercules club, nard himalayan (jatamansi), ylang-ylang"
"It smells like a bakery next to a flower shop — stone fruit tart with cinnamon sugar meets white flowers and powdery almond, all sitting on warm wooden counters.","peach, cardamom, lily, grapefruit, bergamot, rose, cinnamon, apricot, brazilian rosewood, lily, heliotrope, magnolia, vanilla, sandalwood, cedar, coconut"
"It smells like a gardenia pinned to a cashmere sweater — slightly powdery and sweet, with something deeper underneath like old books in a wooden chest.","bergamot, indian tuberose, ambergris, vanilla"
"It smells like spreading Nutella on warm buttered toast, with that slightly salty-sweet contrast you get from salted cookies still soft from the oven.","butter, salt, toast, cookie dough, hazelnut cocoa spread, hazelnut"
"It smells like a leather jacket left near a bonfire while someone's grilling caramelized pineapple, with hints of bitter citrus rind and church incense drifting through.","smoke, pineapple, grapefruit, olibanum, atlas cedar, clary sage, leather, tonka bean, patchouli"
"It smells like a powdery floral bouquet tucked into a fruit basket, with creamy sandalwood and something almost soapy-clean that lingers on your wrists long after you've washed your hands.","lavender, lemon, peach, litchi, mandarin orange, aldehydes, violet, skin, camelia, jasmine, ylang-ylang, tuberose, sandalwood, patchouli, benzoin"
"It smells like standing near a waterfall on a misty morning, where citrus trees grow beside soapy lavender bushes and pale, sun-bleached driftwood.","grapefruit, bergamot, pink pepper, water notes, lavender, cardamom, white musk, white woods, cashmere wood, oakmoss"
"It smells like sunscreen mixed with tropical juice at a beachside resort, settling into something creamy and slightly vanilla-sweet on your wrists.","coconut nectar, bergamot, water fruit, freesia, sandalwood, tonka bean"
"It smells like earthy spices and dried herbs at first, then smoky wood and dark resin, with a mossy, slightly medicinal undertone throughout.","coriander, cumin, petitgrain, lavender, labdanum, birch, jasmine, geranium, amber, cedar, vetiver, patchouli, oakmoss"
"It smells like sugared lemonade cooling on a wooden porch, with a faint trail of jasmine incense drifting from inside.","amalfi lemon, mint, water jasmine, virginia cedar, brown sugar, french labdanum"
"It smells like sweet flowers and candied peach at first, then warm spices and cinnamon, with a base of damp moss and resinous wood.","bergamot, citruses, jasmine, rose, peach, ylang-ylang, jasmine, rose, lilac, oakmoss, spices, cinnamon, vetiver, amber"
"It smells like a tart green apple dusted with cracked pepper, resting on a bed of dried lavender sachets and sticky tree resin.","lavender, apple, black pepper, coriander, tonka bean, labdanum"
"It smells like chocolate-covered orange slices left on a sunny kitchen counter, with something tropical and waxy hovering in the background.","orange, cacao, carambola (star fruit), vanilla"
"It smells like a fruit stand in late summer — soft peaches and nectarines mingling with rose petals, then drying down to something powdery and slightly woody.","nectarine, pear, pink pepper, bergamot, taif rose, peach, violet, jasmine, musk, virginia cedar"
"It smells like a tropical fruit stand at dawn — sticky mango and tart grapefruit mixed with jasmine blooms, settling into creamy vanilla and the scent of wooden crates.","mango, passionfruit, pomelo, grapefruit, mandarin orange, exotic floral notes, jasmine, vanilla, tonka bean, musk, sandalwood, virginia cedar"
"It smells like cold milk spilled on a citrus orchard floor — slightly floral, with a hint of smoke and vinyl records left out in the rain.","aqual, yuzu, hexyl acetate, milk, skin, jasmine, mugane, orcanox, vinyl guaiacol, moss"
"It smells like citrus peel and fresh resin at first, then dry woods and pepper, with a mossy, slightly sweet base underneath.","orange, elemi resin, lemon, amber, pepper, pink pepper, violet, fir, cedar, madagascar vetiver, oakmoss, benzoin"
"It smells like fresh rose petals with a clean, slightly soapy musk and bright citrus that fades into something powdery and soft.","geranium, bergamot, italian mandarin, grasse rose, damask rose, white musk"
"It smells like ripe peaches and apricots with a jammy sweetness, backed by pale woods and soft white flowers.","peach, apricot, pear, black currant, green apple, sandalwood, jasmine, moss, vanilla, cedar, musk"
"It smells like a fruit stand in summer rain — watermelon rinds and green apple skins getting soaked, then drying on sun-warmed wood.","melon, watermelon, green apple, lemon, lime, lily-of-the-valley, patchouli, musk, sandalwood"
"It smells like sliced pear and cantaloupe on a wooden cutting board, with a hint of soap from freshly washed hands and something earthy lingering in the background.","pear, melon, freesia, rose, musk, patchouli, rhuburb, amber"
"It smells like powdery white flowers and sweet vanilla, with a soft, clean musk that feels almost like fabric softener.","heliotrope, white violet, lilac, musk, arum lily, vanilla, amber"
"It smells like crushed berries and orange peel at first, then creamy white flowers with almond sweetness, settling into soft amber and warm wood.","blackberry, bitter orange, neroli, bergamot, cherry, jasmine, orange blossom, gardenia, peony, vanilla, almond, sandalowood, amber, patchouli"
"It smells like citrus peels and sweet florals at first, then warm cinnamon and dry woods, with a soft powdery musk underneath.","grapefruit, orange, lemon, red currant, sugar cane, bulrush, lily-of-the-valley, tea rose, cinnamon, musk, cedar, thanaka wood"
"It smells like sweet raspberry and pear against smoky incense, then powdery rose and orange blossom, finishing with dark leather and musky woods.","frankincense, raspberry, saffron, pear, musk, damask rose, orange blossom, agarwood, leather, patchouli, ambergris"
"It smells like a fruit smoothie made with berries and tropical coconut, drizzled with toffee syrup, then left sitting next to white flowers wilting in sweet cream.","coconut, strawberry, gooseberry, black locust, pear, black currant, brazilian rosewood, honeysuckle, yuzu, orange blossom, honey, milk, orchid, heliotrope, violet, osmanthus, magnolia, jasmine, lily-of-the-valley, caramel, vanilla, patchouli, toffee, incense, sandalwood, amber, tonka bean"
"It smells like dark coffee and boozy warmth, sweet white flowers, and a soft vanilla-powder base with earthy undertones.","brandy, anise, cabreuva, coffee, orange blossom, jasmine, vanilla, patchouli, musk"
"It smells like baked apples dusted with cinnamon, woodsmoke, and sweet tobacco, with a mossy, bourbon-spiked warmth underneath.","apple, smoke, cinnamon, tobacco, moss, bourbon vanilla, orcanox"
"It smells like a florist's workbench covered in soft leather gloves, with apple slices drying nearby and incense smoke drifting through from the back room.","freesia, pepper, apple, heliotrope, violet, jasmine, hibiscus, rose, suede, sandalwood, cedar, incense, labdanum"
"It smells like a florist's workbench after arranging bouquets all morning — petals crushed into wood, with something berry-sweet spilled nearby and dried into the grain.","strawberry, mandarin orange, rose, jasmine, patchouli, sandalwood, amber, oak moss, vetiver"
"It smells like a beachside fruit stand in summer — salty air mixing with ripe melon and apricot, with something creamy and woody lingering after the initial sweetness fades.","amalfi lemon, melon, freesia, sea water, honeysuckle, apricot, musk, sandalwood, amber"
"It smells like a barbershop tucked inside a greenhouse, where herbal tea steeps beside old wooden furniture and dried flower arrangements.","lavender, sage, mandarin orange, tobacco, rose, carnation, geranium, tonka bean, fir, vetiver, cedar"
"It smells like a florist's cooler in spring — dewy white flowers mixed with crushed green stems, orange peel oil, and that sweet powdery scent of old-fashioned face cream.","green notes, freesia, sage, citruses, mandarin orange, carnation, lily, lily-of-the-valley, narcissus, marigold, violet, rose, jasmine, musk, heliotrope, sandalwood, amber, patchouli"
"It smells like sweet lychee and tart berries at first, then soft rose petals with creamy vanilla and earthy grass underneath.","litchi, red currant, rose, vanilla, vetiver"
"It smells like a gin and tonic spilled on a wooden church pew, with rosemary from the garden crushed underfoot and pepper still on your fingers.","grapefruit, bergamot, sicilian mandarin, juniper, pepper, rosemary, brazilian rosewood, musk, incense, oakmoss"
"It smells like cold air hitting soft leather in a winter pine forest, with a sharp peppery bite and something resinous clinging to tree bark.","ozonic notes, ice, juniper berry, pink pepper, saffron, labdanum, suede, moss, musk, sandalwood"
"It smells like dried tobacco leaves and worn leather, with lavender soap fading into something woody, resinous, and faintly mossy.","bergamot, lavender, cinnamon, leather, mimosa, guaiac wood, tobacco, opoponax, oakmoss"
"It smells like a lavender dessert cart at a beachside café — sweet pear tart with coconut whipped cream, cut through by aromatic herbs and finished with sandalwood tables.","lavender, pear, bergamot, whipped cream, coconut, praline, vanilla orchid, musk, woody notes"
"It smells like a garden hose spraying over ripe honeydew in summer, with crushed herbs nearby and the faint scent of a leather jacket hanging in a wooden shed.","cucumber, melon, mandarin orange, basil, sage, geranium, suede, woodsy notes, musk"
"It smells like sweet fruit syrup mixed with burnt caramel, dark coffee, and something smoky-resinous that lingers underneath.","pear, tangerine, bergamot, strawberry, vanilla orchid, black rose, passionfruit, praline, caramel, litchi, vanilla, patchouli, incense, coffee, licorice, coumarin, papyrus"
"It smells like a bouquet of white flowers and roses with citrus peel on top, then settles into soft powder and warm wood.","orange blossom, cactus flower, bergamot, mandarin orange, lily, freesia, gardenia, jasmine, lily-of-the-valley, white camelia, rose, peony, musk, sandalwood"
"It smells like a spice market at dusk — orange peels scattered on wooden counters, leather bags hanging from hooks, and sweet resins burning in clay pots somewhere in the back.","neroli, cardamom, bergamot, mandarin orange, myrrh, musk, orange blossom, geranium, vetiver, saffron, vanilla, labdanum, tonka bean, leather, sandalwood, patchouli"
"It smells like a fruit stand in summer rain — ripe pear and tart berries mingling with wet flowers, then drying down to something soft and slightly nutty on your wrists.","pear, citruses, cassis, lily-of-the-valley, jasmine, brazil nut, sandalwood, musk, amber"
"It smells like a leather jacket someone wore to pick wild raspberries, with hints of gin botanicals and the sharp, resinous scent of crushed violet stems.","saffron, juniper berries, chinese grapefruit, leather, black violet, raspberry, cashmeran, vetiver"
"It smells like sweet rose petals mixed with coffee grounds, then soft vanilla and a clean, slightly powdery warmth.","floral notes, coffee, bulgarian rose, vanilla, white musk, amber"
It smells like a fruit stand next to a flower shop — sweet lychee mixed with white florals and a subtle spicy kick that fades into something soft and skin-close.,"litchi, freesia, magnolia, pepper, ginger, mandarin orange, jasmine, jasmine, musk, amber"
"It smells like tart berry juice and citrus peel at first, then watery florals with a soft, clean musk and dry wood underneath.","bergamot, goji berries, pomegranate, hibiscus, water lily, musk, virginia cedar"
"It smells like a grandmother's linen closet where dried lavender sachets rest on old wooden shelves, slightly dusty and sweet, with faint traces of soap and powder.","lavender, bergamot, patchouli, bulgarian rose, white musk, ambroxan, vanilla, labdanum, tonka bean"
"It smells like dusty incense mixed with the soft fuzz of an unripe peach, grounded by powdery iris root and clean laundry left in a cedar closet.","patchouli, white peach, patchouli, orris, indonesian patchouli leaf, white musk"
"It smells like purple jam next to old leather gloves, with a powdery almond sweetness that softens everything into something vaguely nostalgic.","plum, musk, heliotrope, suede"
"It smells like citrus peel and peppery herbs at first, then settles into warm woods with a slightly sweet, earthy base.","mandarin orange, madagascar pepper, lemon, chinotto, rosemary, geranium, rose, pepperwood, vanilla, tonka bean, sandalwood, texas cedar, patchouli, oakmoss"
"It smells like crushing berries in your hands at a farmer's market, with floral soap bubbles drifting nearby and a hint of spiced wood underneath.","black currant, blackberry, blueberry, mulberry, big strawberry, pepper, peony, rose, ylang-ylang, musk, woody notes, bourbon vanilla"
"It smells like white flowers and sweet berries at first, then creamy vanilla and caramel, with a soft powdery base that's slightly earthy.","raspberry, geranium, neroli, tuberose, iris, orange blossom, jasmine sambac, vanilla, caramel, sandalwood, heliotrope, white musk, patchouli"
"It smells like a barbershop after a fresh shave, with talc dusting the air and something herbal drying on wooden shelves.","bergamot, green notes, lavender, musk, powdery notes, sandalwood"
"It smells like standing on a rocky Mediterranean beach where pine trees meet the shore, mixing ocean spray with sun-warmed resin and a hint of jasmine drifting from nearby bushes.","sea salt, mineral notes, citruses, jasmine, mastic or lentisque, coconut, pine tree, labdanum"
"It smells like a fruit stand near a spice shop — tart raspberry and citrus mixed with cracked pepper, settling into creamy wood and soft powder.","raspberry, bergamot, orange, pepper, vetiver, magnolia, sandalwood, amber, musk"
"It smells like dried herbs and spiced tea at first, then soft roses and powdery suede, with a warm, resinous base that's slightly smoky and skin-like.","thyme, tea, lily-of-the-valley, saffron, rose, suede, musk, sandalwood, olibanum, amber"
"It smells like a tropical beach after a storm — salty air mixing with crushed white flowers, sweet coconut, and sun-bleached wood washed up on shore.","salt, coconut water, frangipani, jasmine, mineral notes, driftwood, tonka bean"
"It smells like a wet garden hose spraying over white flowers in summer, with something smooth and slightly sweet lingering on your hands afterward.","cucumber, grapefruit, magnolia, green apple, lily-of-the-valley, tuberose, violet, rose, woodsy notes, sandalwood, amber"
"It smells like a fruit stand next to a flower shop on a sunny morning — sweet lychee and peach mingling with crisp bergamot, then settling into soft rose petals and smooth wood.","litchi, bergamot, tarragon, lemon, damask rose, magnolia, cedar, apple, black currant, peach, white musk, amber, woody notes"
"It smells like overripe plums sitting next to a bouquet of white flowers someone left on a vanilla-scented countertop, with a peppery bite that tingles your nose.","plum, pink pepper, bergamot, musk, rose, tuberose, vanilla"
"It smells like the spice aisle of a grocery store mixed with citrus peels and dried tobacco leaves, finishing with the woody smell of an old cigar box.","grapefruit, coriander, basil, ginger, cardamom, orange blossom, amber, tobacco, cedar"
"It smells like a leather jacket left in a garden shed overnight — slightly damp from moss, sweet from berries growing outside, with that woody-vanilla scent old cedar planks get.","sicilian lemon, black currant, bergamot, spicy notes, fruity notes, patchouli leaf, water jasmine, cedar, leather, sandalwood, vanilla, white musk, moss"
"It smells like tart raspberries and citrus peel at first, then soft powdery flowers, finishing with sweet vanilla-like warmth and smooth wood.","raspberry, red berries, bergamot, lemon, violet, rose, orange blossom, iris, tonka bean, resins, musk, sandalwood"
"It smells like sunscreen melting on hot sand at the beach, with a hint of something sweet and milky drifting through salty air.","coconut nectar, sea notes, coconut milk, solar notes, floral notes, musk, vanilla"
"It smells like crushed green stems and tart berries at first, then soft violet petals with clean white florals and pale wood underneath.","violet leaf, red berries, violet, white flowers, white woods"
"It smells like standing on a Mediterranean dock in summer — sun-warmed citrus peels mixed with the mineral tang of ocean spray, drying down to weathered driftwood.","sea salt, fruity notes, sicilian lemon, bergamot, iris, mandarin orange, sea notes, musk, woody notes"
"It smells like a spiced pastry shop at dawn, where apricot-tinged flowers meet sticky honey drizzled over warm resinous wood, leaving a soft, slightly medicinal sweetness on your hands.","cinnamon, honey, osmanthus, benzoin, ambergris, labdanum, artemisia, tonka bean, vanila, patchouli, musk"
"It smells like biting into a soft pear while standing in a spice cabinet, with something faintly soapy and woody lingering in the background.","angelica, pear, pink pepper, jasmine, caraway, vanilla, angelica, cedar"
It smells like a Middle Eastern pastry shop at closing time — sticky sweetness mixing with old wooden counters and the faint trace of rose water someone spilled yesterday.,"honey, bergamot, agarwood (oud), rose, patchouli, agarwood (oud), amber, vanilla, musk, labdanum"
"It smells like powdery violets and vanilla with bright citrus on top, then a spicy-woody warmth and soft white flowers underneath.","citruses, cassia, pink pepper, lily-of-the-valley, mimosa, violet, heliotrope, vetiver, vanilla"
"It smells like a bakery in an old wooden barn — sweet grain mixed with dark chocolate, sticky honey, and a hint of rum-soaked raisins drying on warm wood.","rum, davana, honey, bran, cinnamon, vanilla, cacao, sandalwood"
"It smells like warm spices and citrus peel at first, then shifts to resinous wood and soft powder, with a sweet vanilla-amber base that lingers.","cinnamon, lavender, coriander, mandarin orange, lime, bergamot, grapefruit, myrhh, nutmeg, carnation, brazilian rosewood, pine tree, sage, jasmine, red berries, amber, vanilla, sandalwood, musk, patchouli, vetiver"
"It smells like honeyed white flowers and citrus peel, with a green herbal sharpness and soft, powdery wood underneath.","lime (linden) blossom, melon, bergamot, mandarin orange, mimosa, jasmine, ylang-ylang, wormwood, thyme, cedar, sandalwood"
"It smells like maraschino cherries spilled on a wooden church pew, with black pepper settling into sticky resin and the faint mustiness of old velvet curtains.","cherry, pepper, lactones, oud, incense, benzoin, cypriol oil or nagarmotha, labdanum, moss"
"It smells like a spice cabinet left open in a barn — dusty hay mixed with sweet anise and medicinal herbs, then something faintly floral and unwashed underneath.","licorice, star anise, mint, sicilian lemon, cumin, lavender, coriander, ylang-ylang, magnolia, geranium, tobacco, hay, patchouli, cedar, civet, liatris"
"It smells like a florist's cooler at closing time — white flowers slightly wilted, their sweetness mixing with the earthy scent of wet stems and cardboard boxes.","bergamot, tuberose, violet, rose, patchouli"
"It smells like a leather jacket left in a bakery where roses are drying — sweet pastry mingles with worn hide, while powdery iris and dark earth soften the edges.","bergamot, grapefruit, iris, bulgarian rose, praline, mahonial, leather, vanilla, patchouli"
It smells like standing on a wooden dock after rain — slightly salty air mixed with wet flowers and a hint of something sweet drifting from shore.,"sea notes, pepper, water lily, ylang-ylang, sandalwood, vanilla"
"It smells like honeyed yellow flowers and soft powder, with a warm vanilla-like sweetness and clean citrus cutting through the heavier floral scent.","mimosa, bergamot, mimosa, lily, hiacynth, narcissus, benzoin, jasmine"
"It smells like fresh-cut wood and damp earth, with a clean, slightly soapy warmth underneath.","cypress, vetiver, cashmere wood, musk"
"It smells like sharp citrus peels and soapy aldehydes at first, then white flowers with a metallic edge, settling into soft musky wood with a powdery warmth.","aldehydes, lime peel, bitter orange, coriander leaf, jasmine, pitosporum, metallic notes, musk, amber, cashmere wood"
"It smells like an old wooden spice chest left open in a barbershop, where the hair tonic has seeped into the floorboards.","saffron, nutmeg, lavender, agarwood (oud), patchouli, musk"
"It smells like jasmine flowers dusted with nutty sweetness and pepper, then softened by creamy vanilla that sits on smooth, blonde wood.","pink pepper, silkwood blossom, jasmine sambac, whipped cream, vanilla, chestnut, sandalwood, cashmere wood"
"It smells like fresh-cut stems and wet petals, with a sharp citrus edge, soft powder, and a creamy wood-musk base.","green notes, rice flower, iris, bergamot, lotus, rhubarb, lily, ginger, orchid, musk, sandalwood, amber"
"It smells like standing in a misty garden at dawn — citrus trees overhead, wet grass underfoot, and someone's freshly laundered linen shirt hanging nearby.","grapefruit, bergamot, nutmeg, cypress, watery notes, lavender, bourbon vetiver, haitian vetiver, cashmere wood, musk"
"It smells like a vintage powder compact opened in a greenhouse, where soapy florals meet the earthy leather of old gardening gloves and something faintly medicinal like caraway seeds crushed underfoot.","galbanum, aldehydes, caraway, gardenia, bergamot, carnation, rose, narcissus, iris, jasmine, oakmoss, leather, vetiver, patchouli, amber, coconut"
"It smells like sweet honey and white jasmine at first, then settles into warm black tea, creamy sandalwood, and a rich amber-vanilla base with something dark and resinous underneath.","honey, jasmine sambac, calabrian bergamot, agarwood (oud), black tea, sandalwood, amber, musk, madagascar vanilla"
"It smells like the leather interior of an old car that's been sitting in a cigar lounge, mixed with the sweetness of rum-soaked cake and something faintly powdery like makeup compacts.","spices, rum, tobacco, leather, iris, tuberose, tonka bean, guaiac wood, benzoin"
"It smells like a spice market at closing time — sweet tobacco and worn leather mixed with church incense, while someone nearby is eating a ripe pear.","cinnamon, incense, pear, agarwood (oud), saffron, nutmeg, tobacco, leather, patchouli, jasmine, vetiver, vanilla, musk, guaiac wood, sandalwood, ambergris"
"It smells like dried herbs and soap at first, then woody and slightly medicinal, with a warm, musky base that's faintly sweet and leathery.","lavender, lemon, caraway, basil, bergamot, clary sage, iris, star anise, vetiver, sandalwood, patchouli, cedar, juniper berries, cardamom, oakmoss, leather, amber, musk, tonka bean"
"It smells like anise cookies left near a drawer of old postcards and dried bouquets, with something clean and slightly soapy lingering in the air.","licorice, lemon, patchouli, amber, floral notes, vetiver, white musk"
"It smells like a pastry shop near a florist — nutty sweetness mixed with citrus zest and white flowers, grounded by something earthy and soft underneath.","orange, lemon, bergamot, hazelnut, coriander, lily-of-the-valley, vanilla, musk, patchouli"
"It smells like sweet cherry syrup and bitter almond extract, with powdery roses, black licorice, and a creamy vanilla-tonka base that's slightly earthy.","sour cherry, almond, red berries, bergamot, licorice, rose, tea, taif rose, vanilla, anise, tonka bean, patchouli, iris"
It smells like a bar of fancy hotel soap left on a sun-warmed windowsill next to a vase of wilting white flowers.,"aldehydes, ylang-ylang, neroli, jasmine, tincture of rose, vanille, sandalwood, vetyver"
It smells like orange zest crushed against waxy white flowers in a cedar closet.,"mandarin orange, tuberose, woodsy notes"
"It smells like standing on a Mediterranean cliff where ocean spray meets wild herbs drying in the sun, with faint church incense drifting from somewhere inland.","sea notes, bergamot, rosemary, sage, geranium, incense, patchouli"
"It smells like fresh melon and dewy flowers — soft violet and jasmine with a clean, slightly powdery warmth underneath.","watery notes, violet, melon, wildflowers, solar notes, jasmine, orange blossom, violet, iris, white musk"
"It smells like the fizzy bite of ginger beer mixed with crushed herbs, settling into the smell of an incense stick burning in a wooden room.","grapefruit, lemon, mint, pink pepper, bergamot, aldehydes, coriander, ginger, nutmeg, jasmine, melon, incense, amber, cedar, sandalwood, patchouli, amberwood, labdanum"
"It smells like a powdered makeup compact sitting next to a bowl of overripe peaches in a florist's back room, with incense smoke drifting through.","violet, carnation, raspberry, peach, coriander, orange blossom, sichuan pepper, bergamot, iris, bulgarian rose, heliotrope, orris root, egyptian jasmine, lily-of-the-valley, musk, green tea, woody notes, sandalwood, vanilla, amber, benzoin, styrax, cedar"
"It smells like freshly brewed coffee and sweet caramel, with deep roses and a soft vanilla-amber warmth underneath.","coffee, turkey red rose, roasted coffee beans, french rose, woodsy notes, vanilla, caramel, white musk, amber"
"It smells like fresh citrus peels and soapy aldehydes at first, then creamy jasmine and rose, finishing with soft powder and clean musk.","aldehydes, lemon, neroli, mandarin orange, bergamot, orange, lime, ylang-ylang, jasmine, may rose, white musk, orris root, cedar, vanila"
"It smells like fresh pink roses and sweet lychee fruit, with creamy magnolia petals and a soft, woody-amber warmth underneath.","peony, litchi, freesia, rose, lily-of-the-valley, magnolia, virginia cedar, amber"
"It smells like the lobby of an expensive hotel — citrus hand soap at the sink, wooden furniture polish, and that powdery air freshener they use in the hallways.","coriander, grapefruit, calabrian bergamot, tuscan iris, virginian cedar, amber"
"It smells like the interior of a vintage leather briefcase left open in a greenhouse, where citrus peels dry on cedar shelves and crushed peppermint leaves scatter across the floor.","grapefruit, pepper, green notes, mint, birch, virginia cedar, leather, amber"
"It smells like a bouquet of white flowers and jasmine over something green and slightly bitter, with dry incense smoke and soft leather in the background.","white lily, hiacynth, honeysuckle, galbanum, orange blossom, lavender, bergamot, black currant, lemon, lily, lily-of-the-valley, moroccan jasmine, carnation, honeysuckle, tuberose, ylang-ylang, iris, rose, orris root, oakmoss, incense, musk, leather, sandalwood, vetiver, cedar, patchouli, amber"
"It smells like tart rhubarb pie cooling on a windowsill next to a worn leather jacket, with something faintly wild and mossy clinging to the fabric.","rhubarb, raspberry, amyl salicylate, rose, leather, animal notes, oakmoss, cedar"
"It smells like powdered makeup compacts mixed with strawberry jam, finishing with the creamy sweetness of vanilla extract warmed on your skin.","violet, wild strawberry, orange blossom, iris, vanilla, tonka bean, sandalwood"
"It smells like standing in a florist's shop at dusk, where white flowers mix with woody furniture polish and something sweet dissolving on your tongue.","brazilian rosewood, aldehydes, mandarin orange, bergamot, peony, lily, ylang-ylang, wallflower, jasmine, rose, amber, sandalwood, benzoin, oakmoss, vanilla, patchouli, musk"
"It smells like juicy pear and peach mixed with creamy white flowers, then settles into soft vanilla and powdery musk with a hint of berry sweetness.","pear, melon, magnolia, peach, mandarin orange, bergamot, jasmine, lily-of-the-valley, tuberose, freesia, rose, orchid, plum, violet, musk, vanilla, blackberry, cedar"
"It smells like fresh roses with a sharp citrus brightness, then turns salty and green — like cut grass meeting ocean spray, with a soft mossy base.","rose petals, lemon, bergamot, rose, salt, lime (linden) blossom, grass, sea water, musk, oakmoss"
"It smells like strong black coffee and licorice, softened by sweet berries and creamy vanilla, with white flowers adding a heady sweetness.","absinthe, boysenberry, coffee, jasmine sambac, orange blossom, vanilla, licorice, sandalwood"
"It smells like fresh citrus and aromatic herbs at first, then soft white florals, finishing with smooth wood and a clean, powdery warmth.","lavender, lemon, bergamot, mandarin orange, sage, juniper berries, basil, geranium, jasmine, coriander, orange blossom, lily-of-the-valley, lily, sandalwood, musk, vetiver, brazilian rosewood, amber"
"It smells like a fruit stand next to a spice shop, where ripe peaches meet earthy patchouli and dried apricots, all dusted with pepper and wrapped in something sweet and resinous.","patchouli, pink pepper, peach, mandarin orange, bergamot, turkish rose, bulgarian rose, iris, jasmine, dried fruits, patchouli, vanilla, spices, sandalwood, vetiver, labdanum, lavender, amber"
"It smells like a just-picked peach sitting on a grandmother's dresser, where old face powder has settled into the wood grain and a hint of bitterness lingers in the air.","peach, wormwood, freesia, rose, sandalwood, iris, musk, cashmere wood, vanille, amber"
"It smells like lavender soap with sweet orange peel, white flowers underneath, and a soft vanilla-musk base with pale wood.","lavender, mandarin orange, black currant, petitgrain, lavender, orange blossom, jasmine, madagascar vanilla, musk, cedar, ambergris"
"It smells like walking barefoot along a windy beach at dawn, where crushed citrus rinds mix with wet rope and the briny tang of tide pools left behind.","grass, grapefruit, black currant, sea notes, sea salt, orange blossom, driftwood, white musk, seaweed"
"It smells like sweet vanilla extract, dark chocolate shavings, and the boozy warmth of aged rum.","vanilla, vanilla orchid, cacao pod, rum"
"It smells like standing in a garden right after someone's watered the plants, with white flowers blooming next to herb pots and something citrusy crushed underfoot.","lemon, clover, mint, green tea, lily-of-the-valley, cyclamen"
"It smells like a bowl of raw almonds and macadamia nuts left beside a vase of white flowers, with something faintly honeyed and woody drifting through an open window.","cherry, green apple, bergamot, almond blossom, macadamia, mimosa, flower petals, jasmine, freesia, chestnut, amber, sandalowood, musk, woodsy notes"
"It smells like a leather jacket draped over velvet theater seats, with overripe tropical fruit spilling onto resinous wood and something darkly sweet like burnt caramel underneath.","passionfruit, fruity notes, turkish rose, saffron, agarwood (oud), indonesian patchouli leaf, benzoin, leather, akigalawood, amber, labdanum, vanilla"
"It smells like tart rhubarb pie cooling on a windowsill next to a vase of white flowers, with a creamy, nutty sweetness and smooth wood underneath.","rhubarb, narcissus, almond milk, cashmeran, cedar"
"It smells like fresh apple and mint at first, then rich coffee with cream, settling into warm leather and smooth wood with a clean, slightly salty undertone.","apple, sea notes, mint, coffee, milk, amber, leather, cedar, sandalwood, ambergris, musk"
"It smells like crushed herbs and orange peel at first, then soft almond and vanilla, with a warm woody sweetness underneath.","mandarin orange, tarragon, rosemary, basil, anise, neroli, geranium, lily-of-the-valley, vanilla, almond, tonka bean, benzoin, cedar"
"It smells like a spice market at dawn — herbaceous basil and cardamom cut through dewy cucumber, while dried tobacco leaves and earthy patchouli linger in the background like old wooden crates.","lavender, clementine, cucumber, cardamom, pepper, basil, osmanthus, tobacco, amber, patchouli, woodsy notes, musk"
"It smells like a powdery makeup compact opened near a bowl of sugared almonds, with violet pastilles scattered on a wooden dresser that's been polished with something slightly citrusy.","anise, bergamot, lemon, violet, mimosa, rose, freesia, carnation, iris, almond, vanilla, white musk, sandalwood, cedar"
"It smells like herbal soap and sharp spices at first, then settles into a warm, resinous sweetness with earthy undertones.","lavender, bergamot, mint, clove, lily-of-the-valley, cinnamon, amber, patchouli, myrhh"
"It smells like sweet almond and cherry with aromatic herbs, then smoky incense and rose, settling into smooth vanilla and leather.","almond, spices, lavender, bergamot, thyme, rosemary, cherry, vanilla, incense, bulgarian rose, leather, tonka bean, sandalwood"
"It smells like a worn leather jacket left overnight in a spice market, where jasmine vines climb the walls and the air feels thick and earthy.","cardamom, leather, jasmine sambac, amber, moss, patchouli"
"It smells like an old leather jacket hanging in a closet full of wooden hangers, with dried orange peel tucked in the pockets and a faint trace of someone's powdery perfume still clinging to the collar.","tuscan iris, italian orange, leather, rose, sandalwood, ambrette (musk mallow), agarwood (oud), cedar"
"It smells like powdery jasmine and smooth vanilla, with dry incense smoke and a faintly medicinal woody undertone.","jasmine, cashmere wood, orris root, vanilla pod, white amber, myrrh, incense"
"It smells like ripe peach and coconut cream with tropical fruit sweetness, then white flowers and vanilla, finishing with soft woods and powdery musk.","peach, coconut, mango, bergamot, fruits, geranium, jasmine, floral notes, lily-of-the-valley, vanilla, amber, sandalwood, musk, patchouli, woodsy notes"
"It smells like sweet tropical flowers mixed with creamy coconut and vanilla, with soft peach and powdery warmth underneath.","coconut, ylang-ylang, peach, karo karounde, orange, jasmine, gardenia, violet, freesia, osmanthus, rose, vanilla, sandalwood, amber, musk"
"It smells like tart berries and citrus peel at first, then waxy white flowers with an earthy, slightly sweet base.","black currant, mandarin orange, orange blossom, hibiscus seed, grapefruit blossom, patchouli, amber, musk"
"It smells like powdery flowers and worn leather, with something resinous and slightly burnt, like cold fireplace ash mixed with dark rum.","chrysanthemum, orris, elemi, rum, vetiver, rose, ash, leather, labdanum"
"It smells like the inside of an old leather suitcase filled with spiced pastries and incense sticks, left in a dimly lit antique shop.","honey, agarwood, cinnamon, bourbon vanilla, amber, patchouli, leather"
"It smells like herbal lavender and warm spices at first, then sweet vanilla and dark chocolate emerge, finishing with earthy woods and soft musk.","lavender, cinnamon, pineapple, juniper berries, mint, bergamot, rosemary, cardamom, coriander, orange blossom, violet, geranium, jasmine, raspberry, vanilla, sandalwood, dark chocolate, musk, amber, patchouli, vetiver, oakmoss"
"It smells like wet stones by a Mediterranean garden — sharp citrus and herbs at first, then something quietly earthy and powdery, like touching an old wooden cabinet that's been closed for years.","mineral notes, citruses, italian lemon, green leaves, calabrian bergamot, pebbles, sage, orris, geranium, woody notes, musk, amber, sandalwood, patchouli"
"It smells like sweet white flowers and warm spices, with candied fruit and powder, finishing with creamy vanilla and soft wood.","orange blossom, star anise, rose, mandarin orange, pear, bergamot, ylang-ylang, ginger, orchid, iris, tuberose, plum, vanilla, amber, musk, cinnamon, sandalwood"
It smells like orange blossom tea spilled on a wooden table that's been polished with something faintly sweet and earthy.,"geranium, neroli, orange, patchouli, vanilla, sandalwood, musk"
"It smells like tangy citrus peel and white flowers at first, then settles into creamy vanilla and warm, slightly powdery woods.","mimosa, bitter orange, coriander, jasmine, tangerine, narcissus, black currant, amber, sandalwood, vanille, ambrette (musk mallow)"
It smells like a tropical smoothie bar at dawn — tart passionfruit blended with orange juice and a splash of cream.,"passionfruit, citruses, milk"
"It smells like spiced vanilla cake cooling on a windowsill near orange blossoms, with a subtle peppery tingle that keeps it from being too sweet.","pink pepper, african orange flower, vanille, benzoin, tonka bean"
"It smells like a lavender sachet tucked into a vanilla cake box, with a hint of orange rind and something faintly salty at the edges.","lavender, mandarin orange, bergamot, lavender, tunisian orange blossom, jasmine sambac, orchid, madagascar vanilla, tonka bean, ambergris, vetiver"
It smells like a worn motorcycle jacket left near a gin distillery — sharp citrus cutting through charred wood and dry grass.,"grapefruit, smoke, juniper, leather, vetiver"
"It smells like powdery violets, salty air, and white flowers, with a smoky-sweet base of resin and warm vanilla underneath.","violet, sea notes, banana leaf, petitgrain, violet, magnolia, lily-of-the-valley, tuberose, pepper, incense, sandalwood, madagascar vanilla, myrrh"
"It smells like powdery iris and violet with citrus brightness, then green fig leaves, soft vanilla, and earthy vetiver underneath.","violet, bergamot, grapefruit, fig leaf, iris, vanilla, vetiver"
"It smells like a fruit stand next to a pond on a humid summer morning, where overripe melon and berries blend with wet flowers and something faintly soapy.","melon, lotus, lemon, pineapple, quince, calone, lily, black currant, lotus, water lily, lily-of-the-valley, jasmine, honey, hawthorn, rose, musk, vetiver, violet root, raspberry, blackberry, peach, sandalwood, vanilla"
"It smells like orange zest and something powdery-floral at first, then warm amber and vanilla with a dark, earthy sweetness underneath.","mandarin orange, bergamot, lily-of-the-valley, myrhh, jasmine, opoponax, amber, patchouli, vanille"
"It smells like a bakery next to a florist — buttery nuts and coconut cream tangled with heavy white flowers, spiced with something peppery that tingles at the edges.","pistachio, bergamot, cardamom, pink pepper, tuberose, ylang-ylang, jasmine, coconut, amber, tonka bean, benzoin"
"It smells like standing near a florist's display on a rainy morning — wet pavement mixing with jasmine bouquets, herb stems being trimmed, and just-sliced pear from the fruit stand next door.","pear, violet leaf, water notes, lemon, basil, peony, jasmine sambac, white musk, sandalwood"
"It smells like powdery violet petals and fresh pink grapefruit, with a soft floral heart and something quietly woody beneath.","violet, pink grapefruit, bergamot, peony, iris, woodsy notes"
"It smells like damp earth and something peppery-sharp, with soft powdery flowers and a musky, slightly vegetal warmth underneath.","pepper, truffle, lily-of-the-valley, pink pepper, oakmoss, patchouli, musk, ambrette (musk mallow)"
"It smells like a spice rack knocked over onto a leather jacket someone left in a citrus grove, with roses wilting nearby and something earthy clinging to the collar.","blood mandarin, grapefruit, mint, cinnamon, spicy notes, rose, amber, leather, woody notes, indian patchouli"
"It smells like a leather jacket hanging in a spice cabinet, with hints of pencil-wood and dried herbs tucked into the pockets.","ginger, pepper, black basil, sage, cedar, amber, suede, brazilian redwood, patchouli"
"It smells like tart grapefruit and citrus peel at first, then watery-green plants and soft vanilla, with warm wood underneath.","pink grapefruit, sicilian bergamot, red currant leaf, cactus, orchid, vanilla, red cedar, amber"
"It smells like a herb garden after rain mixed with pineapple juice, then dries down to smell like the inside of a wooden cigar box with spices tucked in the corners.","lemon, rosemary, bergamot, neroli, pineapple, jasmine, oakmoss, cyclamen, coriander, musk, oakmoss, cedar, sandalwood, cardamom, brazilian rosewood, tonka bean"
"It smells like powdery florals and sweet berries at first, then settles into soft woods and something mossy-green underneath.","aldehydes, green leaves, raspberry, jasmine, lily-of-the-valley, rose, violet, orris root, geranium, musk, tonka bean, sandalwood, oakmoss, cedar, amber"
"It smells like standing in a florist's cooler at closing time — thick white flowers mixed with something sweet and rooty, like vanilla extract spilled on a wooden counter.","passion flower, jasmine, gardenia, vanille, vetiver"
"It smells like spiced plum compote cooling on a kitchen counter next to a bowl of tangerines, with something slightly dusty and golden lingering in the background.","cinnamon, tangerine, plum, mimosa, amber, patchouli"
It smells like a florist's workbench after someone spilled hot chocolate — powdery pink petals mixed with earthy dirt and a handful of candied ginger from the break room.,"litchi, ginger, bergamot, peony, turkish rose, cacao, patchouli"
"It smells like fresh lavender and herbs with citrus peel, then woody and slightly mossy, finishing with warm powdery resin.","lavender, rosemary, neroli, petitgrain, geranium, clary sage, galbanum, jasmine, oakmoss, vetiver, cedar, sandalwood, amber"
"It smells like standing in a greenhouse after rain — crushed herb stems mixed with waxy white flowers, finishing with the slightly salty scent of wet stones and seaweed.","fennel, guatemalan cardamom, ambrette (musk mallow), tuberose, clary sage, neroli, algae, ambergris, vetiver"
"It smells like crushed iris roots in a garden shed — slightly sour citrus peels mixed with wood shavings, then a deep, almost smoky soil scent at the base.","citron, calamansi, vetiver, orris, earthy notes, styrax"
"It smells like soapy powder and white flowers — creamy jasmine and rose with a smooth, woody vanilla base.","aldehydes, ylang-ylang, neroli, jasmine, rose, vanilla, sandalwood, vetiver"
"It smells like powdery flowers and citrus peel at first, then earthy moss and warm wood, with a musky, slightly animalic base underneath.","carnation, coriander, rose, angelica, neroli, bergamot, amalfi lemon, patchouli, hyacinth, jasmine, ylang-ylang, mimosa, oak moss, civetta, castoreum, vetiver, sandalwood, musk, amber"
"It smells like white flowers and citrus peel with warm spices underneath, then settles into something mossy, woody, and faintly animalic.","bergamot, lily, lilac, neroli, jasmine, cloves, cinnamon, oakmoss, civet, sandalwood, musk"
"It smells like charred wood and smoky resin, with sweet vanilla cream and a sharp, zesty orange peel cutting through.","smoke, bitter orange, bourbon vanilla, cedar"
"It smells like a florist's back room where white flowers sit next to overripe peaches, with the earthy scent of potting soil and sweet vanilla syrup spilled on wooden shelves.","musk, lily, ylang-ylang, galbanum, basil, musk, lily, jasmine, rose, musk, iris, jasmine, oakmoss, amber, vanilla, rose, vetiver, patchouli, peach"
"It smells like fresh-cut lily stems with a sharp citrus brightness and the green, watery scent of crushed leaves.","lily, citruses, lily, green lily, green notes"
"It smells like cool mint and rose petals at first, then spicy carnations with earthy, slightly green undertones and a warm, resinous base.","mint, rose, carnation, cannabis, vetiver, amber"
"It smells like dark chocolate dusted with tart berry powder, sitting next to a velvet cushion in an old wooden chest.","cranberry, pink pepper, tamarind, cacao, rose, black violet, vanilla, patchouli, massoia wood"
"It smells like fresh roses and soft powder, with a bright citrus opening and warm, slightly earthy wood underneath.","peony, citruses, mandarin orange, osmanthus, rose, sandalwood, pink pepper, patchouli"
"It smells like sweet plum and spiced citrus at first, then powdery florals with a bitter herbal edge, finishing with earthy musk underneath.","plum, cinnamon, tangerine, tincture of rose, wormwood, iris, musk, patchouli"
"It smells like bitter herbs crushed into honeycomb, with a faint smokiness like incense lingering in an old wooden drawer.","citruses, artemisia, honey, musk, guaiac wood"
"It smells like sweet citrus and tropical fruit at first, then a bouquet of white flowers and rose, with a warm vanilla-wood base underneath.","lemon, mandarin orange, peach, passionfruit, bergamot, honeysuckle, jasmine, magnolia, freesia, water lily, orange blossom, peony, may rose, vanilla, sandalwood, amber, vetiver, patchouli"
"It smells like opening a can of Coca-Cola next to a fruit bowl, where tart green apples and raspberries sit beside white flowers blooming on a windowsill.","raspberry, granny smith apple, lime, sweet notes, peony, magnolia, coca-cola"
"It smells like powdery flowers and bright citrus at first, then turns into warm honey and peach over a bed of soft wood and earthy moss.","coriander, pepper oil, nutmeg, bergamot, lemon, mandarin orange, may rose, mimosa, iris, jasmine, lily-of-the-valley, peach, honey, oakmoss, patchouli, musk, sandalwood"
"It smells like a jar of honey left open in a pine forest, where sweet beeswax mingles with earthy moss and the faint sweetness of wildflowers blooming nearby.","caraway, pine tree needles, honey, beeswax, jasmine, oakmoss, amber, vanilla, patchouli, musk"
"It smells like sweet fruit salad drizzled with honey and vanilla cream, with white flowers and toasted nuts underneath.","cherry, pomegranate, pink pepper, lemon, grapefruit, apple, pear, litchi, blackberry, apricot, yogurt, ice, hazelnut, peony, lily-of-the-valley, jasmine, freesia, gardenia, plum blossom, mango, vanilla, amber, sandalwood, almond, musk, chestnut, chocolate, honey, nutella, cotton candy"
"It smells like bitter orange peel and white jasmine flowers, cut through with something green and sharp like crushed herbs.","orange, jasmine, artemisia"
"It smells like sweet coffee and vanilla with lavender soap, tart berries, and a warm woody base that's slightly earthy and resinous.","lavender, bergamot, cappuccino, raspberry, jasmine, virginia cedar, lily-of-the-valley, vanille, amber, sandalwood, patchouli"
"It smells like a florist's cooler mixed with blackcurrant jam, then someone opens a sandalwood box nearby.","cassis, may rose, freesia, vanilla, patchouli, woody notes, ambroxan"
"It smells like a beachside dessert shop where vanilla-soaked flowers meet salted caramel, with incense burning somewhere in the back room.","bergamot, mandarin orange, tiare flower, myrhh, jasmine, african orange flower, magnolia, coconut, caramel, sandalwood, amber, vetiver"
"It smells like candied orange peel and fuzzy peach skins, with a creamy sweetness that fades into warm, slightly dusty wood.","peach, mandarin orange, orange, caramel, orange blossom, jasmine, amber, sandalwood, guaiac wood, cedar"
"It smells like a leather jacket left outside on wet grass overnight, with a faint sweetness clinging to the collar.","grass, green notes, heather, artemisia, arnica, leather, vetiver, vanille"
"It smells like white flowers wilting on an antique wooden dresser, their sweetness mixing with old varnish and dusty resin.","angelica, tuberose, amber, woodsy notes"
"It smells like a fruit salad left on a wooden table next to a bouquet from a spring wedding, with a hint of marzipan sweetness threading through everything.","melon, peach, almond, violet, black currant, anise, mimosa, lilac, lily-of-the-valley, peony, rose, almond blossom, hibiscus, vanilla, almond tree, sandalwood, benzoin, cedar"
"It smells like bright citrus and cherry candy at first, then creamy white flowers with a warm, slightly powdery sweetness and soft wood underneath.","sicilian lemon, jasmine, orange, black cherry, heliotrope, amber, woody notes"
"It smells like a tea shop inside a woodworking studio — bergamot and smoky leaves mixed with sawdust, old books, and the mineral scent of struck matches.","earl grey tea, gunpowder, rooibos tea, hinoki wood, ambroxan, leather, guaiac wood"
"It smells like sweet cherries and soft flowers with a warm, powdery base of vanilla and light wood.","cherry, pink pepper, bergamot, violet, jasmine, freesia, tonka bean, amber, sandalwood, musk"
"It smells like tart berries and soft roses with a warm, slightly earthy sweetness underneath from vanilla and powdery musk.","pink pepper, red currant, bay leaf, rose, lotus, patchouli, vanilla, amber, musk"
"It smells like the dusty velvet curtains in an old theater mixed with black pepper and damp stone, finishing with a bitter, earthy undertone.","rose, pepper, iris, powdery notes, patchouli, oakmoss, vetiver, orris root, cashmirwood"
"It smells like a worn leather jacket hanging in a spice shop, where smoke from burning incense drifts through bags of dried berries and sweet beans.","sichuan pepper, cardamom, bergamot, neroli, tobacco leaf, incense, juniper berries, leather, cypriol oil or nagarmotha, tonka bean, musk"
"It smells like a church service in a fruit market — sweet pears and roses meet the dark smoke of burning resin, with vanilla softening the sharp wooden edges.","litchi, pear, bergamot, turkish rose, agarwood (oud), incense, vanilla, amber, woody notes"
"It smells like a greenhouse in early spring — wet wooden benches, potted herbs with purple blooms, and sawdust clinging to everything.","geranium, citruses, violet, musk, sandalwood, cedar"
"It smells like sharp citrus and peppery spice at first, then white flowers with warm nutmeg, settling into earthy, slightly musty wood.","mandarin orange, pink pepper, jasmine, nutmeg, patchouli, vetiver"
"It smells like biting into a juicy peach while standing in a garden full of white flowers, with a soft powdery sweetness that lingers on your clothes.","peach, litchi, mandarin orange, bergamot, lily, plum, jasmine, lily-of-the-valley, vanilla, amber, musk, vetiver"
"It smells like white flowers and citrus peel at first, then powdery violet and rose, with a warm, spiced vanilla and wood base underneath.","lime (linden blossom), lily-of-the-valley, lilac, magnolia, bergamot, mandarin orange, jasmine, tuberose, ylang-ylang, peach, bulgarian rose, violet, carnation, nutmeg, musk, iris, sandalwood, amber, vanilla, cloves"
"It smells like worn leather and warm spices, with bright citrus on top and a base of dry wood and soft amber.","mandarin orange, patchouli, bergamot, cinnamon, amber, virginia cedar, leather, musk, woodsy notes"
"It smells like bitter grapefruit peel and soapy lavender at first, then turns into dry, smoky wood with a faintly leathery edge.","grapefruit, lavender, birch, woodsy notes"
It smells like a hardware store's lumber section mixed with overripe tropical fruit sitting on a mossy log.,"pineapple, grapefruit, bergamot, cedar, patchouli, jasmine, oakmoss, woody notes"
"It smells like white flowers and citrus zest at first, then ripe stone fruit and something creamy-sweet, finishing with soft leather and warm vanilla.","narcissus, datura, peach, plum, himalayan poppy, mandarin orange, black currant, bergamot, green notes, mimosa, vanilla flower, tuberose, ylang-ylang, orange blossom, jasmine, freesia, heliotrope, rose, leather, vanilla, orange blossom, amber, tonka bean, musk, cedar"
"It smells like a fruit salad left on a wooden table in a florist's shop, where the tropical sweetness mingles with white flowers and a hint of powdery makeup compacts.","lime, bergamot, tuberose, pear, mandarin orange, pineapple, heliotrope, orris root, jasmine, lily-of-the-valley, sandalwood, vanilla, musk, almond, tonka bean, cedar, amber"
"It smells like a florist's back room where velvet curtains have been stored for decades, mixed with the earthy scent of wet garden soil and dark berries crushed underfoot.","bergamot, cassis, patchouli, rose, oakmoss, musk, amber"
"It smells like lavender and bergamot at first, then bitter coffee and cedar wood, finishing with sweet vanilla and something warm and resinous.","lavender, bergamot, green leaves, coffee, cedar, vanilla, patchouli, tonka bean, amber"
"It smells like a fruit stand next to a flower shop — tart grapefruit and fuzzy quince meeting soapy florals, all sitting on clean laundry.","quince, grapefruit, rose, jasmine, white musk"
"It smells like a spice cabinet left open near a bouquet of purple flowers, with something sweet and powdery settling into old wooden furniture.","cardamom, lavender, iris, vanilla, oriental notes, woodsy notes"
"It smells like tart citrus and berries at first, then fresh florals with a peppery bite, settling into soft wood and something clean-musky underneath.","bitter orange, red currant, pink pepper, green tea, peony, jasmine, violet, cedar, musk, oakmoss, amber"
"It smells like a well-worn leather jacket hanging in an old apothecary, where white flowers are wilting next to smoky wood and something faintly animalic lingers in the air.","jasmine, camelia, black pepper, beeswax, leather, guaiac wood, civet, ambergris, vetiver"
"It smells like dark roasted coffee and tobacco leaves, sweetened with vanilla and dried fruit, over a thick base of aged leather and resinous woods.","tobacco, cacao, vanilla, osmanthus, benzoin, dried fruits, kopi luwak coffee, almond, coffee, leather, immortelle, whiskey, black elder, jasmine sambac, marigold, rose, castoreum, patchouli, ambergris, civet, spices, woody notes, muskrat, hyrax, musk, propolis"
"It smells like bright grapefruit and white flowers at first, then turns powdery and green, finishing with soft leather and something slightly dusty.","grapefruit, narcissus, lily-of-the-valley, rose, mimosa, tuberose, leather, iris"
"It smells like dried herbs and citrus peel at first, then dark chocolate and warm spices, settling into smoky leather with an earthy, slightly bitter root underneath.","lavender, sage, bergamot, iris, cacao, amber, cardamom, leather, tahitian vetiver, patchouli"
"It smells like a gin and tonic left on a wooden table next to a vase of roses, with something clean and soapy lingering in the background.","cucumber, juniper berries, lime, rose, musk, sandalwood"
"It smells like sweet berries and tropical lychee mixed with soapy white flowers, then settles into something powdery and faintly earthy.","tincture of rose, freesia, litchi, raspberry, lily-of-the-valley, jasmine, lilac, peony, lily, musk, patchouli"
"It smells like orange peel dipped in dark chocolate, with a creamy sweetness that lingers like melted ice cream on your tongue.","mandarin orange, chocolate, chocolate flower, vanilla"
"It smells like a greenhouse after rain — cool cucumber and wet leaves mixing with spicy pepper, then drying down to smell like the inside of a cedar closet with something earthy underneath.","cucumber, citruses, green notes, lotus, plum, lavender, sichuan pepper, virginia cedar, musk, sandalwood, patchouli, guaiac wood"
"It smells like a spice cabinet left open near a bowl of citrus zest, with the slightly sweet, resinous scent of an old wooden humidor drifting through.","grapefruit, coriander, basil, cardamom, ginger, orange blossom, amber, tobacco, cedar"
"It smells like powdery flowers and citrus peel at first, then settles into something mossy, peppery, and resinous with a soft musky warmth.","grapefruit, mandarin orange, oak moss, juniper, patchouli, pepper, iris, carnation, syringa, rose, french labdanum, jasmine, lily-of-the-valley, ylang-ylang, musk, amber"
"It smells like a crowded flower bouquet — powdery iris and rose petals, sweet orange blossom, with earthy moss and soft wood underneath.","rose, mimosa, hiacynth, geranium, green notes, nasturtium, orange blossom, hawthorn, cassia, bergamot, rose, violet, lily, lime blossom, ylang-ylang, lily-of-the-valley, jasmine, orris root, iris, musk, heliotrope, sandalwood, oakmoss, amber, cedar"
"It smells like tart citrus and pineapple at first, then soapy flowers and dark wood smoke, finishing with sweet vanilla and earthy undergrowth.","lemon, pineapple, bergamot, black currant, apple, birch, jasmine, rose, musk, ambergris, patchouli, vanilla"
"It smells like a fruit stand in summer rain — ripe melons and berries mixed with crushed plant stems, settling into something creamy and slightly powdery like baby lotion left open on a windowsill.","watermelon, melon, pepper, green leaves, bergamot, milk, raspberry, rose, freesia, vanilla, iris, musk, amber, sandalwood"
"It smells like candied ginger and orange peel at first, then creamy white flowers take over, settling into soft vanilla and pale wood.","ginger, bitter orange, bergamot, tuberose, orange blossom, jasmine, sandalwood, vanilla"
"It smells like a fruit salad left on a beach towel — sweet watermelon and pear mixing with salty ocean air, then fading into sunscreen and something faintly sugary.","pear, calone, tangerine, watermelon, watery notes, strawberry, apple, sea salt, tiare flower, hedione, rose, praline, musk, amber"
"It smells like dark chocolate truffles next to a bowl of tart berries, with white flowers blooming nearby and smoky incense drifting through from another room.","truffle, blackberry, grapefruit, orchid, gardenia, lily-of-the-valley, mexican chocolate, incense, amber"
"It smells like a mojito spilled on sun-bleached driftwood at the beach, with a crisp green apple rolling across weathered planks.","cucumber, lime, mint, bergamot, water notes, granny smith apple, lotus, rosemary, driftwood, rum, sandalwood, oak moss"
"It smells like warm spice cookies, earthy roots, and the sweet-dry scent of cured tobacco leaves.","allspice, haitian vetiver, tobacco"
"It smells like sweet white flowers and honey with a fruity opening, then settles into soft vanilla and earthy wood.","fruity notes, lily, tuberose, jasmine, tincture of rose, white honey, vanille, patchouli, woodsy notes"
"It smells like sharp lemon peel and sweet rose petals at first, then softens into vanilla cream with a clean, woody background.","italian lemon, turkish rose, vanilla, white musk, cedar"
"It smells like orange peel and jasmine with a clean, powdery sweetness, then settles into soft wood and something gently musky.","jasmine, orange, bergamot, sicilian mandarin, gardenia, orange blossom, sandalwood, white amber, cedar, white musk"
"It smells like the inside of an old sailing ship — salt-weathered wood, worn leather rigging, and the earthy must of cargo stored below deck.","sea notes, leather, patchouli"
"It smells like powdered makeup compacts mixed with berry jam, then dries down to smell like the wooden drawer where your grandmother kept her vanilla-scented stationery.","violet, iris, red fruits, orange blossom, tonka bean, vanilla, sandalwood"
"It smells like a lavender sachet tucked into freshly laundered sheets, with a medicinal eucalyptus sharpness and soft floral undertones.","lavender, eucalyptus, rose, geranium, musk"
"It smells like a fruit stand next to a flower shop on a humid day — sweet lychee and berries mixing with soapy florals and a powdery, slightly woody finish.","citruses, litchi, ivy, black currant, water lily, peony, rose, jasmine, raspberry, apricot, musk, sandalwood, amber"
"It smells like black jelly beans mixed with powdered makeup and sugared almonds, grounded by something green and root-like that keeps the sweetness from floating away.","star anise, violet, ivy, licorice, cherry, iris, orris root, amaryllis, vanilla, praline, tonka bean, white musk, vetiver"
"It smells like green fern and fig leaves with bright citrus, then white flowers turn creamy and soft over earthy moss and warm skin-like musk.","fern, fig, citruses, jasmine, rose, lily-of-the-valley, oakmoss, musk, amber"
"It smells like roasted nuts and warm spices, with dark caramel sweetness, aged tobacco, and a resinous leather base that's slightly medicinal.","hazelnut, bergamot, cannabis, lemon, cacao, walnut, cinnamon, caramel, tobacco, pimento, rum, brazil nut, vanilla pod, macadamia, benzoin, cashew, peru balsam, myrrh, woody notes, labdanum, leather"
"It smells like the air inside an expensive department store — soapy and powdery, with a hint of lipstick and the faint sweetness of someone's perfume lingering on silk scarves.","aldehydes, neroli, bergamot, jasmine, rose, rosemary, iris, vanilla, amber, woody notes"
"It smells like smoky leather and bitter herbs at first, then sweetens into warm resin and vanilla with a dry, woody cedar base.","artemisia, bergamot, patchouli, cardamom, coriander, immortelle, leather, french labdanum, elemi resin, birch, vanilla, virginia cedar"
"It smells like a church altar after service — sweet resinous smoke mixing with black pepper heat, dark fruit stains on wood, and the mustiness of old velvet cushions.","cherry, pepper, incense, agarwood (oud), patchouli, moss, benzoin"
"It smells like crisp apple and sharp ginger at first, then woody herbs and resinous incense, with a warm, slightly sweet and earthy base.","apple, ginger, bergamot, sage, juniper berries, geranium, amberwood, tonka bean, cedar, vetiver, olibanum"
"It smells like pressing your face into a bouquet of white flowers someone left on a countertop next to a bowl of ripe pears, with something powdery and slightly earthy clinging to the stems.","aldehydes, lily-of-the-valley, pear, rose, iris, orange blossom, white musk, ambrette (musk mallow), indonesian patchouli leaf"
"It smells like an old leather jacket left in a church, with something faintly metallic and wild underneath — like standing too close to a horse after rain.","blood, bulgarian rose, incense, leather, olibanum, labdanum, animal notes, oakmoss, musk, ambergris"
"It smells like a creamy peach dessert with coconut milk, set on a table in a garden where white flowers are blooming just after sunset.","peach, black currant, orange, coconut, iris, jasmine, rose, lily-of-the-valley, milk, vanilla, sandalwood, amber, musk"
"It smells like a fruit stand next to a flower shop on a humid day, where sweet berries and citrus mix with jasmine blooms and something earthy-sweet like dried leaves in the corner.","strawberry, raspberry, pear, orange, tangerine, calabrian bergamot, calone, peony, jasmine sambac, chinese jasmine, datura, orange blossom, indonesian patchouli leaf, patchouli, white musk, vanila, ambroxan, moss, cedar"
"It smells like spilled rum and cola on a wooden bar top, with a squeeze of lime and a hint of something sweet and slightly smoky lingering in the air.","coca-cola, rum, lime, black pepper, birch, davana, vanilla, white musk, amber"
"It smells like a dark chocolate truffle dusted with powdery makeup compact, sitting next to overripe fruit in an old leather handbag that's been stored in someone's closet for years.","chocolate, plum, bergamot, iris, ambrette (musk mallow), osmanthus, jasmine, rose, oakmoss, vanilla, amber, musk, leather, patchouli"
"It smells like a sunlit conservatory where citrus trees bloom next to potted herbs, with white flowers scattered on wooden benches that have been warmed all afternoon.","clementine, bitter orange, orange blossom, green tea, ivy, mandarin orange, basil, chamomile, peony, sandalwood, amber"
"It smells like a barbershop after hours — talcum powder settles on leather chairs, citrus cleaning solution mingles with sawdust, and someone's spicy cologne lingers in the air.","nutmeg flower, lavender, cedar, mandarin orange, chamomile, hawthorn, bergamot, lemon, violet leaf, nutmeg, cedar, sandalwood, carnation, honeysuckle, jasmine, lily-of-the-valley, leather, vetiver, musk, amber, patchouli, tonka bean"
"It smells like the air inside a tropical fruit stand mixed with white flowers, gradually settling into the scent of vanilla-dusted wood and earth.","mango, pitahaya, litchi, orchid, moroccan rose, jasmine sambac, vanilla, patchouli, sandalwood"
"It smells like crisp green stems and bitter orange peel at first, then soft powdery flowers, finishing with something earthy and slightly sweet.","galbanum, neroli, mandarin orange, iris, jasmine, vetiver, musk, tonka bean"
"It smells like powdery iris and creamy white flowers, backed by soft woods and a sweet vanilla-tonka warmth that feels almost skin-like.","iris, bulgarian rose, musk, tuberose, orange blossom, tonka bean, vanilla, white cedar extract, cedar, sandalwood, vetiver"
"It smells like fresh-cut grass and citrus peel at first, then white flowers with a nutty-sweet undertone, finishing with soft wood and clean skin.","green notes, mandarin orange, jasmine, peony, pear blossom, woodsy notes, pistachio, musk"
"It smells like candied citrus and soft flowers at first, then settles into something warm and slightly powdery with a creamy, vanilla-like sweetness.","mandarin orange, bergamot, pink pepper, elemi resin, sweet pea, heliotrope, wallflower, elemi, patchouli, tonka bean, amber"
"It smells like fresh green stems, white flowers with a powdery edge, and dry mossy wood with a faint leather undertone.","galbanum, hiacynth, bergamot, neroli, iris, orris root, rose, lily-of-the-valley, narcissus, jasmine, ylang-ylang, oakmoss, vetiver, leather, cedar, musk, sandalwood"
"It smells like biting into a slightly tart pear in a sunny greenhouse, where orange trees bloom nearby and sweet vanilla custard sits cooling on a wooden windowsill.","rhubarb leaf, bergamot, green notes, orange blossom, ylang-ylang, pear, bourbon vanilla, woody notes, amberwood, sandalwood, coumarin"
"It smells like sweet melon and peach nectar, creamy tropical flowers, and a mossy-green base that's slightly earthy and damp.","mandarin orange, melon, jasmine, peach, ylang-ylang, oakmoss, vetiver"
It smells like a spiced pear tart cooling on a leather jacket that's been left in a greenhouse full of white flowers and old books.,"pear, juniper, pink pepper, cinnamon, tuberose, rose, leather, ylang-ylang, moss, patchouli, amber"
"It smells like fresh herbs and citrus peel over dark, resinous wood — sharp and green at first, then increasingly smoky and leathery.","lavender, lemon, bergamot, rosemary, mint, lemon verbena, basil, artemisia, juniper, coriander, cinnamon, carnation, wormwood, angelica, jasmine, oakmoss, pine tree needles, leather, fir, sandalwood, vetiver, patchouli, cedar, amber, resins"
"It smells like sweet orange blossoms and apricot-tinged flowers, grounded by earthy patchouli, soft amber, and a whisper of vanilla.","african orange flower, osmanthus, bergamot, musk, amber, vetiver, vanille, patchouli"
"It smells like tart berries and white flowers with a earthy, mossy base and soft woody undertones.","black currant, caraway, coriander, jasmine, lily-of-the-valley, oakmoss, sandalwood, musk"
"It smells like warm spice and almond extract, with a powdery floral sweetness that fades into vanilla.","cardamom, mimosa, tonka bean"
"It smells like a fruit stand next to a flower shop — sweet cherry and watery melon mixing with powdery violets, all settling into the clean woodiness of a cedar closet.","cherry, watermelon, bergamot, violet, sandalwood, rose, violet leaf, amber, musk, virginia cedar"
"It smells like sweet dark cherries and berries mixed with powdery flowers, then smoky wood and something faintly earthy underneath.","black cherry, raspberry, jasmine, rose, mimosa, vanilla, birch, vetiver"
"It smells like tart cherry juice and crisp apple mixed with rose petals, then something green and slightly earthy with a clean, powdery finish.","rose, green notes, jasmine, sour cherry, apple, orange blossom, black currant, white musk, patchouli, white amber"
"It smells like fresh-cut grass and green citrus peel at first, then creamy white flowers take over, settling into warm vanilla and sweet resin.","clover, violet leaf, green mandarin, tuberose, mimosa, jasmine sambac, tonka bean, amber, bourbon vanilla"
"It smells like candied citrus peel and waxy honey at first, then creamy white flowers with something sweetly animalic and resinous underneath.","lemon, sweet orange, rose, lime, absinthe, beeswax, orange blossom, peach, jasmine, bulgarian rose, musk, civet, animal notes, sandalwood, patchouli, siam benzoin, ambergris, opoponax, incense"
"It smells like crushed flower stems and violet petals, then smoky incense ash with dry spices and bare wood underneath.","green notes, floral notes, chrysanthemum, violet, spices, incense, ash, woodsy notes"
"It smells like fresh-cut stems and crushed pepper, with powdery florals softening into warm vanilla and earthy depth.","violet leaf, coriander, bergamot, rose, black pepper, lily-of-the-valley, patchouli, ambergris, bourbon vanilla"
"It smells like powdery white flowers and sweet vanilla, with a soapy-clean edge and warm, slightly animalic sweetness underneath.","aldehydes, coriander, peach, bergamot, lemon, lilac, orris root, ylang-ylang, lily-of-the-valley, rose, jasmine, civet, sandalwood, musk, benzoin, vetiver, vanilla, peru balsam, amber, tonka bean"
"It smells like orange blossoms and white flowers drenched in caramel syrup, with a warm, slightly animalic sweetness underneath.","neroli, bergamot, pink pepper, coriander, orange blossom, honeysuckle, jasmine, iris, rose, sugar, vanilla, caramel, musk, civet, labdanum"
"It smells like a florist's workbench at closing time — scattered white petals, spilled resin, and the wooden counter still holding traces of citrus peels from morning.","ylang-ylang, cardamom, grapefruit, lemon, ylang-ylang, jasmine, orange blossom, damask rose, ylang-ylang, vanilla, labdanum, cedar, vetiver, field scabious"
"It smells like sweet orange blossoms and raspberries, with a soft vanilla-marshmallow base and clean white flowers throughout.","raspberry, neroli, mandarin orange, orange blossom, jasmine, marshmallow, vanilla, sandalwood, heliotrope"
"It smells like a dark chocolate bar left in a beach house, where the salty air has softened its edges and something quietly smoky lingers in the wooden beams.","bergamot, neroli, cacao, coconut, agarwood (oud), musk"
"It smells like dark berry syrup spilled on a spice cabinet shelf, with the sweet-sharp bite of licorice root and a base of pencil wood and resinous tree bark.","black currant, star anise, pepper, galanga, bourbon vanilla, tolu balsam, atlas cedar"
"It smells like bitter citrus peel and cracked pepper at first, then dry leather and dark earth, with a faint chocolate-wood warmth underneath.","bergamot, pink pepper, clary sage, haitian vetiver, leather, ambroxan, akigalawood, indonesian patchouli leaf, cacao pod"
"It smells like the mineral coolness of slate countertops mixed with powdery makeup compacts, backed by sweet cedarwood and a hint of root vegetable earthiness.","bergamot, bergamot leaf, iris, aldehydes, orris, clary sage, tonka bean, cedar"
"It smells like standing in a quiet temple courtyard where jasmine flowers have fallen onto warm stone, mixed with the powdery sweetness of almond extract and something clean like steamed rice.","rice, white tea, frangipani, cherry blossom, heliotrope, vanille, incense, musk, thanaka wood"
"It smells like a leather jacket hanging in a temple where incense burns over aged wood, with a hint of citrus zest caught in the seams.","bergamot, amalfi lemon, mandarin orange, incense, leather, artemisia, sandalwood, patchouli, agarwood (oud)"
"It smells like sweet coffee with caramel and almond, then warm vanilla and amber resin underneath.","cappuccino, coffee, sweet notes, coffee, caramel, almond, vanilla, resin, amber"
"It smells like powdery makeup compacts mixed with spiced honey and bitter orange blossoms, grounded by sawdust and something faintly nutty.","iris, coriander, carnation, amber, iris, neroli, rose, cedar, almond tree, honey, vanilla"
"It smells like dark liquor and burnt wood, with sweet vanilla cutting through heavy smoke and something resinous like church incense.","cognac, tobacco, vanilla, cannabis, smoke, incense, agarwood (oud)"
"It smells like Earl Grey tea with bitter citrus peels, white flowers drifting through, and warm spices that settle into soft wood and amber.","tea, artemisia, bergamot, orange blossom, bitter orange, pepper, cardamom, coriander, musk, woody notes, jasmine, amber, rose"
"It smells like black licorice and lime zest at first, then powdery violets and white flowers, settling into warm resinous wood with an earthy, slightly sweet base.","licorice, lime, star anise, cacao pod, violet, jasmine, amber, patchouli, sandalwood, cedar"
"It smells like the bright, slightly bitter peel of citrus fruit mixed with clean laundry that's been hanging outside.","calabrian bergamot, grapefruit blossom, musk"
"It smells like sharp grapefruit and crushed green stems at first, then rose petals warmed by smoky incense, with a soft woody base that feels clean and slightly metallic.","metallic notes, green leaves, grapefruit, pink rose, incense, ambergris, cashmere wood, sandalwood"
"It smells like sweet fruit and citrus peel at first, then creamy nuts and honey, settling into soft woods with a mossy, earthy base.","plum, ozonic notes, grapefruit, bergamot, hazelnut, honey, cedar, cashmere wood, orange blossom, jasmine, amberwood, patchouli, oakmoss, vetiver"
"It smells like standing in a sunlit Italian garden where citrus trees bloom alongside white flowers, leaving a soft, powdery trace on your clothes.","amalfi lemon, bergamot, neroli, magnolia, jasmine, iris, musk"
"It smells like bright lemon and bergamot with a sharp green edge, then soft powdery flowers, finishing with dry wood and a warm musky base.","amalfi lemon, tagetes, black currant, bergamot, african orange flower, violet, cyclamen, jasmine, vetiver, musk, amber, virginia cedar"
"It smells like sweet fruit candy and pink peppercorns at first, then creamy flowers with a hint of almond, settling into soft vanilla and dry wood.","pear, black currant, pink pepper, grapefruit, pineapple, rose, jasmine, heliotrope, vanilla, cedar, amberwood, patchouli"
"It smells like a fruit salad left in an old leather bag, with white flowers wilting nearby and damp earth creeping in from underneath.","dried fruits, rhubarb, big strawberry, anise, bergamot, gardenia, rose, ylang-ylang, pear, orange blossom, oakmoss, musk, patchouli, leather"
"It smells like sweet lychee and berries with a burst of citrus, then soft white flowers, finishing with vanilla and something clean-powdery.","litchi, cassis, mandarin orange, water lily, peony, jasmine, ambroxan, praline, musk, vanilla, oak moss"
"It smells like standing in a sunlit Mediterranean garden where citrus trees meet cool stone fountains, with incense smoke drifting from a nearby window and the mineral scent of crushed green stems on your hands.","calabrian bergamot, water notes, grapefruit, fig leaf, ambroxan, black pepper, patchouli, violet leaf, papyrus, incense, musk, tonka bean, saffron"
"It smells like gin with lemon peel, followed by woodsy pine and a hazy incense smoke, then settles into creamy sandalwood with vanilla.","juniper, lemon, bergamot, pepper, pine needles, incense, orris root, vanilla, sandalwood, amber"
"It smells like boozy pear and melon with a salty, herbal edge, then dries down to soft suede and sweet vanilla warmth.","melon, brandy, pear, mastic or lentisque, ginger, agave, salt, suede, clary sage, tonka bean, amber, vetiver"
"It smells like a bouquet left in a wooden drawer with waxy lipstick and dried apricots, finishing with something earthy and slightly medicinal.","aldehydes, violet leaves, bergamot, osmanthus, lily-of-the-valley, rose, tonka bean, cypriol oil or nagarmotha, patchouli"
"It smells like Saturday morning at a diner — bitter espresso and chocolate chip pancakes drowned in real maple syrup, with a sharp citrus wedge on the side of your plate.","blood orange, calabrian bergamot, dark chocolate, coffee, madagascar vanilla, pancake, maple sap"
"It smells like fresh orange peel and white flowers at first, then green resin and incense smoke, with a dry woody base that's slightly powdery and earthy.","african orange flower, neroli, orange, mandarin orange, iris, galbanum, mastic or lentisque, incense, virginia cedar, benzoin, vetiver"
"It smells like sharp citrus and peppery spice at first, then lavender soap with a hint of licorice, finishing with smooth vanilla and a clean, slightly salty warmth.","bergamot, sichuan pepper, lavender, star anise, nutmeg, ambroxan, vanilla"
"It smells like creamy coconut and crisp apple at first, then white flowers with a subtle woody dryness underneath.","coconut, red apple, mandarin orange, jasmine, freesia, magnolia, cotton flower, sandalwood"
"It smells like an old church pew mixed with crushed pine needles and dusty root vegetables, slightly smoky and cooling at the same time.","cypress, elemi resin, bergamot, haitian vetiver, vetiver, incense, orris, benzoin, sandalwood, patchouli"
"It smells like the air inside a Middle Eastern pastry shop — sugared almonds and honey pastries still warm from the oven, mingling with dark chocolate and the resinous smoke from burning incense in the corner.","almond, cinnamon, mimosa, honey, heliotrope, black rose, labdanum, vanilla, cacao pod, white musk, peru balsam, agarwood (oud)"
"It smells like a leather jacket left in a spice shop overnight, where ginger tea and white flowers have seeped into the worn hide, then sweetened with something almost burnt-sugar at the edges.","pink pepper, ginger, artemisia, sage, jasmine sambac, leather, tonka bean, vanilla, cedar, amber, patchouli"
"It smells like a department store makeup counter — sweet tropical fruit mixed with white flowers, settling into the vanilla-caramel scent of expensive body lotion.","litchi, mandarin orange, lily-of-the-valley, bergamot, tuberose, caramel, vanila, amber, sandalwood"
"It smells like church incense and white flowers sweetened with vanilla, grounded by dry woods and a clean, slightly salty warmth.","bergamot, incense, jasmine, vanilla, benzoin, woodsy notes, ambroxan"
"It smells like warm spices and sweet peach at first, then creamy flowers, finishing with soft leather and dry wood.","ambergris, cardamom, coriander, cinnamon, peach, ylang-ylang, orange blossom, leather, woodsy notes"
"It smells like a fabric softener sheet left in a drawer with dried roses and a bar of floral soap, softened by something powdery and sweet.","lavender, bergamot, bulgarian rose, moroccan rose, patchouli, iso e super, geranium, white musk, ambroxan, vanilla"
"It smells like a wooden jewelry box lined with powder-soft fabric, holding dried flower petals and a bar of barely-scented sandalwood soap.","sapodilla, ambrette (musk mallow), magnolia, violet, sandalwood, ambergris, cedar"
"It smells like a spa garden after rain — cool cucumber water mixed with crushed mint leaves, sweet melon slices, and that clean, slightly powdery scent of white flowers drying in humid air.","bamboo, tea, watermelon, juniper berries, lotus, mint, black currant, rose, jasmine, musk"
"It smells like salty ocean air mixed with white flowers, sweet citrus, and a warm, creamy base that's slightly powdery.","mandarin orange, jasmine, ginger, lily, salt, vanilla, ambergris, sandalwood"
"It smells like powdery white flowers and warm vanilla, with spiced woods underneath and a faint bitter-green edge.","nutmeg, plum, mace, rose, tuberose, jasmine, orchid, ylang-ylang, orange blossom, sandalwood, amber, vanilla, cashmere wood, cedar, wormwood, orris"
"It smells like tart citrus and berries at first, then rose petals and honeysuckle, finishing with worn leather and dry woods underneath.","brazilian orange, raspberry, sicilian lemon, rose, petitgrain paraguay, red thyme, honeysuckle, leather, guaiac wood, atlas cedar"
"It smells like fresh citrus peels and white flowers — bright and soapy at first, then soft powder and pale wood, with a hint of something green and cool.","apple tree blossom, mandarin orange, camelia, black currant, lemon, honeysuckle, grapefruit, rose, lily, mint, violet, magnolia, jasmine, cedar, sandalwood, leather"
"It smells like creamy coconut and sweet white flowers, with a salty-warm base of vanilla and smooth wood.","palm leaf, gardenia, coconut, sea salt, vanilla, sandalwood, virginia cedar, benzoin"
"It smells like fresh-cut flowers and crushed mint, with a soft peppery bite, sweet peach juice, and a clean soapy base.","reed, mint, green lilac, mandarin orange, pink pepper, water lily, pepper, violet, white peach, amaryllis, rose, cedar, white musk, vanilla"
"It smells like sweet white flowers and soft berries, with a creamy vanilla-wood base that feels warm and slightly powdery.","blackberry, mandarin leaf, silk tree blossom, jasmine, orange blossom, night blooming cereus, rose, vanilla, tonka bean, mysore sandalwood"
"It smells like tart grapefruit and crushed raspberries, soft white flowers, and a dusty suede finish with warm wood underneath.","watery notes, grapefruit, raspberry, peony, jasmine, iris, pink pepper, suede, cedar, amber"
"It smells like tropical flowers and ripe mango mixed with salty ocean air, then settles into warm vanilla, soft woods, and powdery musk.","ylang-ylang, carambola (star fruit), mango, violet leaves, lemon, bergamot, pink pepper, frangipani, coconut, sea notes, cashmeran, skin, sea salt, jasmine, saffron, clove, vanilla, musk, sandalwood, woody notes, opoponax, amber, patchouli, vetiver"
It smells like sitting under a fig tree in summer heat — the milky sap from broken branches mixed with sun-warmed bark and something faintly tropical.,"fig leaf, fig, green notes, coconut, fig tree, woody notes, cedar"
"It smells like tropical fruit juice and fresh-cut flowers, with a green, slightly earthy dryness underneath.","green leaves, guava, passionfruit, papaya, grapefruit, mango, mandarin orange, lily-of-the-valley, freesia, lily, marigold, neroli, jasmine, rose, oakmoss, vetiver, orris root, sandalwood"
"It smells like a leather jacket hung in a pine closet, with something sweetly resinous clinging to the collar and a faint powdery residue in the pockets.","aldehydes, amalfi lemon, birch, pine tree, cypress, pepper, geranium, galbanum, suede, vanilla, iris, tonka bean, musk, vetiver, styrax, ambergris"
"It smells like sweet dried tobacco and dark chocolate, with warm vanilla and something faintly fruity and spiced.","tobacco leaf, spicy notes, vanilla, cacao, tonka bean, tobacco blossom, dried fruits, woody notes"
"It smells like standing too close to night-blooming flowers in a tropical garden — heady, almost dizzying sweetness with a waxy, green edge that clings to your clothes.","jasmine, tuberose, rangoon creeper"
"It smells like a ripe peach sitting on a florist's counter, surrounded by white flowers and old wooden shelves with a hint of sweet powder.","peach, californian gardenia, african freesia petals, coriander, damask rose, jasmine, patchouli, natural vanilla, vetiver"
"It smells like sweet coffee with hazelnut cream, warm cinnamon, and white flowers — creamy and soft, with a clean vanilla-wood base.","hazelnut, coffee, cinnamon, tuberose, coconut, jasmine sambac, vanilla, white musk, cedar"
"It smells like a fruit stand next to a flower shop — bright pineapple and lemon cutting through heavy jasmine and rose, all settling onto worn leather boots with a hint of something sweet and powdery.","patchouli, pink pepper, pineapple, hiacynth, iris, lemon, jasmine, rose, patchouli, musk, vetiver, vanilla"
"It smells like overripe raspberries crushed into honeycomb, then left in a sun-warmed garden where orange blossoms are falling onto the dirt.","raspberry, neroli, amalfi lemon, jasmine, african orange flower, gardenia, white honey, patchouli, amber"
"It smells like marzipan dissolving into orange flower water, then slowly becoming powdery and resinous, like the inside of an old wooden jewelry box lined with vanilla-scented fabric.","almond, orange blossom, petitgrain, bergamot, heliotrope, iris, ylang-ylang, jasmine, rose, vanilla, tonka bean, tolu balsam, peru balsam, musk"
"It smells like a leather jacket left in a Middle Eastern spice shop, with hints of dried apricots and the sweet-smoky scent of burning olive wood.","sour cherry, saffron, leather, olive, chinese osmanthus, apricot, smoke, woody notes, cypriol oil or nagarmotha"
"It smells like standing on a weathered wooden dock at dawn — salty air mixed with crushed flower stems, a hint of gin-soaked juniper berries, and the mineral coolness of wet rocks drying in early light.","sea notes, aldehydes, coriander, red pepper, juniper, iris, amyl salicylate, rose, seaweed, ambergris, cedar, amberwood"
"It smells like fresh citrus peel and white flowers, with a green herbal sharpness and a soft waxy sweetness underneath.","bergamot, petitgrain, lime (linden) blossom, lily-of-the-valley, tarragon, jasmine, rose, beeswax"
"It smells like powdery flowers and sweet spice, with creamy vanilla and soft incense smoke underneath.","plum, chinese cinnamon wood, iris, violet, lily, anise, jasmine, mimosa, cassia, ylang-ylang, heliotrope, orris root, orange blossom, tahitian tiare flower, incense, vanilla, benzoin, sandalwood, musk"
"It smells like white flowers and citrus peel at first, then creamy coconut and burnt sugar, with a warm woody-resinous base underneath.","mandarin orange, sicilian bergamot, gardenia, magnolia, myrrh, orange blossom, jasmine, coconut, caramel, sandalwood, amber, vetiver"
"It smells like tropical fruit candy and vanilla frosting, with white flowers and a soft, powdery warmth underneath.","kiwi, red litchi, quince, white chocolate, cupcake, orchid, jasmine, musk, orris root, woodsy notes"
"It smells like powdery flowers and sweet almond paste, with crisp apple skin fading into soft musk and warm, slightly vanillic wood.","apple, sage, milk, heliotrope, lily-of-the-valley, violet, jasmine, musk, benzoin, vetiver, cedar, amber"
"It smells like soapy white flowers and fresh-cut stems, then powdery iris and rose, finishing with earthy moss and warm resins.","hiacynth, galbanum, iris, bergamot, lemon, tuberose, aldehydes, jasmine, ylang-ylang, cloves, orris root, violet, spicy notes, rose, oakmoss, vetiver, sandalwood, musk, resins, amber, patchouli"
"It smells like a worn leather jacket draped over a church pew, with spiced smoke clinging to the fabric and a faint trace of dried roses tucked in the pocket.","incense, pimento, bergamot, rose, leather, tobacco, guaiac wood, cashmere wood, musk"
"It smells like ordering a vanilla cappuccino at a flower shop — the coffee arrives with a strange tropical sweetness, while powdery iris petals drift onto the foam.","angelica, pink pepper, passionfruit, violet leaf, bergamot, coffee, vanilla, jasmine, cappuccino, iris petals, cashmere wood, sandalwood"
"It smells like a humid greenhouse after rain — crushed green stems tingling with a sharp, numbing spice, trailing into something cool and slightly earthy.","sichuan pepper, oakmoss, violet leaves"
"It smells like roasted nuts and honeyed tobacco, with sweet resin, worn leather, and a dusty, earthy base that's slightly medicinal.","chestnut, hazelnut, green mandarin, honey, cinnamon leaf, jasmine sambac, tobacco, leather, peru balsam, labdanum, siam benzoin, orcanox, cypriol oil or nagarmotha"
"It smells like a bakery next to a flower shop — sweet pastry spice mixing with waxy white petals and apricot-tinged blossoms, all settling into soft vanilla cream.","cinnamon, tuberose, osmanthus, vanilla, musk"
"It smells like sweet orange peel and powdered iris root, with warm cinnamon tea and a soft vanilla-incense base.","orange, violet, rooibos tea, cinnamon, iris, incense, vanilla"
"It smells like a fruit stand next to a flower shop on a humid summer morning, where ripe melons and peaches meet jasmine vines climbing wooden trellises.","melon, peach, orange blossom, lemon, mandarin orange, bergamot, brazilian rosewood, cyclamen, osmanthus, rose, jasmine, orris root, sandalwood, musk, amber, oakmoss, cedar"
"It smells like standing in a garden right after a thunderstorm, when wet lilac bushes are heavy with rain and the air feels thick and cool against rosebushes dripping onto cedar mulch.","rain notes, lilac, watery notes, damask rose, ambrox super, dreamwood, virginia cedar"
"It smells like sweet white flowers drenched in vanilla syrup, with a jammy berry tartness and burnt sugar underneath.","wild berries, gardenia, lily of the valley, honeysuckle, jasmine sambac, vanilla orchid, caramel, vanilla, sandalwood, praline"
"It smells like a creamy dessert left on a wooden table near someone's spicy tea, with crushed peppercorns and something faintly soapy lingering in the air.","cardamom, italian lemon, pink pepper, yogurt, water lily, rose, bourbon vanilla, cedar, vetiver"
"It smells like a spiced fruit compote simmering on the stove, where sweet peaches and plums meet holiday spices, gradually giving way to powdery florals and a creamy, resinous finish.","virginia cedar, plum, cinnamon, peach, clove, ginger, violet, ylang-ylang, rose, african orange flower, sandalwood, benzoin, musk, vanilla"
"It smells like fresh citrus and soft florals at first, then settles into something warmer — earthy wood with a sweet, vanilla-like powder underneath.","bergamot, pink pepper, jasmine, rose, patchouli, tonka bean"
"It smells like a powdered almond pastry topped with overripe stone fruit, sitting next to a bouquet of white flowers someone left in a wooden jewelry box.","coconut, plum, apricot, brazilian rosewood, jasmine, caraway, tuberose, rose, lily-of-the-valley, vanilla, almond, sandalwood, musk"
"It smells like warm spiced pastry with caramelized sugar, creamy vanilla, and a base of sweet resin and dry wood.","cinnamon, nutmeg, bergamot, dates, praline, tuberose, mahonial, vanilla, tonka bean, amberwood, myrrh, benzoin, akigalawood"
"It smells like heavy white flowers and rose with something green-bitter at the edges, then smoky resin and dark wood with an animalic, slightly dirty sweetness underneath.","galbanum, cassis, cassia, hiacynth, bulgarian rose, raspberry, bergamot, honey, narcissus, cedar, orris root, ylang-ylang, tuberose, jasmine, lily-of-the-valley, oakmoss, spices, civet, patchouli, incense, myrrh, amber, sandalwood, vetiver, musk"
"It smells like crushing green stems in a garden at dusk, where wild jasmine blooms next to woodsmoke and something faintly animalic lingers in the air.","dandelion, basil, black currant, cyclamen, jasmine, musk, guaiac wood, amber"
"It smells like a spice cabinet left open in an old library — dry saffron threads meet dusty golden resin, all softened by the green smell of stones after rain.","saffron, amber, moss"
"It smells like citrus and peach at first, then creamy florals and vanilla, settling into warm woods with a leathery, mossy base.","lemon, peach, ginger, mandarin orange, lavender, bergamot, pepper, cedar, patchouli, vetiver, brazilian rosewood, rose, jasmine, gardenia, freesia, anise, vanilla, tonka bean, sandalwood, coconut, amber, benzoin, musk, leather, oakmoss"
"It smells like sweet jasmine tea with a tart berry sharpness, warm vanilla underneath, and dry smoky wood in the background.","black currant, pink pepper, bergamot, jasmine, jasmine sambac, jasmine tea, bourbon vanilla, cashmeran, guaiac wood"
"It smells like citrus peel and herbal tea at first, then settles into dry wood, powdery roots, and a warm, resinous base.","grapefruit, orange blossom, sage, nutmeg, orris root, pimento, vetiver, woodsy notes, oakmoss, amber"
"It smells like dark leather and smoky wood, with powdery rose and something musky-animalic that feels almost sweaty, finished with bitter citrus and warm amber.","agarwood (oud), aldehydes, bergamot, amber, rose, civetta, leather, patchouli, musk"
"It smells like spiced tea and rose petals at first, then warm resinous wood and powder, with a sweet musky base underneath.","caraway, cinnamon, pink nerium oleander, damask rose, tea, geranium, jasmine, agarwood (oud), olibanum, patchouli, amber, sandalowood, guaiac wood, vanilla, orris root, musk"
"It smells like the inside of an old wooden jewelry box lined with silk, with spices tucked between the compartments and something sweet and resinous clinging to the velvet.","saffron, cardamom, jasmine, cashmeran, agarwood (oud), amber"
"It smells like sweet citrus peel and church incense at first, then creamy white flowers with powdered iris, finishing with warm caramel and smooth wood.","mandarin orange, incense, bergamot, ylang-ylang, jasmine, iris, caramel, amber, musk, vetiver"
"It smells like ripe pear and citrus peel at first, then a creamy sweetness like burnt sugar, finishing with dark earthy undertones.","pear, mandarin orange, green notes, orchid, toffee, patchouli"
"It smells like a fruit stand next to a florist shop — tart citrus and soft pears mingling with white flowers, grounded by clean wood shavings.","lemon, pear, violet leaf, black currant, peony, jasmine sambac, jasmine, cedar, cashmere wood"
"It smells like warm spices and dried lavender at first, then dark resinous wood, earthy patchouli, and a clean musky base.","saffron, nutmeg, lavender, agarwood (oud), patchouli, agarwood (oud), patchouli, musk"
"It smells like dark berries and citrus peel at first, then a bouquet of purple and white flowers, with powdery musk and dry wood underneath.","black currant, red berries, cassia, bitter orange, mandarin orange, blackberry, peony, violet, freesia, jasmine, lily-of-the-valley, cedar, musk, heliotrope"
It smells like a leather jacket left in a smoky room with citrus peels scattered on dark wood furniture.,"citruses, agarwood (oud), coriander, amyris, leather, musk"
"It smells like a floral arrangement left near overripe peaches in a warm room, with something earthy and resinous settling into the background.","jasmine, peach, rose, amber, patchouli"
It smells like a spice drawer left open next to a barbershop — herbal soap mixed with woody shelves and something faintly like rye bread.,"cardamom, lavender, virginia cedar, bergamot, vetiver, caraway"
"It smells like a botanical garden greenhouse after rain — tart cranberry mixed with wet flowers, lemony tea in the background, and dirt-caked wooden benches.","tea, cranberry, amalfi lemon, peony, jasmine, water lily, woodsy notes, patchouli"
"It smells like the inside of a dimly lit apothecary where honeycomb sits next to dark chocolate bars, dried tobacco leaves, and chunks of tree resin.","white honey, tobacco, vanille, cacao, patchouli, amber, french labdanum, styrax"
"It smells like tart berries and fresh citrus at first, then white flowers with a creamy sweetness, finishing with warm wood and something softly powdery.","black currant, bergamot, green notes, jasmine sambac, lily-of-the-valley, vanilla, tonka bean, sandalwood, cedar"
"It smells like smoky incense and dark leather, sweetened with honey and dusty flowers, finished with something green and slightly medicinal.","chamomile, artemisia, ylang-ylang, hyacinth, patchouli, black pepper, honey, incense, leather"
"It smells like striking a match near a grapefruit tree, where citrus peel oils mix with gunpowder smoke and tree bark.","orange, grapefruit, flint, woodsy notes, oak moss, benzoin"
"It smells like a stack of cigar boxes left open in a garden where night-blooming flowers have just opened, with an almost powdery sweetness hovering over dry wood.","ambrette (musk mallow), jasmine, virginia cedar"
"It smells like a tropical drink spilled on white flowers, with a creamy sweetness underneath that reminds you of custard cooling on a countertop.","rum, passionfruit, gardenia, musk, vanille, tonka bean"
"It smells like white flowers and sweet jasmine over dark coffee grounds, with salty air and a hint of burnt caramel.","gardenia, carnation, jasmine, patchouli, flowers, sandalwood, sea notes, caramel, coffee"
"It smells like a barbershop cabinet left open in a botanical garden — soapy lavender and herbs mixing with powdery iris, sweet vanilla cream, and woody shelves that have absorbed decades of cologne.","citruses, bergamot, juniper, anise, brazilian rosewood, basil, lavender, rose, carnation, jasmine, heliotrope, geranium, sage, fir, lily-of-the-valley, vanilla, tonka bean, sandalwood, iris, musk, amber, cedar, patchouli, vetiver"
"It smells like suntan lotion left open near a spice cabinet, with the creamy sweetness cut by sharp tropical fruit and dry wood planks.","pineapple, iris, ginger, cypress, coconut, woodsy notes, tonka bean, sandalwood, amber, ambergris"
"It smells like spiced lavender and citrus at first, then warm leather and dark wood, with a soft musk and amber base underneath.","lavender, cinnamon, nutmeg, citruses, agarwood (oud), violet, jasmine, patchouli leaf, rose, sea notes, leather, woody notes, white musk, amber, vetiver"
"It smells like a barbershop after hours — lavender shaving cream mixed with the sweet, vanilla-tinged scent of old wood furniture and something faintly tropical in the corner.","lavender, tonka bean, benzoin, ylang-ylang"
"It smells like standing near a garden hose on a hot day, with wet stone and something green and slightly sweet in the air.","water notes, citruses, cucumber, watermelon, water lily, musk, moss"
"It smells like marzipan pastries sitting on a wooden table next to white flowers, with a slightly earthy sweetness that lingers.","bitter almond, bergamot, tagetes, chestnut, jasmine, gardenia, woody notes, tonka bean, musk"
"It smells like crisp pear and apple with a burst of citrus, then soft jasmine over a clean, slightly mossy base that feels warm and skin-like.","pear, apple, citruses, ambrette (musk mallow), amyl salicylate, moss, jasmine, iso e super, cetalox, ambrettolide, helvetolide"
"It smells like a fruit stand next to a flower shop — sweet tropical lychee and golden plums mixed with petals, then turning earthy and slightly mossy underneath.","litchi, mirabelle, citruses, freesia, rose, davana, oakmoss"
"It smells like marzipan cookies cooling on a wooden table, with a hint of someone's spicy, slightly sweaty neck after they've hugged you in their lavender-scented cardigan.","heliotrope, cumin, bergamot, bitter almond, lavender, jasmine, vanilla, sandalwood, amber"
"It smells like a greenhouse at dusk — tart rhubarb stalks next to night-blooming flowers, with worn wooden benches and earthy clay pots in the background.","rhuburb, bergamot, datura, tuberose, tincture of rose, patchouli, sandalwood"
"It smells like a wooden jewelry box lined with violet-scented fabric, opened to reveal dried clove-studded oranges from last Christmas.","ylang-ylang, violet, cedar, cloves"
"It smells like a leather jacket left in a tobacco shop, with sweet vanilla and orange peel tucked into the pockets.","spices, mate, citruses, mandarin orange, flowers, tobacco, immortelle, labdanum, vetiver, patchouli, mate, tobacco, leather, exotic woods, amber, vanilla, tonka bean, musk"
"It smells like a grandmother's jewelry box lined with silk scarves, where white flowers have been pressed between sandalwood panels for decades.","indian saffron, magnolia, moroccan rose, vetiver, egyptian jasmine, gardenia, musk, cedar, amber"
"It smells like ripe peaches and sweet plums dusted with cinnamon, then soft white flowers, finishing with creamy vanilla and warm wood.","peach, citruses, plum, bergamot, mandarin orange, cinnamon, jasmine, lily-of-the-valley, vanille, sandalwood, amber, musk"
"It smells like a powdery makeup compact opened near a bowl of dark plums, with something resinous and slightly medicinal lingering in the background.","plum, saffron, iris, orris, jasmine sambac, bulgarian rose, vetiver, papyrus, liquidambar"
"It smells like sweet citrus peels and apricot nectar, then heavy white flowers with honey, settling into warm wood and earthy-sweet musk.","apricot, kumquat, tangerine, honey, gardenia, narcissus, patchouli, sandalwood, musk"
"It smells like a leather jacket left on a beach boardwalk — salty air mixed with spicy citrus, tropical fruit stands nearby, and weathered driftwood underfoot.","sicilian bergamot, pink pepper, exotic fruits, sea notes, ambergris, woodsy notes, indonesian patchouli leaf, leather"
"It smells like sweet boozy warmth with heavy white flowers, orange peel, and a soft powdery-vanilla base that's almost leathery.","rum, honey, mandarin orange, bergamot, black orchid, orchid, jasmine, heliotrope, hyacinth, rose oil, narcissus, magnolia, orange blossom, vanilla, myrrh, suede, sandalwood, peru balsam, labdanum"
"It smells like salted ocean air, roasted coffee, and something faintly sweet like apple blossoms, with a nutty warmth underneath.","sea notes, sea salt, fennel, apple blossom, osmanthus, roasted coffee beans, sesame"
"It smells like a spice market at dawn — sharp pepper and cardamom cutting through incense smoke, with the dusty leather of old suitcases stacked in the corner.","black pepper, bitter orange, neroli, saffron, cardamom, olibanum, agarwood (oud), patchouli, leatherwood"
"It smells like bitter orange peel and fresh roses with a dark, earthy undertone that's slightly musty and sweet.","blood orange, damask rose, bulgarian rose, neroli, patchouli"
"It smells like spiced coffee grounds left on a wooden counter next to citrus peels, with something sweet and resinous clinging to the bottom of the cup.","mandarin orange, bergamot, coffee, pink pepper, amyris, tonka bean, patchouli, vetyver, french labdanum"
"It smells like standing too close to someone wearing fabric softener while they arrange grocery store bouquet flowers, with a faint woody-plastic undertone like opening a new makeup compact.","musk, flowers, cashmeran"
"It smells like spiced cola with a squeeze of citrus, gradually settling into the warm, slightly sweet scent of a wooden spice cabinet.","coca-cola, lime, cinnamon, apple, nutmeg, cedar, amberwood"
"It smells like a fruit stand next to a flower shop, where sweet melon and lychee meet white petals, then dries down to burnt sugar and smooth wood.","watermelon, litchi, citruses, lotus, magnolia, freesia, creme brulee, iris, sandalwood"
"It smells like biting into a crisp autumn apple while standing near the ocean, with spicy undertones and a hint of sun-bleached wood from an old dock.","apple, bergamot, lemon, cinnamon, watery notes, plum, cardamon, orange blossom, ambergris, musk, patchouli, driftwood"
"It smells like a floral tea shop where dried rose petals mix with licorice sticks and vanilla sugar, finishing with the earthy scent of old wooden shelves.","cassia, lemon verbena, star anise, rose, peony, magnolia, taif rose, musk, vanilla, patchouli"
"It smells like crisp green apple and mint with a squeeze of lemon, then settles into smooth vanilla and dry woods with an earthy, mossy base.","mint, green apple, lemon, tonka bean, ambroxan, geranium, madagascar vanilla, virginian cedar, atlas cedar, vetiver, oakmoss"
"It smells like a worn leather jacket hung in a woodshed, sweetened by dripping honey and cut with sharp, piney gin botanicals.","honey, agarwood (oud), nutmeg, juniper, strawberry leaf, leather, amber, cedar"
"It smells like lavender soap and bitter chocolate, then worn leather and dry earth with a subtle herbal sharpness.","lavender, bergamot, sage, iris, cacao, amber, leather, vetiver, patchouli"
It smells like a florist's cold storage room at dawn — dewy petals and crushed stems mixed with the lingering scent of yesterday's spilled coffee grounds and wooden crates.,"white musk, peony, freesia, green notes, peach, plum, lily, lily-of-the-valley, green grass, jasmine, ylang-ylang, rose, coffee, vanilla, sandalwood, coriander, incense, tonka bean, cedar"
"It smells like powdery flowers — roses and jasmine mostly — with a soapy-clean softness, warm vanilla sweetness, and smooth woods underneath.","mimosa, iris, rose, freesia, violet, lily-of-the-valley, jasmine, bergamot, chamomile, iris, narcissus, galbanum, geranium, coriander, jasmine, brazilian rosewood, orange blossom, tuberose, musk, sandalwood, cedar, vanilla, amber"
"It smells like standing on a salt-sprayed dock at dawn, where citrus peels have been scattered on wet wood planks, mixed with the mineral tang of seaweed and distant jasmine vines climbing a weathered fence.","sea notes, grapefruit, mandarin orange, bay leaf, jasmine, ambergris, guaiac wood, oakmoss, patchouli"
"It smells like tart cherry and blackberry with a peppery bite, candied citrus peel, and a warm base of cocoa powder and soft wood.","cherry, pink pepper, cardamom, pomelo, bergamot, mandarin orange, black pepper, blackberry, apricot, lotus, cacao, musk, sandalowood, amber"
"It smells like soapy roses and soft powder, with a peppery bite that fades into clean musk and pale wood.","aldehydes, rose, pink pepper, peony, violet, african orange flower, musk, woodsy notes, sandalwood"
"It smells like soapy florals and face powder at first, then creamy white flowers with a resinous, slightly smoky vanilla base.","aldehydes, bergamot, bourbon geranium, ylang-ylang, tuberose, rose, jasmine, olibanum, iris, vanilla, vetiver, sandalwood, styrax, patchouli"
"It smells like standing on a rocky coastline where salt spray mixes with wild herbs growing between the stones, finishing with sun-bleached driftwood and dried seaweed.","sea water, lavender, mint, green notes, rosemary, calone, coriander, sandalwood, neroli, geranium, jasmine, musk, oakmoss, tobacco, cedar, ambergris"
"It smells like bright citrus peel and orange blossoms at first, then creamy flowers with a warm, sweet vanilla-powder base that's slightly earthy.","orange, mandarin orange, bergamot, orange blossom, turkish rose, jasmine, mimosa, ylang-ylang, patchouli, white musk, vanilla, vetiver, tonka bean, opoponax"
"It smells like iced ginger tea spilled on a wooden deck — bright citrus cut with spice, then settling into something earthy and slightly soapy.","orange oil, ginger, watery notes, tea, musk, cedar, amber, patchouli"
"It smells like sugared nuts and buttery popcorn, with a soft powdery sweetness that's vaguely floral.","pistachio, cotton candy, popcorn, walnut, hazelnut, violet"
"It smells like a spice market at dusk — golden threads of saffron cutting through the sharp bite of crushed almonds, while white flowers bloom against weathered wood and smooth stone.","bitter almond, saffron, egyptian jasmine, cedar, ambergris, woody notes, musk"
"It smells like a leather jacket draped over church pews, with crushed peppercorns caught in the collar and rose petals pressed between stone tiles.","metallic notes, black pepper, elemi resin, rose, geranium, green accord, incense, mineral notes, labdanum, ebony wood, leather"
"It smells like warm spices and resinous wood, with creamy vanilla softening sharp clove and pepper, plus a faint powdery sweetness underneath.","cloves, pink pepper, orange blossom, chestnut, guaiac wood, juniper, vanilla, peru balsam, cashmeran"
"It smells like fresh pear and citrus at first, then soft leather and vanilla, with a warm musky base that's slightly woody and sweet.","pear, bergamot, floral notes, leather, vanilla, vetiver, amber, musk"
"It smells like buttered popcorn and salted caramel at first, then creamy flowers and dark chocolate, with a warm resinous base underneath.","pink pepper, litchi, co2 extracts, sicilian bergamot, jasmine sambac, rose, magnolia, popcorn, caramel, cacao, salt, labdanum"
"It smells like crushed green stems and citrus peel drying on sun-bleached wood at the beach, with a faint trace of herbal soap and earthy moss.","violet leaf, lime, bergamot, geranium, lavender, artemisia, driftwood, labdanum, patchouli"
"It smells like wet leaves after rain mixed with white flowers from a garden hedge, drying down to powdery wood and soft skin warmth.","musk, hawthorn, jasmine, water notes, violet, violet leaf, woodsy notes, vetyver, sandalwood, amber"
"It smells like a florist shop next door to a coffee roaster — bright citrus and peppery flowers hit first, then unexpected roasted beans wrapped in powdery sweetness and polished wood.","passion flower, pink pepper, bergamot, neroli, coffee, heliotrope, freesia, amber, musk, teak wood"
"It smells like a leather jacket draped over church pews, with dried roses tucked in the pockets and something savory-spicy lingering in the air like exotic cooking from another room.","agarwood (oud), rose, olibanum, elemi resin, saffron, caraway, leather, labdanum"
"It smells like boozy sweetness and apricot-like flowers at first, then soft leather and dark roses, with a warm vanilla-amber base.","rum, osmanthus, leather, jasmine, rose, patchouli, vanille, amber, musk"
"It smells like a carton of sweetened rice milk left open near a bouquet of roses, with a faint powdery softness that reminds you of baby lotion.","litchi, grapefruit, rice, rose, milk mousse, cashmeran"
"It smells like soapy florals and citrus peel at first, then settles into a creamy wood base with a clean, skin-like warmth.","aldehydes, grapefruit, freesia, jasmine, lily-of-the-valley, orange, orchid, musk, sandalwood"
"It smells like standing on a salt-weathered dock at dawn, where citrus rinds meet driftwood and the air carries something green and slightly metallic from nearby plants.","grapefruit, violet leaf, sea notes, violet, woody notes, palisander rosewood, ambergris, amberwood"
"It smells like lavender soap and white flowers, with a clean, slightly powdery base and a hint of warm wood underneath.","lavender, fruity notes, jasmine, green notes, lily-of-the-valley, musk, sandalowood, woody notes"
"It smells like bitter grapefruit and herbs at first, then warm tobacco and resinous wood, with a sweet-spicy base of amber and something faintly powdery.","spicy notes, osmanthus, saffron, citruses, rosemary, thyme, grapefruit, tobacco, guaiac wood, patchouli, vetiver, tonka bean, amber, musk"
"It smells like crushing fresh basil stems in your hands while standing near a spice cabinet, with a hint of pencil-wood and something sweet lingering in the background.","ginger, bergamot, lemon, spices, violet leaf, white pepper, basil, tonka bean, cedar, tahitian vetiver"
"It smells like a spiced orange marmalade cooling on a wooden countertop, with the sweetness of burnt caramel lingering in the air.","bitter orange, bergamot, cinnamon, immortelle, musk, vanilla, tonka bean, sandalwood"
"It smells like a florist's bouquet left overnight in a bakery — sweet, heady flowers with a creamy vanilla base that softens everything.","ylang-ylang, carnation, jasmine, vanilla"
"It smells like sunscreen drying on hot skin after lying on a beach towel, with sweet tropical flowers blooming nearby and a faint incense stick burning at sunset.","coconut milk, sand, tuberose, ylang ylang, vanilla, amber"
"It smells like soft white flowers and face powder, with a peppery tingle at the edges and something faintly sweet like rice cereal underneath.","pink pepper, african orange flower, iris, lilac, hyacinth, heliotrope, wisteria, powdery notes, rice, musk"
"It smells like sharp lemon and woods at first, then watery flowers with a peppery bite, settling into soft powder and warm amber.","lemon, cedar, citron, water hyacinth, pink pepper, jasmine, white musk, patchouli, vetiver, teak wood, iris, amber"
"It smells like apricot kernels and tart berries next to white flowers on a warm day, with something leafy and slightly medicinal woven through, ending in soft, creamy sweetness.","almond, black currant, artemisia, osmanthus, vanilla, magnolia, jasmine, white tobacco, papyrus, juniper, patchouli"
"It smells like the inside of an old spice merchant's leather satchel — sweet licorice and dried tobacco leaves tucked into worn brown leather, with something resinous and golden clinging to the seams.","star anise, tobacco, amber, leather"
It smells like standing near a waterfall on a humid day — sharp citrus spray mixed with wet wood and something faintly spicy drifting through the mist.,"water notes, citruses, ginger, coriander, virginia cedar, musk"
"It smells like a fruit salad left on a picnic table near blooming honeysuckle vines, with something green and crisp underneath like snapped celery stalks.","watermelon, cucumber, kiwi, nectarine, lime (linden blossom), jasmine, honeysuckle, lily-of-the-valley, vetiver, woodsy notes, musk"
"It smells like soapy flowers and powdered roses, with a warm, slightly woody sweetness underneath.","aldehydes, bulgarian rose, ylang-ylang, jasmine, may rose, amber, liatris, vetiver"
"It smells like cherry pie cooling on a wooden table, with sweet almond cream and a hint of rose petals pressed between the pages of an old book.","damask rose, sour cherry, almond milk, madagascar vanilla, woodsy notes"
"It smells like a florist's workbench scattered with orange peels, where crushed rose petals meet the licorice tang of fennel and sawdust from wooden crates.","anise, mandarin orange, mimosa, rose, woody notes"
"It smells like a hotel spa hallway — clean lavender towels, citrus-scented soap dispensers, and the faint woody sweetness of expensive furniture polish mixing with body lotion.","floral notes, citruses, citrus, floral notes, lavender, vanila, lily-of-the-valley, musk, sandalwood, amber, woody notes"
"It smells like a starched white shirt pressed with a hot iron, mixed with the soapy sweetness of old-fashioned face powder and the earthy coolness of a wooden jewelry box that's been sitting in a closet for years.","apple, aldehydes, neroli, lemon, bergamot, orris, heliotrope, carnation, jasmine, oakmoss, musk, cedar, vetiver, spices, ambergris, patchouli, sandalwood"
"It smells like crushed green stems mixed with orange zest and black peppercorns, drying down to something woody and slightly sweet, like cedar chips dusted with spice.","violet leaf, artemisia, mandarin orange, white pepper, cedar, nutmeg, white musk, tonka bean, vetiver"
"It smells like a botanical garden greenhouse on a cool morning — dewy leaves, tart citrus peels, and rose petals crushed against crisp mint stems.","mint, grapefruit, bergamot, anise, green notes, cassis, rose, hedione, white musk"
"It smells like spiced incense and warm resins, with sweet vanilla and powdery florals softened by creamy sandalwood and dark, animalic musk.","cloves, pepper, coriander, west indian bay, plum, jasmine, mandarin orange, citruses, bergamot, carnation, cinnamon, sandalwood, patchouli, orris root, rose, peach, lily-of-the-valley, incense, myrrh, sandalwood, tolu balsam, amber, opoponax, benzoin, labdanum, vanilla, musk, castoreum, cedar, vetiver, coconut"
"It smells like a tangerine rolled across an old wooden table in a church — slightly resinous and dusty, with something floral and honeyed clinging to the edges.","tangerine, artemisia, rose, olibanum, narcissus, pitosporum, agarwood (oud), sweet notes, patchouli, vanilla"
"It smells like a old leather briefcase left in a spice shop, where sweet resinous smoke mingles with the nutty bitterness of roasted coffee and dried flowers.","marigold, ginger, grapefruit, bergamot, incense, walnut, immortelle, kiwi, honey, opoponax, coffee, sandalwood, rose, orange blossom, jasmine, leather, benzoin, agarwood (oud), amber, sandalwood, tonka bean, oakmoss, vanilla, musk"
"It smells like bitter herbs and church incense at first, then soft leather and powdery iris, finishing with sweet vanilla and warm amber.","artemisia, incense, lemon, leather, chamomile, apricot, iris, vanilla, amber, virginia cedar, musk"
It smells like the stem of a violet flower crushed between your fingers — green and slightly bitter — mixed with juicy fruit and a powdery floral softness that lingers.,"violet, black currant, bergamot, lemon, violet, green apple, rose, peach, jasmine, violet leaf, iris, white musk"
"It smells like spiced cola with a twist of lime, like someone stirred cinnamon sticks and nutmeg into a glass of soda, then set it down on a cedar picnic table.","coca-cola, lime, nutmeg, cinnamon, cedar, vanilla"
"It smells like a bakery next to a flower shop — sweet licorice pastries mixing with white flowers, then settling into something wooden and slightly sticky.","star anise, mandarin orange, licorice, jasmine, gardenia, vanille, amber, woodsy notes"
"It smells like fresh roses dunked in sweet coffee, with vanilla cream and a soft, powdery warmth underneath.","floral notes, rose, coffee, vanila, white musk, amber"
"It smells like a worn leather jacket left in a cedar closet, with hints of bitter citrus peel and the dusty, resinous scent of old wooden furniture.","grapefruit, lavender, artemisia, tobacco, spices, leather, agarwood (oud), dark woodsy notes, ambergris"
"It smells like a florist's workbench covered in white flowers and spilled cream, with a faint wooden drawer left open nearby.","indian white pepper, bergamot, milk, gardenia, rose, musk, iris, white sandalwood"
"It smells like a bakery next to an incense shop — sugary almonds and cinnamon meet woody smoke, with something dark and resinous lingering like old church pews.","lemon, sage, praline, cinnamon, tolu balsam, black cardamom, brazilian rosewood, patchouli, black amber"
"It smells like citrus peel and black pepper at first, then soapy lavender and cardamom, with dry cedar and earthy vetiver underneath.","grapefruit, bergamot, pepper, lavender, cardamom, artemisia, cedar, vetiver, olibanum"
"It smells like warm spiced citrus and lavender at first, then sweetens into vanilla and amber with a dry, resinous wood base.","lavender, tangerine, bergamot, cinnamon, cloves, musk, vanilla, tonka bean, amber, sandalwood, guaiac wood, cedar"
"It smells like beeswax and warm leather, with spicy ginger and pepper cutting through creamy vanilla and resinous amber.","metallic notes, aldehydes, cardamon, black pepper, water notes, violet leaf, ginger, neroli, lavender, beeswax, leather, lime (linden blossom), cyclamen, oakmoss, honey, woody notes, amber, tonka bean, patchouli, vanilla, white musk, myrrh, cedar, gurjan balsam"
"It smells like citrus peel and mint at first, then spicy ginger and pepper, settling into smoky incense with dry woods underneath.","grapefruit, lemon, mint, pink pepper, ginger, nutmeg, jasmine, iso e super, incense, vetiver, cedar, sandalwood, patchouli, labdanum, white musk"
"It smells like a quiet library at dusk — old wooden shelves meet purple twilight air, with something sweet and slightly burnt lingering from an afternoon tea that's gone cold.","clary sage, lavender, bergamot, saffron, praline, agarwood (oud), cedar"
"It smells like creamy white flowers and vanilla, softened by clean musk and a whisper of citrus brightness.","orange blossom, bergamot, tuberose, indian jasmine, madagascar vanilla, white musk, virginian cedar"
"It smells like a tropical fruit stand next to a flower cart, where ripe mangoes and tart citrus meet creamy jasmine, all settled on smooth wooden shelves.","passionfruit, mandarin orange, grapefruit, mango, hibiscus, jasmine, vanilla, tonka bean, sandalwood, cedar"
"It smells like bright lemon and orange blossom at first, then soft florals with a powdery sweetness, settling into warm cedar and clean musk.","lemon, neroli, jasmine, violet, heliotrope, musk, cedar, vetiver, amber"
"It smells like a spice market at dusk — dried roses hanging near leather-bound books, with sweet pipe smoke drifting through wooden stalls.","rose, saffron, patchouli, cedar, tobacco, musk, vanilla"
"It smells like tart berries crushed against weathered wood in a smoky room, leaving a soft, almost salty warmth on your clothes.","raspberry, bergamot, agarwood (oud), ambroxan, musk"
"It smells like juicy pear and citrus at first, then creamy white flowers, finishing with soft vanilla and clean wood.","pear, bergamot, pink pepper, rose, jasmine, white musk, vanilla, patchouli, cedar"
"It smells like a grandmother's vanity table scattered with silk scarves, dried petals, and a half-peeled tangerine — all of it slightly dusty but still holding onto sweetness.","bergamot, jasmine, rose, citruses, peach, jasmine, rose, lilac, ylang-ylang, oakmoss, spices, cinnamon, vetiver, amber"
"It smells like juicy tropical fruit and citrus peel at first, then creamy white flowers, finishing with soft woods and vanilla-like sweetness.","peach, bergamot, mandarin orange, lemon, water lily, mimosa, tuberose, melon, lotus, pineapple, jasmine, lily-of-the-valley, rose, patchouli, black locust, sandalwood, cedar, tonka bean"
"It smells like a chocolate bar left open near a bouquet of white flowers, with the faint scent of wooden cigar boxes in the background.","cacao, milk, liquor, cacao, jasmine, lily-of-the-valley, coumarin, musk, cedar"
"It smells like tart citrus peel and white flowers — creamy, slightly soapy, with a soft powdery base and a peppery bite.","grapefruit, mandarin orange, black currant, orange blossom, jasmine, ylang-ylang, tuberose, lily-of-the-valley, pear, pink pepper, musk, sandalwood, cashmeran, orris"
"It smells like bitter green leaves and bergamot at first, then spiced black tea with cinnamon, finishing with dry tobacco and warm resinous wood.","violet leaf, bergamot, black tea, cinnamon, pimento, tobacco leaf, myrrh, musk, olive tree"
"It smells like a spice merchant's leather satchel left open in a misty garden, where citrus trees drop fruit onto moss-covered stones and someone's brewing strong tea nearby.","bitter orange, caraway, birch, bergamot, coriander, mandarin orange, neroli, artemisia, guatemalan cardamom, pepper, ginger, iris, juniper, cinnamon, orris root, jasmine, tahitian vetiver, tea, cedar, leather, oakmoss, amber"
"It smells like black licorice and fresh melon at first, then turns into eucalyptus cough drops with dry wood and soft musk underneath.","anise, spices, melon, eucalyptus, woodsy notes, musk"
"It smells like a powdery cosmetics counter mixed with worn leather gloves, as if someone spilled sweet almond creamer on a suede jacket left burning near church incense.","orange blossom, jasmine sambac, almond milk, heliotrope, iris, suede, leather, incense, patchouli"
"It smells like a wooden jewelry box lined with soft suede, holding dried tea leaves and a faintly sweet, powdery sachet that someone tucked between folded cashmere sweaters.","green tea, bergamot, rose, sandalwood, cedar, jasmine, leather, vanilla, amber, musk, oakmoss"
"It smells like a tropical drink spilled on sun-bleached driftwood — bright citrus and coconut milk mingling with white flowers, dried spices scattered on top, and that clean saltwater-wood scent underneath.","bergamot, hibiscus, cardamom, lemon, coconut, gardenia, green notes, jasmine, ambroxan, woodsy notes, heliotrope, vanilla orchid"
"It smells like a fruit stand next to a flower shop on a wooden boardwalk — sweet stone fruit and citrus mixing with jasmine blooms, all settling into sun-warmed wood planks.","mirabelle, bergamot, lemon, orange, freesia, peach, jasmine, rose, oakmoss, patchouli, amberwood, white musk, sandalwood"
"It smells like sharp citrus peels and crisp orchard fruit at first, then soft white flowers with a powdery sweetness, finishing warm and slightly musky.","orange, blood grapefruit, indian mandarin, bergamot, apple, plum, lily-of-the-valley, freesia, orchid, rose, mimosa, lily, magnolia, musk, amber"
"It smells like dark leather and tobacco with a spicy-green edge, then deep woods and smoky incense, finishing with something ancient and slightly animalic.","leather, tobacco, cardamom, labdanum, singapore patchouli, violet leaves, jasmine sambac, musk, cambodian oud, indian oud, ambergris, oakmoss"
"It smells like crushed green stems and spices scattered across a wooden table that's been sitting in the sun, with something faintly sweet and animalic lurking in the background.","grass, violet leaf, citruses, nutmeg, vetiver, saffron, jasmine, animal notes, vanilla, sandalwood"
"It smells like a fizzy mimosa spilled on a bouquet at a garden party, where the flowers are just starting to wilt in afternoon heat.","champagne, pink pepper, orange, artemisia, rose, orange blossom, patchouli, musk, sandalwood"
"It smells like marzipan dessert with powdered sugar roses, settling into a slightly smoky sweetness that lingers on your sweater.","almond, fruity notes, musk, rose, jasmine, vanilla, resin, amber"
"It smells like an old wooden barrel in a herb garden — sweet and boozy, with bitter green stems and dark, earthy dampness clinging to everything.","rum, artemisia, patchouli"
"It smells like a lavender sachet tucked into a drawer of old wooden furniture, with crushed violets and a hint of citrus peels dried on top.","apple, lavender, bergamot, mandarin orange, geranium, violet, jasmine, vanilla, cardamom, sandalwood, pepper, guaiac wood, patchouli"
"It smells like a fruit stand near a flower market — sweet berries mixed with a waxy, almost resinous sweetness that lingers on your hands.","raspberry, litchi, damask rose, akigalawood, benzoin"
"It smells like dried lavender and cinnamon bark at first, then worn leather and smoky wood, with an earthy, slightly sweet tobacco base.","cinnamon, lavender, bergamot, leather, mimosa, tobacco leaf, guaiac wood, opoponax, oakmoss"
It smells like a tropical smoothie stand near the beach — overripe fruit pulp blended with sunscreen and wooden furniture that's been baking in the sun.,"mango, papaya, pineapple, lemon, peach, coconut, hibiscus, sandalwood"
"It smells like standing on a rocky coastline at dawn — the sharp bite of ocean spray mixing with crushed herbs from the cliffside, leaving a smoky, slightly sweet mineral trace on your clothes.","sea notes, sea salt, grapefruit, bay leaf, geranium, spices, red amber, guaiac wood"
"It smells like fizzy citrus and wet greenery at first, then settles into earthy vetiver with a warm, slightly powdery amber base.","pink pepper, citruses, water notes, geranium, vetiver, amber, patchouli"
"It smells like a wedding bouquet left overnight in a cashmere sweater drawer — white flowers meeting soft vanilla powder, with a sharp bite of spice cutting through.","pink pepper, bergamot, indian tuberose, heliotrope, cashmeran, benzoin"
"It smells like a florist's refrigerator case mixed with freshly sanded wood — creamy white flowers meet dry, pencil-like cedar, grounded by something earthy and slightly rooty.","gardenia, white rose, musk, white cedar extract, cedar, vetiver"
"It smells like a barbershop after someone's been crushing herbs on the counter — soapy lavender and citrus cutting through earthy moss, with something floral trying to soften the whole thing.","lemon, bergamot, basil, rosemary, caraway, fruity notes, jasmine, coriander, carnation, patchouli, orris root, sandalwood, rose, lavender, hedione, oakmoss, vetiver, musk, amber"
"It smells like sweet honey and dark berries mixed with heavy white flowers, then settles into something earthy and powdery with a warm, slightly animalic base.","honey, cassis, neroli, orris, carnation, tuberose, rose, jasmine, moss, patchouli, amber, musk"
"It smells like a fruit stand next to a flower shop on a rainy morning, where wet wood shelves hold overripe plums and berry baskets beside violet bouquets.","green notes, raspberry, pear, grapefruit, violet, litchi, apple blossom, rose, jasmine, musk, plum, virginia cedar"
"It smells like coffee with cream and vanilla, grounded by dry woods and earthy roots, with a faint spicy-floral edge.","pepper, orange blossom, patchouli, lavender, coffee, milk, tonka bean, siam benzoin, cypriol oil or nagarmotha, vanilla, cedar, vetiver"
"It smells like watermelon rind left on a wooden dock by the ocean, with a hint of jasmine soap and something faintly peppery.","sea water, melon, green notes, jasmine, sichuan pepper, cedar, musk"
"It smells like sweet almond paste and vanilla sugar with a hint of lime zest, then settles into warm, woody amber.","almond, lime, pear, candied almond, sugar, peony, vanilla, tonka bean, amber, mahogany"
"It smells like bright citrus and waxy flowers with a clean, slightly soapy warmth, then settles into soft wood and something gently powdery.","yellow mandarin, aldehydes, cardamom, mimosa absolute, solar notes, violet leaf, beeswax, musk, cedar"
"It smells like the spice drawer at your grandmother's house mixed with dried rose petals from an old book, finishing with the scent of wooden prayer beads.","black pepper, cardamom, caraway, rose, nutmeg, sandalwood"
"It smells like a polished wooden bar at dusk — citrus peel on the counter, a glass of whiskey nearby, and the earthy sweetness of roasted nuts cooling in a dish.","bergamot, iris, chestnut, whiskey, woodsy notes, amber"
"It smells like a salt-dried beach towel left in the sun next to a bowl of overripe peaches, with something woody and clean drifting in from somewhere.","lemon, water notes, sea salt, peach, musk, cedar"
"It smells like a leafy citrus grove after rain, with a hint of crushed stems and smooth, pale wood lingering in the background.","bergamot, mandarin orange, green tea, black currant, musk, sandalwood, petitgrain, galbanum"
"It smells like crisp apples dusted with cinnamon at a spice market, surrounded by freshly cut geranium stems and dry cedarwood planks.","apple, violet leaf, bergamot, cinnamon, pink pepper, geranium, musk, cedar, amber"
"It smells like apricot jam scattered with crushed peppercorns, alongside a bouquet of white flowers left on a wooden table dusted with almond flour.","pepper, orange pepper, pimento, apricot, coriander, fresh almond, brazilian rosewood, violet, japanese osmanthus, rose, jasmine, vanilla, amber, patchouli, cedar"
"It smells like standing on a wooden ship deck after cannon fire, with salt spray mixing into spilled liquor and the resinous scent of pine tar used to seal the planks.","smoke, gunpowder, lime, sea water, brandy, balsam fir, cedar, amber"
"It smells like a spice drawer left open in a woodshop, where jasmine vines have crept through the window and someone's burning resinous incense in the corner.","saffron, jasmine, amberwood, ambergris, fir resin, cedar"
"It smells like fresh-cut flowers floating in soapy water, with soft melon sweetness and a clean, powdery musk base.","lotus, melon, freesia, rose water, rose, calone, cyclamen, lily-of-the-valley, lily, water peony, carnation, musk, tuberose, exotic woods, osmanthus, cedar, sandalwood, amber"
"It smells like crushed apricots mixed with wet stone, then something purple and powdery, before drying into old leather briefcases and tree bark.","saffron, mandarin orange, mineral notes, violet, akigalawood, osmanthus, woody notes, leather, vetiver"
"It smells like crushed green leaves and cardamom spice, then sweet almond paste with white flowers, finishing with a soft powdery musk.","violet leaf, cardamom, red currant, almond, lily-of-the-valley, jasmine, heliotrope, musk, benzoin"
"It smells like marzipan and black licorice next to a worn leather jacket, with powdery florals drifting through old wooden drawers lined with vanilla-scented paper.","almond, aldehydes, anise, rose, agarwood, leather, musk, vanilla, heliotrope, cedar"
"It smells like crushed almonds scattered on wet stone after rain, with the sharp bite of gin botanicals and a salty, ocean-air finish.","green almond, juniper, mineral notes, ambergris, oakmoss"
"It smells like a linen closet next to an orchard — clean fabric stacked near ripe pears, with woody undertones and a powdery softness that lingers.","lavender, iris, ambrette (musk mallow), pear, virginia cedar, vetiver"
"It smells like warm spices and sweet vanilla with a creamy, woody base — like clove-studded oranges next to roasted chestnuts and smooth resinous wood.","cloves, pink pepper, orange blossom, chestnut, guaiac wood, juniper, vanilla, peru balsam, cashmeran"
"It smells like the counter of a European café at dawn — bitter espresso grounds, herbal liqueur, and purple soap from the bathroom, cut through with citrus peel.","grapefruit, cardamom, lavender, absinthe, coffee, vetiver"
"It smells like a leather jacket left out in cold rain, with hints of spice drawer mustiness and an oddly metallic, almost blood-like edge that's both unsettling and magnetic.","black pepper, bergamot, cardamom, labdanum, henna, metallic notes, ozonic notes, iris, suede, animal notes, cedar, saffron"
