all_notes,target_description
"['aldehydes', 'green notes', 'honeysuckle', 'bergamot', 'peach', 'lemon', 'rose', 'iris', 'geranium', 'ylang-ylang', 'lily-of-the-valley', 'jasmine', 'magnolia', 'gardenia', 'oakmoss', 'tahitian vetiver', 'musk', 'sandalwood', 'tonka bean', 'amber']","It smells like citrus peel and soap at first, then rubber and sawdust."
"['aldehydes', 'ylang-ylang', 'neroli', 'jasmine', 'rose', 'vanilla', 'sandalwood', 'vetiver']","It smells like soap, sugar, and a hint of smoke, with a dry wood undertone."
"['aldehydes', 'orange', 'honey', 'geranium', 'musk', 'patchouli', 'amber']","It smells like sweet citrus and soap at first, then honey, and finally warm plastic and forest floor."
"['aldehydes', 'grapefruit', 'freesia', 'jasmine', 'lily-of-the-valley', 'orange', 'orchid', 'musk', 'sandalwood']","It smells like citrus peel and soap, with a hint of sweet caramel and sawdust."
"['aldehydes', 'bulgarian rose', 'jasmine', 'amber', 'musk', 'vanilla']","It smells like soap, warm plastic, and sweet caramel."
"['aldehydes', 'neroli', 'bergamot', 'jasmine', 'rose', 'rosemary', 'iris', 'vanilla', 'amber', 'woody notes']","It smells like citrus peel and soap at first, then warm plastic and sawdust."
"['aldehydes', 'bergamot', 'heliotrope', 'jasmine', 'white musk', 'cashmeran']","It smells like citrus peel and soap at first, then rubber and sawdust."
"['aldehydes', 'bergamot', 'bourbon geranium', 'ylang-ylang', 'tuberose', 'rose', 'jasmine', 'olibanum', 'iris', 'vanilla', 'vetiver', 'sandalwood', 'styrax', 'patchouli']","It smells like citrus, soap, and wet leaves at first, then glue, smoke, and sawdust."
"['yellow mandarin', 'aldehydes', 'cardamom', 'mimosa absolute', 'solar notes', 'violet leaf', 'beeswax', 'musk', 'cedar']","It smells like a combination of citrus peel and soap at first, followed by the scent of warm rubber and a hint of smoky sawdust."
"['aldehydes', 'african orange flower', 'bergamot', 'carnation', 'ylang-ylang', 'jasmine', 'rose', 'iris', 'sandalwood', 'vanille', 'amber']","It smells like citrus peel and soap at first, then rubber and sawdust."
"['aldehydes', 'rose', 'orange blossom', 'hawthorn', 'musk', 'sandalwood']","It smells like rose and soap at first, then orange blossom, hawthorn, and musk."
"['aldehydes', 'ylang-ylang', 'neroli', 'lemon', 'bergamot', 'rose', 'iris', 'jasmine', 'orris root', 'lily-of-the-valley', 'civet', 'amber', 'sandalwood', 'musk', 'vanilla', 'oakmoss', 'patchouli', 'vetiver']","It smells like citrus, soap, and rubber at first, then warm plastic and damp soil."
"['aldehydes', 'bulgarian rose', 'ylang-ylang', 'jasmine', 'may rose', 'amber', 'liatris', 'vetiver']","It smells like soap, warm plastic, and sawdust."
"['aldehydes', 'jasmine', 'rose', 'iris', 'vanilla', 'woodsy notes']","It smells like soap, vanilla, and sawdust."
"['aldehydes', 'green leaves', 'raspberry', 'jasmine', 'lily-of-the-valley', 'rose', 'violet', 'orris root', 'geranium', 'musk', 'tonka bean', 'sandalwood', 'oakmoss', 'cedar', 'amber']","It smells like soap, crushed leaves, and a hint of glue."
"['aldehydes', 'heliotrope', 'rose', 'orange blossom', 'tonka bean', 'woody notes']","It smells like citrus peel and soap at first, then orange blossom, tonka bean, and sawdust."
"['aldehydes', 'rose', 'oakmoss']","It smells like soap, rose petals, and sawdust."
"['aldehydes', 'violet leaves', 'bergamot', 'osmanthus', 'lily-of-the-valley', 'rose', 'tonka bean', 'cypriol oil or nagarmotha', 'patchouli']","It smells like citrus peel and soap at first, then it's like walking through a forest with wet leaves and sawdust, with a hint of smoke and caramel."
"['aldehydes', 'hyacinth', 'rose', 'jasmine', 'musk', 'sandalwood', 'cedar', 'amber']","It smells like soap, rose, and warm skin at first, then gradually reveals hints of dry wood and tree sap."
"['aldehydes', 'white peach', 'tea', 'bergamot', 'osmanthus', 'jasmine', 'magnolia', 'musk', 'vanilla', 'sandalwood', 'amber', 'myrrh']","It smells like white peach and citrus peel, with notes of soap and glue."
"['aldehydes', 'neroli', 'bergamot', 'mimosa', 'basil', 'mandarin orange', 'jasmine', 'patchouli', 'coriander', 'ginger', 'carnation', 'ylang-ylang', 'rose', 'cyclamen', 'orris root', 'african orange flower', 'oak moss', 'virginia cedar', 'musk', 'sandalwood', 'amber', 'french labdanum']","It smells like citrus peel, soap, and caramel at first, then warm plastic, pencil shavings, and sawdust."
"['aldehydes', 'damask rose', 'turkish rose', 'geranium', 'violet', 'violet leaf', 'ambrette (musk mallow)', 'sandalwood']","It smells like soap and sugar, with hints of glue and sawdust."
"['aldehydes', 'neroli', 'jasmine', 'may rose', 'woody notes']","It smells like soap, rubber, and sawdust, with a subtle hint of melted plastic and caramel."
"['aldehydes', 'ylang-ylang', 'jasmine', 'musk', 'vetiver']","It smells like soap, citrus peel, and fizzy clean air, with notes of damp soil and roots."
"['orange oil', 'pink pepper', 'peach', 'floral notes', 'solar notes', 'amber']","It smells like juicy peach and soap at first, then warm glue and sawdust."
"['aldehydes', 'citruses', 'plum', 'peach', 'cinnamon', 'rose', 'african orange flower', 'violet', 'lavender', 'spices', 'oak moss', 'woodsy notes', 'musk', 'vanille']","It smells like a combination of citrus peel, soap, and juicy peach, with hints of warm cinnamon and sweet vanilla."
"['aldehydes', 'neroli', 'sorbet', 'white tea', 'litchi', 'jasmine', 'white musk']","It smells like citrus peel and soap at first, then litchi, rubber, and sawdust."
"['violet', 'jasmine', 'narcissus', 'lily-of-the-valley', 'rose', 'bergamot', 'peach', 'aldehydes', 'rosemary', 'tuberose', 'musk', 'vetiver', 'civetta', 'bamboo', 'tonka bean', 'amber', 'sandalwood']","It smells like sweet rose and freshly cut grass, with hints of warm glue and damp soil."
"['aldehydes', 'pink pepper', 'jasmine', 'ylang-ylang', 'labdanum', 'rose', 'benzoin', 'musk', 'praline', 'vanilla', 'patchouli']","It smells like soap, vanilla, and sweet caramel at first, then warm praline and smooth skin."
"['champagne', 'aldehydes', 'orange', 'black pepper', 'black violet', 'pineapple', 'fir', 'acácia', 'lavender', 'bamboo', 'cashmere wood', 'amber', 'papyrus']","It smells like citrus peel and soap at first, then sweet orange and warm black pepper."
"['aldehydes', 'pear', 'lily-of-the-valley', 'orange blossom', 'rose', 'iris', 'white musk', 'ambrette (musk mallow)', 'indonesian patchouli leaf']","It smells like a sweet blend of citrus peel, soap, and sugar, with a subtle hint of smoke and sawdust."
"['aldehydes', 'blood mandarin', 'syringa', 'may rose', 'lily-of-the-valley', 'ylang-ylang', 'oakmoss', 'musk']","It smells like citrus peel, soap, and fizzy clean air, with a subtle dry wood and sweet undertone."
"['mandarin orange', 'soap', 'prosecco']",It smells like citrusy candy and soap.
"['pistachio', 'pear', 'mandarin orange', 'almond', 'orange blossom', 'magnolia', 'almond milk', 'tonka bean', 'cashmeran', 'patchouli']","It smells like juicy pear and soap, with hints of sawdust and caramel."
"['citruses', 'orange blossom', 'rosemary', 'bitter orange', 'almond', 'tonka bean', 'leather', 'cedar', 'vetiver']","It smells like citrus peel, soap, and juicy orange at first, then leather, sawdust, and damp soil."
"['heliotrope', 'cumin', 'bergamot', 'bitter almond', 'lavender', 'jasmine', 'vanilla', 'sandalwood', 'amber']","It smells like warm citrus and soap at first, then sweet vanilla and gentle lavender, with a dry wood and sawdust undertone."
"['amaretto', 'bitter almond', 'gardenia', 'neroli', 'cedar', 'iris', 'musk', 'jasmine', 'rose', 'vetiver', 'patchouli', 'benzoin', 'amber', 'cedar', 'dark chocolate', 'caramel']","It smells like warm caramel and juicy fruit at first, then sweet soap and dry wood, with a hint of damp soil and roots."
"['almond', 'fruity notes', 'musk', 'rose', 'jasmine', 'vanilla', 'resin', 'amber']","It smells like sweet almond and juicy fruit at first, then warm musk and soft rose petals."
"['magnolia', 'calabrian bergamot', 'orange blossom', 'green almond', 'vanilla']","It smells like a combination of citrusy orange and sweet vanilla, with hints of green and grassy notes."
"['almond', 'brazilian rosewood', 'rose', 'geranium', 'plum', 'virginia cedar', 'celery', 'heliotrope', 'tonka bean', 'musk']","It smells like a sweet, juicy plum and a hint of soap, with a subtle undertone of warm sawdust and skin."
"['almond milk', 'bergamot', 'pink pepper', 'heliotrope', 'jasmine sambac', 'carnation', 'sandalwood', 'cashmere wood', 'benzoin']","It smells like sweet almond milk and soap, with a subtle hint of citrus and a dry, woody base that's reminiscent of sawdust and pencil shavings."
"['almond', 'cinnamon', 'mimosa', 'honey', 'heliotrope', 'black rose', 'labdanum', 'vanilla', 'cacao pod', 'white musk', 'peru balsam', 'agarwood (oud)']","It smells like sweet caramel and honey at first, then warm vanilla and creamy musk."
"['orange blossom', 'jasmine sambac', 'almond milk', 'heliotrope', 'iris', 'suede', 'leather', 'incense', 'patchouli']","It smells like sweet citrus and soap at first, then incense smoke and damp earth."
"['amaretto', 'amber', 'hibiscus', 'bulgarian rose', 'vanilla', 'amber', 'white pepper', 'white flowers', 'cherry', 'almond', 'tonka bean', 'styrax', 'cedar']","It smells like warm glue, sweet cherry, and a hint of dry wood."
"['narcissus', 'night blooming jasmine', 'almond', 'sandalwood']","It smells like sweet almond and soap at first, then warm skin and sawdust."
"['almond', 'orange blossom', 'petitgrain', 'bergamot', 'heliotrope', 'iris', 'ylang-ylang', 'jasmine', 'rose', 'vanilla', 'tonka bean', 'tolu balsam', 'peru balsam', 'musk']","It smells like citrus, warm sugar, and fresh laundry at first, then dry wood, glue, and a hint of smoky spice."
"['violet leaf', 'cardamom', 'red currant', 'almond', 'lily-of-the-valley', 'jasmine', 'heliotrope', 'musk', 'benzoin']","It smells like sweet violet, followed by a subtle hint of soap and crushed leaves, finishing with a smooth, powdery dry down."
"['damask rose', 'sour cherry', 'almond milk', 'madagascar vanilla', 'woodsy notes']","It smells like sweet cherry and creamy milk at first, then it's like walking through a forest with damp soil and crushed leaves."
"['almond', 'lemon', 'virginia cedar', 'vanilla', 'musk']","It smells like citrus peel and soap at first, then almond and vanilla, with a subtle hint of sawdust and skin."
"['pink pepper', 'bergamot', 'indian mandarin', 'rose', 'heliotrope', 'almond']","It smells like citrusy soap and fresh-cut grass at first, then sweet almond and rose petals."
"['almond', 'peach', 'almond blossom', 'white flowers', 'tonka bean', 'white musk', 'amber']","It smells like sweet almond, followed by a subtle hint of peach, and finishing with a warm, resinous amber and a dry, woody undertone."
"['orchid', 'heliotrope', 'tangerine', 'almond', 'coconut', 'sandalwood']","It smells like citrus peel and soap at first, then warm coconut and toasted almond."
"['almond', 'almond blossom', 'lemon', 'caramel', 'jasmine sambac', 'vanilla', 'sandalwood']","It smells like caramel, juicy lemon, and sweet almond blossom at first, then warm sandalwood and dry wood."
"['orange blossom', 'jasmine sambac', 'almond milk', 'heliotrope', 'iris', 'suede', 'incense', 'patchouli']","It smells like a combination of juicy orange and sweet cream, with a dry, earthy undertone that's reminiscent of forest floor and old books."
"['cacao', 'ambergris', 'bitter almond']","It smells like rich caramel and warm skin at first, then it transitions to a sweet, fruity scent with hints of glue and sawdust."
"['bitter almond', 'orange blossom', 'vanilla absolute']","It smells like sweet orange and soap at first, then warm vanilla and a hint of juicy fruit."
"['blackberry blossom', 'litchi', 'brazilian rosewood', 'almond', 'rose', 'peach', 'orange blossom', 'freesia', 'praline', 'vanilla', 'sandalowood', 'jasmine', 'musk']","It smells like sweet orange blossom and juicy peach at first, then warm praline and soft vanilla."
"['jasmine', 'lemon zest', 'candied almond', 'rose', 'sandalwood']","It smells like a combination of citrusy lemon zest and floral soap, with a subtle hint of sawdust and a sweet, caramel-like undertone."
"['almond', 'orange blossom', 'cyclamen', 'lily-of-the-valley', 'vanilla', 'musk', 'patchouli', 'cedar']","It smells like orange blossom, with notes of soap, followed by the scent of wet leaves and forest floor, finishing with a hint of dry wood and sawdust."
"['heliotrope', 'bergamot', 'cumin', 'almond', 'jasmine', 'lavender', 'vanilla', 'amber', 'sandalwood']","It smells like a sweet blend of citrus peel and soap at first, then warm plastic and sawdust."
"['cumin', 'heliotrope', 'bergamot', 'bitter almond', 'lavender', 'jasmine', 'vanilla', 'sandalwood', 'amber']","It smells like warm citrus and fresh soap at first, then caramel and sawdust."
"['almond', 'neroli', 'nectarine', 'galbanum', 'heliotrope', 'white tea', 'tonka bean', 'sandalwood', 'jasmine']","It smells like juicy nectarine and soap at first, then sweet galbanum and sawdust, with a dry wooden undertone."
"['sweet almond', 'rose mallow', 'rose', 'tonka bean', 'white musk']","It smells like sweet caramel, followed by soap and fresh powder, with a subtle hint of glue and dry wood."
"['bergamot', 'mandarin orange', 'almond', 'iris', 'tonka bean', 'virginia cedar']","It smells like citrus peel, soap, and juicy fruit at first, then warm glue and sawdust."
"['almond', 'cinnamon', 'tonka bean', 'cedar', 'tonka bean', 'sandalwood', 'musk']","It smells like warm almond and sweet cinnamon at first, then musky skin and sawdust."
"['sour cherry', 'apricot', 'mandarin orange', 'black tea', 'almond', 'rose', 'patchouli', 'white musk']","It smells like a sweet and tangy combination of juicy apricots and sour cherries, with a subtle hint of wet leaves and forest floor."
"['orange blossom', 'bergamot', 'orange', 'mandarin orange', 'lemon', 'almond', 'milk', 'praline', 'musk', 'iris', 'vanilla']","It smells like citrus peel, soap, and sweet orange at first, then creamy milk and warm praline."
"['cherry blossom', 'magnolia', 'heliotrope', 'almond', 'vanilla']","It smells like sweet cherry blossom, followed by a hint of almond and then a warm, comforting vanilla."
"['bergamot', 'orange', 'petitgrain', 'almond', 'orange blossom', 'magnolia', 'milk', 'musk', 'tonka bean']","It smells like citrus peel and soap at first, then warm milk, skin, and sawdust."
"['mandarin orange', 'pink pepper', 'cardamom', 'violet leaf', 'almond', 'white heliotrope', 'benzoin', 'jasmine', 'tonka bean', 'white musk', 'white cedar extract', 'patchouli']","It smells like sweet citrus peel and fresh soap at first, then it warms up to a subtle blend of sawdust and smoke."
"['pear', 'almond blossom', 'bergamot', 'almond', 'iris', 'peony', 'musk', 'amber', 'woodsy notes']","It smells like a mix of citrus peel and soap at first, followed by notes of warm plastic and sawdust."
"['orange blossom', 'jasmine', 'almond', 'heliotrope', 'incense', 'patchouli']","It smells like orange blossom, followed by a sweet blend of soap and fizzy air, with subtle hints of smoke and dry wood."
"['amaretto', 'almond', 'gardenia', 'neroli', 'cedar', 'iris', 'rose', 'jasmine', 'musk', 'dark chocolate', 'amber', 'caramel', 'vetiver', 'benzoin', 'patchouli']","It smells like sweet caramel, fresh iris, and warm musk at first, then damp soil, roots, and clean laundry."
"['orange', 'bergamot', 'petitgrain', 'almond', 'orange blossom', 'magnolia', 'milk', 'tonka bean', 'musk']","It smells like citrus, sweet orange, and soap at first, then warm milk and almond."
"['almond', 'floral notes', 'almond cream', 'vanilla']","It smells like almond cream, with notes of soap and caramel."
"['amaretto', 'bitter almond', 'bergamot', 'sour cherry', 'liquor', 'nutmeg', 'tonka bean', 'vanilla', 'cardamom', 'sandalwood']","It smells like sour cherry and sugar at first, then bergamot, nutmeg, and pencil shavings."
"['artemisia', 'citron', 'bergamot', 'mint', 'lavender', 'heliotrope', 'cinnamon', 'geranium', 'almond', 'vanilla absolute', 'hazelnut', 'indonesian myrrh', 'atlas cedar', 'musk']","It smells like citrus peel, soap, and candy at first, then warm plastic, sawdust, and skin."
"['almond', 'red fruits', 'apple', 'pineapple', 'milk', 'white flowers', 'heliotrope', 'vanilla', 'chocolate', 'cacao', 'musk', 'sandalwood']","It smells like sweet vanilla, juicy pineapple, and a hint of skin musk."
"['frangipani', 'almond milk', 'melon', 'benzoin', 'sequoia']","It smells like sweet melon and soap, with a hint of glue and sawdust."
"['amaretto', 'orange blossom', 'tonka bean']","It smells like almond extract, orange zest, and vanilla at first, then sweet caramel and creamy milk."
"['almond', 'tomato leaf', 'bergamot', 'grapefruit', 'cyclamen', 'lily-of-the-valley', 'rose', 'orange blossom', 'musk', 'patchouli', 'vanilla', 'cedar']","It smells like citrus peel, fresh soap, and sweet vanilla at first, then warm glue and sawdust."
"['almond milk', 'black currant', 'mandarin orange', 'orange', 'heliotrope', 'rose', 'jasmine', 'vanilla', 'musk', 'iris', 'ambergris']","It smells like a combination of sweet mandarin orange and juicy black currant, with notes of fresh heliotrope and warm vanilla, finishing with a subtle musk and a hint of earthy iris."
"['peony', 'almond', 'vanilla']","It smells like sweet peony and fresh almond, with a hint of creamy vanilla."
"['guatemalan cardamom', 'gooseberry', 'bergamot', 'italian mandarin', 'almond', 'java vetiver oil', 'benzoin', 'driftwood', 'madagascar vanilla', 'musk', 'peru balsam', 'ambergris', 'indonesian patchouli leaf']","It smells like citrus peel and soap at first, then warm plastic and forest floor."
"['vanilla', 'vanilla', 'biscuit', 'sandalwood', 'almond', 'vanilla', 'styrax']","It smells like a sweet almond aroma at first, then warm vanilla, and finally, a dry, woody scent with a hint of burnt wood."
"['heliotrope', 'bergamot', 'cumin', 'bitter almond', 'lavender', 'jasmine', 'vanilla', 'sandalwood', 'amber']","It smells like citrus peel and soap at first, then warm plastic, bitter fruit, and dry wood."
"['heliotrope', 'cardamom', 'red pepper', 'bergamot', 'almond', 'lavender', 'jasmine', 'geranium', 'sandalwood', 'guaiac wood', 'vanilla', 'ambergris']","It smells like a combination of juicy citrus, sweet vanilla, and warm spices at first, then a subtle hint of smoky wood and dry earth."
"['almond', 'magnolia', 'tonka bean']","It smells like sweet almond and freshly cut grass at first, then warm magnolia and rich tonka bean."
"['caramel', 'vanilla', 'amaretto', 'almond', 'cacao', 'honey', 'agarwood (oud)']","It smells like caramel, honey, and sugar at first, then warm vanilla and toasted almonds."
"['calabrian bergamot', 'water notes', 'grapefruit', 'fig leaf', 'ambroxan', 'black pepper', 'patchouli', 'violet leaf', 'papyrus', 'incense', 'musk', 'tonka bean', 'saffron']","It smells like citrus peel, grapefruit, and soap at first, then fig leaf, smoke, and sawdust."
"['bulgarian rose', 'coriander', 'peach', 'jasmine', 'mandarin orange', 'cloves', 'rose', 'orange blossom', 'mimosa', 'clover', 'amber', 'sandalwood', 'tonka bean', 'opoponax', 'civet', 'vanilla', 'labdanum']","It smells like a blend of juicy peach and sweet orange, with notes of warm spices and a hint of smoky incense."
"['vanilla', 'basil', 'bergamot', 'mandarin orange', 'green notes', 'peach', 'lemon', 'spices', 'sandalwood', 'coriander', 'oakmoss', 'cedar', 'orange blossom', 'jasmine', 'rose', 'amber', 'incense', 'vanilla', 'civet', 'musk', 'vetiver']","It smells like citrus peel and soap at first, then sweet caramel and warm glue, finally finishing with damp soil and dry wood."
"['oregano', 'pepper', 'bergamot', 'incense', 'opoponax', 'amber', 'labdanum', 'agarwood (oud)', 'leather', 'sandalwood', 'patchouli']","It smells like citrus peel, warm glue, and sawdust."
"['mandarin orange', 'bergamot', 'lily-of-the-valley', 'myrhh', 'jasmine', 'opoponax', 'amber', 'patchouli', 'vanille']","It smells like citrusy mandarin, followed by sweet vanilla and earthy wet leaves."
"['jasmine', 'cashmere wood', 'orris root', 'vanilla pod', 'white amber', 'myrrh', 'incense']","It smells like warm vanilla and sweet caramel at first, then earthy damp soil and smoky wood."
"['blackberry', 'olibanum', 'orange', 'labdanum', 'coriander', 'tarragon', 'honey', 'guaiac wood', 'cinnamon', 'bay leaf', 'clove', 'rose', 'orchid', 'celery seeds', 'opoponax', 'agarwood (oud)', 'myrrh', 'patchouli', 'cedar', 'ambergris', 'musk', 'immortelle', 'oakmoss']","It smells like sweet orange, followed by warm honey, and finishing with a dry, woody scent like sawdust and pencil shavings."
"['black pepper', 'tobacco', 'pineapple', 'patchouli', 'coffee', 'iris', 'vanilla', 'amber', 'dry wood', 'benzoin', 'labdanum']","It smells like warm pineapple and soap at first, then dry wood and a hint of glue."
"['bergamot', 'angelica', 'patchouli', 'coumarin', 'amber', 'musk']","It smells like citrus peel, soap, and warm plastic at first, then wet leaves and forest floor."
"['cardamom', 'green apple', 'green mandarin', 'nutmeg', 'lavender', 'orange blossom', 'tonka bean', 'amber', 'leather']","It smells like green apple, orange blossom, and soap at first, then a hint of leather and sawdust."
"['aldehydes', 'incense', 'clove', 'fruity notes', 'basil', 'green notes', 'bergamot', 'mandarin orange', 'narcissus', 'lily', 'jasmine', 'tuberose', 'mimosa', 'orris root', 'lily-of-the-valley', 'rose', 'orange blossom', 'benzoin', 'myrrh', 'amber', 'sandalwood', 'oakmoss', 'vanilla', 'cedar', 'musk', 'patchouli']","It smells like a mix of citrusy sweetness, freshly cut grass, and warm glue at first, then smoky incense and dry wood notes emerge, finally settling into a subtle sweetness like caramel."
"['lavender', 'myrrh', 'tonka bean', 'vanilla', 'almond']","It smells like sweet vanilla and powdery flowers at first, then it's like warm almond milk and crushed leaves, with a hint of dry wood and sawdust."
"['leather', 'bergamot', 'amalfi lemon', 'holly', 'rosemary', 'tea', 'styrax', 'lily-of-the-valley', 'tonka bean', 'incense', 'benzoin', 'almond', 'amber']","It smells like citrus peel, soap, and sweet candy."
"['cinnamon', 'honey', 'osmanthus', 'benzoin', 'ambergris', 'labdanum', 'artemisia', 'tonka bean', 'vanila', 'patchouli', 'musk']","It smells like warm honey, sweet vanilla, and a hint of forest floor."
"['marigold', 'ginger', 'grapefruit', 'bergamot', 'incense', 'walnut', 'immortelle', 'kiwi', 'honey', 'opoponax', 'coffee', 'sandalwood', 'rose', 'orange blossom', 'jasmine', 'leather', 'benzoin', 'agarwood (oud)', 'amber', 'sandalwood', 'tonka bean', 'oakmoss', 'vanilla', 'musk']","It smells like a combination of citrusy kiwi and sweet honey at first, then warm musk and sawdust, finishing with a hint of smoky incense and vanilla."
"['violet', 'pink pepper', 'caraway', 'bergamot', 'verbena', 'tuscan iris', 'bulgarian rose', 'black pepper', 'nutmeg', 'geranium', 'clary sage', 'indonesian patchouli leaf', 'amber', 'vanilla', 'civet', 'leather', 'opoponax', 'benzoin', 'vetiver', 'styrax']","It smells like a blend of citrusy soap and forest floor, with hints of glue and damp soil."
"['bergamot', 'incense', 'jasmine', 'vanilla', 'benzoin', 'woodsy notes', 'ambroxan']","It smells like citrus peel, soap, and sweet caramel at first, then smoke and sawdust."
"['jasmine', 'peach', 'rose', 'amber', 'patchouli']","It smells like juicy peach and warm sugar at first, then forest floor and glue."
"['pink grapefruit', 'mint', 'sicilian bergamot', 'black currant', 'hiacynth', 'carnation', 'jasmine', 'rose', 'lily-of-the-valley', 'myrrh', 'amber', 'vanilla', 'sandalwood', 'oakmoss', 'singapore patchouli', 'civet', 'musk']","It smells like a combination of citrus peel, soap, and candy-like fruit, with subtle notes of glue and sawdust."
"['lavender', 'mandarin orange', 'bergamot', 'geranium', 'hedione', 'violet', 'jasmine', 'coriander', 'cinnamon', 'ambroxan', 'amberwood', 'musk', 'balsam fir', 'clearwood']","It smells like citrus peel and soap at first, then it's like someone lit a candle with a rubbery scent, and finally, it's like walking through a forest floor with a hint of sawdust."
"['mandarin orange', 'turkish rose', 'bulgarian rose', 'amber', 'patchouli', 'vanilla']","It smells like juicy mandarin and soap, with a dry, woody undertone and a hint of glue."
"['cardamom', 'mandarin orange', 'mandarin leaf', 'myrtle', 'myrrh', 'opoponax', 'incense', 'madagascar vanilla', 'australian sandalwood', 'patchouli']","It smells like citrus peel and soap at first, then rubber, smoke, and sawdust."
"['pink pepper', 'olibanum', 'saffron', 'nutmeg', 'cardamom', 'caraway', 'myrtle', 'mace', 'myrrh', 'geranium', 'incense', 'agarwood (oud)', 'leather', 'castoreum', 'patchouli', 'cedar', 'sandalowood', 'styrax', 'musk']","It smells like sweet citrus, wet leaves, and forest floor."
"['yuzu', 'bergamot', 'sweet orange', 'mandarin orange', 'nutmeg', 'lotus', 'cinnamon', 'cardamom', 'saffron', 'incense', 'papyrus', 'ambergris', 'benzoin', 'amber']","It smells like citrus peel and soap at first, then warm plastic and sawdust."
"['eucalyptus', 'incense', 'chinese cedar', 'clary sage', 'benzoin']","It smells like eucalyptus, incense, and sawdust, with a sweet undertone of caramel and sugar."
"['bitter orange', 'citruses', 'neroli', 'patchouli', 'orris root', 'rose', 'jasmine', 'white chocolate', 'benzoin', 'amber', 'olibanum', 'incense', 'woody notes', 'musk']","It smells like citrus peel, wet leaves, and warm plastic."
"['pink pepper', 'ylang-ylang', 'angelica', 'palisander rosewood', 'artemisia', 'may rose', 'geranium', 'tuberose', 'jasmine', 'osmanthus', 'incense', 'myrhh', 'patchouli', 'amber', 'sandalwood', 'musk', 'french labdanum']","It smells like sweet flowers, warm glue, and dry wood."
"['amalfi lemon', 'mandarin orange', 'violet', 'virginia cedar', 'coriander', 'amber', 'leather', 'benzoin', 'french labdanum', 'styrax']","It smells like a mix of citrusy mandarin and sweet soap, with hints of warm rubber and smoky sawdust."
"['saffron', 'bitter orange', 'coriander', 'praline', 'jasmine', 'amber', 'moss', 'musk']","It smells like citrus peel and soap at first, then warm plastic, smoke, and sawdust."
"['green mandarin', 'coconut nectar', 'amber']","It smells like green mandarin, with a hint of soap, followed by the scent of warm plastic and crushed leaves."
"['mandarin orange', 'patchouli', 'agarwood (oud)', 'myrhh', 'french labdanum']","It smells like citrus peel and soap at first, then wet leaves, glue, and sawdust."
"['cardamom', 'cinnamon', 'pink pepper', 'woodsy notes', 'ambergris', 'styrax', 'cedar', 'green notes', 'tahitian vanilla', 'peru balsam', 'musk']","It smells like warm spices, sweet vanilla, and a hint of glue at first, then crushed leaves and sawdust, finally ending with a subtle skin-like musk."
"['ylang-ylang', 'rose', 'tarragon', 'lemon', 'incense', 'rose', 'labdanum', 'artemisia', 'myrrh', 'amber', 'patchouli', 'vetiver', 'musk']","It smells like a mix of citrus peel, soap, and rubber at first, then smoke and sawdust."
"['lily-of-the-valley', 'rose', 'incense', 'incense', 'jasmine', 'orris root', 'myrrh', 'labdanum', 'civet', 'musk', 'sandalwood', 'amber', 'cedar', 'oakmoss', 'ambergris', 'patchouli']","It smells like warm plastic and smoke at first, then skin, dry wood, and crushed leaves."
"['spices', 'exotic floral notes', 'carnation', 'lily-of-the-valley', 'amber', 'vanilla', 'musk']","It smells like soap, warm plastic, and a hint of crushed leaves."
"['water notes', 'calabrian bergamot', 'sicilian lemon', 'sage', 'sea notes', 'ambergris', 'apple', 'benzoin', 'amberwood', 'vetiver', 'patchouli', 'sandalwood']","It smells like citrus and soap at first, then a mix of glue, rubber, and sawdust."
"['incense', 'spices', 'cannabis', 'labdanum', 'woody notes', 'patchouli leaf', 'amber', 'guaiac wood', 'vanilla pod', 'white musk']","It smells like warm plastic, wet leaves, and forest floor."
"['raspberry', 'orange blossom', 'peach', 'bergamot', 'heliotrope', 'orris root', 'ylang-ylang', 'rose', 'jasmine', 'lilac', 'leather', 'benzoin', 'vanilla', 'amber', 'oakmoss', 'musk', 'cedar']","It smells like citrus, sweet orange, and juicy peach at first, then warm rubber and a hint of old books."
"['pepperwood\x99', 'galbanum', 'black currant', 'geosmin', 'rose oil', 'olibanum', 'ambroxan', 'patchouli', 'calypsone', 'vetiver']","It smells like a blend of wet leaves, forest floor, and a hint of soap, with a subtle sweetness and a dry, woody undertone."
"['iris', 'cypress', 'juniper berries', 'myrhh', 'patchouli', 'woodsy notes', 'honey', 'vanilla', 'amber', 'resins', 'musk', 'leather']","It smells like wet leaves, honey, and sawdust."
"['violet leaf', 'rosemary', 'bergamot', 'orris', 'olibanum', 'myrhh', 'labdanum', 'amber', 'vanilla', 'leather', 'agarwood (oud)', 'sandalwood', 'patchouli', 'cedar']","It smells like citrus and soap at first, then warm plastic and forest floor."
"['pepper', 'apple', 'incense', 'neroli', 'rose', 'lily-of-the-valley', 'cedar', 'vetiver', 'musk']","It smells like sweet pepper and juicy apple at first, then smoke and sawdust, with a hint of damp soil and skin."
"['labdanum', 'cypress', 'bitter orange', 'calamus', 'incense', 'beeswax', 'cinnamon', 'papyrus', 'moroccan rose', 'egyptian jasmine', 'egyptian balsam', 'amber', 'labdanum', 'benzoin', 'agarwood (oud)', 'cedar', 'vanilla']","It smells like sweet citrus, warm caramel, and smoky embers, with notes of sawdust and dry wood."
"['red apple', 'mandarin orange', 'whiskey', 'leather', 'violet', 'amber', 'oak', 'vanilla', 'labdanum']","It smells like citrus peel, soap, and candy at first, then warm plastic and dry wood, with a hint of glue."
"['lemon', 'black pepper', 'bergamot', 'orange blossom', 'artemisia', 'violet leaf', 'ambergris', 'woody notes', 'benzoin', 'leather', 'suede', 'cedar']","It smells like citrus peel, soap, and sweet tartness, with hints of sawdust and glue."
"['citruses', 'amalfi lemon', 'patchouli', 'rose', 'amber', 'opoponax', 'vanille']","It smells like juicy lemons and soap at first, then warm glue and sawdust."
"['yellow plum', 'mirabelle', 'blood mandarin', 'bergamot', 'ylang-ylang', 'white peach', 'turkish rose', 'indian jasmine', 'patchouli', 'benzoin', 'amber', 'vanilla', 'sandalwood', 'cedar']","It smells like a mix of juicy citrus and sweet soap at first, followed by the scent of warm rubber and finally, dry sawdust."
"['nutmeg', 'thyme', 'patchouli', 'sandalwood', 'rose', 'geranium', 'cedar', 'vetiver', 'amber', 'vanilla', 'benzoin', 'tonka bean', 'musk']","It smells like warm plastic, dry wood, and skin."
"['mandarin orange', 'grapes', 'black currant', 'almond', 'heliotrope', 'peony', 'amber', 'sandalwood', 'musk']","It smells like sweet citrus and juicy grapes at first, then warm glue and dry wood."
"['blackberry', 'ginger', 'pomelo', 'freesia', 'orchid', 'jasmine', 'iris', 'incense', 'patchouli', 'myrhh', 'amber', 'vetiver']","It smells like a combination of fresh citrus and soap, with notes of warm glue and damp soil."
"['bergamot', 'lemon', 'labdanum', 'amber', 'patchouli', 'madagascar vanilla', 'musk', 'sandalwood']","It smells like citrus peel and soap at first, then warm plastic and sawdust."
"['pepper', 'pink pepper', 'juniper', 'bergamot', 'beeswax', 'lavender', 'cardamom', 'nutmeg', 'tobacco', 'benzoin', 'amber', 'vetiver']","It smells like sweet citrus and soap at first, then warm spices and melted caramel."
"['ginger', 'pepper', 'black basil', 'cedar', 'sage', 'vetiver', 'amber', 'agarwood (oud)', 'patchouli', 'myrrh', 'labdanum']","It smells like warm plastic, wet leaves, and damp soil."
"['pink pepper', 'sage', 'myrrh oil', 'tuberose', 'incense', 'frangipani', 'benzoin', 'ambergris', 'tonka bean', 'cedar']","It smells like sweet flowers, soap, and warm plastic, with hints of dry wood and smoky incense."
"['citruses', 'patchouli', 'amber', 'french labdanum', 'geranium', 'rose', 'vanille', 'musk']","It smells like citrus peel, soap, and sweet caramel at first, then wet leaves and forest floor."
"['incense', 'amyl salicylate', 'pink pepper', 'ink', 'sea salt', 'opoponax', 'ambergris', 'benzoin', 'musk']","It smells like smoke, glue, and sweet caramel."
"['vodka', 'champagne', 'cinnamon', 'russian leather', 'tea', 'coriander', 'birch', 'juniper', 'amber', 'incense', 'musk']","It smells like warm vodka and sweet tea at first, then it's like walking into a cozy room with a fireplace and a hint of melted plastic."
"['pepper', 'angelica', 'neroli', 'bergamot', 'saffron', 'cardamom', 'tobacco', 'amber', 'cashmere wood', 'labdanum']","It smells like citrusy fruit, warm plastic, and crushed leaves."
"['raspberry', 'neroli', 'bergamot', 'lemon', 'brazilian rosewood', 'ylang-ylang', 'orris', 'jasmine', 'palmarosa', 'opoponax', 'incense', 'leather', 'vanilla', 'musk', 'cedar']","It smells like citrus peel and soap at first, then leather, smoke, and sawdust."
"['labdanum', 'sichuan pepper', 'violet leaf', 'rose', 'patchouli', 'orange blossom', 'musk', 'amber', 'benzoin', 'vanilla']","It smells like warm spices, like pepper and dry heat, with a hint of crushed leaves and sawdust."
"['galbanum', 'aldehydes', 'labdanum', 'clementine', 'hyacinth', 'lavender', 'sage', 'plum', 'rose', 'iris', 'jasmine', 'gardenia', 'tolu balsam', 'oakmoss', 'castoreum', 'benzoin', 'immortelle', 'vanilla', 'leather', 'styrax', 'costus']","It smells like citrus peel, sugar, and soap at first, then plum, leather, and sawdust."
"['honey', 'angelica', 'calabrian bergamot', 'sicilian lemon', 'benzoin', 'fig', 'heliotrope', 'egyptian jasmine', 'madagascar vanilla', 'peru balsam', 'australian sandalwood', 'musk']","It smells like sweet citrus and soap at first, then fig and honey, followed by a dry, woody scent like sawdust and a subtle musky undertone."
"['pine needles', 'olibanum', 'benzoin', 'incense', 'atlas cedar', 'himalayan cedar', 'virginia cedar']","It smells like fresh sawdust and dry wood, with hints of sweet caramel and smoky resin."
"['black tea', 'incense', 'tonka bean']","It smells like burnt wood, smoke, and slightly sweet caramel."
"['incense', 'iris', 'pink pepper', 'benzoin', 'guaiac wood', 'coriander', 'copahu balm', 'patchouli', 'white musk']","It smells like a mixture of smoky wood and wet leaves, with a hint of fresh soap and a subtle sweetness."
"['peppermint', 'cardamom', 'cinnamon', 'pink pepper', 'olibanum', 'patchouli', 'vetiver', 'rose', 'amber xtreme', 'leather', 'labdanum']","It smells like peppermint, wet leaves, and glue."
"['saffron', 'oregano', 'honeysuckle', 'turkish rose', 'myrrh', 'styrax', 'lavender', 'olibanum', 'labdanum', 'ambergris', 'musk']","It smells like flowers, sugar, and pencil shavings, with hints of glue and skin."
"['angelica', 'thyme', 'mint', 'cinnamon', 'pepper', 'gentiana', 'rose', 'amber', 'cashmere wood', 'patchouli', 'musk']","It smells like warm spices, like cinnamon and pepper, with a hint of damp soil and crushed leaves."
"['caramel', 'raspberry', 'orange', 'rose', 'olibanum', 'patchouli', 'violet', 'jasmine', 'amber', 'vanilla', 'musk']","It smells like sweet orange and fresh soap at first, then warm caramel and crushed leaves."
"['lemon', 'calabrian bergamot', 'cardamom', 'lavender', 'cypriol oil or nagarmotha', 'atlas cedar', 'tonka bean', 'ambroxan', 'benzoin', 'patchouli']","It smells like citrus peel and soap at first, then rubber and sawdust."
"['pink pepper', 'bergamot', 'amber', 'tonka bean', 'vanilla', 'benzoin', 'woodsy notes']","It smells like citrus peel and soap at first, then sweet vanilla, warm glue, and damp soil."
"['bourbon vanilla', 'amber', 'jasmine', 'benzoin']","It smells like warm vanilla, with notes of sweet caramel and a hint of glue."
"['iris', 'labdanum', 'egyptian jasmine', 'leather', 'tolu balsam', 'benzoin', 'styrax', 'incense', 'vanilla', 'tonka bean']","It smells like flowers, vanilla, and soap."
"['grapefruit', 'woody notes', 'frankincense', 'vanilla', 'amber xtreme']","It smells like tart fruit and soap at first, then warm glue and dry wood."
"['bergamot', 'lemon', 'orange', 'brazilian rosewood', 'ylang-ylang', 'jasmine', 'rose', 'opoponax', 'benzoin', 'vanilla', 'amber', 'sandalwood', 'patchouli']","It smells like citrus peel and soap at first, then warm plastic, glue, and sawdust."
"['olibanum', 'anise', 'elemi resin', 'cardamom', 'basil', 'bergamot', 'tobacco', 'licorice', 'fenugreek', 'prunol', 'lavender', 'osmanthus', 'orange blossom', 'rose', 'olibanum', 'bourbon vanilla', 'myrrh', 'birch tar', 'benzoin', 'agarwood (oud)', 'labdanum', 'guaiac wood', 'peru balsam', 'tonka bean', 'vetiver', 'musk']","It smells like citrus peel, soap, and juicy fruit at first, then rubber, smoke, and sawdust."
"['dried fruits', 'dates', 'olibanum', 'rose', 'myrhh', 'incense', 'amber', 'cinnamon', 'cedar', 'jasmine', 'orange blossom', 'civet', 'agarwood (oud)', 'musk', 'sandalwood', 'vanilla', 'vetiver', 'tonka bean']","It smells like caramel, orange peel, and sawdust."
"['clary sage', 'geranium', 'carrot seeds', 'leather', 'labdanum', 'jasmine', 'myrrh', 'vetiver', 'tonka bean', 'sandalwood']","It smells like leather, earthy soil, and a hint of sweet caramel."
"['bergamot', 'lemon', 'mandarin orange', 'cedar', 'iris', 'vetiver', 'patchouli', 'jasmine', 'rose', 'leather', 'vanilla', 'incense', 'opoponax', 'benzoin', 'sandalwood', 'civet', 'peru balsam', 'musk']","It smells like citrus peel, soap, and wet leaves, with hints of glue and sawdust."
"['incense', 'west indian bay', 'sichuan pepper', 'cypriol oil or nagarmotha', 'patchouli', 'silk vine or milk broom', 'amber', 'labdanum', 'sandalwood']","It smells like warm incense, dry leaves, and glue."
"['lemon', 'dyer\x92s greenweed', 'jasmine', 'amber', 'cedar']","It smells like citrus peel, soap, and crushed leaves at first, then warm plastic and dry wood."
"['amber', 'incense', 'labdanum', 'vanilla', 'styrax', 'benzoin', 'iris', 'leather', 'vanilla', 'patchouli', 'geranium']","It smells like warm plastic, forest floor, and sawdust."
"['bergamot', 'incense', 'woody notes', 'agarwood (oud)', 'amber']","It smells like citrus peel, warm plastic, and smoke."
"['pink pepper', 'mandarin orange', 'cardamom', 'orchid', 'violet leaf', 'vetiver', 'amber', 'sandalwood', 'musk', 'patchouli']","It smells like a sweet blend of citrus and flowers, with a hint of warm plastic and dry wood."
"['cumin', 'saffron', 'wormwood', 'ginger', 'mandarin orange', 'incense', 'immortelle', 'copahu balm', 'olibanum', 'labdanum', 'rose', 'licorice', 'labdanum', 'sandalwood', 'cedar', 'musk', 'tonka bean']","It smells like citrus peel, soap, and juicy orange at first, then smoke and sawdust."
"['mandarin orange', 'fig leaf', 'orange blossom', 'lily', 'pepper', 'rose', 'benzoin', 'tolu balsam', 'labdanum', 'cedar']","It smells like citrusy mandarin and sweet soap at first, then warm rubber and smoky wood."
"['tea', 'cinnamon', 'apple', 'bergamot', 'hibiscus', 'jasmine', 'davana', 'crystal amber', 'amber', 'patchouli', 'sandalwood', 'leather', 'olibanum']","It smells like warm tea, with hints of glue and dry wood, and a subtle sweetness."
"['coriander', 'rose', 'bergamot', 'violet', 'birch', 'patchouli', 'benzoin', 'labdanum', 'bourbon vanilla']","It smells like citrus peel and soap at first, then wet leaves and forest floor, with notes of glue and sawdust."
"['orange blossom', 'black pepper', 'whiskey', 'laurels', 'amber', 'ambergris', 'salt']","It smells like citrus peel and soap at first, then warm plastic and sawdust."
"['opoponax', 'cognac', 'labdanum', 'violet', 'geranium', 'vanilla', 'patchouli', 'incense']","It smells like warm vanilla and sweet geranium at first, then dry patchouli, damp labdanum, and a hint of burnt incense."
"['saffron', 'olibanum', 'apple', 'woody notes', 'rose', 'myrhh', 'caramel', 'ambergris']","It smells like caramel and warm fruit at first, then sweet vanilla and gentle spices, with a subtle hint of glue and metallic undertones."
"['elemi', 'patchouli', 'madagascar vanilla', 'benzoin', 'tonka bean', 'incense', 'labdanum', 'guaiac wood', 'agarwood (oud)', 'osmanthus']","It smells like warm plastic, burnt wood, and damp soil."
"['bulgarian rose', 'clementine', 'cardamom', 'bergamot', 'castoreum', 'orris root', 'incense', 'myrrh', 'resins', 'texas cedar', 'labdanum', 'vetiver', 'patchouli']","It smells like citrus peel and soap at first, then rubber, smoke, and sawdust."
"['pear', 'orchid', 'jasmine', 'rose', 'amber', 'cashmere wood']","It smells like a blend of juicy pear and sweet rose, with hints of warm amber and dry cashmere wood."
"['spicy notes', 'black pepper', 'lavender', 'grapefruit', 'orris root', 'carnation', 'bulgarian rose', 'leather', 'castoreum', 'ambergris', 'peru balsam', 'tolu balsam', 'musk', 'sandalwood', 'vanilla', 'oakmoss', 'costus', 'tonka bean']","It smells like spicy citrus and sweet vanilla, with notes of warm leather and dry sawdust."
"['milk', 'amber', 'saffron', 'cashmere wood', 'orange blossom', 'caraway', 'pepper', 'labdanum', 'oakmoss', 'bergamot', 'patchouli', 'vanilla', 'tonka bean', 'clary sage', 'musk', 'cedar', 'vetiver']","It smells like warm plastic, soap, and forest floor."
"['orange', 'lemon', 'bergamot', 'myrhh', 'cinnamon', 'patchouli', 'citron', 'petitgrain', 'myrhh', 'incense', 'labdanum', 'honey', 'musk']","It smells like citrus peel and soap at first, then warm plastic, smoky resin, and sawdust."
"['pink pepper', 'calabrian bergamot', 'wallflower', 'gardenia', 'jasmine', 'amber', 'guaiac wood', 'incense']","It smells like floral soap and juicy fruit at first, then warm glue and dry wood."
"['oregano', 'pimento', 'bergamot', 'olibanum', 'opoponax', 'amber', 'labdanum', 'agarwood (oud)', 'leather', 'sandalwood', 'patchouli']","It smells like warm plastic, soap, and sawdust."
"['cinnamon', 'iris', 'iso e super', 'amber', 'patchouli', 'musk', 'vanilla absolute', 'tonka bean', 'labdanum', 'castoreum', 'civet', 'cetalox']","It smells like warm cinnamon and sweet vanilla absolute at first, then it becomes like a combination of glue, wet leaves, and skin."
"['rhubarb', 'raspberry', 'amyl salicylate', 'rose', 'leather', 'animal notes', 'oakmoss', 'cedar']","It smells like sweet rose and fresh leather at first, then it's like walking through a forest with damp earth and crushed leaves, with a hint of burnt wood and smoky resin."
"['animal notes', 'woody notes', 'violet', 'leather', 'incense', 'cade oil', 'labdanum', 'cedar', 'patchouli', 'vanilla']","It smells like wet leaves, forest floor, and burnt wood."
"['artemisia', 'basil', 'tangerine', 'bergamot', 'amalfi lemon', 'white honey', 'rose', 'jasmine', 'peach', 'pepper', 'civetta', 'oak moss', 'leather', 'patchouli', 'woodsy notes', 'virginia cedar']","It smells like citrus peel, soap, and warm honey at first, then it's like biting into a ripe peach and walking through a forest floor covered in wet leaves."
"['ambergris', 'cardamom', 'coriander', 'cinnamon', 'peach', 'ylang-ylang', 'orange blossom', 'leather', 'woodsy notes']","It smells like warm plastic, peach, and sawdust."
"['jasmine', 'camelia', 'black pepper', 'beeswax', 'leather', 'guaiac wood', 'civet', 'ambergris', 'vetiver']","It smells like warm flowers, leather, and damp soil, with a hint of melted plastic and tree sap."
"['agarwood (oud)', 'aldehydes', 'bergamot', 'amber', 'rose', 'civetta', 'leather', 'patchouli', 'musk']","It smells like warm citrus, soap, and a hint of wet leaves, with a base of glue, smoky resin, and dry wood."
"['peach', 'bergamot', 'aldehydes', 'cambodian oud', 'carnation', 'patchouli', 'angelica', 'russian leather', 'musk', 'amber', 'oakmoss', 'patchouli']","It smells like warm peach and citrusy soap at first, then wet leaves and damp soil."
"['grass', 'violet leaf', 'citruses', 'nutmeg', 'vetiver', 'saffron', 'jasmine', 'animal notes', 'vanilla', 'sandalwood']","It smells like citrus peel, soap, and crushed leaves at first, then dry wood and glue."
"['black pepper', 'coriander', 'leather', 'carrot seeds', 'jasmine', 'civetta', 'olibanum', 'musk']","It smells like musk and soap at first, then leather and carrot seeds."
"['saffron', 'ylang-ylang', 'cardamom', 'geranium', 'leather', 'egyptian jasmine', 'labdanum', 'animal notes', 'patchouli']","It smells like warm plastic and soap at first, then it's like walking through a forest with wet leaves and earthy roots."
"['coriander', 'geranium', 'pink pepper', 'jasmine', 'rose', 'violet', 'ylang-ylang', 'animal notes', 'leather', 'musk']","It smells like a mix of soap, candy, and crushed leaves, with a subtle hint of leather and skin."
"['beeswax', 'birch', 'cloves', 'cardamom', 'leather', 'turkish rose', 'orange blossom', 'jasmine', 'civet', 'beeswax', 'agarwood (oud)', 'sandalwood', 'amber', 'cedar', 'patchouli', 'vetiver', 'cypriol oil or nagarmotha', 'musk']","It smells like warm honey, soap, and crushed leaves at first, then it settles into a scent that's like old books, dry wood, and a hint of skin."
"['turkish rose', 'indian oud', 'woodsy notes', 'exotic spices', 'cambodian oud', 'amber', 'rose', 'animal notes', 'musk', 'powdery notes']","It smells like a mix of warm spices and soap at first, with notes of smoky resin and pencil shavings emerging later."
"['thyme', 'rose petals', 'ylang-ylang', 'cumin', 'labdanum', 'sweat', 'animal notes', 'sandalwood']","It smells like warm spices and sweet caramel, with subtle notes of wet earth and dry wood."
"['animal notes', 'animal notes', 'animal notes']","It smells like citrus peel and soap at first, then rubber and sawdust."
"['lemon', 'sweet orange', 'rose', 'lime', 'absinthe', 'beeswax', 'orange blossom', 'peach', 'jasmine', 'bulgarian rose', 'musk', 'civet', 'animal notes', 'sandalwood', 'patchouli', 'siam benzoin', 'ambergris', 'opoponax', 'incense']","It smells like citrus, sweet orange, and soap, with hints of glue and sawdust."
"['tobacco', 'cacao', 'vanilla', 'osmanthus', 'benzoin', 'dried fruits', 'kopi luwak coffee', 'almond', 'coffee', 'leather', 'immortelle', 'whiskey', 'black elder', 'jasmine sambac', 'marigold', 'rose', 'castoreum', 'patchouli', 'ambergris', 'civet', 'spices', 'woody notes', 'muskrat', 'hyrax', 'musk', 'propolis']","It smells like warm cacao, sweet spices, and crushed leaves, with hints of leather and sawdust."
"['leather', 'tobacco', 'cardamom', 'labdanum', 'singapore patchouli', 'violet leaves', 'jasmine sambac', 'musk', 'cambodian oud', 'indian oud', 'ambergris', 'oakmoss']","It smells like burnt wood, smoky resin, and glue at first, then clean laundry and crushed leaves, finally settling into a sweet, caramel-like sweetness."
"['star anise', 'pomelo', 'black pepper', 'geranium', 'iris', 'incense', 'patchouli', 'haitian vetiver', 'benzoin']","It smells like citrus peel and soap at first, then rubber, smoke, and sawdust."
"['star anise', 'tobacco', 'amber', 'leather']","It smells like warm spices, like pepper and dry heat, with hints of melted plastic and damp soil."
"['star anise', 'bergamot', 'brazilian rosewood', 'caraway', 'fennel', 'iris', 'jasmine', 'vanilla', 'musk', 'amber']","It smells like warm citrus and sweet cookies at first, then a blend of fresh laundry and glue, with a subtle hint of damp earth."
"['star anise', 'bergamot', 'agarwood (oud)', 'vetiver', 'myrhh', 'iris']","It smells like citrus peel, soap, and juicy fruit at first, then smoky resin and damp soil."
"['star anise', 'peach', 'mandarin orange', 'orange blossom', 'heliotrope', 'jasmine', 'freesia', 'lily-of-the-valley', 'benzoin', 'amber', 'sandalwood', 'musk']","It smells like a mix of juicy peach and sweet orange, with hints of fresh freesia and warm amber."
"['mandarin orange', 'neroli', 'bergamot', 'star anise', 'olive blossom', 'tarragon', 'tonka bean', 'tobacco', 'guaiac wood', 'cedar']","It smells like a combination of juicy mandarin orange, sweet soap, and dry sawdust, with subtle hints of smoky tobacco and woody cedar."
"['smoke', 'camphor', 'mimosa', 'anise', 'cedar', 'ambrette (musk mallow)', 'juniper']","It smells like smoke and sawdust, with hints of anise and a sweet, caramel-like quality."
"['anise', 'spices', 'melon', 'eucalyptus', 'woodsy notes', 'musk']","It smells like sweet melon and fresh spices at first, then woodsy notes and a hint of clean laundry."
"['star anise', 'rose', 'ginger', 'african orange flower', 'vanilla', 'amber']","It smells like warm spices and a hint of citrus, with a dry wood and glue undertone."
"['grapefruit', 'neroli', 'mandarin orange', 'petitgrain', 'water notes', 'seaweed', 'rosemary', 'virginia cedar', 'amber']","It smells like a mix of citrus peel and soap at first, followed by a subtle hint of rubber and a warm, smoky quality like a campfire's embers, finishing with a dry, woody note like sawdust."
"['green notes', 'bergamot', 'pink pepper', 'watery notes', 'rain notes', 'turkish rose', 'jasmine', 'pine tree', 'moss', 'patchouli']","It smells like a combination of citrus peel, soap, and wet leaves, with hints of sawdust and smoky wood."
"['cucumber', 'mandarin orange', 'cassia', 'water hyacinth', 'carrot', 'white woods', 'sandalwood']","It smells like a sweet and tangy combination of citrus peel and soap at first, followed by the scent of rubber and then a smoky, woody aroma with notes of sawdust and pencil shavings."
"['orange oil', 'ginger', 'watery notes', 'tea', 'musk', 'cedar', 'amber', 'patchouli']","It smells like tea and wet leaves, with hints of skin and glue."
"['melon', 'brandy', 'pear', 'mastic or lentisque', 'ginger', 'agave', 'salt', 'suede', 'clary sage', 'tonka bean', 'amber', 'vetiver']","It smells like sweet melon and fresh soap at first, then warm ginger and spicy suede, with a dry, woody base that's like pencil shavings and sawdust."
"['pear', 'calone', 'tangerine', 'watermelon', 'watery notes', 'strawberry', 'apple', 'sea salt', 'tiare flower', 'hedione', 'rose', 'praline', 'musk', 'amber']","It smells like sweet and tangy strawberry and ripe pear, with a hint of fresh sea salt and a dry, woody undertone."
"['watery notes', 'grapefruit', 'raspberry', 'peony', 'jasmine', 'iris', 'pink pepper', 'suede', 'cedar', 'amber']","It smells like grapefruit, wet leaves, and glue at first, then sweet citrus and sawdust."
"['water notes', 'rosemary', 'cardamom', 'sequoia', 'musk', 'patchouli']","It smells like water, rose petals, and wet leaves."
"['watery notes', 'almond', 'spices', 'neroli', 'coumarin', 'vetiver', 'patchouli']","It smells like watery notes, with hints of forest floor and damp soil, followed by a sweet and spicy dry down."
"['pear', 'violet leaf', 'water notes', 'lemon', 'basil', 'peony', 'jasmine sambac', 'white musk', 'sandalwood']","It smells like a combination of citrus peel, soap, and crushed leaves, with subtle notes of rubber and smoky undertones."
"['musk', 'hawthorn', 'jasmine', 'water notes', 'violet', 'violet leaf', 'woodsy notes', 'vetyver', 'sandalwood', 'amber']","It smells like musk, warm soil, and sweet caramel."
"['rain notes', 'lilac', 'watery notes', 'damask rose', 'ambrox super', 'dreamwood', 'virginia cedar']","It smells like a mix of soap and lilac at first, with subtle notes of wet earth and wooden boards, gradually deepening into a sweet and smoky accord."
"['melon', 'mint', 'violet', 'watery notes', 'lily-of-the-valley', 'musk', 'cedar', 'amber']","It smells like sweet melon and fresh soap at first, then warm glue and dry wood."
"['pink pepper', 'citruses', 'water notes', 'geranium', 'vetiver', 'amber', 'patchouli']","It smells like sweet citrus and soap at first, then warm rubber and damp earth."
"['water notes', 'citruses', 'cucumber', 'watermelon', 'water lily', 'musk', 'moss']","It smells like watermelon, soap, and skin."
"['watermelon', 'litchi', 'citruses', 'lotus', 'magnolia', 'freesia', 'creme brulee', 'iris', 'sandalwood']","It smells like a combination of juicy watermelon, sweet creme brulee, and sawdust, with a subtle hint of soap and rubber."
"['watery notes', 'tea', 'driftwood']","It smells like a refreshing splash of tea, followed by the subtle scent of driftwood and a hint of watery notes."
"['cucumber', 'lime', 'mint', 'bergamot', 'water notes', 'granny smith apple', 'lotus', 'rosemary', 'driftwood', 'rum', 'sandalwood', 'oak moss']","It smells like citrusy lime and sweet granny smith apple at first, then rum-soaked wood and dry sandalwood."
"['grass', 'clementine', 'wild strawberry', 'cypress', 'watery notes', 'sunflower', 'passion flower', 'white orchid', 'musk', 'moss', 'teak wood', 'amber']","It smells like citrus peel, soap, and juicy clementine at first, then warm moss and sawdust."
"['water notes', 'bergamot', 'ginger', 'violet leaf', 'white pepper', 'basil', 'musk', 'vetiver', 'virginia cedar', 'oak moss']","It smells like citrusy soap, followed by a dry, earthy scent that's reminiscent of damp soil and sawdust."
"['red apple', 'litchi', 'tomato', 'orange', 'lotus', 'watermelon', 'osmanthus', 'musk', 'sandalwood']","It smells like sweet citrus and juicy orange at first, then warm musk and dry wood."
"['watery notes', 'seaweed', 'pataqueira', 'sea salt', 'aromatic notes', 'ambergris', 'cedar', 'moss', 'patchouli', 'tonka bean', 'amyris']","It smells like sea salt, moss, and wet leaves, with hints of burnt wood and plastic."
"['orange', 'mangosteen', 'water notes', 'water lily', 'orchid', 'tincture of rose', 'oak moss', 'sandalwood', 'mahogany', 'virginia cedar', 'tonka bean']","It smells like a combination of juicy orange and sweet candy at first, then dry wood and sawdust, with a hint of glue and smoky resin."
"['watermelon', 'pear', 'lemon', 'lotus', 'gardenia', 'frangipani', 'musk', 'sandalwood', 'cedar']","It smells like a combination of sweet, ripe fruit and a hint of soap, with notes of dry wood and a subtle muskiness."
"['grapefruit', 'angelica', 'rice', 'basil', 'ginger', 'water lily', 'jasmine sambac', 'violet leaf', 'mimosa', 'orris root', 'rose', 'geranium', 'rain notes', 'cashmeran', 'oakmoss', 'vetiver', 'patchouli', 'benzoin', 'tonka bean']","It smells like a combination of citrus and flowers at first, followed by damp soil, roots, and a hint of glue."
"['green notes', 'melon', 'orange', 'water notes', 'lily-of-the-valley', 'rose', 'jasmine', 'musk']","It smells like green notes, with a hint of citrus and soap, followed by a musky sweetness and a dry, woody finish."
"['melon', 'green apple', 'lime', 'ginger', 'orange', 'pomegranate', 'water notes', 'sea salt', 'iris', 'tulip', 'patchouli', 'vanilla']","It smells like a combination of juicy green apple, sweet orange, and ripe pomegranate at first, with notes of sea salt and water that linger in the background."
"['watery notes', 'grapefruit', 'lemon', 'rhubarb', 'watermelon', 'eucalyptus', 'peach', 'white woods', 'ambroxan']","It smells like a combination of juicy watermelon and sweet peach, with notes of citrusy lemon and a hint of earthy rhubarb."
"['pear', 'cascalone', 'ambrette (musk mallow)', 'egyptian jasmine', 'narcissus', 'ylang-ylang', 'patchouli', 'moss']","It smells like a sweet, juicy pear at first, then earthy moss and damp soil, finishing with a hint of warm glue and dry wood."
"['citron', 'watery notes', 'mint', 'watery notes', 'lavender', 'black pepper', 'ginger', 'violet leaf', 'pink pepper', 'cedar', 'musk', 'amber']","It smells like a combination of citrusy sweetness, followed by a subtle hint of wet earth and a dry, woody undertone."
"['rosemary', 'melon', 'galbanum', 'watery notes', 'violet', 'cyclamen', 'musk', 'moss', 'vetiver']","It smells like soap, sweet fruit, and damp soil."
"['grapefruit', 'pear', 'seaweed', 'water notes', 'virginia cedar', 'sandalwood']","It smells like a combination of tart, juicy fruit and soap, with a subtle hint of glue and dry wood."
"['watery notes', 'citruses', 'pink pepper', 'blackberry', 'mint', 'cyclamen', 'orange blossom', 'coriander', 'raspberry', 'musk', 'cedar', 'amber']","It smells like sweet citrus and fresh soap at first, then juicy blackberry and crunchy mint."
"['watermelon', 'lily-of-the-valley', 'pear', 'freesia', 'violet leaf', 'jasmine', 'rose', 'virginia cedar', 'musk', 'sandalwood']","It smells like sweet and juicy pear, with a hint of soap and crushed leaves."
"['mandarin orange', 'melon', 'lotus', 'white peach', 'jasmine', 'white musk', 'cedar']","It smells like a mix of sweet and juicy fruit, with hints of soap and a dry wood undertone."
"['water lily', 'cucumber', 'lime', 'jasmine', 'wild orchid', 'sea notes', 'musk', 'ambroxan', 'cedar']","It smells like a mix of fresh lime and soap at first, then cucumber, followed by a subtle hint of warm laundry and finally, a dry wood note."
"['amalfi lemon', 'mint', 'seaweed', 'water notes', 'vetiver', 'amber']","It smells like citrus peel, soap, and juicy fruit at first, then warm plastic and damp soil."
"['watery notes', 'red fruits', 'fruity notes', 'seaweed', 'peach', 'pataqueira', 'water notes', 'jasmine sambac', 'ylang-ylang', 'musk', 'cashmeran', 'cedar', 'amber', 'sandalwood']","It smells like a mix of juicy peach and sweet watermelon, with notes of damp soil and fresh laundry."
"['watery notes', 'lotus', 'hyacinth', 'jasmine sambac', 'white musk', 'white woods']","It smells like a combination of fresh flowers, soap, and sweet powder at first, followed by a subtle hint of wet earth and dry wood."
"['watermelon', 'water notes', 'green notes', 'lotus', 'peony', 'gardenia', 'violet', 'musk', 'woodsy notes', 'sandalwood', 'amber']","It smells like sweet and ripe watermelon, with notes of soap and crushed leaves, and a subtle hint of glue."
"['calypsone', 'black pepper', 'white pepper', 'ambroxan', 'cedar', 'sandalwood', 'cosmone', 'styrax']","It smells like warm spices, like black pepper and sugar, with a subtle hint of glue and sawdust."
"['watermelon', 'yuzu', 'violet leaf', 'water lily', 'gardenia', 'gustavia flower', 'cupcake', 'tonka']","It smells like sweet and tart fruit, with notes of crushed leaves and sawdust."
"['water notes', 'oakmoss', 'birch', 'woody notes']","It smells like wet earth and soap, with a hint of birch and woody notes."
"['fig', 'melon', 'green tangerine', 'coconut water', 'lotus', 'water lily', 'jasmine', 'ambroxan', 'musk', 'sandalwood', 'vanilla']","It smells like sweet melon and green tangerine at first, then coconut water and fresh cut grass, with a subtle hint of skin and clean laundry."
"['water notes', 'green leaves', 'pear', 'ambergris', 'lichen', 'lavender', 'thyme', 'cedarmoss', 'sandalowood']","It smells like water, followed by green leaves and a hint of juicy pear, then a sweet and woody scent with notes of lavender and thyme, finishing with a dry and mossy undertone."
"['water notes', 'violet', 'apple', 'orange', 'star anise', 'orchid', 'jasmine', 'geranium', 'rose', 'musk', 'oak moss', 'sandalwood', 'amber']","It smells like a mix of juicy apple and sweet orange, with hints of warm glue and dry sawdust."
"['lemon zest', 'cardamom', 'watery notes', 'ice', 'mint', 'lavender', 'haitian vetiver']","It smells like citrus peel, soap, and a hint of ice at first, then a refreshing blend of mint, lavender, and damp soil."
"['watermelon', 'pear', 'mandarin orange', 'bergamot', 'cardamon', 'freesia', 'cedar', 'musk', 'patchouli']","It smells like sweet citrus and soap, with notes of juicy fruit and sawdust."
"['water notes', 'pear', 'rose', 'peony', 'carnation', 'osmanthus', 'woodsy notes']","It smells like water notes, with a hint of juicy pear and sweet rose at first, then subtle woodsy notes and finally a dry, powdery scent of peony and carnation."
"['bergamot', 'lemon', 'fruity notes', 'water notes', 'jasmine', 'oakmoss', 'cedar', 'musk', 'floral notes']","It smells like citrus peel and soap at first, then rubber and sawdust."
"['goji berries', 'pear', 'almond blossom', 'watermelon', 'violet', 'cyclamen', 'jasmine', 'peony', 'cashmeran', 'ambergris', 'cedar']","It smells like sweet and juicy watermelon, then a hint of crushed leaves and soap, and finally a dry wood and sawdust."
"['green leaves', 'apple', 'water notes', 'musk', 'amber', 'moss']","It smells like green leaves, juicy apple, and a hint of damp soil, with a subtle sweetness from sugar and caramel."
"['water notes', 'pear', 'rose', 'peony', 'carnation', 'osmanthus', 'woodsy notes']","It smells like water, with hints of juicy pear and sweet rose, followed by the woody aroma of pencil shavings and a subtle dryness of sawdust."
"['lavender', 'mint', 'mandarin orange', 'water notes', 'green notes', 'cardamom', 'nutmeg', 'musk', 'amber', 'leather']","It smells like citrus peel and soap at first, then glue, leather, and sawdust."
"['watermelon', 'mandarin orange', 'grapefruit', 'water notes', 'jasmine', 'guaiac wood', 'musk', 'oakmoss', 'amber']","It smells like juicy watermelon, sweet caramel, and damp soil."
"['bergamot', 'watery notes', 'musk', 'patchouli']","It smells like a mix of citrus peel and soap, with notes of warm laundry and a hint of damp soil."
"['watery notes', 'lavender', 'bergamot', 'bay leaf', 'jasmine', 'amber', 'sandalwood', 'patchouli']","It smells like a combination of citrus and soap, with notes of damp earth and old books."
"['bergamot', 'mandarin orange', 'water notes', 'violet leaf', 'cardamom', 'birch', 'vetiver', 'amber']","It smells like citrus peel and sweet, then warm plastic and sawdust."
"['mandarin orange', 'mint', 'lavender', 'calypsone', 'patchouli']","It smells like sweet citrus and fresh soap at first, then damp soil and crushed leaves."
"['sea notes', 'seaweed', 'basil', 'black currant', 'white pepper', 'watermelon', 'melon', 'green notes', 'bamboo', 'papaya', 'amber', 'cashmere wood']","It smells like sea and soap at first, then watermelon, green notes, and sawdust."
"['water notes', 'pear', 'amalfi lemon', 'freesia', 'gardenia', 'peony', 'rose', 'musk', 'virginia cedar', 'patchouli']","It smells like a mix of sweet citrus and fresh soap at first, then it shifts to a dry, earthy scent with notes of worn leather and a hint of smoky wood."
"['citruses', 'black currant', 'plum', 'water notes', 'lavender', 'green notes', 'juniper berries', 'geranium', 'musk', 'sandalwood', 'oak moss']","It smells like citrus peel and sweet, candy-like fruit at first, then a mix of soap, glue, and sawdust."
"['watery notes', 'fruity notes', 'ivy', 'mandarin orange', 'rose water', 'water lily', 'cyclamen', 'white musk', 'sandalwood', 'cedar']","It smells like citrus peel, soap, and candy-like fruit."
"['watery notes', 'cloves', 'melon', 'nutmeg', 'cinnamon', 'vanilla', 'woody notes', 'amber']","It smells like a combination of ripe melon and warm sugar, with subtle hints of glue and sawdust."
"['watermelon', 'sea water', 'pear', 'mandarin orange', 'bergamot', 'lavender', 'cardamom', 'woodsy notes', 'virginia cedar', 'musk', 'suede', 'amber']","It smells like sweet citrus and soap at first, then warm rubber and fresh sawdust."
"['water notes', 'salt', 'metallic notes', 'leather', 'cedar', 'tobacco']","It smells like water and salt, with hints of leather and sawdust."
"['mineral notes', 'violet leaves', 'quince', 'lotus', 'violet', 'jasmine', 'seaweed', 'musk', 'sandalwood']","It smells like earthy, damp soil and soap at first, then sweet, juicy fruit and sawdust."
"['mandarin orange', 'lime', 'orange', 'sea notes', 'watery notes', 'pepper', 'nutmeg', 'cedar', 'vetiver']","It smells like juicy mandarin orange, followed by a subtle hint of soap, and then a dry, woody scent with notes of pepper and cedar."
"['watery notes', 'water fruit', 'lemon', 'floral notes', 'musk', 'driftwood', 'amber']","It smells like a combination of citrus peel and soap at first, with a subtle sweetness and a hint of wet leaves, followed by a dry wood and smoky undertone."
"['melon', 'watermelon', 'bergamot', 'watery notes', 'white flowers', 'sandalwood', 'musk']","It smells like sweet citrus and soap at first, then juicy watermelon and warm sandalwood."
"['water notes', 'bergamot', 'pear', 'water lily', 'jasmine', 'iris', 'musk', 'amber', 'sandalwood']","It smells like citrus and soap at first, then bergamot, warm plastic, and pencil shavings."
"['water notes', 'amalfi lemon', 'mint', 'pepper', 'geranium', 'oak moss', 'virginia cedar']","It smells like a combination of fresh citrus and soap at first, followed by the scent of rubber and then a subtle hint of smoke and sawdust."
"['water notes', 'fruity notes', 'blue lotus', 'musk']","It smells like water notes, fruity notes, and skin, with hints of crushed leaves and sawdust."
"['lotus', 'lemon', 'watery notes', 'orange blossom', 'white musk', 'cedar']","It smells like citrus peel, soap, and juicy orange at first, then dry leaves and sawdust."
"['watermelon', 'pear', 'white peach', 'watery notes', 'magnolia', 'white rose', 'white musk', 'palisander rosewood', 'sandalwood']","It smells like sweet, juicy watermelon and ripe pear, with subtle hints of crushed leaves and sawdust."
"['melon', 'mint', 'watery notes', 'lily-of-the-valley', 'violet', 'cedar', 'musk', 'amber']","It smells like a mix of fresh mint and sweet melon, with a subtle hint of wet soil and sawdust."
"['water notes', 'water lily', 'lilac', 'apricot', 'rose', 'jasmine', 'violet', 'vetiver', 'moss', 'sandalwood']","It smells like water lily, soap, and crushed leaves."
"['watery notes', 'bergamot', 'grapefruit blossom', 'ginger', 'blue lotus', 'magnolia', 'cedar', 'white musk', 'ambergris']","It smells like citrus peel, grapefruit, and soap at first, then ginger and wet leaves, followed by cedar and sawdust."
"['pear', 'lemon', 'green leaves', 'watery notes', 'marigold', 'lavender', 'rose', 'cedar', 'amber', 'musk']","It smells like sweet citrus and soap at first, then it's like walking through a forest with a hint of sawdust and damp earth."
"['watermelon', 'sea notes', 'violet', 'lily-of-the-valley', 'jasmine', 'sinfonide', 'amber']","It smells like ripe fruit, fresh soap, and warm glue."
"['italian lemon', 'watery notes', 'woody notes', 'leather']","It smells like a combination of citrus peel and soap at first, with notes of leather and sawdust."
"['pear', 'violet leaf', 'citrus', 'cedarwood', 'sandalwood', 'vetiver', 'musk', 'moss']","It smells like citrus peel, sweet moss, and clean skin at first, then damp soil and crushed leaves."
"['watery notes', 'bergamot', 'mandarin orange', 'sand', 'ylang-ylang', 'orange blossom', 'salt', 'vanilla', 'sandalwood', 'amber', 'musk']","It smells like a burst of citrus freshness, followed by a subtle sweetness like sugar, and then a dry, woody scent like pencil shavings and a hint of smoky mystery."
"['cucumber', 'mandarin orange', 'melon', 'sea notes', 'orange blossom', 'freesia', 'musk', 'raspberry']","It smells like sweet citrus and soap at first, then juicy orange and fresh cut grass."
"['fruity notes', 'spicy notes', 'watery notes', 'woody notes', 'spicy notes', 'woody notes', 'amber', 'musk']","It smells like juicy fruit, warm glue, and dry wood."
"['watermelon', 'melon', 'raspberry', 'black currant', 'mandarin orange', 'pink pepper', 'water notes', 'green notes', 'violet', 'lily-of-the-valley', 'musk', 'sandalwood', 'amber']","It smells like sweet and juicy watermelon, with hints of soap and crushed leaves."
"['pink grapefruit', 'litchi', 'watery notes', 'flowers', 'guava', 'passionfruit', 'exotic woods', 'vanilla']","It smells like pink citrus and sweet soap at first, then juicy guava and exotic woods, finishing with warm vanilla and a hint of damp soil."
"['water notes', 'vetiver', 'driftwood']","It smells like water, damp soil, and dry wood."
"['water notes', 'aldehydes', 'coconut', 'geosmin', 'sea water', 'tuberose', 'violet leaf', 'jasmine', 'cashmeran', 'costus', 'moss', 'ambroxan']","It smells like soap, fizzy clean air, and a hint of sweet coconut."
"['melon', 'camphor', 'cucumber', 'mint', 'metallic notes', 'salt', 'watery notes', 'rose', 'oysters', 'civet', 'resins', 'benzoin']","It smells like a combination of sweet cucumber and fresh mint, with a hint of salt and watery notes, and a subtle undertone of rose and resins."
"['water notes', 'milk', 'white flowers', 'white musk', 'iris', 'white amber']","It smells like fresh soap, white flowers, and a hint of wet pavement."
"['rose', 'jasmine', 'vanilla']","It smells like soap, sweet cream, and crushed leaves."
"['mandarin orange', 'red currant', 'bergamot', 'dew drop', 'violet', 'magnolia', 'peach', 'pink jasmine', 'musk', 'sandalwood', 'amber']","It smells like a sweet and tangy combination of juicy orange and tart red berries, with a subtle hint of glue and warm plastic."
"['watery notes', 'bergamot', 'sea salt', 'narcissus', 'musk', 'woodsy notes', 'amber']","It smells like citrusy soap, followed by a hint of rubber and a subtle smokiness, with a dry wooden undertone."
"['watery notes', 'bergamot', 'mandarin orange', 'violet leaf', 'galbanum', 'watermelon', 'bamboo', 'jasmine', 'amber', 'vetiver']","It smells like mandarin orange, soap, and watermelon at first, then bamboo and jasmine, with a dry amber and vetiver finish."
"['lavender', 'watermelon', 'basil', 'water notes', 'floral notes', 'virginia cedar', 'oak moss', 'musk']","It smells like sweet watermelon and floral soap at first, then musky skin and dry wooden boards."
"['mandarin orange', 'water notes', 'lotus', 'lotus leaf', 'violet leaf', 'cedar']","It smells like sweet citrus and crushed leaves at first, then it reveals notes of soap, rain, and sawdust."
"['violet leaf', 'watery notes', 'nutmeg', 'virginia cedar']","It smells like a combination of wet leaves, soap, and sawdust."
"['watery notes', 'cyclamen', 'watermelon', 'melon', 'maltol', 'musk']","It smells like watermelon and soap, with a hint of wet air and skin."
"['watery notes', 'vetiver', 'herbal notes', 'geranium', 'musk', 'amber']","It smells like a combination of watery notes, damp soil, and clean laundry."
"['cardamom', 'lavender', 'virginia cedar', 'bergamot', 'vetiver', 'caraway']","It smells like citrus peel and soap at first, then dry wood and sweet caramel."
"['lavender', 'mint', 'cardamom', 'bergamot', 'artemisia', 'cinnamon', 'orange blossom', 'caraway', 'vanilla', 'tonka bean', 'amber', 'sandalwood', 'cedar']","It smells like a mix of citrus peel, soap, and crushed leaves at first, then warm plastic and sawdust."
"['sea water', 'lavender', 'mint', 'green notes', 'rosemary', 'calone', 'coriander', 'sandalwood', 'neroli', 'geranium', 'jasmine', 'musk', 'oakmoss', 'tobacco', 'cedar', 'ambergris']","It smells like sea water, fresh laundry, and crushed leaves."
"['apple', 'ginger', 'bergamot', 'sage', 'juniper berries', 'geranium', 'amberwood', 'tonka bean', 'cedar', 'vetiver', 'olibanum']","It smells like citrus peel and soap at first, then warm spices and dry wood."
"['amalfi lemon', 'mint', 'water jasmine', 'virginia cedar', 'brown sugar', 'french labdanum']","It smells like a sweet and tangy citrus, followed by a hint of soap and a subtle earthy undertone, finishing with a dry wood and sawdust note."
"['sea notes', 'bergamot', 'rosemary', 'sage', 'geranium', 'incense', 'patchouli']","It smells like citrus and soap at first, then wet leaves and forest floor, with a hint of smoke and glue."
"['amalfi lemon', 'tagetes', 'black currant', 'bergamot', 'african orange flower', 'violet', 'cyclamen', 'jasmine', 'vetiver', 'musk', 'amber', 'virginia cedar']","It smells like a mix of citrus peel and soap at first, then dry wood and smoky notes."
"['lavender', 'rosemary', 'neroli', 'petitgrain', 'geranium', 'clary sage', 'galbanum', 'jasmine', 'oakmoss', 'vetiver', 'cedar', 'sandalwood', 'amber']","It smells like warm flowers and soap at first, then damp soil and crushed leaves."
"['mandarin orange', 'mint', 'cypress', 'sage', 'pepper', 'tonka bean', 'musk', 'sandalwood', 'cedar']","It smells like a combination of citrusy mandarin orange and minty freshness at first, followed by a subtle sweetness and a dry, woody undertone like sawdust and pencil shavings."
"['grapefruit', 'mandarin orange', 'sea water', 'juniper', 'musk', 'amberwood']","It smells like a mix of citrusy peel and sweet soap at first, then a hint of rubber and a subtle smokiness, finishing with a dry, woody note like sawdust."
"['citruses', 'bergamot', 'juniper', 'anise', 'brazilian rosewood', 'basil', 'lavender', 'rose', 'carnation', 'jasmine', 'heliotrope', 'geranium', 'sage', 'fir', 'lily-of-the-valley', 'vanilla', 'tonka bean', 'sandalwood', 'iris', 'musk', 'amber', 'cedar', 'patchouli', 'vetiver']","It smells like sweet citrus and soap at first, then warm vanilla and damp soil."
"['bergamot', 'lemon', 'mandarin orange', 'orange blossom', 'white nerium oleander', 'fig leaf', 'cypress', 'red cedar', 'juniper', 'pistachio', 'musk']","It smells like citrus peel, soap, and a hint of sugar at first, then it settles into a warm, smoky scent with notes of sawdust and dry wood."
"['lavender', 'clary sage', 'leather', 'bitter almond', 'vanilla', 'orris', 'leather', 'tonka bean', 'cashmeran', 'white woods', 'amber']","It smells like sweet vanilla, smooth leather, and a hint of glue, with a subtle dry wood undertone."
"['mint', 'rose', 'carnation', 'cannabis', 'vetiver', 'amber']","It smells like minty freshness, followed by a sweet and powdery rose, and finishing with a dry, earthy vetiver and a hint of warm glue."
"['chamomile', 'aldehydes', 'clary sage', 'coriander', 'geranium', 'lemon verbena', 'brazilian rosewood', 'bergamot', 'carnation', 'rose', 'ylang-ylang', 'orris root', 'jasmine', 'tuberose', 'orange blossom', 'oakmoss', 'patchouli', 'incense', 'vetiver', 'sandalwood', 'musk']","It smells like citrus peel and soap at first, then wet leaves, smoke, and sawdust."
"['lavender', 'lemon', 'bergamot', 'rosemary', 'mint', 'lemon verbena', 'basil', 'artemisia', 'juniper', 'coriander', 'cinnamon', 'carnation', 'wormwood', 'angelica', 'jasmine', 'oakmoss', 'pine tree needles', 'leather', 'fir', 'sandalwood', 'vetiver', 'patchouli', 'cedar', 'amber', 'resins']","It smells like a mix of citrusy lemon peel and floral soap at first, followed by notes of warm glue and smoky embers, finishing with a dry, woody scent like sawdust and pencil shavings."
"['lavender', 'lemon', 'caraway', 'basil', 'bergamot', 'clary sage', 'iris', 'star anise', 'vetiver', 'sandalwood', 'patchouli', 'cedar', 'juniper berries', 'cardamom', 'oakmoss', 'leather', 'amber', 'musk', 'tonka bean']","It smells like citrus and soap at first, then damp soil and roots, followed by warm plastic and pencil shavings."
"['bergamot', 'tobacco', 'lemon', 'nutmeg', 'neroli', 'coriander', 'mandarin orange', 'vetiver', 'pepper', 'carnation', 'sage', 'orris root', 'sandalwood', 'vetiver', 'oakmoss', 'leather', 'myrrh', 'civet', 'tonka bean', 'amber']","It smells like citrus peel, soap, and sugary candy."
"['bitter orange', 'caraway', 'birch', 'bergamot', 'coriander', 'mandarin orange', 'neroli', 'artemisia', 'guatemalan cardamom', 'pepper', 'ginger', 'iris', 'juniper', 'cinnamon', 'orris root', 'jasmine', 'tahitian vetiver', 'tea', 'cedar', 'leather', 'oakmoss', 'amber']","It smells like citrus peel and soap at first, then rubber, smoke, and sawdust."
"['lemon', 'bergamot', 'basil', 'rosemary', 'caraway', 'fruity notes', 'jasmine', 'coriander', 'carnation', 'patchouli', 'orris root', 'sandalwood', 'rose', 'lavender', 'hedione', 'oakmoss', 'vetiver', 'musk', 'amber']","It smells like citrus and sweet soap at first, then warm glue and dry leaves."
"['lavender', 'lemon', 'bergamot', 'mandarin orange', 'sage', 'juniper berries', 'basil', 'geranium', 'jasmine', 'coriander', 'orange blossom', 'lily-of-the-valley', 'lily', 'sandalwood', 'musk', 'vetiver', 'brazilian rosewood', 'amber']","It smells like citrus peel, soap, and juicy orange at first, then warm glue, sawdust, and dry wood."
"['myrhh', 'clary sage', 'coriander', 'bergamot', 'lime', 'amalfi lemon', 'rose', 'thyme', 'basil', 'jasmine', 'castoreum', 'oakmoss', 'patchouli', 'french labdanum']","It smells like citrus peel, soap, and crushed leaves at first, then a mix of glue, smoke, and sawdust."
"['lavender', 'sage', 'mandarin orange', 'tobacco', 'rose', 'carnation', 'geranium', 'tonka bean', 'fir', 'vetiver', 'cedar']","It smells like sweet citrus, soap, and crushed leaves at first, then tobacco and dry wood."
"['mint', 'candy apple', 'lemon', 'mandarin orange', 'ambroxan', 'geranium', 'clary sage', 'vanilla', 'cedar', 'sandalwood', 'bitter orange', 'patchouli', 'leather']","It smells like citrus peel and soap at first, then candy apple and sawdust."
"['aldehydes', 'basil', 'citruses', 'ivy', 'mandarin orange', 'freesia', 'bergamot', 'carnation', 'marigold', 'coriander', 'orange blossom', 'lily', 'jasmine', 'bulgarian rose', 'lily-of-the-valley', 'sandalwood', 'vanilla', 'musk', 'tonka bean']","It smells like citrus peel, soap, and caramel at first, then rubber and sawdust."
"['green apple', 'mint', 'lavender', 'grapefruit', 'basil', 'sage', 'geranium', 'carnation', 'jasmine', 'fir', 'cedar', 'patchouli']","It smells like a mix of juicy green apples and sweet soap at first, then earthy wet leaves and forest floor."
"['passionfruit', 'lime', 'pepper', 'ginger', 'vodka', 'gin', 'mint', 'spices', 'amber', 'leather', 'woodsy notes']","It smells like a combination of juicy, tart lime and sweet caramel at first, followed by a subtle blend of woodsy notes and a hint of warm glue."
"['lavender', 'bitter orange', 'mint', 'clary sage', 'ambrette (musk mallow)', 'ambroxan']","It smells like floral soap and juicy fruit at first, then warm glue and sawdust."
"['aldehydes', 'angelica', 'tea', 'mandarin orange', 'mate', 'ink', 'magnolia', 'nutmeg', 'west indian bay', 'coriander', 'caraway', 'cinnamon', 'incense', 'patchouli', 'cedar', 'vetiver', 'amber', 'labdanum']","It smells like citrus peel, soap, and slightly sweet caramel at first, then warm glue, damp soil, and sawdust."
"['lemon', 'ginger', 'lavender', 'mint', 'apple', 'juniper', 'guatemalan cardamom', 'geranium', 'tonka bean', 'amberwood', 'haitian vetiver']","It smells like citrus peel and soap at first, then warm plastic, smoke, and sawdust."
"['sicilian lemon', 'lavender', 'dark chocolate', 'pelargonium leaf', 'lily-of-the-valley', 'honeysuckle', 'magnolia', 'musk', 'cashmere wood', 'teak wood', 'vetiver', 'amber']","It smells like citrus peel and soap at first, then rubber, smoke, and sawdust."
"['melon', 'bergamot', 'mint', 'black currant', 'sea water', 'green apple', 'cappuccino', 'cardamom', 'nutmeg', 'amber', 'woodsy notes']","It smells like a combination of green apple and citrus, with a subtle hint of mint, followed by the warmth of caramel and the dryness of sawdust."
"['aldehydes', 'myrrh', 'artemisia', 'thyme', 'clover', 'bergamot', 'gardenia', 'patchouli', 'sage', 'jasmine', 'cardamom', 'orris root', 'leather', 'oakmoss', 'musk', 'vetiver', 'sandalwood', 'amber', 'coconut']","It smells like citrus peel, soap, and sugar at first, then warm plastic, smoke, and sawdust."
"['apple', 'aldehydes', 'grapefruit', 'ginger', 'sage', 'lavender', 'geranium', 'tonka bean', 'cedar', 'olibanum', 'patchouli']","It smells like citrus peel, soap, and juicy grape at first, then ginger, warm spices, and sawdust."
"['bergamot', 'pink pepper', 'artemisia', 'lavender', 'iris', 'sage', 'suede', 'saffron', 'musk', 'caramel', 'haitian vetiver', 'patchouli']","It smells like citrus peel, soap, and sweet caramel at first, then damp soil and roots."
"['fir', 'lemon', 'orange', 'petitgrain', 'cardamom', 'sea notes', 'rosemary', 'lily-of-the-valley', 'jasmine', 'rose', 'sage', 'musk', 'vetiver', 'oakmoss', 'brazilian rosewood', 'sandalwood']","It smells like citrus peel and soap at first, then rubber, smoke, and sawdust."
"['neroli', 'bergamot', 'black pepper', 'petitgrain', 'black pepper', 'lavender', 'cardamom', 'juniper berries', 'sage', 'vetiver', 'oakmoss', 'iris', 'leather', 'agarwood (oud)']","It smells like citrus peel and soap at first, then rubber and sawdust."
"['aldehydes', 'bergamot', 'ginger', 'mint', 'lemon', 'apple', 'violet leaf', 'pineapple', 'sage', 'geranium', 'ambergris', 'musk', 'cedar', 'balsam fir', 'incense', 'vetiver']","It smells like citrus, sugar, and soap at first, then fresh mint and warm apple."
"['rosemary', 'clary sage', 'brazilian rosewood', 'lavender', 'geranium', 'tonka bean', 'oakmoss', 'honey', 'musk', 'amber', 'tobacco']","It smells like earthy soil, dry leaves, and warm glue, with hints of sweet caramel and fresh laundry."
"['sea notes', 'bergamot', 'pear', 'apple', 'grapefruit', 'lemon', 'lavender', 'rosemary', 'geranium', 'woody notes', 'tonka bean', 'amberwood', 'patchouli', 'labdanum']","It smells like citrusy grapefruit, sweet pear, and a hint of wet leaves."
"['wormwood', 'mint', 'basil', 'incense', 'lavender', 'rose', 'tobacco', 'leather', 'sandalwood', 'guaiac wood', 'vetiver', 'oak moss', 'amber', 'vanille', 'musk']","It smells like minty freshness, followed by the scent of damp soil and warm glue, with a subtle hint of pencil shavings."
"['lavender', 'lemon', 'bergamot', 'clary sage', 'tarragon', 'mandarin orange', 'orange', 'neroli', 'pepper', 'cinnamon', 'coriander', 'geranium', 'violet', 'jasmine', 'rose', 'tobacco', 'tonka bean', 'sandalwood', 'musk', 'cedar', 'amber', 'coumarin', 'iris']","It smells like citrus peel, soap, and juicy mandarin orange at first, then warm caramel, sweet spices, and dry wooden boards."
"['aldehydes', 'galbanum', 'clary sage', 'gardenia', 'bergamot', 'narcissus', 'iris', 'carnation', 'orris root', 'lily-of-the-valley', 'jasmine', 'rose', 'neroli', 'oakmoss', 'leather', 'vetiver', 'patchouli', 'labdanum', 'sandalwood', 'amber']","It smells like warm soap, followed by a mix of citrus peel and damp soil, finishing with a subtle hint of glue and dry wood."
"['pink pepper', 'peppermint', 'bergamot', 'lemon', 'absinthe', 'orange', 'lavender', 'bulgarian rose', 'clove', 'allspice', 'orris root', 'jasmine', 'vetiver', 'cedar', 'white musk', 'tonka bean']","It smells like citrus and sweet soap at first, then warm spices and dry wood."
"['galbanum', 'tagetes', 'narcissus', 'hiacynth', 'orange', 'black currant', 'mandarin orange', 'cassis', 'narcissus', 'orris root', 'rosemary', 'rose', 'italian jasmine', 'orange blossom', 'vetiver', 'amber', 'sandalwood', 'cedar', 'patchouli']","It smells like citrus peel and soap at first, then rubber, smoke, and sawdust."
"['pear', 'kumquat', 'bergamot', 'lavender', 'grapefruit', 'cardamom', 'geranium', 'coriander', 'ambergris', 'suede', 'amberwood', 'haitian vetiver']","It smells like citrusy peel, sweet grape, and a hint of warm caramel at first, then it dries down to a blend of earthy damp soil, crushed leaves, and a touch of smoky wood."
"['melon', 'chamomile', 'marigold', 'tagetes', 'hiacynth', 'apricot', 'oakmoss', 'apple', 'coriander', 'mandarin orange', 'ylang-ylang', 'litchi', 'black currant', 'cassia', 'peach', 'lily-of-the-valley', 'carnation', 'rose', 'jasmine', 'cloves', 'oakmoss', 'musk', 'sandalwood', 'amber', 'vetiver', 'cedar', 'vanilla']","It smells like sweet and juicy apricot, fresh mandarin orange, and slightly tart black currant, with hints of warm glue and damp soil."
"['sea notes', 'fern', 'clary sage', 'mandarin orange', 'white tea', 'white iris', 'mate', 'exotic woods', 'ambrette (musk mallow)', 'tonka bean', 'amber']","It smells like citrus peel, sweet orange, and soap at first, then warm plastic, glue, and sawdust."
"['lavender extract', 'lavender', 'rosemary', 'oakmoss', 'mint', 'basil', 'geranium', 'patchouli', 'amber']","It smells like floral soap and crushed leaves, with a hint of warm glue and smoky wood at first, then a subtle sweetness and dry wood undertones."
"['lavender', 'water notes', 'basil', 'geranium', 'marigold', 'tobacco', 'hay', 'clary sage', 'moepel accord', 'bran', 'sandalwood', 'cypress', 'musk', 'amber', 'labdanum']","It smells like lavender, with hints of soap and shampoo, along with a subtle sweetness of sugar and caramel."
"['juniper berries', 'citruses', 'blood orange', 'sicilian lemon', 'pimento', 'lavender', 'clary sage', 'geranium', 'vetiver', 'cedar', 'patchouli']","It smells like citrus peel, wet leaves, and soap at first, then damp soil and roots."
"['red apple', 'cardamom', 'calabrian bergamot', 'lavender', 'bourbon geranium', 'clary sage', 'tobacco leaf', 'patchouli', 'haitian vetiver']","It smells like a combination of sweet, juicy apple and fresh soap at first, with hints of damp soil and roots lingering in the background."
"['bergamot', 'cassia', 'tomato leaf', 'tangerine', 'rose', 'pepper', 'sandalwood', 'patchouli']","It smells like citrus and flowers at first, then warm soil and dried leaves."
"['rosemary', 'bergamot', 'lemon', 'mandarin orange', 'lavender', 'tonka bean', 'orris root', 'basil', 'jasmine', 'vanilla', 'leather', 'spices', 'benzoin', 'sandalwood', 'amber', 'brazilian rosewood']","It smells like citrus peel and soap at first, then leather and glue, with a hint of sweet caramel."
"['mint', 'lavender', 'bergamot', 'thyme', 'cedar', 'sandalwood', 'geranium', 'jasmine', 'oakmoss', 'musk', 'vanilla', 'amber']","It smells like fresh citrus, sweet vanilla, and a hint of sawdust."
"['juniper berries', 'coriander', 'ginger', 'rosemary', 'bergamot', 'mandarin orange', 'sandalwood', 'lavender', 'orange blossom', 'geranium', 'tonka bean', 'musk', 'cedar', 'oakmoss']","It smells like citrus peel and soap at first, then rubber, sawdust, and caramel."
"['myrtle', 'lemon', 'bergamot', 'basil', 'sea notes', 'jasmine', 'rose', 'juniper', 'cedar', 'mastic or lentisque', 'amber']","It smells like citrusy lemon zest and sweet soap at first, then warm glue and sawdust."
"['rhubarb', 'quince', 'pepper', 'wormwood', 'basil', 'fennel', 'cinnamon', 'juniper berries', 'lavender', 'green leaves', 'orris root', 'jasmine', 'tobacco', 'suede', 'balsam fir', 'tonka bean', 'woody notes', 'oakmoss', 'patchouli']","It smells like a combination of fresh-cut grass, crushed leaves, and a hint of damp soil, with a subtle undertone of warm glue and sawdust."
"['bergamot', 'citron', 'petitgrain', 'vetiver', 'lavender', 'hedione', 'myrrh', 'oakmoss', 'patchouli']","It smells like citrus peel and soap at first, then wet leaves and damp soil, with a hint of glue and sawdust."
"['cardamom', 'mint', 'bergamot', 'mandarin orange', 'lavender', 'amber', 'patchouli', 'musk']","It smells like citrus peel, soap, and a hint of glue at first, then a subtle forest floor and sawdust."
"['lavender', 'pink pepper', 'plum', 'geranium', 'vetiver', 'truffle', 'cedar', 'oak']","It smells like sweet plums and soap at first, then damp soil and sawdust."
"['aldehydes', 'galbanum', 'artemisia', 'bergamot', 'neroli', 'gardenia', 'ylang-ylang', 'orange', 'carnation', 'jasmine', 'violet root', 'tuberose', 'rose', 'oakmoss', 'leather', 'civet', 'vetiver', 'patchouli', 'myrrh', 'musk', 'amber', 'coconut']","It smells like citrus peel and soap at first, then warm plastic, damp soil, and sawdust."
"['apple', 'bergamot', 'ginger', 'lavender', 'sage', 'juniper berries', 'geranium', 'tonka bean', 'amberwood', 'cedar', 'vetiver']","It smells like citrus peel and soap at first, then rubber, sawdust, and caramel."
"['sicilian lemon', 'petitgrain', 'neroli', 'cardamom', 'ginger', 'coriander', 'basil', 'oakmoss', 'vetiver', 'cedar']","It smells like a combination of citrus peel, soap, and crushed leaves, with a dry, woody undertone that's reminiscent of sawdust and pencil shavings."
"['marine notes', 'bergamot', 'rosemary', 'clary sage', 'geranium', 'olibanum', 'patchouli']","It smells like citrus and soap at first, then wet leaves, forest floor, and glue."
"['kumquat', 'aldehydes', 'coriander', 'brazilian rosewood', 'cyclamen', 'cinnamon', 'clary sage', 'labdanum', 'musk', 'ambergris', 'cedar', 'wormwood']","It smells like citrus peel and soap at first, then cinnamon and warm glue."
"['sea notes', 'green mandarin', 'clary sage', 'lavender', 'geranium', 'mineral notes', 'vetiver', 'patchouli']","It smells like green mandarin and soap, with notes of wet leaves, damp soil, and a hint of glue."
"['mint', 'lemon', 'basil', 'thyme', 'black currant', 'rosemary', 'lavender', 'jasmine', 'lemon verbena', 'musk']","It smells like a burst of citrus fruit, followed by a subtle sweetness and a dry, earthy undertone."
"['lemon', 'tomato leaf', 'cacao pod', 'cedar', 'white musk', 'vetiver']","It smells like a combination of sour citrus and sweet sugar at first, followed by a hint of fresh cut grass and the dry, earthy scent of sawdust."
"['blood orange', 'juniper berries', 'pimento', 'lemon', 'sicilian lemon', 'cardamom', 'fig nectar', 'lavender', 'geranium', 'clary sage', 'cedar', 'patchouli', 'vetiver', 'cypriol oil or nagarmotha']","It smells like citrus peel, sweet fig, and a hint of wet leaves at first, then warm glue and damp soil."
"['absinthe', 'anise', 'fennel', 'lavender', 'black vanilla husk', 'musk']","It smells like a combination of anise, fennel, and sweet black vanilla, with a subtle musky undertone, reminiscent of clean laundry."
"['leather', 'tomato leaf', 'vanilla', 'tomato leaf', 'galbanum', 'labdanum', 'orris root', 'clary sage', 'leather', 'vanilla absolute', 'benzoin', 'tolu balsam', 'myrrh', 'opoponax', 'sandalwood', 'musk']","It smells like leather, sweet vanilla, and warm galbanum, with a dry orris root and labdanum undertone, and a hint of musk at the end."
"['aldehydes', 'mint', 'lavender', 'bergamot', 'mandarin orange', 'lemon', 'artemisia', 'neroli', 'seagrass', 'ginger', 'geranium', 'jasmine', 'cyclamen', 'brazilian rosewood', 'rose', 'musk', 'sandalwood', 'cedar', 'guaiac wood', 'amber']","It smells like citrus peel and soap at first, then rubber and sawdust."
"['bergamot', 'rosemary', 'mint', 'lemon', 'tarragon', 'mandarin orange', 'juniper', 'brazilian rosewood', 'sage', 'bourbon geranium', 'coriander', 'sandalwood', 'musk', 'oakmoss', 'cedar', 'vanilla', 'patchouli', 'ambergris']","It smells like citrus peel and soap at first, then rubber, smoke, and sawdust."
"['juniper', 'bergamot', 'mandarin orange', 'orange blossom', 'woody notes', 'pimento', 'lily-of-the-valley', 'sage', 'musk', 'cardamom']","It smells like citrusy mandarin and sweet soap at first, then earthy sage and smoky pimento."
"['cannabis', 'grapefruit', 'black pepper', 'geranium', 'leather', 'vetiver']","It smells like grapefruit and soap at first, then leather, smoke, and sawdust."
"['star anise', 'rosemary', 'bergamot', 'lavender', 'geranium', 'cloves', 'coumarin', 'patchouli', 'oakmoss', 'vetiver', 'guaiac wood']","It smells like citrus peel, soap, and forest floor, with notes of damp soil and glue."
"['citron', 'bergamot', 'lavender', 'haitian vetiver', 'elemi']","It smells like citrus peel and soap at first, then rubber and sawdust."
"['lavender', 'brandy', 'immortelle', 'orange', 'juniper berries', 'clary sage', 'bergamot', 'tonka bean', 'vanilla', 'cedar']","It smells like citrus peel, sweet vanilla, and sawdust."
"['juniper berries', 'orange', 'angelica', 'cinnamon', 'pepper', 'cardamom', 'leather', 'orris root', 'vetiver', 'sugar', 'cherry', 'amber']","It smells like citrusy orange and sweet cherry at first, then warm sugar and dry leather."
"['sicilian mandarin', 'rosemary', 'amyris', 'iris', 'milk chocolate', 'coconut', 'coffee', 'tonka bean', 'agarwood (oud)']","It smells like citrus peel and soap at first, then coconut, milk chocolate, and sawdust."
"['sage', 'bergamot', 'cardamom', 'lemon', 'mandarin orange', 'carnation', 'patchouli', 'cedar', 'basil', 'orris root', 'jasmine', 'leather', 'oakmoss', 'styrax', 'vetiver', 'amber', 'vanilla', 'coconut']","It smells like citrus peel and soap at first, then warm plastic and damp soil."
"['cardamom', 'sage', 'french narcissus', 'haitian vetiver', 'madagascar vetiver', 'vanilla', 'palo santo', 'cedar']","It smells like warm, sweet spices, fresh cut grass, and damp soil."
"['coriander', 'aldehydes', 'cardamon', 'rhubarb', 'lily-of-the-valley', 'pink rose', 'ambroxan', 'oak moss', 'sandalwood']","It smells like citrus peel, soap, and glue, with notes of sawdust and dry wood."
"['driftwood', 'seaweed', 'agarwood (oud)', 'ambrette (musk mallow)', 'cardamom', 'celery seeds', 'lemon', 'cypress', 'lavender', 'yellow mandarin', 'myrtle', 'artemisia', 'incense', 'vetiver', 'oak', 'olibanum', 'mastic or lentisque', 'vanilla']","It smells like seaweed, citrus peel, and soap at first, then it dries down to sawdust and smoky resin."
"['orange blossom', 'lemon', 'lavender', 'cardamom', 'nutmeg', 'coriander', 'rosemary', 'geranium', 'litchi', 'tonka bean', 'teak wood', 'vetiver']","It smells like citrus peel and soap at first, then sweet spices, damp soil, and sawdust."
"['lemon', 'lavender', 'rosemary', 'neroli', 'cloves', 'geranium', 'clover', 'tobacco', 'sandalwood', 'ambergris']","It smells like citrus, soap, and crushed leaves at first, then warm plastic and sawdust."
"['fern', 'wild berries', 'chamomile', 'leather', 'narcissus', 'lily', 'birch', 'vetiver', 'patchouli']","It smells like damp soil, forest floor, and crushed leaves."
"['cypress', 'lemon', 'bergamot', 'green notes', 'basil', 'gardenia', 'cinnamon', 'vetiver', 'patchouli', 'cedar', 'coriander', 'geranium', 'jasmine', 'leather', 'oakmoss', 'benzoin', 'musk', 'amber', 'tonka bean']","It smells like citrus peel and soap at first, then rubber, damp soil, and sawdust."
"['green notes', 'lavender', 'artemisia', 'rosemary', 'bergamot', 'coriander', 'cinnamon', 'neroli', 'pine tree', 'juniper berries', 'carnation', 'tarragon', 'geranium', 'caraway', 'jasmine', 'rose', 'orris root', 'lily-of-the-valley', 'oakmoss', 'leather', 'cedar', 'patchouli', 'sandalwood', 'vetiver', 'musk', 'amber', 'tonka bean', 'coconut']","It smells like citrus peel and soap at first, then crushed leaves and sawdust."
"['absinthe', 'grapefruit', 'mint', 'lavender', 'cypress', 'patchouli']","It smells like a blend of citrus peel and soap at first, then it shifts to a sweet and smoky scent with notes of rubber and sawdust."
"['lavender', 'bergamot', 'aldehydes', 'coriander', 'artemisia', 'green notes', 'neroli', 'lemon', 'tarragon', 'carnation', 'cinnamon', 'rose', 'jasmine', 'cyclamen', 'leather', 'oakmoss', 'sandalwood', 'cedar', 'musk', 'patchouli', 'amber']","It smells like lavender and soap at first, then warm plastic and crushed leaves."
"['mint', 'mojito', 'rhuburb', 'rum', 'geranium', 'floral notes', 'vetiver', 'virginia cedar', 'patchouli']","It smells like fresh mint and soap at first, then damp soil and sawdust."
"['geranium', 'tonka bean', 'sandalwood']","It smells like geranium is like soap, then tonka bean is like sweet, caramel, and finally, sandalwood is like dry wood."
"['sea notes', 'bergamot', 'cardamom', 'basil', 'verbena', 'clary sage', 'orris', 'suede', 'woodsy notes', 'vetiver', 'patchouli']","It smells like citrusy freshness, followed by damp soil and sawdust, with a hint of warm skin and caramel."
"['green mandarin', 'pepper', 'gin', 'mint', 'juniper berries', 'madagascar vanilla', 'musk']","It smells like citrus peel and soap at first, then green leaves and sawdust."
"['ginger', 'juniper berries', 'bergamot', 'sage', 'lavender', 'geranium', 'vetiver', 'patchouli', 'cedar']","It smells like warm citrus and soap at first, then damp soil and sawdust."
"['pineapple', 'lavender', 'lemon', 'juniper berries', 'neroli', 'bergamot', 'cactus', 'ginger', 'sage', 'cardamom', 'violet', 'coriander', 'musk', 'sandalwood', 'mahogany', 'cedar', 'pepper', 'amber', 'vetiver']","It smells like a mix of citrus peel, soap, and juicy pineapple, with notes of warm glue and dry sawdust."
"['artemisia', 'juniper', 'bergamot', 'lemon', 'green apple', 'caraway', 'basil', 'grapefruit', 'honey', 'lavender', 'rose', 'jasmine', 'sage', 'geranium', 'lily-of-the-valley', 'orris root', 'tobacco', 'oakmoss', 'patchouli', 'sandalwood', 'musk', 'amber', 'cinnamon', 'cedar']","It smells like citrus peel and soap at first, then warm plastic, crushed leaves, and sawdust."
"['mint', 'sage', 'geranium', 'patchouli', 'chocolate', 'tonka bean', 'vanilla', 'coffee']","It smells like a combination of fresh mint, earthy sage, and slightly sweet vanilla, with a subtle hint of damp soil and crushed leaves in the background."
"['lavender', 'asphalt', 'cedar', 'leather']","It smells like a combination of fresh laundry and soap at first, followed by the scent of sawdust and dry wood."
"['mate', 'black pepper', 'pink pepper', 'cardamom', 'bergamot', 'water lily', 'magnolia', 'rose', 'violet', 'osmanthus', 'jasmine', 'copaiba balm', 'breu-branco', 'myrrh', 'patchouli', 'benzoin', 'olibanum', 'vetiver', 'labdanum', 'coumarin', 'vanilla', 'carrot']","It smells like citrus peel, soap, and juicy fruit at first, then damp soil, roots, and warm caramel."
"['elemi', 'mandarin orange', 'pink pepper', 'bergamot', 'immortelle', 'heliotrope', 'jasmine', 'iris', 'peru balsam', 'labdanum', 'patchouli', 'musk']","It smells like citrus peel and soap at first, then damp soil and sweet caramel."
"['ylang-ylang', 'rose', 'bergamot', 'orris root', 'jasmine', 'peru balsam']","It smells like citrus peel, soap, and juicy fruit at first, then rubber and sawdust."
"['jasmine sambac', 'pink grapefruit', 'vanilla flower', 'pink lotus', 'white lotus', 'dragon blood resin', 'sandalwood', 'siam benzoin']","It smells like pink grapefruit and soap, with notes of warm plastic and dry wood."
"['absinthe', 'bergamot', 'lemon', 'peru balsam', 'orange blossom', 'spices', 'carnation', 'musk']","It smells like citrus peel, soap, and sweet orange at first, then warm spices and sawdust."
"['cloves', 'pink pepper', 'orange blossom', 'chestnut', 'guaiac wood', 'juniper', 'vanilla', 'peru balsam', 'cashmeran']","It smells like sweet orange and fresh flowers at first, then warm spices and a hint of melted caramel."
"['solar notes', 'nectarine', 'yellow freesia', 'mandarin orange', 'grapefruit', 'mirabelle', 'jasmine', 'lily-of-the-valley', 'beeswax', 'vanilla', 'musk', 'cedar', 'neroli']","It smells like citrus peel and soap at first, then warm plastic, sawdust, and caramel."
"['mandarin orange', 'coffee', 'osmanthus', 'cacao', 'tonka bean']","It smells like a combination of citrus peel, soap, and juicy fruit at first, then warm glue and smoky wood."
"['orange', 'cacao', 'carambola (star fruit)', 'vanilla']","It smells like juicy orange and sweet caramel at first, then warm glue and smoky smoke."
"['watermelon', 'rose', 'black currant', 'grapefruit', 'dark chocolate', 'cacao', 'coconut', 'musk', 'sandalwood']","It smells like sweet watermelon and soap at first, then coconut and musk."
"['vanilla', 'vanilla orchid', 'cacao pod', 'rum']","It smells like vanilla, with notes of sweet cream and caramel, followed by the subtle scent of crushed leaves and dry wood."
"['lavender', 'mint', 'syringa', 'cacao pod', 'cedar', 'myrrh', 'wheat']","It smells like soap, sugar, and sawdust."
"['apple', 'peach', 'grapefruit', 'magnolia', 'floral notes', 'lily', 'white chocolate truffle', 'cacao', 'australian sandalwood', 'woody notes', 'musk']","It smells like sweet, juicy peach and fresh, crushed leaves at first, then warm sugar and sawdust."
"['black currant', 'rose', 'cacao', 'patchouli']","It smells like ripe fruit, warm soap, and a hint of damp soil."
"['cacao', 'dark chocolate', 'tobacco', 'tonka bean', 'musk', 'woodsy notes']","It smells like rich soil, warm glue, and sweet caramel."
"['pink pepper', 'lavender', 'cacao']","It smells like sweet and juicy fruit, followed by a dry, earthy scent and a hint of glue."
"['cherry', 'pink pepper', 'cardamom', 'pomelo', 'bergamot', 'mandarin orange', 'black pepper', 'blackberry', 'apricot', 'lotus', 'cacao', 'musk', 'sandalowood', 'amber']","It smells like a mix of juicy blackberry, sweet citrus peel, and a hint of warm glue at first, then it settles into a subtle blend of dry wood and smoky undertones."
"['apple', 'cassis', 'pineapple', 'cacao', 'iris', 'egyptian jasmine', 'patchouli', 'amber', 'vanilla', 'musk', 'sandalwood']","It smells like sweet citrus and soap at first, then warm glue and sawdust."
"['cacao', 'milk', 'liquor', 'cacao', 'jasmine', 'lily-of-the-valley', 'coumarin', 'musk', 'cedar']","It smells like milk, jasmine, and soap at first, then sweet cedar and fresh cut grass."
"['bergamot', 'neroli', 'cacao', 'coconut', 'agarwood (oud)', 'musk']","It smells like citrus peel, sweet soap, and coconut at first, then warm glue and smoky wood."
"['cacao', 'olibanum', 'bergamot', 'nutmeg', 'jasmine', 'anise', 'benzoin', 'madagascar pepper', 'labdanum', 'tobacco', 'cedar', 'haitian vetiver']","It smells like sweet citrus, fresh soap, and a hint of smoky resin at first, then warm glue and earthy damp soil."
"['wormwood', 'pink pepper', 'grapefruit', 'tuberose', 'champaca', 'cacao', 'patchouli', 'amber', 'tonka bean', 'vanille']","It smells like grapefruit and soap at first, then wet leaves, glue, and sawdust."
"['cacao', 'dark chocolate', 'hazelnut', 'hazelnut', 'tonka bean']","It smells like dark chocolate and caramel at first, then hazelnut and warm spices, with a subtle hint of damp soil and roots."
"['turkish rose', 'cacao pod', 'tonka bean', 'madagascar vanilla', 'dark chocolate', 'agarwood (oud)', 'patchouli', 'sandalwood']","It smells like a combination of sweet, juicy fruit and melted caramel at first, followed by the earthy scent of wet leaves and the woody aroma of pencil shavings."
"['hazelnut', 'milk', 'sugar', 'cacao', 'floral notes', 'vanilla']","It smells like creamy milk, sweet sugar, and a hint of roasted nuts at first, then a subtle floral note and a smooth, velvety vanilla."
"['orange', 'marshmallow', 'apple', 'iris', 'jasmine', 'caramel', 'tonka bean', 'sandalwood', 'cacao', 'woody notes', 'amber', 'vanilla', 'musk']","It smells like juicy orange and sweet caramel, with hints of warm glue and dry sawdust."
"['gardenia', 'cacao', 'vanilla']","It smells like creamy soap, sweet caramel, and warm glue."
"['cranberry', 'hazelnut', 'jasmine', 'cacao pod', 'amber']","It smells like tart fruit and soap at first, then warm glue and crushed leaves."
"['red fruits', 'red apple', 'orange blossom', 'jasmine', 'cacao', 'vanilla', 'sandalwood', 'musk']","It smells like ripe fruit and sweet vanilla at first, then warm sandalwood and a hint of skin musk."
"['caramel', 'powdery notes', 'musk', 'benzoin', 'vanilla']","It smells like caramel and sweet vanilla, with a powdery note that's similar to clean laundry and a subtle musk that's reminiscent of skin."
"['peach', 'mandarin orange', 'orange', 'caramel', 'orange blossom', 'jasmine', 'amber', 'sandalwood', 'guaiac wood', 'cedar']","It smells like juicy mandarin orange and sweet caramel at first, then warm sawdust and dry wooden boards."
"['violet', 'orange', 'bergamot', 'coffee', 'pear', 'iris', 'orange blossom', 'rose', 'caramel', 'vanilla', 'patchouli']","It smells like sweet orange and tart pear at first, then caramel and vanilla, finishing with damp soil and crushed leaves."
"['wild berries', 'gardenia', 'lily of the valley', 'honeysuckle', 'jasmine sambac', 'vanilla orchid', 'caramel', 'vanilla', 'sandalwood', 'praline']","It smells like sweet vanilla, juicy fruit, and fresh cut grass, with hints of warm caramel and dry wood."
"['mandarin orange', 'clary sage', 'caramel', 'tonka bean', 'vetiver']","It smells like caramel, juicy fruit, and damp soil."
"['litchi', 'mandarin orange', 'lily-of-the-valley', 'bergamot', 'tuberose', 'caramel', 'vanila', 'amber', 'sandalwood']","It smells like citrus peel, caramel, and soap at first, then warm plastic, and finally dry wood."
"['citruses', 'sweet pea', 'caramel', 'benzoin', 'white musk']","It smells like sweet citrus peel and fresh soap at first, then caramel and juicy fruit."
"['cardamom', 'pimento', 'caramel', 'salt', 'vanilla', 'tobacco', 'cashmeran']","It smells like sweet caramel, warm glue, and crushed leaves."
"['jasmine', 'caramel', 'salt', 'vanilla']","It smells like sweet caramel and fresh flowers at first, then warm vanilla and a hint of melted sugar."
"['red apple', 'apricot', 'mandarin orange', 'cinnamon', 'jasmine', 'caramel', 'vanilla', 'sandalwood']","It smells like juicy orange and sweet caramel at first, then warm glue and crushed leaves."
"['gardenia', 'carnation', 'jasmine', 'patchouli', 'flowers', 'sandalwood', 'sea notes', 'caramel', 'coffee']","It smells like wet leaves, caramel, and crushed leaves."
"['caramel', 'bulgarian rose', 'australian sandalwood', 'musk', 'himalayan cedar']","It smells like caramel, soap, and warm dry skin."
"['pink pepper', 'litchi', 'co2 extracts', 'sicilian bergamot', 'jasmine sambac', 'rose', 'magnolia', 'popcorn', 'caramel', 'cacao', 'salt', 'labdanum']","It smells like sweet caramel, juicy litchi, and a hint of popcorn, with a dry wood and glue undertone."
"['orange', 'floral notes', 'violet', 'caramel', 'vanilla', 'moss']","It smells like sweet citrus and soap, with notes of caramel and a hint of mossy earth."
"['sea salt', 'lemon', 'pink pepper', 'jasmine', 'seagrass', 'bay leaf', 'salt', 'caramel', 'brown sugar', 'cedar']","It smells like sea air and citrus at first, then sweet caramel and toasted sugar, finishing with a subtle hint of dry sawdust."
"['mandarin orange', 'incense', 'bergamot', 'ylang-ylang', 'jasmine', 'iris', 'caramel', 'amber', 'musk', 'vetiver']","It smells like juicy orange and soap at first, then warm caramel and sawdust."
"['caramel', 'vanilla', 'patchouli']","It smells like wet leaves and forest floor, with a hint of caramel sweetness."
"['caramel', 'milk', 'smoke', 'caramel', 'hinoki incense', 'leather', 'toffee', 'hinoki incense']","It smells like toffee, milk, and smoke, with a hint of leather and sawdust."
"['pineapple', 'lime', 'floral notes', 'caramel']","It smells like juicy pineapple and sweet caramel at first, then tart lime and a hint of soap."
"['peach', 'grapefruit', 'bamboo leaf', 'iris', 'orange blossom', 'peony', 'caramel', 'patchouli', 'musk']","It smells like juicy orange and sweet caramel at first, then wet leaves and forest floor."
"['plum', 'mandarin orange', 'lemon', 'pear', 'caramel', 'jasmine', 'salt', 'black orchid', 'coffee blossom', 'orange blossom', 'vanilla', 'amber', 'musk', 'cedar', 'patchouli']","It smells like a sweet and juicy pear, with notes of citrusy lemon peel and slightly tart orange, finishing with warm caramel and a hint of fresh grass."
"['black pepper', 'mandarin orange', 'bergamot', 'heliotrope', 'rose', 'orris', 'caramel', 'moss', 'musk']","It smells like citrus peel, soap, and caramel at first, then moss and skin."
"['apple', 'raspberry', 'passionfruit', 'cherry', 'lily-of-the-valley', 'magnolia', 'rose', 'apricot', 'caramel', 'amber', 'peach', 'musk']","It smells like juicy peach and sweet caramel at first, then musky skin and soap."
"['pistachio', 'coconut water', 'peach blossom', 'black currant', 'caramel', 'salt']","It smells like peachy sweetness, followed by a hint of salty caramel and a subtle dry wood note."
"['citruses', 'caramel', 'sandalwood']","It smells like citrus peel, caramel, and pencil shavings."
"['citruses', 'caramel', 'sandalwood']",It smells like citrus peel and sugar.
"['nutmeg', 'mandarin orange', 'herbal notes', 'pink pepper', 'cardamom', 'caramel', 'cinnamon', 'coffee', 'lily-of-the-valley', 'transparent flowers', 'amber', 'musk', 'sandalwood', 'cacao', 'vanilla', 'tonka bean']","It smells like sweet citrus, soap, and caramel, with hints of smoky rubber and dry wood."
"['freesia', 'mandarin orange', 'lily', 'peach', 'bergamot', 'magnolia', 'damask rose', 'patchouli', 'lily', 'cedar', 'caramel', 'vanilla', 'musk', 'sandalwood', 'benzoin', 'amber']","It smells like citrus peel, warm sugar, and soap at first, then forest floor and glue."
"['popcorn', 'bergamot', 'caramel', 'chestnut', 'orchid', 'vanilla absolute', 'benzoin', 'virginia cedar']","It smells like caramel, citrus peel, and sawdust."
"['bitter orange', 'tangerine', 'stephanotis', 'caramel', 'lemon verbena', 'orchid', 'rose', 'patchouli', 'vanilla', 'mahogany', 'saffron']","It smells like citrus peel, sugar, and soap at first, then warm plastic and sawdust."
"['chinotto', 'orange blossom', 'caramel', 'vanilla']","It smells like citrus peel and candy-like fruit at first, then warm caramel and glue."
"['coconut', 'fruits', 'bergamot', 'frangipani', 'gardenia', 'white flowers', 'caramel', 'amber']","It smells like caramel, juicy fruit, and soap at first, then warm plastic and dry leaves."
"['floral notes', 'cassia', 'rose', 'caramel', 'tonka bean']","It smells like floral notes translate to soap, shampoo, and powder, with hints of caramel and sawdust."
"['litchi', 'peach', 'freesia', 'orange', 'melon', 'jasmine', 'lily', 'heliotrope', 'orange blossom', 'magnolia', 'caramel', 'vanilla', 'sandalwood', 'patchouli', 'musk', 'vetiver', 'moss']","It smells like juicy peach and sweet caramel at first, then warm orange and slightly tart melon."
"['caramel', 'peach', 'rose', 'violet', 'vanilla', 'musk']","It smells like caramel, juicy peach, and sweet vanilla at first, then floral soap and fresh powder."
"['pomegranate', 'blackberry blossom', 'jasmine', 'caramel']","It smells like sweet and tart fruit, with notes of warm glue and dry wood."
"['pear', 'apple', 'mandarin orange', 'sandalwood', 'violet', 'freesia', 'caramel', 'musk', 'ambergris']","It smells like sweet and juicy fruit at first, then caramel and warm skin, finally ending with a subtle hint of sawdust and glue."
"['caramel', 'green apple', 'lily']","It smells like green apple and soap, with a sweet caramel undertone."
"['wild berries', 'freesia', 'bergamot', 'orchid', 'orange blossom', 'jasmine', 'caramel', 'musk', 'vanilla absolute', 'patchouli']","It smells like sweet citrus and soap at first, then warm berries and caramel, with a subtle hint of wet leaves and forest floor."
"['pink pepper', 'citruses', 'davana', 'rum', 'blackberry', 'caramel', 'white flowers', 'osmanthus', 'cherry blossom', 'evernyl', 'amber', 'oakmoss']","It smells like sweet cherry and citrus fruits at first, then warm caramel and glue, finally with a subtle dry wood and pencil shavings note."
"['nutmeg', 'caramel', 'vanilla', 'spices', 'incense', 'tobacco blossom', 'white musk']","It smells like sweet caramel, warm spices, and a hint of smoky incense."
"['blackberry', 'pink grapefruit', 'pink pepper', 'champagne', 'jasmine sambac', 'orange blossom', 'musk', 'vetiver']","It smells like juicy pink fruit, followed by a hint of warm glue and damp soil."
"['champagne', 'apricot', 'black orchid', 'pepper', 'whipped cream', 'mahogany', 'sandalwood']","It smells like sweet apricot and soap at first, then warm pepper and sawdust."
"['bitter almond', 'black cherry', 'cherry liqueur', 'sour cherry', 'plum', 'turkish rose', 'jasmine sambac', 'vanilla', 'tonka bean', 'cinnamon', 'peru balsam', 'benzoin', 'sandalwood', 'cloves', 'cedar', 'patchouli', 'vetiver']","It smells like sweet cherry and ripe plum, with notes of warm vanilla and a hint of damp soil."
"['rose', 'green notes', 'jasmine', 'sour cherry', 'apple', 'orange blossom', 'black currant', 'white musk', 'patchouli', 'white amber']","It smells like sweet citrus and soap, then warm plastic and crushed leaves."
"['cherry', 'pink pepper', 'bergamot', 'violet', 'freesia', 'jasmine', 'tonka bean', 'vanilla', 'amber', 'sandalwood']","It smells like sweet cherry and soap at first, then warm vanilla and powdery flowers, finally finishing with a smooth, dry wood note."
"['sour cherry', 'saffron', 'leather', 'olive', 'chinese osmanthus', 'apricot', 'smoke', 'woody notes', 'cypriol oil or nagarmotha']","It smells like sweet and tart apricot, followed by a hint of leather and a subtle smokiness."
"['cherry', 'almond', 'pink pepper', 'cherry blossom', 'violet', 'magnolia', 'vanilla', 'tonka bean', 'sandalwood']","It smells like juicy cherry and sweet vanilla at first, then floral soap and soft, powdery violet."
"['cherry', 'pink pepper', 'bergamot', 'violet', 'jasmine', 'freesia', 'tonka bean', 'amber', 'sandalwood', 'musk']","It smells like sweet cherry and fresh flowers at first, then warm plastic and sawdust."
"['cherry', 'spices', 'coffee', 'white tobacco', 'patchouli', 'atlas cedar', 'rose', 'tonka bean', 'amber', 'musk']","It smells like sweet cherry and warm spices at first, then patchouli-like wet leaves and forest floor, followed by a hint of dry wood and skin."
"['cherry', 'sour cherry', 'almond', 'rum', 'black pepper', 'bergamot', 'ink', 'red wine', 'myrrh', 'damask rose', 'cinnamon', 'mimosa', 'jasmine', 'lily-of-the-valley', 'tonka bean', 'musk', 'vanilla bean', 'benzoin', 'precious woods', 'amber', 'patchouli', 'agarwood (oud)']","It smells like sweet cherry and tart berries at first, then warm glue and smoky wood, finishing with a hint of damp soil."
"['maraschino cherry', 'coffee', 'musk', 'woody notes']","It smells like maraschino cherry, coffee, and a hint of skin, with undertones of glue and dry wood."
"['blackberry', 'bitter orange', 'neroli', 'bergamot', 'cherry', 'jasmine', 'orange blossom', 'gardenia', 'peony', 'vanilla', 'almond', 'sandalowood', 'amber', 'patchouli']","It smells like sweet cherry and citrus, with hints of wet leaves and glue."
"['black cherry', 'raspberry', 'jasmine', 'rose', 'mimosa', 'vanilla', 'birch', 'vetiver']","It smells like sweet black cherry and fresh soap at first, then a hint of damp soil and sawdust."
"['sicilian lemon', 'jasmine', 'orange', 'black cherry', 'heliotrope', 'amber', 'woody notes']","It smells like a combination of bright citrus peel, soap, and juicy orange, with subtle hints of woodsmoke and sawdust."
"['cherry', 'violet leaves', 'chamomile', 'geranium', 'rose', 'mimosa', 'amber', 'blonde woods', 'cedarwood']","It smells like sweet cherry, crushed leaves, and a hint of glue, with a subtle dry wood undertone."
"['cherry', 'pepper', 'lactones', 'oud', 'incense', 'benzoin', 'cypriol oil or nagarmotha', 'labdanum', 'moss']","It smells like sweet cherry and warm pepper at first, then smoky incense and damp moss."
"['cherry', 'pepper', 'incense', 'agarwood (oud)', 'patchouli', 'moss', 'benzoin']","It smells like a combination of wet leaves, forest floor, and soap, with hints of burnt wood and smoky resin."
"['cherry', 'watermelon', 'bergamot', 'violet', 'sandalwood', 'rose', 'violet leaf', 'amber', 'musk', 'virginia cedar']","It smells like sweet cherry, followed by a juicy watermelon flavor and a hint of warm glue, with a subtle dryness like pencil shavings and sawdust lingering in the background."
"['cherry', 'saffron', 'black pepper', 'black leather', 'violet', 'jasmine', 'tonka bean', 'palo santo', 'patchouli', 'heliotrope']","It smells like sweet cherry and soap at first, then earthy wet leaves and sawdust."
"['cherry', 'rum', 'saffron', 'nutmeg', 'cinnamon', 'rose', 'jasmine', 'vanilla', 'tonka bean', 'ambroxan', 'sandalwood', 'oak', 'benzoin', 'patchouli', 'cypress']","It smells like sweet cherry and warm vanilla, with a hint of dry wood and a subtle smokiness."
"['sour cherry', 'wheat', 'red apple', 'jasmine', 'beeswax', 'lavender', 'cherry', 'heliotrope', 'musk', 'ambergris']","It smells like sour cherry and soap, with notes of dry grass and a hint of glue."
"['cherry', 'tuberose', 'pomegranate', 'rose', 'powdery notes']","It smells like sweet cherry and soap, with hints of juicy pomegranate and powdery rose."
"['cherry', 'almond', 'bergamot', 'smoke', 'rose', 'tea', 'iris', 'leather', 'patchouli', 'tonka bean']","It smells like juicy cherry and soap at first, then warm tea and leather, with subtle hints of damp soil and smoky woods."
"['pink pepper', 'bergamot', 'mandarin orange', 'rose', 'jasmine', 'lily-of-the-valley', 'musk', 'amber', 'cherry liqueur']","It smells like cherry liqueur sweetness and citrusy orange peel at first, then floral soap and clean laundry."
"['cherry', 'bitter almond', 'liquor', 'plum', 'almond', 'peru balsam', 'damask rose', 'jasmine', 'cherry', 'vanilla', 'cedar', 'sandalwood', 'patchouli']","It smells like sweet cherry and juicy plum at first, then warm vanilla and sawdust, with hints of forest floor and dry wood."
"['cherry', 'cherry blossom', 'musk', 'woody notes']","It smells like sweet cherry and fresh laundry at first, then juicy fruit and warm skin."
"['milk', 'cacao', 'almond', 'cloves', 'lime', 'cherry', 'raspberry', 'jasmine', 'vanilla', 'amber']","It smells like a mix of juicy cherry and tart lime at first, then warm glue and crushed leaves, finishing with a hint of sawdust and dry wood."
"['maraschino cherry', 'pink pepper', 'mandarin orange', 'gardenia', 'amaryllis', 'jasmine', 'vanilla', 'musk', 'sandalwood']","It smells like a combination of sweet mandarin orange and juicy pink pepper, with a subtle hint of vanilla and a dry, woody base that resembles sawdust and sandalwood."
"['cherry', 'bitter almond', 'rose', 'pistachio', 'cherry blossom', 'heliotrope', 'vanilla', 'musk', 'sandalwood', 'tonka bean', 'cedar']","It smells like cherry blossom, sweet vanilla, and a hint of skin musk at first, then warm sandalwood and crushed leaves, finally settling into a smooth cedarwood and a subtle metallic water note."
"['green tea', 'bergamot', 'cherry', 'lilac', 'jasmine', 'powdery notes']","It smells like citrus peel and soap at first, then it gives off a sweet and slightly powdery scent, similar to cherry blossoms and clean laundry."
"['sour cherry', 'cherry', 'pistachio', 'cherry blossom', 'almond', 'sandalwood', 'musk']","It smells like sweet cherry and juicy fruit at first, then warm sandalwood and soft musk."
"['cherry', 'rose petals', 'musk']","It smells like cherry candies, rose petal soap, and skin."
"['cherry', 'strawberry', 'heliotrope', 'iris', 'cedar', 'hay', 'rose', 'olibanum', 'agarwood (oud)', 'sandalwood']","It smells like sweet cherry and juicy strawberry at first, then rose and hay, with a dry wood and pencil shavings undertone."
"['black cherry', 'sour cherry', 'cherry liqueur', 'almond', 'raspberry', 'plum', 'damask rose', 'jasmine sambac', 'cloves', 'patchouli', 'vanilla', 'vetiver', 'cedar']","It smells like a blend of tart cherry and sweet vanilla, with hints of damp soil and dry wood."
"['neroli', 'coconut', 'peach', 'cherry', 'dark chocolate', 'jasmine', 'sandalwood', 'musk']","It smells like sweet coconut, juicy peach, and dark chocolate."
"['cherry extract', 'liquor', 'bitter almond', 'sour cherry', 'turkish rose', 'jasmine sambac', 'tonka bean', 'peru balsam', 'sandalwood', 'vetiver', 'cedar']","It smells like sweet cherry and sour fruit at first, then bitter almond and glue, finishing with dry wood and damp soil."
"['bergamot', 'cherry', 'rose', 'cassis', 'guarana', 'iris', 'black vanilla husk', 'patchouli', 'amber', 'white musk']","It smells like citrus and soap, then sweet and slightly smoky, with hints of wet leaves and earthy sawdust."
"['peach', 'black currant', 'mandarin orange', 'bergamot', 'dark chocolate', 'rose', 'violet', 'vanilla', 'white musk', 'cedar']","It smells like sweet mandarin orange and ripe peach at first, then dark chocolate and warm vanilla, finishing with a subtle hint of sawdust and dry wood."
"['dark chocolate', 'jasmine', 'teak wood', 'cedar', 'chocolate', 'milk', 'vanilla', 'musk']","It smells like dark chocolate and vanilla at first, then milk and sawdust."
"['mandarin orange', 'chocolate', 'chocolate flower', 'vanilla']","It smells like juicy orange, sweet caramel, and a hint of glue."
"['milk chocolate', 'green apple', 'mandarin orange', 'dark chocolate', 'vanilla flower', 'sandalwood', 'white musk', 'praline']","It smells like green apple and praline at first, then mandarin orange and vanilla flower, finally finishing with a sweet and woody dry down of sandalwood and white musk."
"['watermelon', 'mandarin orange', 'bergamot', 'lotus', 'jasmine', 'rose', 'mexican chocolate', 'rice', 'patchouli']","It smells like sweet and juicy watermelon at first, then fresh mandarin orange and warm bergamot, with a dry and earthy patchouli undertone."
"['chocolate', 'plum', 'bergamot', 'iris', 'ambrette (musk mallow)', 'osmanthus', 'jasmine', 'rose', 'oakmoss', 'vanilla', 'amber', 'musk', 'leather', 'patchouli']","It smells like rich, juicy fruit and warm sugar at first, then it settles into a blend of glue, sawdust, and clean laundry."
"['blood orange', 'calabrian bergamot', 'dark chocolate', 'coffee', 'madagascar vanilla', 'pancake', 'maple sap']","It smells like a combination of juicy blood orange and sweet maple sap, with a subtle hint of dark chocolate and a lingering note of sawdust."
"['dark chocolate', 'italian mandarin', 'brazilian orange', 'hazelnut', 'amberwood', 'tahitian vanilla', 'musk', 'ambergris']","It smells like citrus peel, warm sugar, and clean laundry at first, then it becomes a mix of sawdust, glue, and smoky resin."
"['peach', 'citruses', 'plum', 'bergamot', 'mandarin orange', 'cinnamon', 'jasmine', 'lily-of-the-valley', 'vanille', 'sandalwood', 'amber', 'musk']","It smells like a combination of juicy peach and sweet vanilla at first, with a hint of citrusy mandarin orange, followed by a subtle dryness like sawdust and a soft, skin-like musk."
"['cinnamon', 'tangerine', 'plum', 'mimosa', 'amber', 'patchouli']","It smells like citrus peel and sweet, then warm plastic and crushed leaves."
"['bergamot', 'cinnamon', 'juniper berries', 'incense']","It smells like citrus peel and soap at first, then rubber, smoke, and sawdust."
"['cinnamon', 'pomelo', 'neroli', 'tobacco']","It smells like citrus peel and soap at first, then warm cinnamon and sweet pomelo, with a subtle hint of dry tobacco leaves."
"['apple', 'violet leaf', 'bergamot', 'cinnamon', 'pink pepper', 'geranium', 'musk', 'cedar', 'amber']","It smells like a sweet and tangy citrus fruit, followed by a hint of soap and a lingering scent of sawdust and smoke."
"['bergamot', 'lavender', 'cinnamon', 'leather', 'mimosa', 'guaiac wood', 'tobacco', 'opoponax', 'oakmoss']","It smells like citrus and soap, then warm spices and dry leaves."
"['mandarin orange', 'patchouli', 'bergamot', 'cinnamon', 'amber', 'virginia cedar', 'leather', 'musk', 'woodsy notes']","It smells like citrus and sweet soap at first, then warm glue and sawdust."
"['sicilian lemon', 'apple', 'cedar', 'bellflower', 'bamboo', 'jasmine', 'white rose', 'cedar', 'musk', 'amber']","It smells like a combination of tart citrus and sweet soap at first, followed by a subtle hint of rubber and a dry, woody scent like sawdust."
"['orange', 'mandarin orange', 'bergamot', 'orange blossom', 'turkish rose', 'jasmine', 'mimosa', 'ylang-ylang', 'patchouli', 'white musk', 'vanilla', 'vetiver', 'tonka bean', 'opoponax']","It smells like a combination of juicy orange and sweet vanilla at first, then earthy damp soil and crushed leaves, finishing with a subtle hint of clean laundry."
"['orange', 'grapefruit', 'pepper', 'pelargonium', 'flint', 'vetiver', 'cedar', 'patchouli', 'benzoin']","It smells like a mix of citrus peel, soap, and forest floor, with notes of damp soil and sawdust."
"['lime', 'lemon', 'bergamot', 'jasmine', 'orange', 'mandarin orange', 'neroli', 'sea notes', 'jasmine', 'calone', 'rosemary', 'peach', 'freesia', 'hiacynth', 'cyclamen', 'violet', 'coriander', 'rose', 'nutmeg', 'mignonette', 'white musk', 'cedar', 'oakmoss', 'patchouli', 'amber']","It smells like citrus and sugar at first, then warm plastic, forest floor, and crushed leaves."
"['grapefruit', 'lemon', 'mint', 'pink pepper', 'ginger', 'nutmeg', 'jasmine', 'iso e super', 'incense', 'vetiver', 'cedar', 'sandalwood', 'patchouli', 'labdanum', 'white musk']","It smells like citrus peel and soap at first, then rubber, smoke, and sawdust."
"['lemon', 'green notes', 'bergamot', 'mandarin orange', 'pineapple', 'cardamom', 'papaya', 'lily-of-the-valley', 'jasmine', 'violet', 'rose', 'nutmeg', 'orris root', 'freesia', 'green accord', 'musk', 'cedar', 'sandalwood', 'oakmoss', 'green tea', 'amber']","It smells like citrus peel and soap at first, then rubber, smoke, and sawdust."
"['lemon', 'pineapple', 'bergamot', 'black currant', 'apple', 'birch', 'jasmine', 'rose', 'musk', 'ambergris', 'patchouli', 'vanilla']","It smells like citrus peel, sweet caramel, and soap at first, then warm glue and sawdust."
"['citruses', 'bergamot', 'lemon', 'cedar', 'mandarin orange', 'iris', 'patchouli', 'vetiver', 'jasmine', 'rose', 'vanilla', 'incense', 'leather', 'opoponax', 'civet', 'sandalwood', 'tonka bean', 'musk']","It smells like citrus peel, soap, and juicy fruit at first, then damp soil, sawdust, and skin."
"['lemon', 'bergamot', 'neroli', 'rose de mai', 'hyacinth', 'cedar', 'clary sage', 'geranium', 'tonka bean', 'musk', 'amber']","It smells like citrusy lemon and sweet soap at first, then warm rubber and dry wood."
"['yuzu', 'lemon', 'bergamot', 'lemon verbena', 'mandarin orange', 'cypress', 'calone', 'coriander', 'tarragon', 'sage', 'blue lotus', 'nutmeg', 'lily-of-the-valley', 'bourbon geranium', 'saffron', 'ceylon cinnamon', 'mignonette', 'tahitian vetiver', 'musk', 'cedar', 'sandalwood', 'amber', 'tobacco']","It smells like citrus peel, soap, and tart fruit at first, then warm glue, damp soil, and dry wood."
"['amalfi lemon', 'lime', 'granny smith apple', 'praline', 'peony', 'datura', 'apple tree', 'musk', 'virginia cedar']","It smells like citrus peel, juicy tart apple, and sweet caramel at first, then warm skin and sawdust."
"['italian orange', 'jasmine', 'bitter orange', 'jasmine', 'orange blossom', 'ginger', 'honey', 'vanilla', 'sandalwood']","It smells like citrus peel and soap at first, then orange and ginger, with a subtle sweetness and a dry, wooden finish."
"['grapefruit', 'lemon', 'mint', 'pink pepper', 'bergamot', 'aldehydes', 'coriander', 'ginger', 'nutmeg', 'jasmine', 'melon', 'incense', 'amber', 'cedar', 'sandalwood', 'patchouli', 'amberwood', 'labdanum']","It smells like citrus and soap at first, then sweet rubber, smoke, and sawdust."
"['lemon', 'bergamot', 'carambola (star fruit)', 'cardamom', 'brazilian rosewood', 'cedar', 'tarragon', 'sage', 'pepper', 'musk', 'woodsy notes', 'saffron', 'amber', 'sycamore']","It smells like citrus peel and soap at first, then rubber and sawdust."
"['black currant', 'orange', 'mandarin orange', 'grapefruit', 'cassia', 'bergamot', 'rose', 'apricot', 'jasmine', 'lily', 'lily-of-the-valley', 'vanilla', 'tonka bean', 'musk', 'amber', 'virginia cedar']","It smells like a mix of juicy orange and sweet vanilla at first, then a hint of floral soap and a subtle musky skin note."
"['lemon', 'bergamot', 'mint', 'orange peel', 'rhubarb', 'jasmine', 'oakmoss', 'musk', 'fennel', 'carnation', 'white amber', 'green tea', 'jasmine', 'oakmoss', 'musk', 'celery seeds', 'caraway', 'cloves', 'amber']","It smells like citrus peel, soap, and mint at first, then warm plastic and sawdust."
"['grapefruit', 'green mango', 'tomato', 'carrot', 'lotus', 'bulrush', 'orange', 'hiacynth', 'peony', 'musk', 'iris', 'incense', 'labdanum', 'cinnamon']","It smells like a combination of juicy orange and green mango, with notes of warm glue and damp soil."
"['orange', 'sea notes', 'aldehydes', 'blood mandarin', 'pepper', 'neroli', 'cedar', 'vanilla', 'tonka bean', 'white musk', 'amber', 'vetiver', 'elemi resin']","It smells like citrus peel, sugar, and soap at first, then warm plastic and sawdust."
"['grapefruit', 'orange', 'lemon', 'red currant', 'sugar cane', 'bulrush', 'lily-of-the-valley', 'tea rose', 'cinnamon', 'musk', 'cedar', 'thanaka wood']","It smells like citrus peel, soap, and sweet candy-like fruit at first, then dry wood and sawdust."
"['sea notes', 'grapefruit', 'mandarin orange', 'bay leaf', 'jasmine', 'ambergris', 'guaiac wood', 'oakmoss', 'patchouli']","It smells like citrus and soap at first, then warm plastic, sawdust, and damp earth."
"['lemon', 'bergamot', 'star anise', 'olive blossom', 'guaiac wood', 'leather', 'tonka bean', 'tobacco']","It smells like citrusy lemon and floral soap at first, then it becomes a blend of sweet tobacco and smoky incense."
"['bergamot', 'citruses', 'green mandarin', 'fig', 'pear', 'cardamom', 'lily', 'jasmine', 'narcissus', 'virginia cedar', 'musk', 'olive tree', 'sandalwood']","It smells like a mix of citrus peel and soap at first, followed by a sweet and slightly smoky scent, with hints of dry wood and skin."
"['mandarin orange', 'madagascar pepper', 'lemon', 'chinotto', 'rosemary', 'geranium', 'rose', 'pepperwood\x99', 'vanilla', 'tonka bean', 'sandalwood', 'texas cedar', 'patchouli', 'oakmoss']","It smells like juicy mandarin and sweet vanilla at first, then dry sawdust and warm glue."
"['lemon verbena', 'iris', 'violet leaf', 'ambergris', 'sandalwood']","It smells like citrus peel, soap, and crushed leaves at first, then warm plastic and pencil shavings."
"['bergamot', 'mandarin orange', 'green tea', 'black currant', 'musk', 'sandalwood', 'petitgrain', 'galbanum']","It smells like citrus peel, fresh soap, and slightly sweet candy at first, then warm rubber and sawdust."
"['mandarin orange', 'orange', 'petitgrain', 'seaweed', 'lavender', 'cotton flower', 'virginia cedar', 'woodsy notes', 'patchouli', 'clary sage', 'amber']","It smells like a combination of citrus peel and soap at first, then wet leaves and forest floor, with a hint of warm plastic and glue."
"['green notes', 'grapefruit', 'spices', 'bergamot', 'lavender', 'petitgrain', 'ginger', 'violet', 'gardenia', 'sage', 'musk', 'sandalwood', 'incense', 'vetiver', 'guaiac wood', 'labdanum']","It smells like citrus peel and soap at first, then rubber, smoke, and sawdust."
"['orange', 'blood grapefruit', 'indian mandarin', 'bergamot', 'apple', 'plum', 'lily-of-the-valley', 'freesia', 'orchid', 'rose', 'mimosa', 'lily', 'magnolia', 'musk', 'amber']","It smells like citrus peel and sweet fruit at first, then warm plastic and crushed leaves."
"['pink grapefruit', 'sicilian bergamot', 'red currant leaf', 'cactus', 'orchid', 'vanilla', 'red cedar', 'amber']","It smells like a mix of juicy and tart citrus, followed by a sweet and powdery floral note, and finally, a dry and woody finish with notes of glue and sawdust."
"['blood orange', 'bergamot', 'lavender', 'cinnamon', 'licorice', 'jasmine', 'caramel', 'vanille', 'musk']","It smells like citrus peel and soap at first, then caramel, dry wood, and skin."
"['blood orange', 'black currant', 'clementine', 'pear', 'mandarin orange', 'ginger', 'ginger flower', 'tuberose', 'freesia', 'hibiscus seed', 'vanilla', 'sandalwood', 'musk', 'california cedar']","It smells like citrus peel, soap, and sweet fruit at first, then warm spices and dry wood."
"['clementine', 'bitter orange', 'orange blossom', 'green tea', 'ivy', 'mandarin orange', 'basil', 'chamomile', 'peony', 'sandalwood', 'amber']","It smells like citrusy sweetness and soap at first, then warm plastic and sawdust."
"['coconut', 'lime', 'white bergamot', 'sicilian mandarin', 'ginger', 'ylang-ylang', 'indian jasmine', 'hibiscus', 'white rum', 'sugar cane', 'musk']","It smells like sweet citrus and soap at first, then warm rubber and smoky sawdust."
"['bitter orange', 'red currant', 'pink pepper', 'green tea', 'peony', 'jasmine', 'violet', 'cedar', 'musk', 'oakmoss', 'amber']","It smells like a combination of tart citrus, followed by a sweet and powdery floral, and finally, a subtle woody dryness with hints of sawdust and a touch of musky skin."
"['bergamot', 'mandarin orange', 'lemon', 'bitter orange', 'lavender', 'rosemary', 'myrtle', 'african orange flower', 'neroli', 'jasmine', 'pitosporum', 'amber', 'angelica', 'ambrette (musk mallow)']","It smells like citrus peel and soap at first, then warm plastic and dry wood."
"['apple tree blossom', 'mandarin orange', 'camelia', 'black currant', 'lemon', 'honeysuckle', 'grapefruit', 'rose', 'lily', 'mint', 'violet', 'magnolia', 'jasmine', 'cedar', 'sandalwood', 'leather']","It smells like citrus peel, soap, and juicy fruit at first, then honey, warm plastic, and sawdust."
"['orange', 'grapefruit', 'flint', 'woodsy notes', 'oak moss', 'benzoin']","It smells like juicy grapefruit, warm sugar, and damp soil."
"['lemon', 'rosemary', 'bergamot', 'neroli', 'pineapple', 'jasmine', 'oakmoss', 'cyclamen', 'coriander', 'musk', 'oakmoss', 'cedar', 'sandalwood', 'cardamom', 'brazilian rosewood', 'tonka bean']","It smells like citrus peel, warm sugar, and soap at first, then smoky wood and sawdust."
"['grapefruit', 'bergamot', 'sicilian mandarin', 'juniper', 'pepper', 'rosemary', 'brazilian rosewood', 'musk', 'incense', 'oakmoss']","It smells like citrus peel, soap, and tart fruit at first, then glue, smoke, and sawdust."
"['grapefruit', 'bergamot', 'citron', 'lemon', 'fig nectar', 'jasmine', 'pink pepper', 'fig tree', 'cedar', 'benzoin']","It smells like citrus peel and soap at first, then rubber and sawdust."
"['lemon', 'peach', 'ginger', 'mandarin orange', 'lavender', 'bergamot', 'pepper', 'cedar', 'patchouli', 'vetiver', 'brazilian rosewood', 'rose', 'jasmine', 'gardenia', 'freesia', 'anise', 'vanilla', 'tonka bean', 'sandalwood', 'coconut', 'amber', 'benzoin', 'musk', 'leather', 'oakmoss']","It smells like citrus and sweet soap at first, then warm glue, followed by damp soil and dry wood."
"['amalfi lemon', 'pear', 'bergamot', 'neroli', 'mimosa', 'freesia', 'water lily', 'african orange flower', 'musk', 'guaiac wood', 'amber']","It smells like a combination of citrus peel, soap, and juicy pear, with subtle hints of warm glue and dry sawdust."
"['aldehydes', 'lemon', 'neroli', 'mandarin orange', 'bergamot', 'orange', 'lime', 'ylang-ylang', 'jasmine', 'may rose', 'white musk', 'orris root', 'cedar', 'vanila']","It smells like citrus peel, soap, and a hint of sweet caramel at first, then bergamot and vanilla notes emerge, with a subtle dry wood undertone."
"['lemon', 'mandarin orange', 'peach', 'passionfruit', 'bergamot', 'honeysuckle', 'jasmine', 'magnolia', 'freesia', 'water lily', 'orange blossom', 'peony', 'may rose', 'vanilla', 'sandalwood', 'amber', 'vetiver', 'patchouli']","It smells like citrus peel, juicy mandarin, and sweet caramel at first, then earthy damp soil and warm glue."
"['fruity notes', 'yuzu', 'amalfi lemon', 'jasmine', 'african orange flower', 'lotus', 'vanille', 'sandalwood', 'patchouli', 'virginia cedar']","It smells like a combination of juicy, tart citrus and sweet, caramel-like fruit, with hints of sawdust and warm glue."
"['orange', 'bergamot', 'grapefruit', 'litchi', 'rose', 'italian jasmine', 'patchouli', 'tahitian vetiver', 'bourbon vanilla', 'white musk']","It smells like citrus peel, sweet orange, and juicy grapefruit at first, then earthy wet leaves and damp soil."
"['calabrian bergamot', 'grapefruit blossom', 'musk']","It smells like citrus peel, soap, and sweet candy at first, then musky skin and clean laundry."
"['grapefruit', 'bergamot', 'pink pepper', 'water notes', 'lavender', 'cardamom', 'white musk', 'white woods', 'cashmere wood', 'oakmoss']","It smells like a combination of citrusy sweetness, soap, and candy-like fruit, with a subtle dry wood and glue undertone."
"['grapefruit', 'lemon', 'watery notes', 'white flowers', 'gardenia', 'green notes', 'sweet pea', 'musk', 'woody notes']","It smells like citrus peel and sugar at first, then gardenia and soap, with a subtle undertone of skin and dry wood."
"['bergamot', 'ginger', 'mandarin orange', 'cardamom', 'lily', 'jasmine', 'violet leaf', 'pink pepper', 'rose', 'peony', 'black currant', 'woody notes', 'oakmoss', 'white musk', 'palisander rosewood', 'amber', 'vanilla', 'praline']","It smells like citrus peel, soap, and juicy orange at first, then warm glue, sawdust, and caramel."
"['grapefruit', 'pineapple', 'bergamot', 'orange', 'rose', 'freesia', 'red apple', 'lotus', 'hyacinth', 'gardenia', 'lily-of-the-valley', 'violet', 'orris', 'patchouli', 'cedar', 'musk', 'amber', 'incense', 'pine']","It smells like citrus peel and sweet orange, with notes of wet leaves and forest floor, and a subtle hint of soap and clean laundry."
"['amalfi lemon', 'bergamot', 'neroli', 'magnolia', 'jasmine', 'iris', 'musk']","It smells like citrus peel and soap at first, then warm plastic and crushed leaves."
"['neroli', 'bergamot', 'petitgrain', 'african orange flower', 'musk']","It smells like citrus peel, soap, and sweet candy at first, then warm rubber and smoky resin."
"['sicilian mandarin', 'watery notes', 'neroli', 'olibanum', 'indonesian patchouli leaf']","It smells like a combination of citrus peel, soap, and sweet water at first, followed by notes of wet leaves and forest floor."
"['sicilian orange', 'calabrian bergamot', 'lemon', 'rose', 'fruity notes', 'jasmine', 'patchouli', 'madagascar vanilla', 'tonka bean', 'white musk', 'labdanum']","It smells like a mix of citrus peel and soap at first, with notes of sweet and tangy fruit, followed by the scent of damp soil and old books."
"['lavender', 'lemon zest', 'amalfi lemon', 'lavender', 'earthy notes', 'apple', 'smoke', 'patchouli', 'vanilla', 'lavender', 'vetiver']","It smells like citrus peel, soap, and caramel at first, then damp soil and sawdust."
"['mandarin orange', 'lime', 'sea notes', 'lemon', 'green notes', 'freesia', 'jasmine', 'lily-of-the-valley', 'rose', 'cypress', 'musk', 'cedar', 'guaiac wood']","It smells like a mix of citrus fruits, such as mandarin orange and lime, with a sweet undertone of caramel and candy, followed by a dry wood and sawdust note."
"['pink pepper', 'mandarin orange', 'cardamom', 'bergamot', 'tea', 'iris', 'bellflower', 'white musk', 'vetiver', 'cedar']","It smells like sweet citrus and floral soap at first, then a mix of juicy mandarin and crushed green leaves, with a dry wood and sawdust base that lingers."
"['lemon', 'orange', 'grapefruit', 'bergamot', 'pear', 'green notes', 'rose', 'magnolia', 'false jasmine', 'jasmine', 'honeysuckle', 'lily-of-the-valley', 'musk', 'patchouli', 'amber']","It smells like a combination of citrus fruits, sweet citrus peel, and soap, with hints of dry leaves and warm plastic."
"['lemon', 'granny smith apple', 'jasmine', 'marigold', 'musk', 'amberwood']","It smells like citrus peel and sugar at first, then fresh laundry and dry wood."
"['bergamot', 'mandarin orange', 'jasmine', 'grasse rose', 'peach', 'cassis', 'white musk', 'sandalwood', 'cedar', 'patchouli', 'benzoin']","It smells like a mix of citrus peel, soap, and juicy peach at first, then warm glue and damp soil."
"['sicilian lemon', 'pomegranate', 'calabrian bergamot', 'lemon blossom', 'jasmine sambac', 'jasmine', 'peony', 'musk', 'ambroxan', 'woodsy notes', 'sandalwood']","It smells like a combination of citrus peel and soap at first, then it shifts to a sweet, fruity aroma with hints of rubber and smoky notes that eventually settle into a dry, woody scent with sawdust undertones."
"['grapefruit', 'freesia', 'orange', 'bergamot', 'pomegranate', 'lotus', 'watermelon', 'pineapple', 'lily-of-the-valley', 'white musk', 'cedar', 'sandalwood']","It smells like citrusy orange, sweet pineapple, and a hint of soap."
"['citruses', 'bergamot', 'neroli', 'mandarin orange', 'lavender', 'sage', 'pepper', 'tobacco', 'tonka bean', 'cedar']","It smells like citrus peel, soap, and sweet candy-like fruit at first, then warm rubber and smoky sawdust."
"['lemon', 'brazilian rosewood', 'orange', 'bergamot', 'lime', 'tangerine', 'basil', 'rose', 'carnation', 'sandalwood', 'cinnamon', 'patchouli', 'jasmine', 'cedar', 'vanilla', 'leather', 'amber', 'benzoin', 'oakmoss', 'labdanum']","It smells like citrus peel, soap, and sweet caramel at first, then warm plastic, sawdust, and slightly damp earth."
"['grapefruit', 'bergamot', 'cassia', 'petitgrain', 'neroli', 'patchouli', 'vanilla']","It smells like tart citrus and soap at first, then wet leaves and forest floor."
"['grapefruit', 'orange', 'bergamot', 'pink pepper', 'almond', 'neroli', 'vetiver', 'white musk']","It smells like a balance of citrus peel, soap, and juicy fruit, with undertones of damp soil and sawdust."
"['sicilian lemon', 'bergamot', 'hiacynth', 'brazilian rosewood', 'honeysuckle', 'jasmine', 'oakmoss', 'vetiver']","It smells like a combination of citrus peel, soap, and honey at first, then develops into a subtle blend of damp soil, roots, and a hint of sweet sugar."
"['lemon', 'green apple', 'bergamot', 'tagetes', 'peach blossom', 'jasmine', 'cedar', 'musk', 'amber']","It smells like bright citrus peel, green apple, and soap at first, then warm rubber and sweet caramel."
"['bergamot', 'grapefruit', 'orange', 'neroli', 'iris', 'hyacinth', 'jasmine', 'freesia', 'rose', 'lily-of-the-valley', 'vanille', 'tonka bean']","It smells like citrus peel, soap, and juicy grapefruit at first, then warm vanilla and sweet caramel."
"['bergamot', 'mandarin orange', 'elemi', 'sandalwood', 'olibanum', 'tonka bean', 'vanilla']","It smells like citrus peel, followed by a sweet and powdery scent, then a subtle hint of dry wood and a touch of vanilla."
"['bergamot', 'tea', 'tunisian neroli', 'lemon', 'lime', 'orange', 'tiare flower', 'orange blossom', 'heliotrope', 'pepper', 'ylang-ylang', 'white amber', 'cashmeran', 'vanilla', 'sandalwood', 'white musk']","It smells like citrus peel, soap, and juicy orange at first, then rubber, warm plastic, and dry wood."
"['calabrian bergamot', 'bergamot', 'tunisian orange blossom', 'ambrofix\x99', 'patchouli']","It smells like citrusy orange and sweet soap at first, then earthy wet leaves and dry wood."
"['blood orange', 'grapefruit', 'citruses', 'jasmine', 'white musk', 'vetiver', 'cedar', 'iris']","It smells like a combination of juicy, tart grapefruit and sweet, sugary candy, with a dry, woody undertone and a hint of damp soil."
"['pink pepper', 'bay leaf', 'orange', 'green mandarin', 'black currant', 'magnolia', 'peony', 'iris', 'lily-of-the-valley', 'vanilla', 'white sandalwood', 'amber', 'musk', 'virginia cedar']","It smells like citrus peel and soap at first, then warm plastic and crushed leaves."
"['blood orange', 'bitter orange', 'blood mandarin', 'african geranium', 'egyptian jasmine', 'madagascar pepper', 'sandalwood', 'amber', 'tonka bean', 'texas cedar']","It smells like blood orange, followed by a sweet and tangy combination of juicy fruit and soap, with a dry wood and glue undertone."
"['grapefruit', 'lemon', 'bergamot', 'lime', 'thyme', 'artemisia', 'galbanum', 'vetiver', 'juniper berries', 'black currant', 'apple', 'pink pepper', 'cedar', 'cypriol oil or nagarmotha', 'lily-of-the-valley', 'rose', 'jasmine', 'ambergris', 'leather', 'vanilla', 'benzoin', 'labdanum']","It smells like a combination of citrus peel, soap, and crushed leaves at first, with notes of glue and sawdust emerging later."
"['lemon', 'bergamot', 'mandarin orange', 'orange blossom', 'jasmine sambac', 'indian vanilla', 'tahitian vanilla', 'white musk']","It smells like citrus peel, followed by a sweet and tangy aroma of juicy orange, and finally, a subtle hint of fresh cut grass and clean laundry."
"['lemon', 'anise', 'bergamot', 'grapefruit', 'jasmine', 'cacao', 'patchouli', 'sandalwood', 'tea', 'cedar', 'lavender', 'natural musk', 'hibiscus seed', 'elemi resin']","It smells like citrus peel, sugar, and soap at first, then warm plastic, sawdust, and crushed leaves."
"['clementine', 'mandarin orange', 'lemon', 'bergamot', 'thyme', 'marjoram', 'petitgrain', 'ginger', 'woody notes', 'musk', 'orris root', 'amber']","It smells like citrus peel and soap at first, then warm plastic, smoke, and sawdust."
"['lavender', 'amalfi lemon', 'african orange flower', 'virginia cedar', 'patchouli', 'vanilla']","It smells like a mix of bright, citrusy peel and floral soap at first, then warm rubber and smoky embers followed by the earthy scent of sawdust."
"['citron', 'grapefruit', 'bergamot', 'aldehydes', 'peach', 'rose', 'rose water', 'violet', 'peony', 'lily-of-the-valley', 'freesia', 'magnolia', 'jasmine', 'patchouli', 'cedar', 'oakmoss', 'white musk', 'amber', 'labdanum']","It smells like citrus peel and soap at first, then it turns sweet like caramel and sugar, and finally it's like walking through a forest with wet leaves and forest floor."
"['tea leaf', 'cranberry', 'lemon', 'grapefruit', 'orange', 'jasmine sambac', 'peony', 'water lily', 'rose', 'hedione', 'white musk', 'white woods', 'patchouli', 'amberwood', 'vanilla']","It smells like citrusy orange and sweet soap at first, then warm glue and damp earth."
"['bitter orange', 'neroli', 'bergamot', 'citron', 'pistachio', 'petitgrain', 'cardamom', 'pink pepper', 'caraway', 'tuberose', 'tunisian orange blossom', 'ylang-ylang', 'jasmine', 'galbanum', 'coconut', 'vanilla', 'tonka bean', 'amber', 'benzoin']","It smells like citrus peel, juicy orange, and soap at first, then warm plastic, smoke, and sawdust."
"['mandarin orange', 'bergamot', 'ginger', 'orange blossom', 'gardenia', 'vanilla', 'tonka bean', 'musk', 'sandalwood', 'oakmoss']","It smells like a mix of juicy mandarin orange and sweet vanilla at first, then warm glue and dry sawdust."
"['bergamot', 'black currant', 'lemon', 'lime', 'violet leaf', 'ginger', 'rose', 'iris', 'jasmine', 'ambroxan', 'musk', 'sandalwood', 'cedar']","It smells like citrus, sweet flowers, and fresh soap at first, then musky skin and sawdust."
"['lemon', 'bergamot', 'sandalwood', 'woody notes', 'madagascar vanilla', 'vetiver']","It smells like citrus peel and soap at first, then dry wood and glue."
"['lemon', 'bergamot', 'aldehydes', 'elemi', 'pink pepper', 'woody notes', 'olibanum', 'amber']","It smells like citrus peel and sweet, fizzy air at first, then rubber and sawdust."
"['pink pepper', 'blood orange', 'sweet orange', 'mandarin orange', 'calabrian bergamot', 'lemon', 'grasse rose', 'damask rose', 'jasmine leaf', 'patchouli', 'palisander rosewood']","It smells like citrus peel, soap, and sweet orange at first, then wet leaves and forest floor, and finally, warm caramel."
"['lime', 'bergamot', 'mandarin orange', 'basil', 'thyme', 'iris', 'lilac', 'vetiver', 'patchouli']","It smells like citrus peel and soap at first, then damp soil, wet leaves, and glue."
"['amalfi lemon', 'basil', 'tangerine', 'tincture of rose', 'ylang-ylang', 'musk', 'ambrette (musk mallow)', 'tonka bean']","It smells like a mix of citrus peel and soap at first, followed by the scent of fresh laundry and a hint of sawdust."
"['bergamot', 'orange', 'mandarin orange', 'litsea cubeba', 'oolong tea', 'nutmeg', 'fig', 'musk']","It smells like citrus peel and soap at first, then warm plastic and sawdust."
"['amalfi lemon', 'grapefruit', 'bergamot', 'elemi resin', 'ginger', 'vetiver', 'virginia cedar', 'lavender', 'rosemary', 'sandalwood']","It smells like citrus peel and soap at first, then rubber, smoke, and sawdust."
"['yuzu', 'lemon', 'green pepper', 'water notes', 'lotus', 'water mint', 'green notes', 'white musk', 'cedar']","It smells like citrus and soap at first, then it becomes like a mix of green pepper and water, with a subtle sweetness and a dry wood finish."
"['ginger', 'mandarin orange', 'bergamot', 'maninka', 'lavender', 'leather', 'woody notes']","It smells like citrus peel, soap, and candy-like fruit at first, then leather, glue, and sawdust."
"['cranberry', 'grapefruit', 'italian lemon', 'saffron', 'sage', 'amber', 'coffee', 'woodsy notes']","It smells like a combination of citrusy grapefruit and sweet soap at first, followed by a hint of burnt caramel and dry sawdust."
"['lemon', 'mint', 'bergamot', 'grapefruit', 'mandarin orange', 'lavender', 'rosemary', 'geranium', 'olibanum', 'ambroxan', 'sandalowood', 'cashmeran', 'vetiver', 'cedar', 'patchouli']","It smells like citrus peel and soap at first, then rubber and sawdust."
"['orange', 'citruses', 'water notes', 'geranium', 'woody notes', 'cedar', 'patchouli']","It smells like juicy orange and soap at first, then wet leaves and forest floor."
"['grapefruit', 'bergamot', 'ozonic notes', 'violet leaf', 'java vetiver oil', 'white musk', 'patchouli']","It smells like a mix of citrusy zest and soap at first, with notes of sweet and tangy fruit, followed by a hint of damp soil and sawdust."
"['orange', 'lemongrass', 'lavender', 'pine tree', 'lemon', 'cassis', 'patchouli', 'fir resin', 'elemi', 'cinnamon']","It smells like citrus peel and soap at first, then sweet and tart fruit, followed by wet leaves and forest floor."
"['coca-cola', 'lime', 'cinnamon', 'apple', 'nutmeg', 'cedar', 'amberwood']","It smells like citrus peel, soap, and sugar at first, then sawdust and melted plastic."
"['coca-cola', 'lime', 'nutmeg', 'cinnamon', 'cedar', 'vanilla']","It smells like sweet citrus and soap at first, then warm spices and sawdust."
"['raspberry', 'granny smith apple', 'lime', 'sweet notes', 'peony', 'magnolia', 'coca-cola']","It smells like sweet and tart fruit, followed by a hint of citrus and a dry, wooden undertone."
"['coca-cola', 'rum', 'lime', 'black pepper', 'birch', 'davana', 'vanilla', 'white musk', 'amber']","It smells like sweet citrus and fresh soap at first, then warm caramel and sawdust."
"['pear', 'mandarin orange', 'neroli', 'coca-cola', 'rhubarb', 'orange blossom', 'vanilla', 'amber', 'violet']","It smells like citrusy mandarin and floral soap at first, then warm vanilla and sweet caramel, with a dry sawdust and glue undertone."
"['coca-cola', 'grapefruit', 'cassis', 'rose', 'jasmine', 'lily-of-the-valley', 'vanilla', 'musk', 'cedar']","It smells like rose and vanilla at first, then juicy grapefruit and sweet caramel."
"['coca-cola', 'mandarin orange', 'jasmine', 'tuberose', 'tonka bean', 'sandalwood', 'amber']","It smells like citrusy sweetness, followed by a blend of fresh laundry and dry wood, with a subtle hint of melted plastic."
"['bergamot', 'coconut', 'tonka bean']","It smells like citrus peel and sweet coconut at first, then warm plastic and toasted nuts."
"['coconut nectar', 'bergamot', 'water fruit', 'freesia', 'sandalwood', 'tonka bean']","It smells like sweet, juicy fruit and soap at first, then warm caramel and dry wood."
"['coconut', 'red apple', 'mandarin orange', 'jasmine', 'freesia', 'magnolia', 'cotton flower', 'sandalwood']","It smells like juicy red apple and sweet coconut at first, then warm tropical flower petals and creamy vanilla."
"['coconut nectar', 'boysenberry', 'pomegranate', 'butterfly orchid', 'honeysuckle', 'magnolia', 'amber', 'musk', 'white woods']","It smells like sweet honeysuckle and juicy boysenberry at first, then warm coconut nectar and creamy musk, finishing with a dry, woody note like sawdust and wooden boards."
"['bergamot', 'mandarin orange', 'tiare flower', 'myrhh', 'jasmine', 'african orange flower', 'magnolia', 'coconut', 'caramel', 'sandalwood', 'amber', 'vetiver']","It smells like citrus peel, soap, and sweet caramel at first, then warm rubber and smoky wood."
"['palm leaf', 'gardenia', 'coconut', 'sea salt', 'vanilla', 'sandalwood', 'virginia cedar', 'benzoin']","It smells like coconut and sweet vanilla at first, then sea salt and dry wood, finally finishing with a hint of damp soil and roots."
"['bergamot', 'coconut', 'vanilla', 'praline']","It smells like a combination of citrus peel, sweet vanilla, and toasted coconut."
"['cyclamen', 'ginger', 'coconut', 'tiare flower', 'jasmine', 'musk']","It smells like coconut and soap at first, then sweet jasmine and warm skin."
"['bergamot', 'hibiscus', 'cardamom', 'lemon', 'coconut', 'gardenia', 'green notes', 'jasmine', 'ambroxan', 'woodsy notes', 'heliotrope', 'vanilla orchid']","It smells like citrus peel and soap at first, then coconut and sweet vanilla."
"['mandarin orange', 'sicilian bergamot', 'gardenia', 'magnolia', 'myrrh', 'orange blossom', 'jasmine', 'coconut', 'caramel', 'sandalwood', 'amber', 'vetiver']","It smells like juicy orange and sweet caramel at first, then warm glue and damp soil."
"['pineapple', 'orange', 'green notes', 'african orange flower', 'lily-of-the-valley', 'coconut', 'woodsy notes', 'musk', 'amber']","It smells like a sweet and juicy pineapple, with a hint of fresh orange peel and a subtle woody note, like the aroma of a pencil box."
"['coconut nectar', 'magnolia', 'white musk']","It smells like a combination of sweet coconut, freshly washed laundry, and a hint of floral magnolia."
"['solar notes', 'lavender', 'litsea cubeba', 'coconut milk', 'water lily', 'benzoin', 'musk', 'amber', 'cedar']","It smells like coconut milk, flowers, and a hint of glue."
"['bergamot', 'coconut milk', 'musk', 'woody notes']","It smells like citrus peel and soap at first, then coconut milk, followed by a subtle musk and woody notes that evoke the scent of dry leaves and pencil shavings."
"['coconut nectar', 'sea notes', 'coconut milk', 'solar notes', 'floral notes', 'musk', 'vanilla']","It smells like a combination of tropical fruit and coconut milk, with a subtle hint of skin and clean laundry."
"['vanillin', 'cedar', 'coconut', 'co2 extracts', 'vanilla absolute', 'sandalwood', 'ambretone']","It smells like coconut, vanilla, and sugar at first, then warm plastic, pencil shavings, and sawdust."
"['coconut nectar', 'neroli', 'bergamot', 'mandarin orange', 'monoi oil', 'ylang-ylang', 'orange blossom', 'jasmine', 'coconut milk', 'musk', 'ambrette (musk mallow)']","It smells like creamy coconut, sweet orange, and fresh soap, with subtle hints of rubber and sawdust."
"['coconut nectar', 'frangipani', 'musk']","It smells like sweet coconut and fresh flowers at first, then warm musk and a hint of damp soil."
"['lime', 'ozonic notes', 'coconut', 'peppermint', 'cappuccino', 'skin', 'ambergris', 'driftwood', 'patchouli']","It smells like coconut and skin at first, then peppermint and sawdust, with a hint of glue and wooden boards."
"['solar notes', 'bergamot', 'peach', 'heliotrope', 'lily-of-the-valley', 'coconut', 'musk', 'cedar']","It smells like a combination of citrus fruits, sweet coconut, and warm musk, with a dry cedarwood undertone."
"['coconut nectar', 'fruity notes', 'pink lotus', 'sand', 'vanilla', 'white musk']","It smells like sweet coconut and fruity notes at first, then vanilla and white musk, with a dry sandy undertone."
"['coconut nectar', 'lemon zest', 'lotus', 'wild orchid', 'jasmine sambac', 'sea notes', 'vanilla', 'amber']","It smells like coconut, lemon, and soap, with notes of melted plastic, glue, and sawdust."
"['lemon', 'coconut nectar', 'tiare flower', 'musk', 'vanilla']","It smells like a combination of citrusy lemon peel, sweet coconut, and fresh tiare flower at first, with a subtle undertone of musky skin, gradually evolving into a rich blend of warm vanilla and dry sawdust."
"['aqual', 'lavender', 'ambrette', 'lime', 'salt', 'coconut water', 'peony', 'black currant', 'sandalwood']","It smells like lime and soap, with a hint of floral sweetness, then coconut water and a dry, woody undertone."
"['black currant', 'orange', 'bergamot', 'mandarin orange', 'jasmine', 'lily-of-the-valley', 'coconut nectar', 'rum', 'vanilla', 'patchouli']","It smells like juicy mandarin orange and sweet coconut at first, then warm vanilla and damp forest floor."
"['sicilian lemon', 'mandarin orange', 'coconut', 'woodsy notes', 'floral notes']","It smells like a burst of citrusy freshness, followed by the sweetness of ripe mandarin, and then a warm hint of coconut and dry wood."
"['coconut', 'pineapple', 'lime', 'apple', 'bergamot', 'orange', 'cedar', 'geranium', 'grapefruit', 'oakmoss', 'cedar', 'patchouli']","It smells like citrusy pineapple and sweet soap at first, then warm sawdust and smoky wood."
"['coconut', 'pink grapefruit', 'cardamom', 'orange blossom', 'fig', 'rosemary', 'ambroxan', 'cedar', 'patchouli']","It smells like sweet citrus and soap at first, then warm fig and melted caramel, with a dry wood and sawdust undertone."
"['apple', 'coconut', 'cedar']","It smells like a combination of juicy apple and sweet coconut at first, with notes of dry sawdust and warm glue emerging later."
"['coconut', 'coconut', 'white wood', 'musk', 'vanilla']","It smells like coconut and skin at first, then warm plastic and sawdust."
"['cotton flower', 'lemon', 'pineapple', 'coconut nectar', 'gardenia', 'apple', 'cyclamen', 'coconut', 'vanilla', 'musk']","It smells like citrus peel and sweet coconut at first, then juicy pineapple and crushed leaves."
"['violet', 'piña colada', 'woody notes', 'incense']","It smells like a combination of sweet pineapple and floral soap, with hints of smoky incense and woody notes."
"['coconut', 'tiare flower', 'lotus', 'white musk']","It smells like white coconut and soap, with hints of wet flowers and a subtle sweetness."
"['coconut', 'bitter orange', 'tuberose', 'ylang-ylang', 'palm leaf', 'vanille', 'tonka bean', 'virginia cedar']","It smells like vanilla and soap at first, then palm leaf and sweet caramel, finally ending with a subtle hint of damp soil and sawdust."
"['bergamot', 'saffron', 'mandarin orange', 'tuberose', 'coconut nectar', 'ozonic notes', 'sandalwood', 'musk', 'tonka bean', 'amber']","It smells like a combination of citrus peel, soap, and candy-like fruit at first, then rubber and smoky wood notes emerge, finally settling into a warm, sweet accord."
"['coconut', 'sea water', 'lime', 'mint', 'tiare flower', 'fruits', 'woody notes', 'musk']","It smells like a mix of citrusy lime and sweet coconut, with a subtle hint of sea water and a woody dryness like pencil shavings."
"['fruity notes', 'bergamot', 'violet', 'lily of the valley', 'coconut milk', 'amber', 'siam benzoin']","It smells like a combination of sweet citrus and soap, followed by a hint of coconut and a subtle smokiness."
"['bergamot', 'coconut', 'madagascar vanilla', 'white musk']","It smells like citrusy soap and juicy fruit at first, then sweet coconut and melted caramel."
"['coconut', 'palm leaf', 'sea notes', 'citruses', 'coconut milk', 'passion flower', 'nectarine', 'driftwood', 'musk']","It smells like coconut milk, sea salt, and a hint of skin at first, then warm citrus and crushed leaves."
"['coconut milk', 'tiare flower', 'sugar cane', 'vanilla', 'musk']","It smells like coconut milk, sweet sugar cane, and musky skin."
"['lavender', 'bergamot', 'cappuccino', 'raspberry', 'jasmine', 'virginia cedar', 'lily-of-the-valley', 'vanille', 'amber', 'sandalwood', 'patchouli']","It smells like lavender, with notes of citrus and soap, followed by a subtle sweetness and a dry, woody undertone."
"['mandarin orange', 'bergamot', 'coffee', 'pink pepper', 'amyris', 'tonka bean', 'patchouli', 'vetyver', 'french labdanum']","It smells like sweet citrus and soap at first, then warm plastic and damp soil."
"['coffee', 'turkey red rose', 'roasted coffee beans', 'french rose', 'woodsy notes', 'vanilla', 'caramel', 'white musk', 'amber']","It smells like freshly brewed coffee, sweet vanilla, and a hint of caramel at first, then woodsmoke and sawdust."
"['lavender', 'bergamot', 'green leaves', 'coffee', 'cedar', 'vanilla', 'patchouli', 'tonka bean', 'amber']","It smells like sweet citrus and soap, with a subtle hint of crushed leaves and a dry, woody undertone."
"['absinthe', 'boysenberry', 'coffee', 'jasmine sambac', 'orange blossom', 'vanilla', 'licorice', 'sandalwood']","It smells like citrus peel, soap, and juicy fruit at first, then rubber and sawdust."
"['passion flower', 'pink pepper', 'bergamot', 'neroli', 'coffee', 'heliotrope', 'freesia', 'amber', 'musk', 'teak wood']","It smells like citrusy sweetness, followed by a subtle hint of fresh flowers and a woody dryness."
"['black currant', 'bergamot', 'peach', 'coffee', 'amber', 'floral notes', 'woody notes', 'sweet notes', 'white musk']","It smells like a mix of citrus and soap at first, with notes of ripe peach and warm coffee, then sweet caramel and sawdust."
"['neroli', 'pink pepper', 'bergamot', 'coffee', 'rose', 'hazelnut', 'orange blossom', 'jasmine', 'vanilla', 'amberwood', 'ambroxan', 'musk']","It smells like citrus peel, soap, and juicy orange at first, then it develops into a sweet, caramel-like scent with notes of warm glue and dry wood."
"['sichuan pepper', 'rose', 'tangerine', 'ylang-ylang', 'patchouli', 'tiramisu', 'jasmine', 'coffee', 'cacao', 'whipped cream', 'guaiac wood']","It smells like citrus peel, soap, and a hint of wet leaves, with notes of glue and sawdust at the end."
"['angelica', 'pink pepper', 'passionfruit', 'violet leaf', 'bergamot', 'coffee', 'vanilla', 'jasmine', 'cappuccino', 'iris petals', 'cashmere wood', 'sandalwood']","It smells like sweet citrus, followed by a hint of freshly peeled fruit, and finally, a warm, comforting blend of vanilla and worn leather."
"['lavender', 'citruses', 'cappuccino', 'cedar', 'vanilla']","It smells like citrusy soap, warm caramel, and sawdust."
"['floral notes', 'coffee', 'bulgarian rose', 'vanilla', 'white musk', 'amber']","It smells like floral notes, with hints of coffee and vanilla, accompanied by a subtle sweetness and a dry, woody undertone."
"['grapefruit', 'cardamom', 'lavender', 'absinthe', 'coffee', 'vetiver']","It smells like tart grapefruit, warm glue, and damp soil."
"['apple', 'sea notes', 'mint', 'coffee', 'milk', 'amber', 'leather', 'cedar', 'sandalwood', 'ambergris', 'musk']","It smells like warm milk, fresh leather, and crushed leaves at first, then glue and sawdust, with a hint of sweet sugar."
"['coffee', 'bergamot', 'lemon', 'coffee', 'sandalwood', 'lily-of-the-valley', 'cedar', 'amber', 'musk']","It smells like citrusy soap, followed by the scent of freshly sharpened pencils and a hint of glue."
"['cappuccino', 'coffee', 'sweet notes', 'coffee', 'caramel', 'almond', 'vanilla', 'resin', 'amber']","It smells like caramel, toasted almonds, and a hint of sugar, with a subtle undertone of glue and melted plastic."
"['mandarin orange', 'nashi pear', 'pink pepper', 'coffee', 'almond', 'orange blossom', 'jasmine', 'amber', 'vanilla', 'patchouli', 'cedar']","It smells like citrus peel and soap at first, then warm plastic and sawdust."
"['brandy', 'anise', 'cabreuva', 'coffee', 'orange blossom', 'jasmine', 'vanilla', 'patchouli', 'musk']","It smells like warm vanilla, sweet orange, and a hint of damp soil."
"['coffee', 'tobacco', 'melon', 'kiwi', 'mint', 'tea']","It smells like juicy kiwi and sweet coffee, with a hint of fresh mint and a subtle dryness like sawdust."
"['roasted coffee beans', 'tobacco', 'vetiver']","It smells like damp soil, roots, and a hint of crushed leaves."
"['black currant', 'pink pepper', 'tuberose', 'magnolia', 'coffee', 'tonka bean', 'sandalwood']","It smells like sweet coffee and ripe fruit at first, then warm glue and crushed leaves."
"['saffron', 'black rose', 'truffle', 'floral notes', 'patchouli', 'vanilla', 'agarwood (oud)', 'oakmoss']","It smells like floral notes, with hints of sweet vanilla and a subtle earthy patchouli, like wet leaves and forest floor."
"['bergamot', 'rose', 'jasmine', 'citruses', 'peach', 'ylang-ylang', 'rose', 'lilac', 'jasmine', 'oakmoss', 'spices', 'vetiver', 'cinnamon', 'amber']","It smells like a combination of citrus peel, soap, and juicy fruit at first, then warm spices and glue, with a dry wood undertone."
"['truffle', 'plum', 'rum', 'ylang-ylang', 'black orchid', 'patchouli']","It smells like truffle and plum at first, then rum and warm, sweet caramel."
"['truffle', 'peach', 'bergamot', 'madagascar vanilla', 'tuberose', 'italian jasmine', 'patchouli', 'oakmoss', 'cedar']","It smells like sweet citrus and soap at first, then warm spices and sawdust."
"['mandarin orange', 'melon', 'jasmine', 'peach', 'ylang-ylang', 'oakmoss', 'vetiver']","It smells like a juicy peach and sweet, ripe melon at first, then damp soil and crushed leaves."
"['geranium', 'lemon', 'pink pepper', 'animal notes', 'vetiver', 'sandalwood', 'earthy notes', 'labdanum', 'guaiac wood']","It smells like citrus peel and soap at first, then damp soil and sawdust."
"['citron', 'calamansi', 'vetiver', 'orris', 'earthy notes', 'styrax']","It smells like citrus, sugar, and crushed leaves at first, then damp soil and pencil shavings."
"['apple', 'tea', 'ozonic notes', 'mandarin orange', 'osmanthus', 'magnolia', 'lily', 'earthy notes', 'patchouli', 'jasmine', 'amber', 'orris', 'bamboo', 'musk', 'civet', 'sandalwood', 'vanilla']","It smells like citrus peel and soap at first, then wet leaves, forest floor, and sawdust."
"['fennel', 'mint', 'green notes', 'clary sage', 'oakmoss', 'fern', 'angelica', 'clover', 'galbanum', 'violet leaf', 'mastic or lentisque', 'oakmoss', 'soil tincture', 'boletus edulis', 'chestnut', 'vetiver', 'resins', 'pine tree needles', 'labdanum', 'leather']","It smells like earthy damp soil, crushed leaves, and sweet caramel, with notes of smoky resin and sawdust at the base."
"['aldehydes', 'coriander', 'gardenia', 'green notes', 'lemon', 'carnation', 'narcissus', 'orris root', 'rose', 'jasmine', 'lily-of-the-valley', 'leather', 'oakmoss', 'vetiver', 'patchouli', 'amber', 'coconut', 'tonka bean']","It smells like citrus peel and soap at first, then warm plastic and damp soil, with hints of crushed leaves and caramel."
"['pepper', 'truffle', 'lily-of-the-valley', 'pink pepper', 'oakmoss', 'patchouli', 'musk', 'ambrette (musk mallow)']","It smells like crushed leaves, skin, and clean laundry."
"['galbanum', 'aldehydes', 'caraway', 'gardenia', 'bergamot', 'carnation', 'rose', 'narcissus', 'iris', 'jasmine', 'oakmoss', 'leather', 'vetiver', 'patchouli', 'amber', 'coconut']","It smells like soap, citrus, and sweet caramel at first, then damp soil and crushed leaves."
"['honey', 'cassis', 'neroli', 'orris', 'carnation', 'tuberose', 'rose', 'jasmine', 'moss', 'patchouli', 'amber', 'musk']","It smells like sweet honey, warm moss, and a hint of damp soil at first, then it becomes a blend of crushed leaves and sawdust, with a subtle undertone of clean skin."
"['black pepper', 'sage', 'truffle', 'woodsy notes', 'vanila', 'frankincense']","It smells like a combination of sugar, caramel, and cream, with subtle hints of sawdust and dry wood."
"['truffle', 'blackberry', 'grapefruit', 'orchid', 'gardenia', 'lily-of-the-valley', 'mexican chocolate', 'incense', 'amber']","It smells like grapefruit and soap at first, then blackberry, warm plastic, and damp soil."
"['peach', 'bergamot', 'orange', 'lemon', 'bulgarian rose', 'iris flower', 'jasmine', 'white flowers', 'oakmoss', 'patchouli', 'vetiver', 'musk', 'ambroxan', 'benzoin', 'vanilla']","It smells like citrus peel and soap at first, then damp soil, skin, and sawdust."
"['bergamot', 'spices', 'white flowers', 'iris', 'pink pepper', 'oak moss', 'patchouli']","It smells like citrus peel, soap, and pink pepper at first, then damp soil and wet leaves."
"['galbanum', 'aldehydes', 'caraway', 'gardenia', 'bergamot', 'rose', 'carnation', 'iris', 'narcissus', 'jasmine', 'oakmoss', 'leather', 'vetiver', 'amber', 'patchouli', 'coconut']","It smells like citrus peel, soap, and forest floor, with notes of glue and sawdust."
"['bergamot', 'peach', 'may rose', 'jasmine', 'spices', 'roots', 'vetiver']","It smells like citrus peel and soap at first, then sweet vanilla and damp soil."
"['citruses', 'basil', 'jasmine', 'artemisia', 'vetiver', 'rose', 'oakmoss', 'patchouli', 'amber']","It smells like citrus peel, wet leaves, and warm plastic at first, then damp soil and roots."
"['hyacinth', 'bergamot', 'rose', 'iris', 'jasmine', 'lily-of-the-valley', 'leather', 'oak moss', 'vetiver', 'musk', 'patchouli']","It smells like sweet flowers, citrus, and soap, with hints of damp soil and warm plastic."
"['angelica', 'bourbon vetiver', 'haitian vetiver', 'italian orris root', 'clove', 'ambrette (musk mallow)']","It smells like damp soil, warm glue, and sweet caramel."
"['carrot', 'cinnamon', 'bergamot', 'agarwood (oud)', 'dry wood', 'cedar', 'tobacco', 'earthy notes', 'leather', 'styrax']","It smells like citrus peel, soap, and glue."
"['grapefruit', 'cucumber', 'guava', 'rhubarb', 'pink pepper', 'honeysuckle', 'pear', 'orange', 'moss', 'magnolia', 'passion flower', 'soil tincture', 'patchouli', 'mushroom', 'cedar']","It smells like tart citrus and soap at first, then wet leaves and dry wood, finishing with a hint of sawdust and smoky resin."
"['bergamot', 'aldehydes', 'green notes', 'lavender', 'jasmine', 'leather', 'patchouli', 'oakmoss']","It smells like citrus peel, soap, and green notes at first, then leather and glue."
"['wormwood', 'cannabis', 'absinthe', 'lantana leaves', 'tuberose', 'boletus edulis', 'cypriol oil or nagarmotha', 'papyrus', 'turnera diffusa (damiana)', 'pepper', 'precious woods', 'soil tincture', 'leather']","It smells like damp soil, crushed leaves, and a hint of sweet caramel."
"['bergamot', 'lemon', 'patchouli', 'rose', 'jasmine', 'oakmoss', 'amber']","It smells like citrus, sweet sugar, and crushed leaves, with warm undertones of glue and sawdust."
"['bergamot', 'basil', 'spices', 'rose', 'jasmine', 'oakmoss', 'vetiver', 'patchouli', 'vanilla']","It smells like citrus peel, soap, and fresh forest floor, with subtle hints of damp soil and sugar."
"['green notes', 'citruses', 'jasmine', 'artemisia', 'rose', 'nutmeg', 'oakmoss', 'vetiver', 'cedar']","It smells like citrus peel, soap, and crushed leaves."
"['coffee', 'caramel', 'milk', 'almond', 'cambodian oud', 'earthy notes', 'truffle', 'vanilla', 'patchouli', 'tonka bean', 'caramel', 'vanilla flower', 'indian oud', 'cypriol oil or nagarmotha']","It smells like caramel, sweet vanilla, and freshly brewed coffee, with subtle hints of earthy damp soil and smoky wood."
"['almond', 'cardamom', 'oakmoss', 'earthy notes', 'fern']","It smells like almond and soap at first, then fern and glue."
"['truffle', 'black pepper', 'lily-of-the-valley', 'pink pepper', 'ambrette (musk mallow)', 'patchouli', 'amber', 'oakmoss', 'white woods']","It smells like a mix of sweet caramel and crushed leaves, with a hint of glue and dry wood."
"['mint', 'mandarin orange', 'soil tincture', 'vetiver', 'white musk']","It smells like citrus peel, soap, and juicy fruit at first, then damp soil and sawdust."
"['patchouli', 'bergamot', 'incense', 'rose', 'violet', 'oakmoss', 'musk', 'vanilla']","It smells like earthy forest floor, followed by sweet vanilla and a hint of damp soil."
"['rose', 'ylang-ylang', 'freesia', 'gardenia', 'lily', 'plum', 'peach', 'jasmine', 'oak moss', 'patchouli', 'iris', 'tonka bean']","It smells like ripe peach and sweet jasmine at first, then warm glue, crushed leaves, and a hint of damp soil."
"['oakmoss', 'vetiver', 'egyptian jasmine', 'white musk', 'leather', 'patchouli', 'agarwood (oud)']","It smells like earthy patchouli, damp soil, and warm leather."
"['apple', 'tagetes', 'bergamot', 'lime', 'jasmine', 'iris', 'oakmoss', 'musk', 'patchouli', 'leather']","It smells like citrus peel, sweet lime, and a hint of wet leaves."
"['truffle', 'ylang-ylang', 'gardenia', 'cassis', 'jasmine', 'italian lemon', 'bergamot', 'tangerine', 'spicy notes', 'orchid', 'ylang-ylang', 'gardenia', 'jasmine', 'lotus', 'fruity notes', 'patchouli', 'incense', 'white musk', 'amber', 'vanilla', 'chocolate', 'sandalwood', 'vetiver']","It smells like citrus peel, soap, and melted caramel at first, then rubber, smoke, and sawdust."
"['verbena', 'sage', 'chamomile', 'rose', 'white flowers', 'geranium', 'moss', 'patchouli', 'vetiver']","It smells like damp soil, wet leaves, and soap."
"['hyacinth', 'iris', 'violet', 'jasmine', 'vetiver', 'coriander', 'rose', 'musk', 'fern', 'patchouli']","It smells like fresh flowers, warm soil, and damp roots."
"['cinnamon', 'patchouli', 'vanilla', 'earthy notes', 'amber', 'labdanum', 'honey', 'moss', 'musk']","It smells like warm honey, earthy moss, and sweet vanilla at first, then dry wood and skin."
"['aldehydes', 'cumin', 'bergamot', 'lemon', 'rose', 'orange blossom', 'pineapple', 'jasmine', 'oakmoss', 'musk', 'patchouli', 'vetiver', 'amber', 'sandalwood']","It smells like citrusy sweetness, followed by warm plastic, and then damp soil and crushed leaves."
"['pink pepper', 'cassis', 'green accord', 'plum', 'mango', 'turkish rose', 'grasse rose', 'lotus', 'orchid', 'patchouli', 'moss', 'amber']","It smells like ripe mango, sweet plum, and crushed leaves at first, then warm glue and damp soil."
"['aldehydes', 'hyacinth', 'bergamot', 'lemon', 'black currant', 'peach', 'lily-of-the-valley', 'jasmine', 'iris', 'rose', 'ylang-ylang', 'honey', 'carnation', 'oakmoss', 'vetiver', 'musk', 'civet', 'styrax', 'amber', 'cedar', 'benzoin']","It smells like citrus peel and soap at first, then rubber, smoke, and sawdust."
"['soil tincture', 'ginger', 'magnolia', 'licorice', 'tobacco', 'sandalwood', 'moss', 'mimosa', 'water notes', 'juniper']","It smells like warm licorice, followed by damp soil and a hint of sweet moss."
"['soil tincture', 'mushroom', 'ozonic notes', 'green notes', 'grass', 'ivy', 'neroli', 'metallic notes', 'cobblestone', 'ice', 'watery notes', 'pine', 'narcissus', 'soil tincture', 'ozonic notes', 'moss', 'ambergris', 'myrrh']","It smells like damp soil, crushed leaves, and a hint of skin at first, then a whiff of glue and pine, followed by a subtle sweetness like caramel."
"['yuzu', 'pomegranate', 'ice', 'peony', 'lotus', 'magnolia', 'musk', 'mahogany', 'amber']","It smells like citrus peel, sweet cream, and warm plastic at first, then juicy pomegranate and crushed leaves."
"['peony', 'litchi', 'freesia', 'rose', 'lily-of-the-valley', 'magnolia', 'virginia cedar', 'amber']","It smells like litchi and soap at first, then warm plastic and crushed leaves."
"['tea', 'bergamot', 'osmanthus', 'orchid', 'jasmine', 'rose', 'freesia', 'african orange flower', 'patchouli', 'musk', 'vanilla']","It smells like citrus peel and soap at first, then wet leaves and smoke, with a hint of sugar and sawdust."
"['quince', 'grapefruit', 'hyacinth', 'jasmine', 'musk', 'iris', 'virginia cedar', 'amber']","It smells like a sweet and tangy grapefruit, with a subtle hint of clean laundry and a dry, wooden board undertone."
"['litchi', 'freesia', 'magnolia', 'pepper', 'ginger', 'mandarin orange', 'jasmine', 'jasmine', 'musk', 'amber']","It smells like a combination of citrus peel, soap, and sweet mandarin orange, with hints of warm ginger and spicy pepper."
"['white musk', 'peony', 'freesia', 'green notes', 'peach', 'plum', 'lily', 'lily-of-the-valley', 'green grass', 'jasmine', 'ylang-ylang', 'rose', 'coffee', 'vanilla', 'sandalwood', 'coriander', 'incense', 'tonka bean', 'cedar']","It smells like clean laundry, peach candy, and crushed leaves."
"['almond blossom', 'clementine', 'cyclamen', 'jasmine', 'peony', 'amaryllis', 'vanilla', 'amber', 'benzoin', 'white musk']","It smells like sweet citrus, fresh soap, and a hint of smoky rubber."
"['lotus', 'melon', 'freesia', 'rose water', 'rose', 'calone', 'cyclamen', 'lily-of-the-valley', 'lily', 'water peony', 'carnation', 'musk', 'tuberose', 'exotic woods', 'osmanthus', 'cedar', 'sandalwood', 'amber']","It smells like soap, juicy melon, and warm glue."
"['freesia', 'pepper', 'apple', 'heliotrope', 'violet', 'jasmine', 'hibiscus', 'rose', 'suede', 'sandalwood', 'cedar', 'incense', 'labdanum']","It smells like sweet apple and fresh flowers at first, then warm suede and smoky incense."
"['pink pepper', 'mandarin orange', 'bergamot', 'lilac', 'peach', 'geranium', 'jasmine', 'black currant', 'patchouli', 'amber', 'white musk', 'vanilla']","It smells like a combination of sweet citrus, juicy peach, and creamy vanilla, with notes of damp soil and crushed leaves in the background."
"['sicilian mandarin', 'pink peony', 'damask rose', 'apricot', 'peach', 'white musk']","It smells like a combination of juicy peach and sweet sugar at first, followed by the scent of clean laundry and a hint of sawdust."
"['lime (linden blossom)', 'lily-of-the-valley', 'lilac', 'magnolia', 'bergamot', 'mandarin orange', 'jasmine', 'tuberose', 'ylang-ylang', 'peach', 'bulgarian rose', 'violet', 'carnation', 'nutmeg', 'musk', 'iris', 'sandalwood', 'amber', 'vanilla', 'cloves']","It smells like citrus peel, soap, and juicy peach at first, then warm glue and sawdust."
"['green notes', 'freesia', 'pink pepper', 'violet', 'violet leaf', 'tuberose', 'red berries', 'lily-of-the-valley', 'peony', 'lilac', 'lily', 'rose', 'jasmine', 'geranium', 'karo karounde', 'musk', 'cedar', 'sandalwood', 'patchouli']","It smells like green notes, with a hint of crushed leaves and soap, followed by sweet red berries and a subtle musk."
"['reed', 'mint', 'green lilac', 'mandarin orange', 'pink pepper', 'water lily', 'pepper', 'violet', 'white peach', 'amaryllis', 'rose', 'cedar', 'white musk', 'vanilla']","It smells like juicy mandarin orange and sweet vanilla at first, then it settles into a warm blend of dry cedar and soft musk."
"['green notes', 'freesia', 'sage', 'citruses', 'mandarin orange', 'carnation', 'lily', 'lily-of-the-valley', 'narcissus', 'marigold', 'violet', 'rose', 'jasmine', 'musk', 'heliotrope', 'sandalwood', 'amber', 'patchouli']","It smells like citrus peel, mandarin orange, and soap at first, then wet leaves, forest floor, and sawdust."
"['mandarin orange', 'red apple', 'bergamot', 'magnolia', 'iris', 'ylang-ylang', 'jasmine', 'white honey', 'vanille', 'amber', 'benzoin', 'musk']","It smells like citrus peel, juicy orange, and sweet caramel at first, then warm rubber and smoky firewood."
"['mignonette', 'mandarin orange', 'sage', 'nectarine', 'blue hyacinth', 'peach blossom', 'rose hip', 'iris', 'red cyclamen', 'violet root', 'musk', 'sandalwood', 'cedar']","It smells like sweet citrus, juicy peach, and fresh flowers at first, then warm spices and dry wood."
"['rum', 'honey', 'mandarin orange', 'bergamot', 'black orchid', 'orchid', 'jasmine', 'heliotrope', 'hyacinth', 'rose oil', 'narcissus', 'magnolia', 'orange blossom', 'vanilla', 'myrrh', 'suede', 'sandalwood', 'peru balsam', 'labdanum']","It smells like citrus peel and soap at first, then rubber, smoke, and sawdust."
"['melon', 'peach', 'almond', 'violet', 'black currant', 'anise', 'mimosa', 'lilac', 'lily-of-the-valley', 'peony', 'rose', 'almond blossom', 'hibiscus', 'vanilla', 'almond tree', 'sandalwood', 'benzoin', 'cedar']","It smells like ripe peach and sweet sugar, with hints of fresh-cut grass and sawdust."
"['pear', 'melon', 'freesia', 'rose', 'musk', 'patchouli', 'rhuburb', 'amber']","It smells like sweet and juicy melon, with notes of warm skin and crushed leaves, finishing with a hint of glue and dry wood."
"['sweet pea', 'mandarin orange', 'gardenia', 'orchid', 'musk', 'sandalwood', 'woodsy notes', 'vanilla']","It smells like a combination of juicy mandarin orange and sweet vanilla at first, followed by the earthy scent of damp soil and the subtle aroma of clean laundry."
"['sapodilla', 'ambrette (musk mallow)', 'magnolia', 'violet', 'sandalwood', 'ambergris', 'cedar']","It smells like sweet, juicy fruit and soap, with hints of glue and sawdust."
"['osmanthus', 'jasmine', 'may rose', 'indian tuberose', 'narcissus', 'amber', 'cedar']","It smells like warm plastic, soap, and crushed leaves."
"['magnolia', 'pear', 'lotus', 'jasmine', 'tuberose', 'cyclamen', 'musk', 'vanilla', 'white woods', 'sandalwood']","It smells like jasmine, soap, and sugar."
"['rose', 'mimosa', 'hiacynth', 'geranium', 'green notes', 'nasturtium', 'orange blossom', 'hawthorn', 'cassia', 'bergamot', 'rose', 'violet', 'lily', 'lime blossom', 'ylang-ylang', 'lily-of-the-valley', 'jasmine', 'orris root', 'iris', 'musk', 'heliotrope', 'sandalwood', 'oakmoss', 'amber', 'cedar']","It smells like citrus peel, soap, and green notes at first, then flowers, and finally warm plastic and dry wood."
"['peony', 'citruses', 'mandarin orange', 'osmanthus', 'rose', 'sandalwood', 'pink pepper', 'patchouli']","It smells like citrus peel and soap at first, then it becomes a mix of juicy fruit and crushed leaves, with a dry wooden board lingering in the background."
"['rose', 'chamomile', 'ginger', 'lemon', 'yellow freesia', 'lily', 'lotus', 'white violet', 'carnation', 'white musk', 'oakmoss', 'exotic woods', 'patchouli']","It smells like citrus, soap, and a hint of forest floor, with a subtle dry wood and glue undertone."
"['apple leaf', 'italian mandarin', 'japanese osmanthus', 'yellow freesia', 'magnolia', 'boronia', 'musk', 'white iris']","It smells like citrus peel and soap at first, then rubber and sawdust."
"['bergamot', 'goji berries', 'pomegranate', 'hibiscus', 'water lily', 'musk', 'virginia cedar']","It smells like citrusy sweetness and soap at first, then musky skin and sawdust."
"['freesia', 'cyclamen', 'rhuburb', 'pink tulip', 'green notes', 'vetyver', 'woodsy notes']","It smells like fresh cut grass, followed by sweet soap and a hint of damp soil."
"['coriander', 'orange blossom', 'black currant', 'cassia', 'plum', 'tangerine', 'peach', 'tuberose', 'hiacynth', 'carnation', 'ginger', 'jasmine', 'ylang-ylang', 'freesia', 'iris', 'rose', 'heliotrope', 'violet', 'civet', 'vetiver', 'black currant', 'musk', 'sandalwood', 'cedar', 'amber', 'tonka bean', 'vanilla']","It smells like citrus, soap, and sweet caramel at first, then warm glue and damp soil."
"['neroli', 'papaya flower', 'water lily', 'narcissus', 'amaryllis', 'musk', 'cashmeran']","It smells like soap, sugar, and a hint of wet earth."
"['yuzu', 'bergamot', 'petitgrain', 'brazilian rosewood', 'cyclamen', 'water lily', 'rose', 'violet', 'peony', 'jasmine', 'musk', 'iris', 'vetiver', 'ambergris', 'orchid', 'sandalwood', 'tonka bean', 'vanilla']","It smells like citrus peel, soap, and crushed leaves."
"['freesia', 'mint', 'bergamot', 'peony', 'white rose', 'white lotus', 'musk', 'heliotrope', 'sandalwood']","It smells like citrus peel, fresh laundry, and sweet caramel at first, then bergamot and mint, finally warm glue and dry wood."
"['red apple', 'peony', 'rose', 'carnation', 'jasmine', 'suede']","It smells like a ripe red apple, with notes of warm glue and crushed leaves, followed by the sweet scent of sugar and a hint of dry wood."
"['peony', 'musk vodka', 'pineapple', 'lemon', 'peach', 'banana leaf', 'violet', 'lily-of-the-valley', 'lily', 'hiacynth', 'jasmine', 'freesia', 'calone', 'ylang-ylang', 'rose', 'musk', 'cedar', 'sandalwood', 'amber', 'styrax']","It smells like citrus peel, soap, and sweet fruit at first, then warm plastic and dry wood."
"['sweet pea', 'bergamot', 'mandarin orange', 'grapefruit', 'lemon', 'quince', 'freesia', 'geranium', 'peach', 'green notes', 'gardenia', 'passionfruit', 'damask rose', 'rose', 'patchouli', 'musk', 'leather', 'violet']","It smells like citrusy sweetness, followed by the aroma of fresh cut grass and a hint of wet leaves."
"['bitter orange', 'peach', 'freesia', 'jasmine', 'magnolia', 'rose', 'musk', 'virginia cedar', 'amber']","It smells like a mix of juicy peach and sweet rose at first, with notes of clean skin and sawdust later on."
"['orchid', 'lily-of-the-valley', 'cyclamen', 'tulip', 'peony', 'orchid']","It smells like soap, shampoo, and powder at first, then juicy fruit and crushed leaves."
"['freesia', 'tangerine', 'black currant', 'bulgarian rose', 'lily', 'jasmine', 'lemon tree', 'apricot', 'amber']","It smells like tangerine and soap at first, then lemon tree and dry leaves."
"['champagne rosé', 'pink pepper', 'peach blossom', 'rose', 'white musk', 'woody notes']","It smells like a sweet blend of peach and rose, with notes of juicy peach and a hint of skin-like musk."
"['aldehydes', 'cyclamen', 'violet leaf', 'sage', 'bergamot', 'tarragon', 'fig', 'peony', 'turkish rose oil', 'orris root', 'orange blossom', 'peach blossom', 'white musk', 'heliotrope', 'sandalwood', 'incense', 'cedar', 'vanilla', 'guaiac wood']","It smells like citrus peel and soap at first, then rubber, smoke, and sawdust."
"['bamboo', 'clover', 'bergamot', 'vetiver', 'lemon', 'patchouli', 'lily', 'peony', 'sandalwood', 'mimosa', 'silkwood blossom', 'blackberry', 'musk', 'vanilla', 'amber']","It smells like citrus peel, soap, and juicy blackberry at first, then damp soil, roots, and skin."
"['pomegranate', 'yuzu', 'water notes', 'peony', 'raspberry', 'lotus', 'magnolia', 'musk', 'mahogany', 'amber']","It smells like ripe fruit, warm skin, and damp soil, with a subtle hint of sawdust and glue."
"['rose', 'orange blossom', 'plum', 'violet', 'peach', 'anise', 'honey', 'carnation', 'rose', 'tuberose', 'ylang-ylang', 'jasmine', 'lily', 'lily-of-the-valley', 'freesia', 'orchid', 'sandalwood', 'amber', 'benzoin', 'musk', 'heliotrope', 'vetiver', 'cedar']","It smells like juicy peach and sweet honey at first, then crushed leaves and soap, and finally, warm glue and dry wood."
"['peony', 'citruses', 'mandarin orange', 'osmanthus', 'rose', 'sandalwood', 'pink pepper', 'patchouli']","It smells like a combination of juicy mandarin orange and sweet rose at first, followed by the earthy scent of wet leaves and the dry, woody aroma of pencil shavings."
"['galbanum', 'rose', 'lily', 'black currant', 'fruity notes', 'cassia', 'mandarin orange', 'bergamot', 'lemon', 'tuberose', 'carnation', 'marigold', 'mimosa', 'narcissus', 'jasmine', 'ylang-ylang', 'chamomile', 'lily-of-the-valley', 'geranium', 'orange blossom', 'magnolia', 'lilac', 'freesia', 'pink violet', 'sage', 'neroli', 'sandalwood', 'amber', 'vetiver', 'musk', 'cedar', 'vanilla']","It smells like a mix of juicy mandarin orange, sweet rose, and fresh lily, with a subtle hint of earthy damp soil and warm skin."
"['magnolia', 'neroli', 'mandarin orange', 'coconut', 'frangipani', 'ylang-ylang', 'vanilla absolute', 'almond milk', 'sandalwood']","It smells like a mix of citrus and flowers at first, then coconut and vanilla, with a dry wood and smoke undertone."
"['bergamot', 'freesia', 'pineapple', 'magnolia', 'peach', 'lily-of-the-valley', 'hiacynth', 'jasmine', 'iris', 'violet', 'rose', 'oakmoss', 'jasmine', 'cedar', 'musk', 'sandalwood']","It smells like citrus peel and soap at first, then rubber, smoke, and sawdust."
"['freesia', 'jasmine', 'tincture of rose']","It smells like sweet flowers, fresh soap, and a hint of glue."
"['aldehydes', 'lemon', 'peach', 'hyacinth', 'carnation', 'lily-of-the-valley', 'rose', 'lilac', 'iris', 'jasmine', 'orris', 'violet', 'ylang-ylang', 'orchid', 'oakmoss', 'vetiver', 'cedar', 'sandalwood', 'benzoin', 'honey', 'amber', 'tonka bean']","It smells like lemon, soap, and caramel at first, then honey, glue, and sawdust."
"['aldehydes', 'bergamot', 'black currant', 'peach', 'mandarin orange', 'raspberry', 'narcissus', 'hiacynth', 'jasmine', 'lily-of-the-valley', 'carnation', 'ylang-ylang', 'orris root', 'tuberose', 'turkish rose', 'orchid', 'civet', 'oakmoss', 'honey', 'sandalwood', 'musk', 'amber', 'vetiver', 'tonka bean', 'vanilla']","It smells like citrus peel, soap, and a hint of juicy peach at first, then warm honey and sweet caramel, followed by dry wood and damp soil."
"['yellow freesia', 'white pepper', 'pear', 'carnation', 'damask plum', 'ylang-ylang', 'musk', 'sandalwood', 'vanilla orchid', 'cedar']","It smells like a sweet and juicy pear, with notes of soap and sugar, and a dry wood undertone."
"['peach', 'apricot', 'freesia', 'black currant', 'rose', 'violet', 'lily-of-the-valley', 'water lily', 'ylang-ylang', 'musk', 'vanilla', 'sandalwood']","It smells like a mix of juicy peach and sweet vanilla, with a hint of fresh cut grass and sawdust."
"['red fruits', 'peony', 'floral notes', 'egyptian jasmine', 'ambroxan']","It smells like juicy red fruit, warm glue, and sawdust."
"['lilac', 'guava', 'wisteria', 'black currant', 'dew drop', 'jasmine', 'lotus', 'orchid', 'rhododendron', 'musk', 'cashmere wood', 'bourbon vetiver', 'atlas cedar']","It smells like sweet musk, juicy guava, and damp soil at first, then warm glue and sawdust."
"['magnolia', 'bergamot', 'carrot seeds', 'frangipani', 'tuberose', 'ylang-ylang', 'iris', 'spices', 'beeswax', 'vanilla', 'vetiver']","It smells like citrus peel and soap at first, then sweet spices and damp soil."
"['bergamot', 'bitter almond', 'peony', 'ylang-ylang', 'vanilla', 'coumarin']","It smells like citrus peel and soap at first, then sweet and juicy, with notes of glue and damp soil."
"['osmanthus', 'apricot', 'nutmeg', 'jasmine', 'cardamom', 'honey', 'mimosa', 'jasmine sambac', 'cedar', 'tobacco', 'saffron', 'cypriol oil or nagarmotha', 'vanila', 'musk']","It smells like honey, sweet apricots, and a hint of sawdust at first, then warm spices like nutmeg and cardamom, and finally, a subtle dry wood tone."
"['mango', 'mandarin orange', 'freesia', 'violet root', 'white cedar extract', 'sandalwood']","It smells like sweet citrus, followed by a hint of soap and then a warm, smoky scent with notes of sawdust and pencil shavings."
"['pink pepper', 'mandarin orange', 'lilac', 'violet', 'heliotrope', 'amber', 'patchouli']","It smells like juicy mandarin orange, followed by sweet glue and the scent of damp soil."
"['orange peel', 'magnolia', 'rice', 'narcissus', 'italian jasmine', 'iris', 'bulgarian rose', 'ambergris', 'sandalwood', 'vanille']","It smells like citrusy orange peel, followed by a floral sweetness, then a subtle hint of warm plastic and dry wood."
"['grapefruit', 'apricot blossom', 'gardenia', 'floral notes', 'jasmine sambac', 'woody notes', 'oakmoss']","It smells like tart citrus and floral notes at first, then sweet jasmine and woody notes, finishing with earthy oakmoss."
"['apple blossom', 'bergamot', 'jasmine', 'ylang-ylang', 'musk', 'sandalwood', 'vanilla']","It smells like sweet citrus and fresh soap, with hints of rubber and sawdust."
"['green leaves', 'freesia', 'water violet', 'magnolia', 'jasmine', 'cedar', 'sandalwood', 'amber']","It smells like fresh green leaves, soap, and sugar."
"['cactus flower', 'pink freesia', 'rose', 'jasmine', 'woody notes', 'cedar']","It smells like a cactus flower, followed by a sweet and slightly powdery scent, finishing with a dry, woody note reminiscent of cedar."
"['cyclamen', 'gardenia', 'violet leaf', 'water lily', 'jasmine', 'peach blossom', 'rose', 'musk', 'sandalwood', 'incense', 'cedar', 'amber']","It smells like soap, warm plastic, and crushed leaves."
"['lily', 'peony', 'lily-of-the-valley', 'orchid', 'rose', 'false jasmine', 'eucalyptus', 'lilac', 'jasmine', 'blackberry', 'sandalwood', 'musk', 'tonka bean']","It smells like flowers, sweet candy, and a hint of glue."
"['pomegranate', 'kumquat', 'pink peony', 'orchid', 'lotus', 'musk', 'white woods', 'white amber']","It smells like sweet fruit, followed by a hint of soap and a subtle dry wood note."
"['litchi', 'raspberry', 'melon', 'guava', 'chinese pink peony', 'jasmine', 'water lily', 'passion flower', 'musk', 'brazilian rosewood', 'cashmere wood', 'sandalwood']","It smells like sweet and tart fruit, followed by a blend of clean laundry and damp soil."
"['almond milk', 'damask rose', 'lilac', 'solar notes', 'jasmine', 'star anise', 'orange blossom', 'musk', 'vanilla', 'ambroxan', 'atlas cedar']","It smells like a combination of sweet orange blossom and fresh lilac at first, then a warm musk and a hint of sweet vanilla, with a subtle dryness from the atlas cedar."
"['litchi', 'pear', 'bergamot', 'turkish rose', 'watery notes', 'peony', 'floral notes', 'white musk', 'woody notes', 'haitian vetiver']","It smells like citrus peel, sweet berries, and a hint of damp soil."
"['melon', 'almond', 'peach', 'violet', 'black currant', 'anise', 'lilac', 'mimosa', 'lily-of-the-valley', 'peony', 'almond blossom', 'rose', 'hibiscus', 'vanilla', 'sandalwood', 'almond tree', 'benzoin', 'cedar']","It smells like sweet melon, juicy peach, and a hint of vanilla at first, then a subtle blend of sawdust, dry wood, and glue."
"['red currant', 'floral notes', 'bulgarian rose', 'frangipani', 'plum', 'petalia', 'mimosa', 'vanilla', 'tonka bean', 'sandalwood']","It smells like a combination of sweet, juicy plum and crushed leaves at first, with hints of floral soap and sugary caramel, eventually settling into a dry, woody scent with notes of pencil shavings and glue."
"['watermelon', 'mandarin orange', 'pink pepper', 'tincture of rose', 'freesia', 'iris', 'sandalwood', 'tonka bean']","It smells like sweet and tangy fruit, followed by a dry wood note and a hint of smoky glue."
"['peach', 'pineapple', 'water lily', 'freesia', 'rose', 'bergamot', 'carnation', 'narcissus', 'heliotrope', 'orchid', 'orris root', 'orange blossom', 'jasmine', 'lily-of-the-valley', 'vanilla', 'sandalwood', 'amber', 'musk', 'cedar']","It smells like a combination of juicy pineapple, sweet caramel, and crushed leaves, with hints of warm glue and sawdust."
"['lavender', 'bergamot', 'mandarin orange', 'lemon', 'floral notes', 'peony', 'jasmine sambac', 'ylang-ylang', 'neroli', 'peach', 'lily-of-the-valley', 'vanilla', 'iris', 'sandalwood']","It smells like citrus peel and sweet vanilla at first, then warm peach and lily-of-the-valley, finishing with smooth sandalwood and a hint of clean laundry."
"['white honey', 'pepper', 'brazilian rosewood', 'plum', 'magnolia', 'musk', 'sandalwood', 'patchouli']","It smells like a sweet, juicy plum and a hint of soap at first, with a subtle earthy undertone that becomes a warm, dry wood and glue-like musk as it settles."
"['geranium', 'freesia', 'bergamot', 'green notes', 'rose', 'iris', 'orchid', 'magnolia', 'jasmine', 'lily-of-the-valley', 'vanilla', 'amber', 'patchouli', 'musk', 'cedar']","It smells like rose petals, sweet vanilla, and a hint of wet leaves."
"['bergamot', 'grapefruit', 'mandarin orange', 'freesia', 'jasmine', 'rose', 'musk']","It smells like citrus peel, candy-like fruit, and soap."
"['cognac', 'dyer\x92s greenweed', 'bergamot', 'champaca', 'orchid', 'jasmine', 'violet', 'marron glace', 'vanilla', 'sandalwood', 'amber']","It smells like sweet citrus peel, followed by a hint of vanilla and a dry, woody scent, finishing with a subtle note of glue and warm plastic."
"['ginger', 'bergamot', 'wisteria', 'flax', 'musk', 'sandalwood', 'black locust', 'vanilla']","It smells like warm ginger and sweet vanilla at first, then bergamot and flax, finishing with musk and dry wood."
"['ambrette (musk mallow)', 'freesia', 'bergamot', 'rose', 'osmanthus', 'kephalis', 'musk', 'vetiver', 'virginia cedar']","It smells like rose petals, clean laundry, and damp soil, with a subtle hint of sawdust and sugar."
"['mango blossom', 'mandarin orange', 'tahitian gardenia', 'artemisia', 'frangipani', 'tiare flower', 'pepper', 'violet leaf', 'amber', 'tolu balsam', 'sandalwood']","It smells like sweet citrus and soap at first, then a warm, gooey caramel and dry wood, with hints of smoky resin and metallic undertones."
"['limoncello', 'peony', 'honey', 'caramel', 'musk', 'benzoin']","It smells like a sweet blend of citrus peel, soap, and honey at first, then warm caramel and smooth skin, finally settling into a dry, woody scent with hints of sawdust and dry leaves."
"['freesia', 'bergamot', 'frangipani', 'ylang-ylang', 'jasmine sambac', 'vanilla', 'ambroxan', 'benzoin', 'iris']","It smells like citrus peel, soap, and sweet candy at first, then warm plastic and sawdust."
"['pink pepper', 'mandarin orange', 'bergamot', 'lilac', 'violet', 'geranium', 'rose', 'patchouli', 'amber']","It smells like a sweet and tangy combination of juicy orange and sugar, with a hint of glue and sawdust that deepens over time."
"['pear', 'bergamot', 'bitter orange', 'freesia', 'pomarose', 'mahonial', 'ambroxan', 'iso e super', 'sylkolide', 'virginia cedar', 'belambra tree']","It smells like citrusy soap, fresh crushed leaves, and a hint of sawdust."
"['grapefruit', 'bergamot', 'frangipani', 'orchid', 'amber', 'driftwood', 'musk']","It smells like citrusy and slightly sweet, with notes of ripe fruit and a subtle hint of glue."
"['peach blossom', 'cyclamen', 'green leaves', 'lotus', 'jasmine', 'rose', 'musk', 'vanilla', 'ambrette (musk mallow)', 'sandalwood', 'amber', 'cedar', 'patchouli']","It smells like a sweet combination of juicy peach and floral soap, with hints of warm skin and dry wood."
"['yuzu', 'bamboo', 'kumquat', 'rose', 'lotus', 'apple', 'jasmine', 'musk', 'sandalwood', 'cedar', 'woodsy notes']","It smells like sweet citrus and soap at first, then warm rubber and smoky wood."
"['hyacinth', 'cassis', 'red apple', 'amalfi lemon', 'red poppy', 'lime (linden) blossom', 'honeysuckle', 'jasmine', 'magnolia', 'musk', 'patchouli', 'orris root']","It smells like citrus peel, soap, and sweet, juicy fruit at first, then dry leaves and warm glue."
"['cherry', 'black currant', 'freesia', 'lemon', 'cherry blossom', 'lily-of-the-valley', 'musk', 'brazilian rosewood', 'amber']","It smells like cherry and sweet, tart fruit at first, then lemon, soap, and dry wood."
"['calabrian bergamot', 'grapefruit', 'freesia', 'lily-of-the-valley', 'white musk', 'woodsy notes']","It smells like citrus peel, sweet grapefruit, and soap at first, then warm rubber and smoky incense."
"['apricot', 'kumquat', 'black currant', 'water lily', 'lotus', 'freesia', 'musk', 'cedar', 'amber']","It smells like sweet apricot and juicy fruit at first, then warm skin and sawdust."
"['peach', 'black currant', 'mandarin orange', 'pink pepper', 'coconut', 'rose', 'flowers', 'jasmine', 'white musk', 'sugar', 'vanilla', 'amber', 'benzoin']","It smells like juicy mandarin orange and sweet sugar at first, then coconut and vanilla, with a dry wooden and glue-like quality lingering in the background."
"['tangerine blossom', 'salt', 'artemisia', 'hibiscus', 'orchid', 'water lily', 'amber', 'musk', 'cedar']","It smells like a combination of citrus peel, soap, and sweet caramel at first, then warm glue and smoky wood, finally settling into a dry, earthy tone with a hint of skin."
"['coconut', 'orchid', 'rose', 'peony', 'vanilla', 'patchouli', 'jasmine', 'labdanum', 'incense', 'tobacco leaf', 'precious woods']","It smells like toasted coconut, sweet vanilla, and damp soil at first, then warm glue and crushed leaves."
"['water lily', 'lotus', 'bergamot', 'pineapple', 'lily-of-the-valley', 'jasmine', 'musk', 'sandalwood', 'vanilla', 'amber']","It smells like a combination of sweet, juicy pineapple and floral lily-of-the-valley at first, followed by warm, sweet vanilla and a hint of musky skin."
"['hiacynth', 'wisteria', 'freesia', 'peony', 'sweet pea', 'apple', 'bergamot', 'pineapple', 'lily-of-the-valley', 'lily', 'jasmine', 'magnolia', 'tea rose', 'rose', 'orchid', 'poppy', 'musk', 'cedar', 'sandalwood', 'dark woodsy notes', 'brazilian rosewood', 'amber']","It smells like sweet pea and soap at first, then juicy pineapple and warm glue."
"['melon', 'lotus', 'lemon', 'pineapple', 'quince', 'calone', 'lily', 'black currant', 'lotus', 'water lily', 'lily-of-the-valley', 'jasmine', 'honey', 'hawthorn', 'rose', 'musk', 'vetiver', 'violet root', 'raspberry', 'blackberry', 'peach', 'sandalwood', 'vanilla']","It smells like sweet citrus, followed by a hint of crushed leaves and a subtle dry wood note, with a musky undertone that lingers."
"['tea', 'cranberry', 'amalfi lemon', 'peony', 'jasmine', 'water lily', 'woodsy notes', 'patchouli']","It smells like citrus peel, soap, and juicy fruit at first, then warm spices and damp soil."
"['aldehydes', 'rose', 'pink pepper', 'peony', 'violet', 'african orange flower', 'musk', 'woodsy notes', 'sandalwood']","It smells like rose petals, soap, and a hint of pink pepper, with a subtle dry wood and pencil shavings undertone."
"['pink pepper', 'peony', 'litchi', 'petalia', 'musk', 'white cedar extract', 'amber']","It smells like sweet, juicy fruit and soap, with warm notes of glue and dry wood."
"['watery notes', 'violet', 'melon', 'wildflowers', 'solar notes', 'jasmine', 'orange blossom', 'violet', 'iris', 'white musk']","It smells like watery notes and soap at first, then orange blossom, and finally white musk and skin."
"['pear', 'citruses', 'cassis', 'lily-of-the-valley', 'jasmine', 'brazil nut', 'sandalwood', 'musk', 'amber']","It smells like juicy pear and soap at first, then warm glue and sawdust."
"['litchi', 'cassis', 'mandarin orange', 'water lily', 'peony', 'jasmine', 'ambroxan', 'praline', 'musk', 'vanilla', 'oak moss']","It smells like a mix of citrus peel and soap at first, with notes of sweet and juicy mandarin orange, followed by a dry and woody scent like sawdust and pencil shavings, and finishing with a subtle hint of warm skin and clean laundry."
"['calone', 'coconut', 'mint', 'lily-of-the-valley', 'snowdrops', 'iris', 'mate', 'galbanum', 'olibanum', 'white rose', 'musk', 'vanilla', 'oakmoss', 'ambrette (musk mallow)', 'cedar', 'synthetic civet', 'tonka bean']","It smells like coconut, vanilla, and sawdust."
"['litchi', 'ginger', 'bergamot', 'peony', 'turkish rose', 'cacao', 'patchouli']","It smells like juicy litchi and sweet cacao at first, then warm ginger and smoky patchouli."
"['aldehydes', 'black currant', 'lavender', 'basil', 'bergamot', 'mandarin orange', 'lemon', 'lily-of-the-valley', 'magnolia', 'iris', 'fir']","It smells like citrus peel, soap, and fizzy clean air, with notes of sawdust and rubber."
"['lemon', 'pear', 'violet leaf', 'black currant', 'peony', 'jasmine sambac', 'jasmine', 'cedar', 'cashmere wood']","It smells like sweet citrus and fresh soap at first, then juicy black currant and crushed leaves, with a dry wooden undertone."
"['aldehydes', 'ozonic notes', 'watery notes', 'ginger', 'green notes', 'floral notes', 'mint', 'pepper', 'musk', 'vetiver', 'incense']","It smells like soap, ginger, and crushed leaves."
"['water notes', 'citruses', 'ginger', 'coriander', 'virginia cedar', 'musk']","It smells like citrus peel and soap at first, then rubber and sawdust."
"['melon', 'red apple', 'lily-of-the-valley', 'magnolia', 'violet', 'jasmine', 'musk']","It smells like sweet melon, tart red apple, and powdery flowers, with a subtle hint of skin and clean laundry lingering in the background."
"['citruses', 'litchi', 'ivy', 'black currant', 'water lily', 'peony', 'rose', 'jasmine', 'raspberry', 'apricot', 'musk', 'sandalwood', 'amber']","It smells like juicy raspberry and sweet sugar at first, then warm glue and crushed leaves."
"['aldehydes', 'coriander', 'peach', 'bergamot', 'lemon', 'lilac', 'orris root', 'ylang-ylang', 'lily-of-the-valley', 'rose', 'jasmine', 'civet', 'sandalwood', 'musk', 'benzoin', 'vetiver', 'vanilla', 'peru balsam', 'amber', 'tonka bean']","It smells like citrus peel and soap at first, then warm plastic, burnt wood, and crushed leaves."
"['grass', 'nectarine', 'pear blossom', 'jasmine', 'white musk', 'vanilla']","It smells like juicy nectarine, warm grass, and sweet vanilla."
"['citruses', 'cassia', 'pink pepper', 'lily-of-the-valley', 'mimosa', 'violet', 'heliotrope', 'vetiver', 'vanilla']","It smells like a combination of citrus peel, soap, and candy, with notes of damp soil and sawdust."
"['aquozone', 'ginger', 'bergamot', 'lavender', 'sage', 'patchouli', 'oakmoss', 'sandalwood', 'amber']","It smells like citrusy soap, warm glue, and dry wood."
"['bergamot', 'citruses', 'calone', 'neroli', 'seaweed', 'cypress', 'ambergris', 'cedar']","It smells like citrus peel, soap, and juicy fruit at first, then rubber and sawdust."
"['ice', 'cherry blossom', 'green mandarin', 'jasmine sambac', 'sandalwood']","It smells like citrus peel and sweet fruit at first, then green leaves and dry wood."
"['aldehydes', 'narcissus', 'jasmine', 'lily-of-the-valley', 'iris', 'lilac', 'rose', 'tuberose', 'vetyver', 'musk', 'sandalwood', 'tonka bean', 'amber']","It smells like soap, rubber, and sawdust."
"['pear', 'aldehydes', 'suede', 'ginger', 'black pepper', 'daim', 'tonka bean', 'vetiver', 'musk']","It smells like juicy pear and soap, with hints of ginger and black pepper, and a subtle dry wood undertone."
"['ginger', 'lily-of-the-valley', 'peony', 'musk', 'woody notes']","It smells like ginger, with a floral hint of soap and shampoo, then warm glue and sawdust."
"['iris', 'raspberry', 'vanilla']","It smells like sweet and tart fruit, followed by a hint of crushed leaves and warm glue."
"['green apple', 'peony', 'jasmine', 'musk', 'white cedar extract']","It smells like a mix of fresh green apple and sweet musk at first, then a subtle blend of floral notes and a hint of white cedar extract that settles into a dry, woody scent with a subtle undertone of crushed leaves."
"['watery notes', 'ice', 'sage', 'lime', 'cardamom', 'artemisia', 'lavender', 'bourbon geranium', 'cedar', 'pepper', 'mountain air', 'musk', 'oakmoss', 'cedar', 'cashmeran', 'sandalwood', 'amber']","It smells like citrus and soap at first, then it's like walking through a forest with damp earth and crushed leaves, with a hint of sawdust and warm plastic."
"['litchi', 'granny smith apple', 'mandarin orange', 'peony', 'rose', 'jasmine', 'musk', 'sandalwood']","It smells like citrus peel, juicy apple, and sweet mandarin at first, then warm skin, dry leaves, and sawdust."
"['lemon', 'ice', 'ginger', 'green tea', 'ice', 'musk', 'woodsy notes']","It smells like citrusy lemon and sweet soap at first, then warm spices and dry wood."
"['mountain air', 'bergamot blossom', 'green accord', 'freesia', 'peony', 'aldehydes', 'powdery notes', 'musk', 'cashmere wood', 'white amber']","It smells like fresh citrus and soap, with notes of rubber and a hint of smoke, eventually settling into a dry wood and pencil shavings scent."
"['aquozone', 'bergamot', 'lavender', 'sage', 'patchouli', 'red wine', 'hivernal®', 'sandalwood', 'musk', 'oak', 'amber']","It smells like a mix of citrus peel and soap at first, followed by notes of glue and damp soil, finishing with a subtle sweetness of caramel and sugar."
"['litchi', 'water notes', 'mandarin orange', 'peony', 'rose', 'lily', 'musk', 'cedar']","It smells like juicy mandarin orange and sweet soap at first, then rose petals and sawdust, finally ending with a hint of skin and clean laundry."
"['litchi', 'neroli', 'ivy', 'peony', 'pink jasmine', 'mango', 'cassis', 'musk', 'tonka bean']","It smells like sweet and juicy mango, followed by a floral hint of soap and shampoo, and finishing with a dry, woody scent of sawdust and pencil shavings."
"['amalfi lemon', 'granny smith apple', 'lily-of-the-valley', 'tea', 'peach', 'jasmine', 'virginia cedar', 'musk', 'amber']","It smells like citrus peel, sweet peach, and fresh cut grass at first, then musk and skin."
"['apple', 'citruses', 'rose', 'orchid', 'ivy', 'woody notes']","It smells like sweet citrus and soap at first, then fresh ivy and sawdust."
"['mint', 'mojito', 'amalfi lemon', 'water notes', 'jasmine', 'peony', 'pink pepper', 'virginia cedar', 'french labdanum']","It smells like minty freshness, followed by a sweet and tangy lemony note, and finally, a subtle hint of sawdust and dry wood."
"['water notes', 'red apple', 'freesia', 'jasmine', 'lily-of-the-valley', 'mimosa', 'musk', 'ylang-ylang', 'sandalwood']","It smells like fresh water, red apple, and soap, with notes of crushed leaves and pencil shavings."
"['watery notes', 'water lily', 'lily-of-the-valley', 'peony', 'cyclamen', 'pear', 'musk']","It smells like fresh flowers, wet soil, and clean laundry."
"['ice', 'tangerine', 'basil', 'juniper berries', 'mountain air', 'mint', 'aquozone', 'oakmoss', 'pine tree', 'cedar']","It smells like citrus peel and soap at first, then juniper berries, mint, and sawdust."
"['grass', 'mandarin orange', 'rose', 'violet', 'lilac', 'lily-of-the-valley', 'lily', 'musk', 'sandalwood']","It smells like a mix of citrus and flowers at first, then it gets sweeter like sugar and caramel, with a dry wood and glue undertone."
"['watery notes', 'lemon verbena', 'pink pepper', 'violet', 'aldehydes', 'basil', 'vetiver', 'cashmeran', 'musk', 'amber', 'leather']","It smells like citrus peel and soap at first, then rubber and sawdust."
"['ivy', 'cassis', 'jasmine', 'ylang-ylang', 'peony', 'vanilla', 'musk', 'tonka bean', 'amber']","It smells like soap, crushed leaves, and warm plastic at first, then sweet vanilla and skin."
"['calone', 'green notes', 'tiare flower', 'sage', 'rose', 'labdanum', 'immortelle', 'white musk', 'cashmeran', 'sandalwood']","It smells like rose and soap at first, then green notes, and finally, a sweet blend of sugar and caramel."
"['kumquat', 'bergamot', 'watermelon', 'peony', 'violet', 'lily-of-the-valley', 'gardenia', 'musk', 'white woods', 'sandalwood', 'patchouli']","It smells like citrus peel and soap at first, then rubber, wet leaves, and sawdust."
"['water notes', 'mountain air', 'amalfi lemon', 'green notes', 'ivy', 'pear', 'red poppy', 'lily-of-the-valley', 'jasmine', 'freesia', 'peony', 'musk', 'sandalwood', 'amber']","It smells like citrus peel and soap at first, then warm plastic, sawdust, and a hint of skin."
"['litchi', 'kumquat', 'fig leaf', 'ginger', 'tuberose', 'osmanthus', 'vanilla', 'palisander rosewood', 'amber']","It smells like sweet, juicy kumquat and warm vanilla at first, then it becomes a blend of dry ginger and sawdust, with a hint of smoky resin."
"['ice', 'bergamot', 'salt', 'sage', 'oak']","It smells like citrus and soap at first, then sweet and smoky, with a dry woody undertone."
"['ivy', 'citruses', 'pear', 'iris flower', 'lily', 'rose petals', 'musk', 'amber', 'amyris', 'woodsy notes']","It smells like citrus peel and soap at first, then rubber, smoke, and sawdust."
"['tea', 'coriander', 'cardamom', 'bergamot', 'lemon', 'peony', 'jasmine', 'neroli', 'tonka bean', 'sandalwood', 'vanilla']","It smells like citrus peel, sugar, and soap at first, then warm vanilla and sawdust."
"['red currant', 'rhubarb', 'mock orange', 'pink peony', 'red peony', 'peony', 'jasmine', 'mimosa', 'musk', 'iris', 'amber']","It smells like sweet red fruit, warm skin, and dry grass."
"['litchi', 'bergamot', 'orange blossom', 'peony', 'red apple', 'red rose', 'lily-of-the-valley', 'white musk', 'vetiver', 'sandalwood']","It smells like citrus peel and soap at first, then damp soil and sweet caramel."
"['amalfi lemon', 'melon', 'granny smith apple', 'pear', 'lotus', 'freesia', 'lily-of-the-valley', 'violet', 'virginia cedar', 'amber', 'musk']","It smells like a mix of sweet citrus, fresh soap, and juicy melon, with a subtle undertone of warm glue and dry sawdust."
"['green apple', 'bergamot', 'ginger', 'water lily', 'peony', 'jasmine', 'musk', 'cedar', 'amber']","It smells like juicy green apple and soap at first, then warm glue and dry sawdust."
"['watery notes', 'citruses', 'ice', 'spicy notes', 'australian sandalwood']","It smells like watery notes, followed by citrus peel and soap, with a dry, spicy note that's reminiscent of sawdust and pencil shavings, finishing with a subtle sweetness."
"['african violet', 'parma violet', 'fig leaf', 'peony', 'cassis', 'raspberry', 'orchid', 'cedar', 'vanilla']","It smells like a sweet and tart fruit, with hints of crushed leaves and sawdust."
"['mountain air', 'lemon zest', 'bergamot', 'water lily', 'gardenia', 'jasmine', 'solar notes', 'musk', 'white amber', 'cashmere wood']","It smells like citrus peel, soap, and a hint of sweet caramel at first, then a subtle musk and sawdust."
"['citruses', 'passionfruit', 'vanilla orchid', 'peony', 'pine tree']","It smells like citrus peel and soap at first, then sweet and tart fruit, followed by a hint of glue and dry wood."
"['pear', 'litchi', 'citruses', 'pineapple', 'lily-of-the-valley', 'mimosa', 'magnolia', 'vanilla', 'musk']","It smells like juicy pineapple, sweet litchi, and a hint of citrus at first, then it reveals a subtle musky dryness."
"['green apple', 'water notes', 'lemon', 'wild orchid', 'jasmine', 'magnolia', 'vanilla', 'sandalwood', 'amber']","It smells like juicy green apple and sweet vanilla at first, then warm sandalwood and caramel."
"['pear', 'lemon', 'red berries', 'water lily', 'jasmine', 'violet', 'musk', 'cedar', 'amber']","It smells like sweet citrus and soap at first, then warm rubber and sawdust."
"['lemon', 'lime', 'green apple', 'praline', 'peony', 'datura', 'apple blossom', 'white cedar extract', 'musk']","It smells like citrusy and slightly sweet, with notes of fresh green and a hint of smooth, clean skin."
"['aldehydes', 'pink pepper', 'rose', 'violet', 'peony', 'orange', 'musk', 'woody notes']","It smells like soap, pink pepper, and sawdust, with a hint of orange and woody notes."
"['pink pepper', 'peony', 'litchi', 'musk', 'cedar', 'ambergris']","It smells like a sweet and juicy litchi at first, then a musky skin note emerges, followed by a warm and dry cedarwood scent."
"['water notes', 'kiwi', 'citruses', 'red berries', 'green notes', 'lavender', 'artemisia', 'tarragon', 'nutmeg', 'suede', 'black tea', 'woodsy notes']","It smells like water notes, followed by a blend of juicy kiwi and tart citruses, finishing with a dry, woody scent reminiscent of suede and sawdust."
"['peony', 'ivy', 'mandarin orange', 'cyclamen', 'jasmine', 'lily-of-the-valley', 'driftwood', 'white musk']","It smells like citrus peel and soap at first, then rubber and sawdust."
"['cranberry', 'white tea', 'citruses', 'peony', 'jasmine', 'hedione', 'patchouli', 'white musk']","It smells like citrus peel and soap at first, then wet leaves and glue."
"['water notes', 'citruses', 'pink pepper', 'mountain air', 'edelweiss', 'white violet', 'cedar', 'musk', 'amber']","It smells like citrus peel, soap, and a hint of wet earth at first, with notes of rubber and smoke emerging later, and a dry, woody finish."
"['melon', 'lily-of-the-valley', 'orris']","It smells like sweet melon and soap at first, then it's like someone lit a firecracker and it's a mix of smoky rubber and sawdust."
"['cascalone', 'hedione', 'neroli', 'sicilian bergamot', 'orange blossom', 'jasmine', 'musk', 'balsam fir', 'atlas cedar', 'heliotrope']","It smells like citrus peel, soap, and sweet orange at first, then warm spices and fresh grass, with a subtle hint of damp earth and skin."
"['grass', 'black currant', 'lily-of-the-valley', 'sweet pea', 'apple', 'musk', 'carnation']","It smells like a mix of juicy apple and sweet sugar at first, then a subtle blend of skin and clean laundry, finishing with a hint of crushed leaves and cut grass."
"['ice cream', 'ozonic notes', 'vodka', 'birch', 'fir', 'snowdrops', 'lily-of-the-valley', 'white flowers', 'snow', 'ice', 'linen']","It smells like sweet cream, white flowers, and a hint of fresh snow."
"['lemon', 'aldehydes', 'orange', 'tangerine', 'peony', 'cyclamen', 'rose', 'amber', 'sandalwood']","It smells like citrus peel and soap at first, then rubber, smoke, and sawdust."
"['wisteria', 'longan berries', 'musk']","It smells like sweet flowers and clean skin at first, then juicy fruit and warm plastic."
"['pear', 'mandarin orange', 'blackberry', 'water notes', 'lily-of-the-valley', 'peony', 'orchid', 'rose', 'jasmine', 'musk']","It smells like a mix of citrusy and sweet notes, with hints of soap and juicy fruit, followed by a dry and earthy undertone."
"['lemon', 'passionfruit', 'blackberry', 'lily-of-the-valley', 'taif rose', 'parma violet', 'palisander rosewood', 'musk', 'patchouli']","It smells like a mix of citrus and soap, with a hint of warm rubber and sweet, toasted wood."
"['litchi', 'mandarin orange', 'raspberry leaf', 'bergamot', 'peony', 'lily-of-the-valley', 'gardenia', 'jasmine sambac', 'accord eudora®', 'sandalwood', 'vanilla', 'musk', 'patchouli']","It smells like a combination of juicy mandarin and sweet litchi, with subtle hints of wet leaves and dry wood."
"['green apple', 'bitter orange', 'neroli', 'cyclamen', 'rosemary', 'thyme', 'cedar', 'tonka bean', 'vanilla']","It smells like green apple and soap at first, then bitter orange and crushed leaves."
"['green apple', 'cassis', 'peony', 'jasmine', 'white musk', 'benzoin']","It smells like a sweet and juicy green apple at first, then a floral soap and crushed leaves, with a subtle hint of warm glue and sawdust."
"['grass', 'lemon', 'wild rose', 'wildflowers', 'pear', 'tonka bean', 'cedar']","It smells like a mix of citrus peel and soap at first, then it becomes sweeter with notes of candy and sugar, finishing with a dry wood and sawdust scent."
"['peony', 'passionfruit', 'ginger', 'violet', 'musk']","It smells like sweet perfume, juicy passionfruit, and warm skin."
"['ice', 'bergamot', 'blue sage', 'cedar needles']","It smells like citrus peel and soap at first, then sawdust and caramel."
"['bergamot', 'melon', 'black currant', 'peony', 'jasmine', 'lily-of-the-valley', 'sandalwood', 'vanilla', 'amber', 'musk']","It smells like citrusy sweetness, followed by a hint of fresh soap and then a warm, woody scent with notes of sawdust and sandalwood."
"['guava', 'peony', 'palm leaf', 'palm tree']","It smells like sweet tropical fruit, with hints of damp soil and dry leaves."
"['pear', 'citruses', 'bergamot', 'ginger', 'tea', 'floral notes', 'rhubarb', 'fennel', 'musk', 'sandalwood']","It smells like ripe pears and citrusy soap at first, then warm ginger and a hint of crushed leaves."
"['lemon', 'green apple', 'violet leaf', 'peony', 'lily-of-the-valley', 'jasmine', 'white musk', 'cedar']","It smells like citrus peel, green apple, and soap at first, then sweet, juicy fruit and crushed leaves."
"['watery notes', 'bergamot', 'peach', 'ivy', 'jasmine', 'bellflower', 'peony', 'white musk', 'moss']","It smells like a combination of citrus peel, soap, and juicy peach, with subtle notes of damp moss and white musk lingering in the background."
"['melon', 'lily-of-the-valley', 'orris root']","It smells like sweet candy and fresh soap at first, then it shifts to a scent reminiscent of juicy watermelon and crushed leaves."
"['mountain air', 'melon', 'jasmine', 'orange blossom', 'vanilla', 'musk', 'sandalwood']","It smells like a combination of juicy melon and orange blossom at first, with a sweet and spicy undertone that settles into a dry wood and sawdust finish."
"['grapefruit blossom', 'green tea', 'pink pepper', 'peony', 'rose', 'lily-of-the-valley', 'vanilla', 'cedar', 'musk']","It smells like juicy grapefruit, sweet soap, and a hint of dry wood."
"['nectarine', 'italian lemon', 'orange blossom', 'peony', 'tonka bean', 'sandalwood', 'musk']","It smells like a combination of juicy nectarine and sweet orange blossom at first, followed by the earthy scent of damp soil and the subtle musk of skin."
"['pear', 'peony', 'violet', 'musk', 'cedar']","It smells like ripe pears and soap at first, then it's like walking through a forest with a hint of clean laundry and dry wood."
"['pear', 'citruses', 'water notes', 'green notes', 'apple', 'pink pepper', 'jasmine', 'tagetes', 'rose', 'violet', 'cedar', 'musk', 'amber', 'whipped cream']","It smells like juicy pear and sweet citrus, with notes of green grass and sawdust, followed by a subtle hint of skin and clean laundry."
"['grass', 'lily-of-the-valley', 'wildflowers', 'woodsy notes', 'musk']","It smells like fresh-cut grass, sweet soap, and a hint of clean laundry."
"['fabric', 'jasmine', 'ambroxan']","It smells like fabric softener and soap, with a subtle hint of glue and sawdust."
"['aldehydes', 'rain notes', 'grass', 'black currant', 'metallic notes', 'rose', 'pink pepper', 'woody notes', 'white musk', 'cedar']","It smells like sweet aldehydes and fresh grass at first, then rose and pink pepper notes emerge, followed by a subtle woody dry down."
"['melon', 'lily-of-the-valley', 'floral notes', 'orris root']","It smells like sweet melon and soap at first, then damp soil and crushed leaves."
"['snow', 'ginger', 'cinnamon', 'jasmine', 'pink peony', 'rose', 'musk', 'amber', 'sandalwood']","It smells like warm ginger and sweet soap at first, then cinnamon and rose, finishing with a smooth blend of skin and dry wood."
"['citruses', 'green notes', 'watery notes', 'mint', 'peony', 'apple', 'rose', 'lily-of-the-valley', 'plum', 'musk', 'woody notes', 'amber']","It smells like citrus peel and sugar, with notes of green tea and a hint of rain."
"['pear', 'passionfruit', 'bergamot', 'peony', 'rose', 'lily-of-the-valley', 'musk', 'vanilla', 'amber']","It smells like ripe passionfruit and sweet vanilla at first, then it warms up to a blend of fresh laundry, skin, and glue."
"['litchi', 'cocktail fruits', 'bergamot', 'peach blossom', 'peony', 'lily of the valley', 'jasmine sambac', 'tiare flower', 'white musk', 'vanilla', 'patchouli', 'sandalwood']","It smells like litchi and juicy fruit at first, then wet leaves and glue, with a dry wood and pencil shavings dry down."
"['calabrian bergamot', 'pepper', 'sichuan pepper', 'lavender', 'pink pepper', 'vetiver', 'patchouli', 'geranium', 'elemi', 'ambroxan', 'cedar', 'labdanum']","It smells like citrus peel, soap, and crushed leaves at first, then warm plastic, smoke, and sawdust."
"['bergamot', 'sichuan pepper', 'lavender', 'star anise', 'nutmeg', 'ambroxan', 'vanilla']","It smells like citrus peel and soap at first, then warm plastic and sawdust."
"['bergamot', 'pepper', 'lavender', 'metallic notes', 'watery notes', 'coal', 'soil tincture', 'ambroxan', 'patchouli']","It smells like citrusy soap and sweet, sticky notes at first, then damp soil and worn leather."
"['violet leaf', 'artemisia', 'mandarin orange', 'white pepper', 'cedar', 'nutmeg', 'white musk', 'tonka bean', 'vetiver']","It smells like a combination of citrus peel and soap at first, followed by notes of sweet orange and a hint of smoky wood, finishing with a dry, earthy tone."
"['lavender', 'apple', 'black pepper', 'coriander', 'tonka bean', 'labdanum']","It smells like a mix of juicy apple and sweet sugar, with a subtle hint of dry sawdust and warm glue."
"['caraway', 'cinnamon', 'pink nerium oleander', 'damask rose', 'tea', 'geranium', 'jasmine', 'agarwood (oud)', 'olibanum', 'patchouli', 'amber', 'sandalowood', 'guaiac wood', 'vanilla', 'orris root', 'musk']","It smells like warm spices, like pepper and dry heat, with hints of sweet caramel and crushed leaves."
"['ginger', 'pepper', 'black basil', 'sage', 'cedar', 'amber', 'suede', 'brazilian redwood', 'patchouli']","It smells like warm glue, forest floor, and crushed leaves."
"['nutmeg', 'plum', 'mace', 'rose', 'tuberose', 'jasmine', 'orchid', 'ylang-ylang', 'orange blossom', 'sandalwood', 'amber', 'vanilla', 'cashmere wood', 'cedar', 'wormwood', 'orris']","It smells like warm spices, juicy plum, and a hint of glue."
"['black pepper', 'cardamom', 'caraway', 'rose', 'nutmeg', 'sandalwood']","It smells like sweet spice, crushed leaves, and glue."
"['lemon leaf', 'bergamot', 'tamarind', 'elemi', 'white pepper', 'nutmeg', 'cardamom', 'violet', 'cedar', 'musk', 'oakmoss', 'amber']","It smells like sweet citrus and soap at first, then warm rubber and smoky wood."
"['pepper', 'anise', 'bergamot', 'fruity notes', 'lavender', 'french labdanum', 'vanille', 'patchouli', 'vetyver']","It smells like citrus and soap at first, then sweet vanilla and damp soil."
"['water notes', 'bergamot', 'grapefruit', 'calone', 'basil', 'floral notes', 'jasmine', 'sage', 'pepper', 'cedar', 'musk', 'vetiver', 'ambergris', 'clary sage', 'amber', 'patchouli']","It smells like citrusy freshness and soap at first, then warm spices and damp soil."
"['sichuan pepper', 'cardamom', 'bergamot', 'neroli', 'tobacco leaf', 'incense', 'juniper berries', 'leather', 'cypriol oil or nagarmotha', 'tonka bean', 'musk']","It smells like citrus peel, soap, and sweet caramel at first, then it warms up to a smoky, leathery scent with hints of damp soil and sawdust."
"['tea', 'artemisia', 'bergamot', 'orange blossom', 'bitter orange', 'pepper', 'cardamom', 'coriander', 'musk', 'woody notes', 'jasmine', 'amber', 'rose']","It smells like citrus peel, fresh laundry, and sawdust."
"['violet leaf', 'basil', 'star anise', 'bergamot', 'pink pepper', 'nutmeg', 'vetiver', 'patchouli']","It smells like citrus peel, fresh flowers, and a hint of damp soil."
"['juniper', 'black pepper', 'bergamot', 'cinnamon', 'iris', 'orange blossom', 'vanilla', 'amber', 'vetiver']","It smells like citrus peel and soap at first, then warm plastic, dry wood, and a hint of sugar."
"['grapefruit', 'bergamot', 'pepper', 'lavender', 'cardamom', 'artemisia', 'cedar', 'vetiver', 'olibanum']","It smells like a combination of citrus peel, soap, and juicy fruit at first, then followed by the scent of rubber and sawdust."
"['bergamot', 'pepper', 'star anise', 'mint', 'ginger', 'sage', 'iris', 'boxwood', 'labdanum']","It smells like citrus peel and soap at first, then warm plastic, forest floor, and sawdust."
"['nutmeg', 'bergamot', 'lavender', 'clary sage', 'carnation', 'geranium', 'ylang-ylang', 'lily-of-the-valley', 'cyclamen', 'jasmine', 'fir', 'vetiver', 'cedar', 'oakmoss', 'sandalwood', 'amber', 'musk']","It smells like warm spice, sweet citrus, and damp soil."
"['anise', 'dill', 'mint', 'lavender', 'beech', 'thyme', 'lemon', 'leather', 'cashmere wood', 'osmanthus', 'pepper', 'geranium', 'white amber', 'cashmeran', 'vanilla']","It smells like citrus peel and soap at first, then leather, glue, and sawdust."
"['rosemary', 'lemon blossom', 'orange', 'yellow mandarin', 'nutmeg', 'cloves', 'geranium', 'juniper', 'cedar', 'lavender', 'oakmoss', 'birch', 'leather']","It smells like citrus peel and flowers at first, then warm spices and dry wood."
"['mandarin orange', 'pepper', 'bergamot', 'pomegranate', 'peony', 'yellow poppy', 'jasmine', 'benzoin', 'vanilla', 'cedar']","It smells like a combination of citrusy peel and soap, followed by a sweet and slightly smoky aroma with notes of sawdust and melted plastic."
"['nutmeg', 'saffron', 'olibanum', 'white pepper', 'rose', 'cloves', 'woody notes', 'amber', 'patchouli', 'vanilla', 'olibanum']","It smells like warm plastic, dry wood, and soap."
"['green apple', 'cardamom', 'black pepper', 'chili pepper', 'nutmeg', 'cloves', 'lemon', 'grapefruit', 'lavender', 'mint', 'clary sage', 'rosemary', 'mastic or lentisque', 'coriander', 'pistachio', 'nutty notes', 'balsam fir', 'cedar', 'benzoin', 'peru balsam', 'olibanum', 'patchouli', 'labdanum']","It smells like citrus peel and soap at first, then warm plastic, sawdust, and a hint of damp soil."
"['pepper', 'lavender', 'cardamom', 'watercress', 'vanille', 'patchouli']","It smells like pepper and dry earth at first, then soap and crushed leaves."
"['pink pepper', 'pepper', 'geranium', 'elemi', 'nutmeg', 'incense', 'vetiver', 'virginia cedar', 'musk', 'tonka bean', 'patchouli']","It smells like a combination of sweet, juicy fruit and damp soil, with a subtle hint of clean laundry and a smoky undertone."
"['fir', 'bay leaf', 'black pepper', 'nutmeg', 'bergamot', 'neroli', 'champaca', 'geranium', 'rose', 'ylang-ylang', 'osmanthus', 'jasmine', 'resins', 'leather', 'kyara incense', 'cade oil', 'civet', 'cedar', 'patchouli', 'sandalowood', 'vanilla']","It smells like citrus peel and soap at first, then rubber, smoke, and sawdust."
"['basil', 'bitter orange', 'black pepper', 'lavender', 'rosemary', 'geranium', 'white musk', 'moss', 'leather', 'tonka bean']","It smells like citrus peel and soap at first, then moss and leather."
"['black pepper', 'citron', 'violet', 'thyme', 'geranium', 'vetiver', 'woody notes']","It smells like black pepper, followed by a sweet and powdery fragrance, and finishing with a dry, woody scent like sawdust."
"['black pepper', 'sicilian lemon', 'pink pepper', 'floral notes', 'cedar', 'agarwood (oud)', 'white musk', 'oakmoss', 'amber']","It smells like a combination of citrus peel and soap, followed by the scent of freshly sharpened pencils and a hint of smoky wood."
"['apple', 'mint', 'green notes', 'nutmeg', 'pepper', 'cumin', 'leather', 'cedar', 'musk']","It smells like sweet fruit, crushed leaves, and a hint of skin."
"['galbanum', 'marigold', 'plum', 'honeysuckle', 'freesia', 'nutmeg', 'carnation', 'pepper', 'ylang-ylang', 'gardenia', 'rose', 'amber', 'sandalwood', 'patchouli', 'vanilla', 'musk']","It smells like sweet plums, fresh soap, and a hint of glue at first, then it warms up to reveal notes of pencil shavings, dry wood, and a subtle musk."
"['juniper berries', 'pineapple', 'grapefruit', 'melon', 'mint', 'nutmeg', 'pepper', 'incense', 'cedar', 'vetiver', 'oakmoss', 'sandalwood', 'musk', 'labdanum']","It smells like a mix of sweet citrus and fresh soap at first, then it gets a bit smoky with notes of damp soil and old wood."
"['geranium', 'orange', 'rose', 'cloves', 'nutmeg', 'pepper', 'cinnamon', 'patchouli', 'sandalwood', 'cedar', 'vanilla']","It smells like a combination of orange peel, sweet vanilla, and warm spices, with subtle notes of dry wood and earthy patchouli."
"['pink pepper', 'pepperwood\x99', 'woodsy notes', 'vetyver', 'elemi resin', 'benzoin', 'oak moss', 'patchouli']","It smells like wet leaves and forest floor, with hints of damp soil and roots."
"['geranium', 'black currant', 'sichuan pepper', 'leather', 'rose', 'vetiver', 'cedar']","It smells like rose soap, leather, and a hint of damp soil."
"['pink pepper', 'pepper', 'freesia', 'bergamot', 'rose', 'peony', 'jasmine', 'lily-of-the-valley', 'musk', 'cashmere wood', 'virginia cedar']","It smells like citrusy soap and sweet bergamot at first, then warm musk and soft cashmere wood."
"['violet leaf', 'mandarin orange', 'rosemary', 'bergamot', 'bay leaf', 'incense', 'nutmeg', 'mint', 'cypress', 'sandalwood', 'guaiac wood', 'musk', 'amber']","It smells like citrus and sweet flowers at first, then warm spices and smoky incense."
"['mango', 'pepper', 'roasted coffee beans', 'indonesian nutmeg', 'woodsy notes', 'cardamom', 'juniper berries']","It smells like sweet, juicy mango and warm pepper at first, then roasted coffee beans and woodsy notes, finally settling into a blend of cardamom, juniper berries, and dry woods."
"['lavender', 'black pepper', 'nutmeg', 'cinnamon', 'woodsy notes', 'musk', 'tonka bean']","It smells like floral soap, warm caramel, and a hint of damp earth."
"['bergamot', 'white pepper', 'yellow freesia', 'honeysuckle', 'gardenia', 'jasmine', 'cedar', 'musk']","It smells like citrus peel, soap, and sweet flowers at first, then warm honey and sawdust."
"['lavender', 'juniper berries', 'basil', 'lemon verbena', 'bergamot', 'galbanum', 'neroli', 'pepper', 'nutmeg', 'vetiver', 'rosemary', 'geranium', 'cloves', 'clary sage', 'sandalwood', 'amber', 'coconut', 'patchouli', 'vanilla', 'cedar']","It smells like a blend of citrusy freshness, followed by a subtle hint of soap, then a warm and woody scent with notes of sawdust, rubber, and a touch of smokiness."
"['lavender', 'calabrian bergamot', 'tunisian orange blossom', 'anise', 'plum', 'juniper berries', 'cinnamon', 'nutmeg', 'water lily', 'leather', 'amber', 'patchouli', 'labdanum']","It smells like citrus peel and soap at first, then warm plastic and forest floor."
"['artemisia', 'bergamot', 'fruity notes', 'pepper', 'egyptian balsam', 'resins', 'caramel', 'cumin', 'leather', 'patchouli']","It smells like citrus peel, sweet caramel, and a hint of smoky resin."
"['lavender', 'apple', 'black pepper', 'labdanum', 'leather', 'amber']","It smells like a sweet, juicy apple and a hint of soap at first, then warm leather and a touch of black pepper."
"['basil', 'neroli', 'white musk', 'vetiver']","It smells like a combination of fresh soap, warm laundry, and damp soil, with a subtle hint of sawdust."
"['bergamot', 'nutmeg', 'grapefruit', 'basil', 'galbanum', 'lavender', 'juniper', 'rosemary', 'patchouli', 'sage', 'geranium', 'jasmine', 'virginia cedar', 'myrhh', 'oak moss', 'sandalwood', 'amber', 'fir', 'musk']","It smells like citrus peel and soap at first, then wet leaves, forest floor, and glue."
