embedding_id,all_notes,mainaccord1,target_description
10291,"['pink pepper', 'cloves', 'mandarin orange', 'tuberose', 'mango', 'ylang-ylang', 'rose', 'angelica', 'precious woods', 'resins', 'musk']",tuberose,"It smells like a florist's cooler filled with tropical flowers and overripe fruit, with someone grinding peppercorns nearby and incense burning in the back room."
13198,"['coconut milk', 'sand', 'tuberose', 'ylang ylang', 'vanilla', 'amber']",tuberose,"It smells like sunscreen drying on hot skin after lying on a beach towel, with sweet tropical flowers blooming nearby and a faint incense stick burning at sunset."
9999,"['wheat', 'milk', 'licorice', 'coconut', 'immortelle', 'sandalwood', 'apricot', 'spices', 'woody notes', 'osmanthus', 'amber']",lactonic,"It smells like a bakery in late summer — almond pastries cooling on the counter, apricot jam warming on the stove, and a faint trace of black licorice from the candy jar nearby."
10933,"['anise', 'bergamot', 'licorice', 'iris', 'tonka bean', 'vanilla', 'praline', 'musk', 'patchouli']",soft spicy,"It smells like black jelly beans dusted with powdered sugar, sitting next to a worn leather jacket that's been stored in someone's grandmother's linen closet."
692,"['saffron', 'amber', 'moss']",mossy,"It smells like a spice cabinet left open in an old library — dry saffron threads meet dusty golden resin, all softened by the green smell of stones after rain."
9124,"['wormwood', 'pink pepper', 'grapefruit', 'tuberose', 'champaca', 'cacao', 'patchouli', 'amber', 'tonka bean', 'vanille']",cacao,"It smells like dark chocolate dusted with bitter herbs and citrus zest, then softened by creamy flowers that leave a sweet, slightly earthy warmth on your clothes."
1292,"['green notes', 'geranium', 'rose', 'virginia cedar', 'patchouli']",rose,"It smells like a greenhouse in early spring — wet stems and potting soil mixed with geranium leaves crushed between your fingers, and roses just past their peak."
12274,"['fruity notes', 'yuzu', 'amalfi lemon', 'jasmine', 'african orange flower', 'lotus', 'vanille', 'sandalwood', 'patchouli', 'virginia cedar']",citrus,"It smells like a citrus grove at sunrise — sticky orange blossoms overhead, sweet fruit on the ground, with weathered wooden crates stacked nearby."
20354,"['pineapple', 'grapefruit', 'bergamot', 'cedar', 'patchouli', 'jasmine', 'oakmoss', 'woody notes']",woody,It smells like a hardware store's lumber section mixed with overripe tropical fruit sitting on a mossy log.
21182,"['pear', 'lavender', 'mint', 'bergamot', 'lemon', 'cinnamon', 'clary sage', 'caraway', 'black vanilla husk', 'amber', 'patchouli', 'cedar']",vanilla,"It smells like a herb garden after rain meeting a spice cabinet, with something dark and resinous lurking in the background like old wooden drawers lined with vanilla-stained paper."
17643,"['cherry', 'saffron', 'black pepper', 'black leather', 'violet', 'jasmine', 'tonka bean', 'palo santo', 'patchouli', 'heliotrope']",cherry,"It smells like cherry cough syrup mixed with worn leather gloves, spiced with something sharp and peppery, then softened by powdery florals and sweet wood smoke."
9310,"['pepperwood or hercules club', 'nard himalayan (jatamansi)', 'ylang-ylang']",herbal,It smells like a Buddhist temple at dusk — jasmine incense mixing with old wooden prayer beads and something faintly medicinal from the mountains.
6836,"['pear', 'ambrette (musk mallow)', 'rose', 'iris', 'musk', 'virginia cedar']",musky,"It smells like a wooden drawer full of dried petals someone left a ripe pear next to, soft and powdery with an almost soapy sweetness."
3102,"['coca-cola', 'lime', 'nutmeg', 'cinnamon', 'cedar', 'vanilla']",coca-cola,"It smells like spiced cola with a twist of lime, like someone stirred cinnamon sticks and nutmeg into a glass of soda, then set it down on a cedar picnic table."
17984,"['mandarin orange', 'bergamot', 'coffee', 'pink pepper', 'amyris', 'tonka bean', 'patchouli', 'vetyver', 'french labdanum']",coffee,"It smells like spiced coffee grounds left on a wooden counter next to citrus peels, with something sweet and resinous clinging to the bottom of the cup."
14514,"['lavender', 'sage', 'mandarin orange', 'tobacco', 'rose', 'carnation', 'geranium', 'tonka bean', 'fir', 'vetiver', 'cedar']",aromatic,"It smells like a barbershop tucked inside a greenhouse, where herbal tea steeps beside old wooden furniture and dried flower arrangements."
12268,"['pink pepper', 'african orange flower', 'vanille', 'benzoin', 'tonka bean']",vanilla,"It smells like spiced vanilla cake cooling on a windowsill near orange blossoms, with a subtle peppery tingle that keeps it from being too sweet."
14756,"['lemon', 'clover', 'mint', 'green tea', 'lily-of-the-valley', 'cyclamen']",green,"It smells like standing in a garden right after someone's watered the plants, with white flowers blooming next to herb pots and something citrusy crushed underfoot."
1405,"['hazelnut', 'milk', 'sugar', 'cacao', 'floral notes', 'vanilla']",cacao,It smells like the inside of a chocolate shop where they're making pralines — sweet roasted nuts mixed with warm milk chocolate and a hint of flowers from the wrapped candies nearby.
13448,"['violet', 'carnation', 'raspberry', 'peach', 'coriander', 'orange blossom', 'sichuan pepper', 'bergamot', 'iris', 'bulgarian rose', 'heliotrope', 'orris root', 'egyptian jasmine', 'lily-of-the-valley', 'musk', 'green tea', 'woody notes', 'sandalwood', 'vanilla', 'amber', 'benzoin', 'styrax', 'cedar']",powdery,"It smells like a powdered makeup compact sitting next to a bowl of overripe peaches in a florist's back room, with incense smoke drifting through."
825,"['saffron', 'mandarin orange', 'mineral notes', 'violet', 'akigalawood', 'osmanthus', 'woody notes', 'leather', 'vetiver']",mineral,"It smells like crushed apricots mixed with wet stone, then something purple and powdery, before drying into old leather briefcases and tree bark."
3708,"['champagne', 'pink pepper', 'orange', 'artemisia', 'rose', 'orange blossom', 'patchouli', 'musk', 'sandalwood']",herbal,"It smells like a fizzy mimosa spilled on a bouquet at a garden party, where the flowers are just starting to wilt in afternoon heat."
11482,"['lavender', 'pear', 'bergamot', 'whipped cream', 'coconut', 'praline', 'vanilla orchid', 'musk', 'woody notes']",sweet,"It smells like a lavender dessert cart at a beachside café — sweet pear tart with coconut whipped cream, cut through by aromatic herbs and finished with sandalwood tables."
3541,"['melon', 'white tea', 'arum lily', 'spun sugar', 'tahitian vanilla']",ozonic,"It smells like the inside of a high-end spa mixed with cotton candy — clean and soft at first, then surprisingly sweet, like vanilla ice cream melting over honeydew."
15336,"['rum', 'dark chocolate', 'coffee', 'almond', 'heliotrope', 'caramel', 'sugar cane', 'sandalwood', 'vetiver']",sweet,"It smells like a Cuban café at sunrise — bitter espresso cutting through sweet rum-soaked pastries, with wooden countertops and the ghost of burnt sugar in the air."
10559,"['watery notes', 'tea', 'driftwood']",aquatic,"It smells like standing on a misty dock at dawn, where wet wood planks meet cold air and someone nearby is steeping green tea."
5460,"['ginger', 'pepper', 'black basil', 'sage', 'cedar', 'amber', 'suede', 'brazilian redwood', 'patchouli']",fresh spicy,"It smells like a leather jacket hanging in a spice cabinet, with hints of pencil-wood and dried herbs tucked into the pockets."
7676,"['rum', 'passionfruit', 'gardenia', 'musk', 'vanille', 'tonka bean']",vanilla,"It smells like a tropical drink spilled on white flowers, with a creamy sweetness underneath that reminds you of custard cooling on a countertop."
1954,"['aldehydes', 'ozonic notes', 'watery notes', 'ginger', 'green notes', 'floral notes', 'mint', 'pepper', 'musk', 'vetiver', 'incense']",fresh,"It smells like standing on a cold pier in the morning — wet stone, crushed mint leaves, and distant smoke drifting over the water."
5264,"['amalfi lemon', 'cornflower or sultan seeds', 'pink pepper', 'patchouli', 'vanille']",patchouli,It smells like a citrus grove at dusk — bright lemon zest mingles with earthy spice and a hint of vanilla cream from a nearby café.
12171,"['bamboo', 'pear', 'lotus', 'tea', 'cassia', 'musk', 'guaiac wood', 'oakmoss']",woody,"It smells like a wet bamboo garden after rain, where overripe pears have fallen near a pond and someone's brewing weak tea nearby."
12915,"['melon', 'tonic water', 'gin', 'violet leaf', 'sichuan pepper', 'citruses', 'musk', 'suede', 'amber']",ozonic,"It smells like the cool, metallic tang of cucumber water mixed with gin and tonic, followed by a soft, powdery violet with a tingle of black pepper, all settling into something that resembles the inside of a well-worn leather handbag."
21305,"['white honey', 'tobacco', 'vanille', 'cacao', 'patchouli', 'amber', 'french labdanum', 'styrax']",sweet,"It smells like the inside of a dimly lit apothecary where honeycomb sits next to dark chocolate bars, dried tobacco leaves, and chunks of tree resin."
18514,"['aldehydes', 'coriander', 'gardenia', 'green notes', 'lemon', 'carnation', 'narcissus', 'orris root', 'rose', 'jasmine', 'lily-of-the-valley', 'leather', 'oakmoss', 'vetiver', 'patchouli', 'amber', 'coconut', 'tonka bean']",earthy,"It smells like old-fashioned hairspray meeting powdered soap in a vintage leather handbag, with something green and waxy like snapped flower stems cutting through the sweetness."
12266,"['watermelon', 'cucumber', 'kiwi', 'nectarine', 'lime (linden blossom)', 'jasmine', 'honeysuckle', 'lily-of-the-valley', 'vetiver', 'woodsy notes', 'musk']",ozonic,"It smells like a fruit salad left on a picnic table near blooming honeysuckle vines, with something green and crisp underneath like snapped celery stalks."
14392,"['almond', 'orange blossom', 'petitgrain', 'bergamot', 'heliotrope', 'iris', 'ylang-ylang', 'jasmine', 'rose', 'vanilla', 'tonka bean', 'tolu balsam', 'peru balsam', 'musk']",almond,"It smells like marzipan dissolving into orange flower water, then slowly becoming powdery and resinous, like the inside of an old wooden jewelry box lined with vanilla-scented fabric."
17033,"['lime', 'bergamot', 'tuberose', 'pear', 'mandarin orange', 'pineapple', 'heliotrope', 'orris root', 'jasmine', 'lily-of-the-valley', 'sandalwood', 'vanilla', 'musk', 'almond', 'tonka bean', 'cedar', 'amber']",powdery,"It smells like a fruit salad left on a wooden table in a florist's shop, where the tropical sweetness mingles with white flowers and a hint of powdery makeup compacts."
18389,"['litchi', 'ginger', 'bergamot', 'peony', 'turkish rose', 'cacao', 'patchouli']",fresh,It smells like a florist's workbench after someone spilled hot chocolate — powdery pink petals mixed with earthy dirt and a handful of candied ginger from the break room.
8982,"['rhubarb', 'raspberry', 'amyl salicylate', 'rose', 'leather', 'animal notes', 'oakmoss', 'cedar']",animalic,"It smells like tart rhubarb pie cooling on a windowsill next to a worn leather jacket, with something faintly wild and mossy clinging to the fabric."
2101,"['cherry', 'melon', 'raspberry', 'red rose', 'peony', 'orange blossom', 'hazelnut', 'musk', 'amber']",nutty,"It smells like the sticky-sweet juice of maraschino cherries mixed with honeyed cantaloupe, followed by a powdery floral shop bouquet and toasted hazelnuts cooling on a counter."
1270,"['coca-cola', 'lime', 'cinnamon', 'apple', 'nutmeg', 'cedar', 'amberwood']",coca-cola,"It smells like spiced cola with a squeeze of citrus, gradually settling into the warm, slightly sweet scent of a wooden spice cabinet."
7404,"['plum', 'italian mandarin', 'pink pepper', 'rose', 'jasmine', 'lily-of-the-valley', 'patchouli', 'vanilla', 'white musk']",patchouli,"It smells like ripe plums dusted with black pepper beside a florist's workbench, where crushed flower stems meet the sweetness of vanilla extract."
14876,"['smoke', 'pineapple', 'grapefruit', 'olibanum', 'atlas cedar', 'clary sage', 'leather', 'tonka bean', 'patchouli']",smoky,"It smells like a leather jacket left near a bonfire while someone's grilling caramelized pineapple, with hints of bitter citrus rind and church incense drifting through."
18765,"['butter', 'salt', 'toast', 'cookie dough', 'hazelnut cocoa spread', 'hazelnut']",nutty,"It smells like spreading Nutella on warm buttered toast, with that slightly salty-sweet contrast you get from salted cookies still soft from the oven."
16211,"['grapefruit', 'mandarin orange', 'sea water', 'juniper', 'musk', 'amberwood']",aromatic,It smells like standing on a sailboat deck at dawn — citrus zest mixing with salt spray and sun-warmed wooden planks.
3572,"['mineral notes', 'citruses', 'italian lemon', 'green leaves', 'calabrian bergamot', 'pebbles', 'sage', 'orris', 'geranium', 'woody notes', 'musk', 'amber', 'sandalwood', 'patchouli']",mineral,"It smells like wet stones by a Mediterranean garden — sharp citrus and herbs at first, then something quietly earthy and powdery, like touching an old wooden cabinet that's been closed for years."
13816,"['bergamot', 'tuberose', 'violet', 'rose', 'patchouli']",tuberose,"It smells like a florist's cooler at closing time — white flowers slightly wilted, their sweetness mixing with the earthy scent of wet stems and cardboard boxes."
12460,"['tea', 'cranberry', 'amalfi lemon', 'peony', 'jasmine', 'water lily', 'woodsy notes', 'patchouli']",fresh,"It smells like a botanical garden greenhouse after rain — tart cranberry mixed with wet flowers, lemony tea in the background, and dirt-caked wooden benches."
11525,"['grapefruit', 'smoke', 'juniper', 'leather', 'vetiver']",smoky,It smells like a worn motorcycle jacket left near a gin distillery — sharp citrus cutting through charred wood and dry grass.
16489,"['oregano', 'pepper', 'bergamot', 'incense', 'opoponax', 'amber', 'labdanum', 'agarwood (oud)', 'leather', 'sandalwood', 'patchouli']",amber,"It smells like a leather jacket left hanging in an old church — spicy, resinous, and slightly smoky, with something dark and woody clinging to the collar."
5508,"['licorice', 'lemon', 'patchouli', 'amber', 'floral notes', 'vetiver', 'white musk']",soft spicy,"It smells like anise cookies left near a drawer of old postcards and dried bouquets, with something clean and slightly soapy lingering in the air."
21821,"['turkish rose', 'indian oud', 'woodsy notes', 'exotic spices', 'cambodian oud', 'amber', 'rose', 'animal notes', 'musk', 'powdery notes']",animalic,"It smells like an old wooden jewelry box lined with velvet, holding dried rose petals and something faintly sweaty — almost like a grandmother's attic mixed with incense smoke."
7670,"['white musk', 'peony', 'freesia', 'green notes', 'peach', 'plum', 'lily', 'lily-of-the-valley', 'green grass', 'jasmine', 'ylang-ylang', 'rose', 'coffee', 'vanilla', 'sandalwood', 'coriander', 'incense', 'tonka bean', 'cedar']",floral,It smells like a florist's cold storage room at dawn — dewy petals and crushed stems mixed with the lingering scent of yesterday's spilled coffee grounds and wooden crates.
18606,"['sichuan pepper', 'cardamom', 'bergamot', 'neroli', 'tobacco leaf', 'incense', 'juniper berries', 'leather', 'cypriol oil or nagarmotha', 'tonka bean', 'musk']",fresh spicy,"It smells like a worn leather jacket hanging in a spice shop, where smoke from burning incense drifts through bags of dried berries and sweet beans."
20260,"['cinnamon', 'pepperwood or hercules club', 'tobacco', 'osmanthus', 'olibanum', 'labdanum', 'vanilla', 'patchouli', 'musk', 'vetiver', 'cedar']",tobacco,It smells like the wooden counter of an old apothecary shop where dried tobacco leaves sit next to jars of sweet spices and resinous incense sticks.
11910,"['plum', 'cinnamon', 'elemi', 'tuberose', 'ylang-ylang', 'rose', 'vanilla', 'vetiver', 'musk', 'ambroxan']",tuberose,"It smells like overripe fruit beside a spice drawer, with white flowers that verge on medicinal—sharp at first, then settling into something sweeter and slightly woody."
9918,"['plum', 'wild berries', 'coriander', 'anise', 'brazilian rosewood', 'tuberose', 'incense', 'white honey', 'cinnamon', 'opoponax', 'carnation', 'jasmine', 'african orange flower', 'rose', 'vanille', 'amber', 'sandalwood', 'heliotrope', 'musk', 'vetiver', 'virginia cedar']",fruity,"It smells like a spiced fruit compote left to simmer in a wooden temple, where incense smoke mingles with overripe plums and honeyed florals that cling to ancient cedar beams."
4595,"['rum', 'davana', 'honey', 'bran', 'cinnamon', 'vanilla', 'cacao', 'sandalwood']",honey,"It smells like a bakery in an old wooden barn — sweet grain mixed with dark chocolate, sticky honey, and a hint of rum-soaked raisins drying on warm wood."
15331,"['green tea', 'bergamot', 'rose', 'sandalwood', 'cedar', 'jasmine', 'leather', 'vanilla', 'amber', 'musk', 'oakmoss']",leather,"It smells like a wooden jewelry box lined with soft suede, holding dried tea leaves and a faintly sweet, powdery sachet that someone tucked between folded cashmere sweaters."
12742,"['violet leaf', 'violet', 'iris', 'african orange flower', 'lily-of-the-valley', 'jasmine', 'vetyver', 'nutmeg', 'sandalwood', 'raspberry']",violet,"It smells like crushed violet stems and powdery iris root mixed with tart raspberry, all sitting on freshly turned earth with a hint of spice."
15391,"['grapefruit', 'pink pepper', 'lavender', 'vetyver', 'vanille', 'amber']",lavender,"It smells like the sharp tang of citrus peel mixed with soapy herbs, settling into something earthy and sweet like dried grass tucked into a vanilla-scented drawer."
8938,"['watery notes', 'almond', 'spices', 'neroli', 'coumarin', 'vetiver', 'patchouli']",aquatic,"It smells like standing near a harbor with almond pastries cooling on a stone wall, mixed with the scent of old wooden boats and someone's spiced cologne drifting past."
13684,"['spices', 'mate', 'citruses', 'mandarin orange', 'flowers', 'tobacco', 'immortelle', 'labdanum', 'vetiver', 'patchouli', 'mate', 'tobacco', 'leather', 'exotic woods', 'amber', 'vanilla', 'tonka bean', 'musk']",tobacco,"It smells like a leather jacket left in a tobacco shop, with sweet vanilla and orange peel tucked into the pockets."
10348,"['mint', 'bergamot', 'grapefruit', 'lavender', 'granny smith apple', 'cranberry', 'rose', 'cotton flower', 'cactus', 'amber']",green,"It smells like a soapy hotel bathroom meets tart green apples and berry juice, with something oddly watery and plant-like hovering in the background."
18676,"['black pepper', 'bitter orange', 'neroli', 'saffron', 'cardamom', 'olibanum', 'agarwood (oud)', 'patchouli', 'leatherwood']",oud,"It smells like a spice market at dawn — sharp pepper and cardamom cutting through incense smoke, with the dusty leather of old suitcases stacked in the corner."
11553,"['bergamot', 'lemon', 'seaweed', 'calone', 'hedione', 'musk', 'ambroxan', 'cedar']",musky,"It smells like standing on a weathered dock at dawn — citrus cutting through salt air, wet wood, and that clean mineral scent of ocean spray drying on your arms."
11720,"['honeysuckle', 'tangerine', 'rose', 'jasmine', 'tiare flower', 'peony', 'clementine', 'musk', 'sandalwood', 'patchouli']",white floral,"It smells like standing near a blooming hedge on a humid summer evening while someone peels a clementine nearby, leaving a powdery sweetness hanging in the thick air."
18798,"['myrhh', 'clary sage', 'coriander', 'bergamot', 'lime', 'amalfi lemon', 'rose', 'thyme', 'basil', 'jasmine', 'castoreum', 'oakmoss', 'patchouli', 'french labdanum']",aromatic,"It smells like a Mediterranean herb garden after rain, where crushed basil and thyme mingle with wet moss and resinous tree bark, then softens into something darker and slightly animalic underneath."
13840,"['plum', 'musk', 'heliotrope', 'suede']",musky,"It smells like purple jam next to old leather gloves, with a powdery almond sweetness that softens everything into something vaguely nostalgic."
20561,"['rosemary', 'pink pepper', 'petitgrain', 'jasmine', 'neroli', 'orris root', 'ylang-ylang', 'sandalwood', 'vetiver', 'cedar', 'patchouli']",woody,"It smells like a botanical garden at dusk — herbal and slightly peppery at first, then soft white flowers emerge, settling into smooth, earthy woods with a powdery finish."
7611,"['chestnut', 'whipped cream', 'cumin', 'tuberose', 'geranium', 'cypress', 'milk', 'vanilla pod', 'musk', 'tonka bean']",lactonic,It smells like a bakery next to a flower shop — sweet roasted chestnuts and vanilla cream pastries mixing with waxy white flowers and a hint of earthy spice from the garden outside.
12843,"['almond', 'aldehydes', 'anise', 'rose', 'agarwood', 'leather', 'musk', 'vanilla', 'heliotrope', 'cedar']",oud,"It smells like marzipan and black licorice next to a worn leather jacket, with powdery florals drifting through old wooden drawers lined with vanilla-scented paper."
16048,"['petitgrain', 'bergamot', 'lavender', 'tonka bean', 'vetiver', 'patchouli', 'labdanum', 'agarwood (oud)', 'musk']",lavender,"It smells like a barber shop after hours — cologne bottles, shaving cream residue, and wooden cabinets with a faint smoky incense trail from the apartment upstairs."
19786,"['lemon verbena', 'iris', 'violet leaf', 'ambergris', 'sandalwood']",citrus,"It smells like crushed green stems and pale powdered flowers, with something faintly salty and woody drifting underneath like sun-warmed driftwood."
15649,"['grapefruit', 'bergamot', 'orange', 'rose', 'geranium', 'jasmine', 'narcissus', 'peach', 'patchouli', 'sandalwood', 'olibanum', 'tonka bean', 'vanille', 'white musk', 'cloves', 'benzoin']",warm spicy,It smells like a florist's cooler at sunrise — dewy white petals and stone fruit mixed with the resinous sweetness of church incense and weathered wooden shelves.
15043,"['raspberry', 'bergamot', 'orange', 'pepper', 'vetiver', 'magnolia', 'sandalwood', 'amber', 'musk']",fruity,"It smells like a fruit stand near a spice shop — tart raspberry and citrus mixed with cracked pepper, settling into creamy wood and soft powder."
12519,"['animal notes', 'woody notes', 'violet', 'leather', 'incense', 'cade oil', 'labdanum', 'cedar', 'patchouli', 'vanilla']",animalic,"It smells like a worn leather jacket hanging in a closet next to burning church incense, with hints of violet potpourri and sweet resin tucked into the pockets."
5667,"['absinthe', 'bergamot', 'lemon', 'peru balsam', 'orange blossom', 'spices', 'carnation', 'musk']",balsamic,"It smells like a spice cabinet left open near a bowl of citrus fruits, with something slightly soapy and anise-like hovering in the background."
19940,"['coca-cola', 'mandarin orange', 'jasmine', 'tuberose', 'tonka bean', 'sandalwood', 'amber']",coca-cola,"It smells like spilled soda fizzing next to a bouquet of white flowers someone left on a wooden table, with a faint sweetness lingering in the air like vanilla extract."
5553,"['almond milk', 'bergamot', 'pink pepper', 'heliotrope', 'jasmine sambac', 'carnation', 'sandalwood', 'cashmere wood', 'benzoin']",almond,"It smells like powdered sugar dusted over warm almond pastries, with a subtle peppery bite and the creamy sweetness of vanilla pudding left in a wooden bowl."
18394,"['star anise', 'tobacco', 'amber', 'leather']",anis,"It smells like the inside of an old spice merchant's leather satchel — sweet licorice and dried tobacco leaves tucked into worn brown leather, with something resinous and golden clinging to the seams."
20476,"['bergamot', 'angelica', 'patchouli', 'coumarin', 'amber', 'musk']",amber,"It smells like the air in an old bookshop — dusty paper mixed with citrus cleaning solution and something faintly sweet, like vanilla extract someone spilled years ago."
251,"['mango', 'orange', 'ylang-ylang', 'jasmine', 'neroli', 'agarwood (oud)', 'oak moss', 'vetyver', 'virginia cedar']",tropical,"It smells like a tropical fruit stand next to a woodworking shop — ripe mango and orange meet jasmine flowers, then smoky oud and sawdust take over."
21507,"['apple', 'cinnamon', 'wild lavender', 'bergamot', 'orange blossom', 'lily-of-the-valley', 'vanilla', 'tonka bean', 'amber', 'patchouli']",vanilla,It smells like baked apples dusted with cinnamon sitting next to a bouquet of wildflowers someone left on a vanilla-scented wooden table.
3496,"['carnation', 'aldehydes', 'rose', 'neroli', 'brazilian rosewood', 'peach', 'bergamot', 'carnation', 'cloves', 'gardenia', 'jasmine', 'ylang-ylang', 'rose', 'violet', 'orris root', 'rosemary', 'orchid', 'spices', 'iris', 'oakmoss', 'musk', 'sandalwood', 'benzoin', 'amber', 'vetiver', 'cedar']",warm spicy,"It smells like the powdery interior of an old compact mirror mixed with spiced flowers from a grandmother's dresser, finishing with the mossy scent of aged wooden furniture."
4498,"['jasmine', 'tuberose', 'rangoon creeper']",white floral,"It smells like standing too close to night-blooming flowers in a tropical garden — heady, almost dizzying sweetness with a waxy, green edge that clings to your clothes."
19553,"['juniper', 'black pepper', 'bergamot', 'cinnamon', 'iris', 'orange blossom', 'vanilla', 'amber', 'vetiver']",fresh spicy,"It smells like gin with a dusting of cinnamon sugar, cut through by powdery iris and the faint sweetness of orange blossoms over dry grass."
12386,"['lemon', 'water notes', 'sea salt', 'peach', 'musk', 'cedar']",salty,"It smells like a salt-dried beach towel left in the sun next to a bowl of overripe peaches, with something woody and clean drifting in from somewhere."
16026,"['bitter almond', 'black cherry', 'cherry liqueur', 'sour cherry', 'plum', 'turkish rose', 'jasmine sambac', 'vanilla', 'tonka bean', 'cinnamon', 'peru balsam', 'benzoin', 'sandalwood', 'cloves', 'cedar', 'patchouli', 'vetiver']",cherry,"It smells like maraschino cherries soaked in almond liqueur, resting on a wooden bar counter next to someone wearing spiced rose perfume."
3124,"['litchi', 'bergamot', 'peach', 'peony', 'orange blossom', 'jasmine', 'petalia', 'musk', 'moss', 'woody notes']",white floral,"It smells like a fruit stand next to a florist shop on a humid morning, where overripe peaches and lychees sit near white flowers, all settling into something soft and slightly dusty."
6858,"['patchouli', 'birch', 'styrax', 'vanilla']",leather,"It smells like a leather jacket hung in a smoky bar, sweet and slightly burnt around the edges."
11721,"['violet leaf', 'artemisia', 'mandarin orange', 'white pepper', 'cedar', 'nutmeg', 'white musk', 'tonka bean', 'vetiver']",fresh spicy,"It smells like crushed green stems mixed with orange zest and black peppercorns, drying down to something woody and slightly sweet, like cedar chips dusted with spice."
21139,"['peach', 'bergamot', 'aldehydes', 'cambodian oud', 'carnation', 'patchouli', 'angelica', 'russian leather', 'musk', 'amber', 'oakmoss', 'patchouli']",animalic,It smells like vintage department store cosmetics — powdery peach lipstick and spiced carnations — layered over old leather boots that have been stored in a mossy basement trunk.
12480,"['lavender', 'bergamot', 'patchouli', 'bulgarian rose', 'white musk', 'ambroxan', 'vanilla', 'labdanum', 'tonka bean']",patchouli,"It smells like a grandmother's linen closet where dried lavender sachets rest on old wooden shelves, slightly dusty and sweet, with faint traces of soap and powder."
21755,"['pink pepper', 'juniper', 'violet', 'toffee', 'cinnamon', 'lavender', 'sage', 'vanilla', 'amber', 'tonka bean', 'suede']",vanilla,"It smells like a worn leather jacket draped over a chair in a bakery, where spiced cookies cool next to bundles of dried herbs."
18479,"['incense', 'pimento', 'bergamot', 'rose', 'leather', 'tobacco', 'guaiac wood', 'cashmere wood', 'musk']",smoky,"It smells like a worn leather jacket draped over a church pew, with spiced smoke clinging to the fabric and a faint trace of dried roses tucked in the pocket."
12277,"['bergamot', 'citruses', 'green mandarin', 'fig', 'pear', 'cardamom', 'lily', 'jasmine', 'narcissus', 'virginia cedar', 'musk', 'olive tree', 'sandalwood']",citrus,"It smells like a Mediterranean garden at dawn — juicy pear and fig mingling with white flowers, backed by the dry, silvery scent of olive branches and cedarwood."
15979,"['anise', 'licorice', 'violet', 'ivy', 'wormwood', 'basil', 'rum', 'tonka bean', 'almond', 'sandalwood', 'vanilla', 'praline', 'vetiver', 'cedar', 'labdanum']",soft spicy,It smells like black jelly beans dipped in dark rum beside a wooden jewelry box filled with sugared almonds and dried violets.
8282,"['lemon', 'pear', 'violet leaf', 'black currant', 'peony', 'jasmine sambac', 'jasmine', 'cedar', 'cashmere wood']",fresh,"It smells like a fruit stand next to a florist shop — tart citrus and soft pears mingling with white flowers, grounded by clean wood shavings."
19310,"['black pepper', 'cardamom', 'caraway', 'rose', 'nutmeg', 'sandalwood']",fresh spicy,"It smells like the spice drawer at your grandmother's house mixed with dried rose petals from an old book, finishing with the scent of wooden prayer beads."
12853,"['lavender', 'apple', 'black pepper', 'coriander', 'tonka bean', 'labdanum']",fresh spicy,"It smells like a tart green apple dusted with cracked pepper, resting on a bed of dried lavender sachets and sticky tree resin."
15966,"['petitgrain', 'neroli', 'chamomile', 'basil']",herbal,"It smells like crushed herbs from a summer garden mixed with orange blossoms, slightly medicinal and green, like a calming tea someone spilled on their wrists."
300,"['black pepper', 'bergamot', 'cardamom', 'labdanum', 'henna', 'metallic notes', 'ozonic notes', 'iris', 'suede', 'animal notes', 'cedar', 'saffron']",metallic,"It smells like a leather jacket left out in cold rain, with hints of spice drawer mustiness and an oddly metallic, almost blood-like edge that's both unsettling and magnetic."
12655,"['grass', 'green notes', 'heather', 'artemisia', 'arnica', 'leather', 'vetiver', 'vanille']",herbal,"It smells like a leather jacket left outside on wet grass overnight, with a faint sweetness clinging to the collar."
14825,"['truffle', 'plum', 'rum', 'ylang-ylang', 'black orchid', 'patchouli']",earthy,"It smells like a dark, boozy fruit compote left in a velvet-lined jewelry box, with an earthy, almost mushroomy undercurrent that feels both indulgent and slightly mysterious."
20487,"['ginger', 'bergamot', 'lemon', 'spices', 'violet leaf', 'white pepper', 'basil', 'tonka bean', 'cedar', 'tahitian vetiver']",warm spicy,"It smells like crushing fresh basil stems in your hands while standing near a spice cabinet, with a hint of pencil-wood and something sweet lingering in the background."
7095,"['green almond', 'juniper', 'mineral notes', 'ambergris', 'oakmoss']",mineral,"It smells like crushed almonds scattered on wet stone after rain, with the sharp bite of gin botanicals and a salty, ocean-air finish."
4520,"['bergamot', 'lemon', 'pink pepper', 'ylang-ylang', 'coconut milk', 'heliotrope', 'musk', 'benzoin', 'cedar']",yellow floral,"It smells like sunscreen mixed with powdery vanilla, with a sharp citrus burst that fades into something creamy and slightly woody."
3016,"['cacao', 'dark chocolate', 'hazelnut', 'hazelnut', 'tonka bean']",cacao,It smells like the inside of a chocolatier's kitchen — roasted hazelnuts mixed with melted dark chocolate and a hint of vanilla extract.
16222,"['fig leaf', 'immortelle', 'sandalwood']",herbal,"It smells like sun-warmed fig tree branches next to a jar of maple syrup, grounded by smooth wood that's been sitting in a dry attic for years."
15056,"['tuberose', 'black fig', 'sandalwood']",tuberose,"It smells like a florist's back room where ripe figs are stored next to creamy white flowers, with wooden crates adding a dusty sweetness."
6281,"['cassis', 'may rose', 'freesia', 'vanilla', 'patchouli', 'woody notes', 'ambroxan']",woody,"It smells like a florist's cooler mixed with blackcurrant jam, then someone opens a sandalwood box nearby."
17143,"['bergamot', 'amalfi lemon', 'mandarin orange', 'incense', 'leather', 'artemisia', 'sandalwood', 'patchouli', 'agarwood (oud)']",smoky,"It smells like a leather jacket hanging in a temple where incense burns over aged wood, with a hint of citrus zest caught in the seams."
1984,"['pear', 'mandarin orange', 'neroli', 'coca-cola', 'rhubarb', 'orange blossom', 'vanilla', 'amber', 'violet']",coca-cola,"It smells like fizzy soda mixed with candied pear and orange blossoms, settling into a powdery sweetness that lingers on your clothes."
18973,"['orange', 'sea notes', 'aldehydes', 'blood mandarin', 'pepper', 'neroli', 'cedar', 'vanilla', 'tonka bean', 'white musk', 'amber', 'vetiver', 'elemi resin']",citrus,"It smells like sun-warmed driftwood and orange peel scattered on a pier, with the faint sweetness of saltwater taffy lingering in the breeze."
18198,"['anise', 'bergamot', 'lemon', 'violet', 'mimosa', 'rose', 'freesia', 'carnation', 'iris', 'almond', 'vanilla', 'white musk', 'sandalwood', 'cedar']",powdery,"It smells like a powdery makeup compact opened near a bowl of sugared almonds, with violet pastilles scattered on a wooden dresser that's been polished with something slightly citrusy."
20764,"['angelica', 'pear', 'pink pepper', 'jasmine', 'caraway', 'vanilla', 'angelica', 'cedar']",musky,"It smells like biting into a soft pear while standing in a spice cabinet, with something faintly soapy and woody lingering in the background."
15984,"['sicilian lemon', 'black currant', 'bergamot', 'spicy notes', 'fruity notes', 'patchouli leaf', 'water jasmine', 'cedar', 'leather', 'sandalwood', 'vanilla', 'white musk', 'moss']",woody,"It smells like a leather jacket left in a garden shed overnight — slightly damp from moss, sweet from berries growing outside, with that woody-vanilla scent old cedar planks get."
19661,"['cherry', 'sour cherry', 'almond', 'rum', 'black pepper', 'bergamot', 'ink', 'red wine', 'myrrh', 'damask rose', 'cinnamon', 'mimosa', 'jasmine', 'lily-of-the-valley', 'tonka bean', 'musk', 'vanilla bean', 'benzoin', 'precious woods', 'amber', 'patchouli', 'agarwood (oud)']",cherry,"It smells like spilled red wine on old wooden church pews, mixed with the sticky-sweet scent of cherry liqueur chocolates and the dusty, resinous smell of antique furniture in your grandmother's parlor."
12228,"['rose', 'pepper', 'iris', 'powdery notes', 'patchouli', 'oakmoss', 'vetiver', 'orris root', 'cashmirwood']",woody,"It smells like the dusty velvet curtains in an old theater mixed with black pepper and damp stone, finishing with a bitter, earthy undertone."
6839,"['mineral notes', 'green pepper', 'artemisia', 'ozonic notes', 'gunpowder', 'oud', 'metallic notes', 'ambergris', 'cashmeran']",mineral,"It smells like wet stones after rain, cut green pepper stems, and the sharp metallic tang of a just-fired gun, settling into something smoky and faintly oceanic."
7441,"['saffron', 'jasmine', 'amberwood', 'ambergris', 'fir resin', 'cedar']",woody,"It smells like a spice drawer left open in a woodshop, where jasmine vines have crept through the window and someone's burning resinous incense in the corner."
5025,"['strawberry', 'raspberry', 'pear', 'orange', 'tangerine', 'calabrian bergamot', 'calone', 'peony', 'jasmine sambac', 'chinese jasmine', 'datura', 'orange blossom', 'indonesian patchouli leaf', 'patchouli', 'white musk', 'vanila', 'ambroxan', 'moss', 'cedar']",fruity,"It smells like a fruit stand next to a flower shop on a humid day, where sweet berries and citrus mix with jasmine blooms and something earthy-sweet like dried leaves in the corner."
10616,"['star anise', 'violet', 'ivy', 'licorice', 'cherry', 'iris', 'orris root', 'amaryllis', 'vanilla', 'praline', 'tonka bean', 'white musk', 'vetiver']",soft spicy,"It smells like black jelly beans mixed with powdered makeup and sugared almonds, grounded by something green and root-like that keeps the sweetness from floating away."
9974,"['cinnamon', 'incense', 'pear', 'agarwood (oud)', 'saffron', 'nutmeg', 'tobacco', 'leather', 'patchouli', 'jasmine', 'vetiver', 'vanilla', 'musk', 'guaiac wood', 'sandalwood', 'ambergris']",tobacco,"It smells like a spice market at closing time — sweet tobacco and worn leather mixed with church incense, while someone nearby is eating a ripe pear."
18670,"['mango', 'chamomile', 'orange blossom', 'coconut', 'ylang ylang', 'amber', 'vanilla', 'siam benzoin', 'iris butter']",tropical,"It smells like a tropical vacation condensed into a bottle — ripe mango smoothie meets suntan lotion, with that sweet heaviness you get from hotel lobby flowers and powdery cosmetics."
21116,"['cinnamon', 'honey', 'osmanthus', 'benzoin', 'ambergris', 'labdanum', 'artemisia', 'tonka bean', 'vanila', 'patchouli', 'musk']",amber,"It smells like a spiced pastry shop at dawn, where apricot-tinged flowers meet sticky honey drizzled over warm resinous wood, leaving a soft, slightly medicinal sweetness on your hands."
11280,"['cherry', 'green apple', 'bergamot', 'almond blossom', 'macadamia', 'mimosa', 'flower petals', 'jasmine', 'freesia', 'chestnut', 'amber', 'sandalowood', 'musk', 'woodsy notes']",nutty,"It smells like a bowl of raw almonds and macadamia nuts left beside a vase of white flowers, with something faintly honeyed and woody drifting through an open window."
4523,"['plum', 'saffron', 'iris', 'orris', 'jasmine sambac', 'bulgarian rose', 'vetiver', 'papyrus', 'liquidambar']",woody,"It smells like a powdery makeup compact opened near a bowl of dark plums, with something resinous and slightly medicinal lingering in the background."
3297,"['rhubarb leaf', 'bergamot', 'green notes', 'orange blossom', 'ylang-ylang', 'pear', 'bourbon vanilla', 'woody notes', 'amberwood', 'sandalwood', 'coumarin']",green,"It smells like biting into a slightly tart pear in a sunny greenhouse, where orange trees bloom nearby and sweet vanilla custard sits cooling on a wooden windowsill."
18369,"['sea water', 'melon', 'green notes', 'jasmine', 'sichuan pepper', 'cedar', 'musk']",marine,"It smells like watermelon rind left on a wooden dock by the ocean, with a hint of jasmine soap and something faintly peppery."
7804,"['watermelon', 'red currant', 'yuzu', 'lilac', 'may rose', 'stephanotis', 'white musk', 'cedar', 'sandalwood']",ozonic,It smells like a bouquet of white flowers left on a wooden table next to a bowl of sliced watermelon and tart berries.
15112,"['almond', 'lemon', 'virginia cedar', 'vanilla', 'musk']",almond,"It smells like marzipan cookies cooling on a wooden cutting board, with a hint of citrus zest and something soft that lingers on your sweater."
3072,"['vanillin', 'cedar', 'coconut', 'co2 extracts', 'vanilla absolute', 'sandalwood', 'ambretone']",coconut,"It smells like a wooden sauna filled with vanilla steam and coconut oil, leaving a soft powdery trail on your skin."
4063,"['ambrette (musk mallow)', 'jasmine', 'virginia cedar']",white floral,"It smells like a stack of cigar boxes left open in a garden where night-blooming flowers have just opened, with an almost powdery sweetness hovering over dry wood."
21250,"['fruity notes', 'orange', 'bergamot', 'malt', 'whiskey', 'patchouli', 'coffee', 'cedar', 'peat', 'vanilla', 'amber', 'musk']",fruity,"It smells like spilling whiskey on a wooden bar counter next to someone drinking sweetened coffee, with a faint orange peel garnish and smoky undertones from a nearby fireplace."
632,"['smoke', 'camphor', 'mimosa', 'anise', 'cedar', 'ambrette (musk mallow)', 'juniper']",anis,"It smells like a campfire at a botanical garden — medicinal eucalyptus smoke mixed with the honeyed sweetness of yellow mimosa flowers, finishing with black licorice and pencil-case wood."
8094,"['cucumber', 'mandarin orange', 'cassia', 'water hyacinth', 'carrot', 'white woods', 'sandalwood']",aquatic,"It smells like sliced cucumber and mandarin at a spa, with a hint of carrot juice and pale wood shavings from a carpenter's bench."
6573,"['ylang-ylang', 'violet', 'cedar', 'cloves']",violet,"It smells like a wooden jewelry box lined with violet-scented fabric, opened to reveal dried clove-studded oranges from last Christmas."
21579,"['iris', 'amber', 'patchouli', 'tonka bean', 'leather', 'sandalwood']",iris,"It smells like an old leather jacket draped over a wooden chair in a dusty library, with something sweet and powdery lingering in the air like vanilla cookies left on a shelf."
10948,"['rose', 'peach', 'musk', 'amber', 'patchouli', 'sandalwood']",musky,"It smells like overripe peaches left in a wooden drawer with dried roses, slightly dusty and sweet with an incense-like finish."
19348,"['ginger', 'bergamot', 'pink pepper', 'green notes', 'cardamom', 'black currant', 'turkish rose', 'vanilla', 'benzoin', 'sandalwood', 'cedar', 'patchouli', 'ambergris', 'musk']",warm spicy,"It smells like a spice market at dawn — gingery and peppery air mixed with rose petals someone crushed in their palm, then sweet resin smoke drifting over polished wood counters."
18175,"['aldehydes', 'ylang-ylang', 'neroli', 'jasmine', 'tincture of rose', 'vanille', 'sandalwood', 'vetyver']",woody,It smells like a bar of fancy hotel soap left on a sun-warmed windowsill next to a vase of wilting white flowers.
19948,"['aldehydes', 'neroli', 'bergamot', 'jasmine', 'rose', 'rosemary', 'iris', 'vanilla', 'amber', 'woody notes']",aldehydic,"It smells like the air inside an expensive department store — soapy and powdery, with a hint of lipstick and the faint sweetness of someone's perfume lingering on silk scarves."
4756,"['coconut milk', 'bergamot', 'tyger lily', 'jasmine', 'freesia', 'mango', 'benzoin']",tropical,"It smells like a tropical hotel lobby at dawn — creamy coconut mixing with bright citrus and white flowers, undercut by soft resin and overripe fruit."
20072,"['sea notes', 'aquozone', 'bergamot', 'green mandarin', 'rosemary', 'lavender', 'cypress', 'mastic or lentisque', 'mineral notes', 'musk', 'patchouli', 'amber']",marine,"It smells like standing on sun-warmed rocks by the Mediterranean, where salt spray mixes with wild herbs growing between stones and the faint sweetness of citrus groves drifting from inland."
12176,"['cucumber', 'lime', 'mint', 'bergamot', 'water notes', 'granny smith apple', 'lotus', 'rosemary', 'driftwood', 'rum', 'sandalwood', 'oak moss']",aquatic,"It smells like a mojito spilled on sun-bleached driftwood at the beach, with a crisp green apple rolling across weathered planks."
5599,"['truffle', 'blackberry', 'grapefruit', 'orchid', 'gardenia', 'lily-of-the-valley', 'mexican chocolate', 'incense', 'amber']",earthy,"It smells like dark chocolate truffles next to a bowl of tart berries, with white flowers blooming nearby and smoky incense drifting through from another room."
17756,"['mint', 'galbanum', 'orange blossom', 'ivy', 'vetiver', 'moss', 'woody notes', 'myrrh', 'patchouli']",green,"It smells like crushing herbs in a shaded garden — cool mint and bitter greenery, then honeyed orange blossoms drifting over damp tree bark and earthy incense."
19936,"['spices', 'rum', 'tobacco', 'leather', 'iris', 'tuberose', 'tonka bean', 'guaiac wood', 'benzoin']",warm spicy,"It smells like the leather interior of an old car that's been sitting in a cigar lounge, mixed with the sweetness of rum-soaked cake and something faintly powdery like makeup compacts."
21463,"['grapefruit', 'coriander', 'basil', 'cardamom', 'ginger', 'orange blossom', 'amber', 'tobacco', 'cedar']",warm spicy,"It smells like a spice cabinet left open near a bowl of citrus zest, with the slightly sweet, resinous scent of an old wooden humidor drifting through."
15720,"['litchi', 'pear', 'bergamot', 'turkish rose', 'agarwood (oud)', 'incense', 'vanilla', 'amber', 'woody notes']",rose,"It smells like a church service in a fruit market — sweet pears and roses meet the dark smoke of burning resin, with vanilla softening the sharp wooden edges."
14189,"['caraway', 'pine tree needles', 'honey', 'beeswax', 'jasmine', 'oakmoss', 'amber', 'vanilla', 'patchouli', 'musk']",honey,"It smells like a jar of honey left open in a pine forest, where sweet beeswax mingles with earthy moss and the faint sweetness of wildflowers blooming nearby."
4255,"['sea salt', 'mineral notes', 'citruses', 'jasmine', 'mastic or lentisque', 'coconut', 'pine tree', 'labdanum']",mineral,"It smells like standing on a rocky Mediterranean beach where pine trees meet the shore, mixing ocean spray with sun-warmed resin and a hint of jasmine drifting from nearby bushes."
12776,"['patchouli', 'pink pepper', 'peach', 'mandarin orange', 'bergamot', 'turkish rose', 'bulgarian rose', 'iris', 'jasmine', 'dried fruits', 'patchouli', 'vanilla', 'spices', 'sandalwood', 'vetiver', 'labdanum', 'lavender', 'amber']",woody,"It smells like a fruit stand next to a spice shop, where ripe peaches meet earthy patchouli and dried apricots, all dusted with pepper and wrapped in something sweet and resinous."
18566,"['mandarin orange', 'nashi pear', 'pink pepper', 'coffee', 'almond', 'orange blossom', 'jasmine', 'amber', 'vanilla', 'patchouli', 'cedar']",coffee,"It smells like a café near a flower market — sweet almond pastries and espresso mingling with white florals, then drying down to woody vanilla warmth."
14170,"['musk', 'flowers', 'cashmeran']",musky,"It smells like standing too close to someone wearing fabric softener while they arrange grocery store bouquet flowers, with a faint woody-plastic undertone like opening a new makeup compact."
9451,"['geranium', 'neroli', 'orange', 'patchouli', 'vanilla', 'sandalwood', 'musk']",patchouli,It smells like orange blossom tea spilled on a wooden table that's been polished with something faintly sweet and earthy.
1968,"['green notes', 'bergamot', 'pink pepper', 'watery notes', 'rain notes', 'turkish rose', 'jasmine', 'pine tree', 'moss', 'patchouli']",aquatic,"It smells like standing in a pine forest during a rainstorm, where wet earth and bark mix with the faint sweetness of crushed rose petals someone dropped on the trail."
9567,"['patchouli', 'pink pepper', 'pineapple', 'hiacynth', 'iris', 'lemon', 'jasmine', 'rose', 'patchouli', 'musk', 'vetiver', 'vanilla']",patchouli,"It smells like a fruit stand next to a flower shop — bright pineapple and lemon cutting through heavy jasmine and rose, all settling onto worn leather boots with a hint of something sweet and powdery."
21313,"['apple', 'lavender', 'bergamot', 'mandarin orange', 'geranium', 'violet', 'jasmine', 'vanilla', 'cardamom', 'sandalwood', 'pepper', 'guaiac wood', 'patchouli']",warm spicy,"It smells like a lavender sachet tucked into a drawer of old wooden furniture, with crushed violets and a hint of citrus peels dried on top."
17332,"['passion flower', 'pink pepper', 'bergamot', 'neroli', 'coffee', 'heliotrope', 'freesia', 'amber', 'musk', 'teak wood']",coffee,"It smells like a florist shop next door to a coffee roaster — bright citrus and peppery flowers hit first, then unexpected roasted beans wrapped in powdery sweetness and polished wood."
5588,"['raspberry', 'granny smith apple', 'lime', 'sweet notes', 'peony', 'magnolia', 'coca-cola']",coca-cola,"It smells like opening a can of Coca-Cola next to a fruit bowl, where tart green apples and raspberries sit beside white flowers blooming on a windowsill."
13539,"['mint', 'amber', 'vetiver', 'pepper', 'spicy notes', 'oakmoss', 'vanilla']",green,It smells like the cool blast of menthol mixed with woodsy dampness and black pepper cracked over something sweet and resinous — slightly medicinal but grounding.
19224,"['raspberry', 'saffron', 'thyme', 'olibanum', 'jasmine', 'leather', 'suede', 'woody notes', 'amber']",leather,"It smells like a worn leather jacket left in a Middle Eastern spice shop, where dried raspberries sit next to incense sticks and someone's crushing herbs nearby."
9742,"['coconut nectar', 'magnolia', 'white musk']",coconut,"It smells like sunscreen mixed with the sweet, almost creamy scent of magnolia flowers, leaving a clean, slightly powdery trail on your skin."
13185,"['lemon', 'sage', 'praline', 'cinnamon', 'tolu balsam', 'black cardamom', 'brazilian rosewood', 'patchouli', 'black amber']",sweet,"It smells like a bakery next to an incense shop — sugary almonds and cinnamon meet woody smoke, with something dark and resinous lingering like old church pews."
15074,"['grapefruit', 'bergamot', 'pink pepper', 'water notes', 'lavender', 'cardamom', 'white musk', 'white woods', 'cashmere wood', 'oakmoss']",citrus,"It smells like standing near a waterfall on a misty morning, where citrus trees grow beside soapy lavender bushes and pale, sun-bleached driftwood."
19690,"['pink pepper', 'elemi', 'bergamot', 'grapefruit', 'cinnamon', 'saffron', 'paprika', 'tobacco', 'leather', 'vetiver']",warm spicy,"It smells like the spice drawer in an old leather workshop — sharp citrus cutting through cinnamon heat, dried tobacco leaves, and something earthy like tree roots after rain."
11494,"['mirabelle', 'oakmoss', 'davana', 'sandalwood', 'musk']",mossy,"It smells like a wooden fruit crate left in an old attic — sweet plum skins meeting dusty beams, with something honeyed and slightly medicinal woven through the dry wood."
2801,"['sea notes', 'aldehydes', 'coriander', 'red pepper', 'juniper', 'iris', 'amyl salicylate', 'rose', 'seaweed', 'ambergris', 'cedar', 'amberwood']",marine,"It smells like standing on a weathered wooden dock at dawn — salty air mixed with crushed flower stems, a hint of gin-soaked juniper berries, and the mineral coolness of wet rocks drying in early light."
7064,"['passionfruit', 'citruses', 'milk']",lactonic,It smells like a tropical smoothie bar at dawn — tart passionfruit blended with orange juice and a splash of cream.
14320,"['lavender', 'freesia', 'grapefruit', 'geranium', 'oak moss', 'amber', 'leather']",lavender,"It smells like a leather jacket worn in a botanical garden after rain, where citrus trees meet purple flowers and mossy stone walls."
18388,"['salt', 'ozonic notes', 'watery notes', 'myrtle', 'bergamot', 'salt', 'sea notes', 'ylang-ylang', 'orange blossom', 'ambergris', 'algae', 'white musk', 'oakmoss', 'patchouli']",marine,"It smells like standing on wet rocks after a storm — briny air mixed with crushed herbs, a hint of tropical flowers drifting from somewhere inland, and that mineral scent of seaweed drying in the sun."
2861,"['coconut', 'fig', 'vanilla flower', 'coconut', 'milk', 'wheat', 'sugar', 'coconut milk', 'fig leaf', 'vanilla']",lactonic,"It smells like a bowl of sweetened cereal with coconut milk poured over it, sitting next to a just-cut fig on a summer morning."
15379,"['violet', 'wild strawberry', 'orange blossom', 'iris', 'vanilla', 'tonka bean', 'sandalwood']",violet,"It smells like powdered makeup compacts mixed with strawberry jam, finishing with the creamy sweetness of vanilla extract warmed on your skin."
554,"['passionfruit', 'peach', 'pear', 'raspberry', 'cassis', 'sand', 'lily-of-the-valley', 'musk', 'sandalwood', 'vanilla', 'patchouli', 'heliotrope']",fruity,"It smells like a fruit salad left on a wooden picnic table at the beach, where the sweetness mingles with sunscreen and warm sand."
14684,"['melon', 'watermelon', 'green apple', 'lemon', 'lime', 'lily-of-the-valley', 'patchouli', 'musk', 'sandalwood']",ozonic,"It smells like a fruit stand in summer rain — watermelon rinds and green apple skins getting soaked, then drying on sun-warmed wood."
6569,"['nectarine', 'pear', 'pink pepper', 'bergamot', 'taif rose', 'peach', 'violet', 'jasmine', 'musk', 'virginia cedar']",fruity,"It smells like a fruit stand in late summer — soft peaches and nectarines mingling with rose petals, then drying down to something powdery and slightly woody."
10679,"['ozonic notes', 'ice', 'juniper berry', 'pink pepper', 'saffron', 'labdanum', 'suede', 'moss', 'musk', 'sandalwood']",ozonic,"It smells like cold air hitting soft leather in a winter pine forest, with a sharp peppery bite and something resinous clinging to tree bark."
20238,"['cardamom', 'leather', 'jasmine sambac', 'amber', 'moss', 'patchouli']",leather,"It smells like a worn leather jacket left overnight in a spice market, where jasmine vines climb the walls and the air feels thick and earthy."
18542,"['solar notes', 'lavender', 'litsea cubeba', 'coconut milk', 'water lily', 'benzoin', 'musk', 'amber', 'cedar']",coconut,"It smells like sunscreen mixed with clean laundry detergent, then someone adds warm coconut cream and a hint of pencil—wait, no—woody incense sticks left on a bathroom counter."
8259,"['passionfruit', 'strelitzia', 'pink grapefruit', 'tiare flower', 'hibiscus', 'cyclamen', 'orange blossom', 'coconut', 'vanilla', 'musk', 'white amber', 'white woods']",tropical,"It smells like a tropical vacation — sunscreen mixing with fruit smoothies on a humid balcony, where flowering vines climb white-painted railings."
16100,"['coca-cola', 'rum', 'lime', 'black pepper', 'birch', 'davana', 'vanilla', 'white musk', 'amber']",coca-cola,"It smells like spilled rum and cola on a wooden bar top, with a squeeze of lime and a hint of something sweet and slightly smoky lingering in the air."
18377,"['star anise', 'rose', 'ginger', 'african orange flower', 'vanilla', 'amber']",anis,"It smells like a spice cabinet left open in a florist's shop — licorice-sweet at first, then unexpectedly soft and powdery, with something creamy rounding out the sharper edges."
17514,"['jasmine', 'caramel', 'salt', 'vanilla']",caramel,It smells like salted caramel dessert with white flowers blooming nearby — sweet and creamy with an unexpected floral twist.
9905,"['citruses', 'litchi', 'ivy', 'black currant', 'water lily', 'peony', 'rose', 'jasmine', 'raspberry', 'apricot', 'musk', 'sandalwood', 'amber']",fresh,"It smells like a fruit stand next to a flower shop on a humid day — sweet lychee and berries mixing with soapy florals and a powdery, slightly woody finish."
8293,"['cassia', 'lemon verbena', 'star anise', 'rose', 'peony', 'magnolia', 'taif rose', 'musk', 'vanilla', 'patchouli']",rose,"It smells like a floral tea shop where dried rose petals mix with licorice sticks and vanilla sugar, finishing with the earthy scent of old wooden shelves."
2016,"['cucumber', 'grapefruit', 'magnolia', 'green apple', 'lily-of-the-valley', 'tuberose', 'violet', 'rose', 'woodsy notes', 'sandalwood', 'amber']",green,"It smells like a wet garden hose spraying over white flowers in summer, with something smooth and slightly sweet lingering on your hands afterward."
17672,"['cacao', 'milk', 'liquor', 'cacao', 'jasmine', 'lily-of-the-valley', 'coumarin', 'musk', 'cedar']",cacao,"It smells like a chocolate bar left open near a bouquet of white flowers, with the faint scent of wooden cigar boxes in the background."
13768,"['lavender', 'clementine', 'cucumber', 'cardamom', 'pepper', 'basil', 'osmanthus', 'tobacco', 'amber', 'patchouli', 'woodsy notes', 'musk']",tobacco,"It smells like a spice market at dawn — herbaceous basil and cardamom cut through dewy cucumber, while dried tobacco leaves and earthy patchouli linger in the background like old wooden crates."
13126,"['mango', 'papaya', 'pineapple', 'lemon', 'peach', 'coconut', 'hibiscus', 'sandalwood']",tropical,It smells like a tropical smoothie stand near the beach — overripe fruit pulp blended with sunscreen and wooden furniture that's been baking in the sun.
18860,"['pepper', 'anise', 'bergamot', 'fruity notes', 'lavender', 'french labdanum', 'vanille', 'patchouli', 'vetyver']",fresh spicy,"It smells like a spice cabinet left open next to a herb garden, where black pepper mingles with licorice and something sweetly resinous, grounded by earthy, slightly smoky undertones."
16464,"['mandarin orange', 'orange', 'petitgrain', 'seaweed', 'lavender', 'cotton flower', 'virginia cedar', 'woodsy notes', 'patchouli', 'clary sage', 'amber']",citrus,It smells like sun-dried laundry hanging near the ocean — citrus and lavender mixing with salty air and weathered driftwood.
12048,"['musk', 'lily', 'ylang-ylang', 'galbanum', 'basil', 'musk', 'lily', 'jasmine', 'rose', 'musk', 'iris', 'jasmine', 'oakmoss', 'amber', 'vanilla', 'rose', 'vetiver', 'patchouli', 'peach']",musky,"It smells like a florist's back room where white flowers sit next to overripe peaches, with the earthy scent of potting soil and sweet vanilla syrup spilled on wooden shelves."
1749,"['sea notes', 'pepper', 'water lily', 'ylang-ylang', 'sandalwood', 'vanilla']",marine,It smells like standing on a wooden dock after rain — slightly salty air mixed with wet flowers and a hint of something sweet drifting from shore.
7985,"['pear', 'cardamom', 'pineapple', 'iris', 'lavender', 'geranium', 'leather', 'black vanilla husk', 'patchouli']",iris,"It smells like a leather jacket that's been hanging in a closet with dried flowers and overripe fruit, with something powdery and slightly smoky clinging to the fabric."
19217,"['cherry', 'pepper', 'incense', 'agarwood (oud)', 'patchouli', 'moss', 'benzoin']",cherry,"It smells like a church altar after service — sweet resinous smoke mixing with black pepper heat, dark fruit stains on wood, and the mustiness of old velvet cushions."
8756,"['milk', 'coconut', 'caramel']",lactonic,"It smells like the inside of a Thai dessert shop — sweet coconut cream drizzled with burnt sugar, milky and thick."
20701,"['rosemary', 'mandarin orange', 'bergamot', 'agarwood (oud)', 'vetiver', 'amber', 'musk']",oud,"It smells like a Mediterranean herb garden next to a smoky incense shop, where citrus peels have been left to dry on weathered wooden shelves."
20769,"['orange', 'grapefruit', 'flint', 'woodsy notes', 'oak moss', 'benzoin']",citrus,"It smells like striking a match near a grapefruit tree, where citrus peel oils mix with gunpowder smoke and tree bark."
6409,"['musk', 'hawthorn', 'jasmine', 'water notes', 'violet', 'violet leaf', 'woodsy notes', 'vetyver', 'sandalwood', 'amber']",aquatic,"It smells like wet leaves after rain mixed with white flowers from a garden hedge, drying down to powdery wood and soft skin warmth."
12325,"['chocolate', 'plum', 'bergamot', 'iris', 'ambrette (musk mallow)', 'osmanthus', 'jasmine', 'rose', 'oakmoss', 'vanilla', 'amber', 'musk', 'leather', 'patchouli']",chocolate,"It smells like a dark chocolate truffle dusted with powdery makeup compact, sitting next to overripe fruit in an old leather handbag that's been stored in someone's closet for years."
9963,"['litchi', 'freesia', 'magnolia', 'pepper', 'ginger', 'mandarin orange', 'jasmine', 'jasmine', 'musk', 'amber']",floral,It smells like a fruit stand next to a flower shop — sweet lychee mixed with white florals and a subtle spicy kick that fades into something soft and skin-close.
11233,"['pink pepper', 'peony', 'litchi', 'petalia', 'musk', 'white cedar extract', 'amber']",fresh,"It smells like a department store cosmetics counter — powdery florals mixed with something slightly fizzy and sweet, like lychee juice spilled on wooden shelves."
6007,"['water notes', 'citruses', 'ginger', 'coriander', 'virginia cedar', 'musk']",fresh,It smells like standing near a waterfall on a humid day — sharp citrus spray mixed with wet wood and something faintly spicy drifting through the mist.
4048,"['cardamom', 'italian lemon', 'pink pepper', 'yogurt', 'water lily', 'rose', 'bourbon vanilla', 'cedar', 'vetiver']",lactonic,"It smells like a creamy dessert left on a wooden table near someone's spicy tea, with crushed peppercorns and something faintly soapy lingering in the air."
6826,"['peach', 'litchi', 'mandarin orange', 'bergamot', 'lily', 'plum', 'jasmine', 'lily-of-the-valley', 'vanilla', 'amber', 'musk', 'vetiver']",fruity,"It smells like biting into a juicy peach while standing in a garden full of white flowers, with a soft powdery sweetness that lingers on your clothes."
19507,"['mandarin orange', 'clary sage', 'caramel', 'tonka bean', 'vetiver']",caramel,"It smells like burnt sugar mixed with dirt and pencil shavings — oddly comforting, like a bakery next to a hardware store."
5060,"['pomelo', 'bergamot', 'grapefruit', 'apricot', 'praline', 'nutmeg', 'jasmine', 'peony', 'milk', 'vanilla', 'sandalwood', 'amber', 'white musk']",lactonic,"It smells like a creamy apricot dessert dusted with nutmeg, sitting next to white flowers on a sandalwood table — sweet and slightly powdery, with citrus brightness fading into milky softness."
6829,"['cucumber', 'citruses', 'green tea', 'watermelon', 'french violet', 'ambrette (musk mallow)', 'amber']",ozonic,"It smells like a crisp salad bar next to a fruit stand on a sunny morning, with a hint of powdery violet petals scattered on top."
1922,"['cacao', 'olibanum', 'bergamot', 'nutmeg', 'jasmine', 'anise', 'benzoin', 'madagascar pepper', 'labdanum', 'tobacco', 'cedar', 'haitian vetiver']",cacao,"It smells like a tobacco shop next to a spice market — dark chocolate dusted with black pepper, sweet licorice mixing with church incense, and woody shelves holding dried jasmine bundles."
17122,"['pink pepper', 'bergamot', 'jasmine', 'leather', 'oak moss', 'patchouli']",leather,"It smells like a leather jacket draped over a chair in a botanical conservatory — spicy, slightly floral, with the earthy scent of moss creeping underneath."
21094,"['amaretto', 'amber', 'hibiscus', 'bulgarian rose', 'vanilla', 'amber', 'white pepper', 'white flowers', 'cherry', 'almond', 'tonka bean', 'styrax', 'cedar']",almond,"It smells like maraschino cherries mixed with almond extract, rose petals steeped in warm honey, and a hint of spicy pepper lingering in the background."
8348,"['pepper', 'orange pepper', 'pimento', 'apricot', 'coriander', 'fresh almond', 'brazilian rosewood', 'violet', 'japanese osmanthus', 'rose', 'jasmine', 'vanilla', 'amber', 'patchouli', 'cedar']",violet,"It smells like apricot jam scattered with crushed peppercorns, alongside a bouquet of white flowers left on a wooden table dusted with almond flour."
19333,"['orange', 'grapefruit', 'pepper', 'pelargonium', 'flint', 'vetiver', 'cedar', 'patchouli', 'benzoin']",citrus,"It smells like crushing citrus peel against weathered stone, with a mineral sharpness that fades into smoky wood and earthy roots."
16834,"['honey', 'agarwood (oud)', 'nutmeg', 'juniper', 'strawberry leaf', 'leather', 'amber', 'cedar']",honey,"It smells like a worn leather jacket hung in a woodshed, sweetened by dripping honey and cut with sharp, piney gin botanicals."
13349,"['dandelion', 'basil', 'black currant', 'cyclamen', 'jasmine', 'musk', 'guaiac wood', 'amber']",yellow floral,"It smells like crushing green stems in a garden at dusk, where wild jasmine blooms next to woodsmoke and something faintly animalic lingers in the air."
5014,"['caramel', 'powdery notes', 'musk', 'benzoin', 'vanilla']",caramel,"It smells like the skin of someone who just baked cookies, with a slightly dusty sweetness that clings to fabric."
1670,"['cherry', 'watermelon', 'bergamot', 'violet', 'sandalwood', 'rose', 'violet leaf', 'amber', 'musk', 'virginia cedar']",cherry,"It smells like a fruit stand next to a flower shop — sweet cherry and watery melon mixing with powdery violets, all settling into the clean woodiness of a cedar closet."
10749,"['aldehydes', 'bergamot', 'heliotrope', 'jasmine', 'white musk', 'cashmeran']",aldehydic,"It smells like standing near someone who just ironed their clothes with lavender water, mixed with the powdery sweetness of old-fashioned face powder and a hint of clean laundry dried indoors."
13729,"['star anise', 'bergamot', 'brazilian rosewood', 'caraway', 'fennel', 'iris', 'jasmine', 'vanilla', 'musk', 'amber']",anis,"It smells like the inside of an old spice cabinet mixed with powdery lipstick and sweet cookies, unexpectedly softened by something that reminds you of your grandmother's dresser drawer."
9261,"['grapefruit', 'bergamot', 'sicilian mandarin', 'juniper', 'pepper', 'rosemary', 'brazilian rosewood', 'musk', 'incense', 'oakmoss']",citrus,"It smells like a gin and tonic spilled on a wooden church pew, with rosemary from the garden crushed underfoot and pepper still on your fingers."
5775,"['violet leaf', 'blood grapefruit', 'strawberry', 'violet', 'gardenia', 'jasmine', 'musk', 'white woods', 'vanilla']",white floral,"It smells like a florist's refrigerator where bunches of violets and gardenias sit next to half-eaten strawberries, with a faint powdery sweetness lingering in the cold air."
9582,"['litchi', 'mandarin orange', 'lily-of-the-valley', 'bergamot', 'tuberose', 'caramel', 'vanila', 'amber', 'sandalwood']",caramel,"It smells like a department store makeup counter — sweet tropical fruit mixed with white flowers, settling into the vanilla-caramel scent of expensive body lotion."
4102,"['blood mandarin', 'grapefruit', 'mint', 'cinnamon', 'spicy notes', 'rose', 'amber', 'leather', 'woody notes', 'indian patchouli']",warm spicy,"It smells like a spice rack knocked over onto a leather jacket someone left in a citrus grove, with roses wilting nearby and something earthy clinging to the collar."
17496,"['bergamot', 'mandarin orange', 'tiare flower', 'myrhh', 'jasmine', 'african orange flower', 'magnolia', 'coconut', 'caramel', 'sandalwood', 'amber', 'vetiver']",coconut,"It smells like a beachside dessert shop where vanilla-soaked flowers meet salted caramel, with incense burning somewhere in the back room."
11790,"['west indian bay', 'pink pepper', 'bergamot', 'heliotrope', 'almond', 'jasmine', 'vanilla', 'tonka bean', 'sandalwood', 'patchouli']",vanilla,"It smells like marzipan cookies cooling next to a jasmine plant, with a hint of spiced wood and something faintly powdery in the background."
15960,"['red berries', 'violet', 'iris', 'african orange flower', 'tonka bean', 'sandalwood', 'woodsy notes']",violet,"It smells like violet pastilles crushed into powdery sandalwood, with a berry-stained sweetness that fades into something woody and slightly bitter."
20761,"['cinnamon', 'tangerine', 'plum', 'mimosa', 'amber', 'patchouli']",cinnamon,"It smells like spiced plum compote cooling on a kitchen counter next to a bowl of tangerines, with something slightly dusty and golden lingering in the background."
6352,"['citruses', 'bergamot', 'juniper', 'anise', 'brazilian rosewood', 'basil', 'lavender', 'rose', 'carnation', 'jasmine', 'heliotrope', 'geranium', 'sage', 'fir', 'lily-of-the-valley', 'vanilla', 'tonka bean', 'sandalwood', 'iris', 'musk', 'amber', 'cedar', 'patchouli', 'vetiver']",aromatic,"It smells like a barbershop cabinet left open in a botanical garden — soapy lavender and herbs mixing with powdery iris, sweet vanilla cream, and woody shelves that have absorbed decades of cologne."
17973,"['bergamot', 'mandarin orange', 'rose', 'patchouli', 'amber', 'vanilla']",patchouli,"It smells like a rose garden at dusk, where citrus peels have been scattered on dark earth, sweetened by the lingering warmth of incense from a nearby temple."
17768,"['iris', 'coriander', 'carnation', 'amber', 'iris', 'neroli', 'rose', 'cedar', 'almond tree', 'honey', 'vanilla']",iris,"It smells like powdery makeup compacts mixed with spiced honey and bitter orange blossoms, grounded by sawdust and something faintly nutty."
17476,"['amalfi lemon', 'bergamot', 'neroli', 'magnolia', 'jasmine', 'iris', 'musk']",citrus,"It smells like standing in a sunlit Italian garden where citrus trees bloom alongside white flowers, leaving a soft, powdery trace on your clothes."
12410,"['almond', 'brazilian rosewood', 'rose', 'geranium', 'plum', 'virginia cedar', 'celery', 'heliotrope', 'tonka bean', 'musk']",almond,"It smells like a vintage makeup compact discovered in your grandmother's vanity, dusted with powdered sugar and nestled in an old wooden cigar box."
12160,"['sea notes', 'red fruits', 'bergamot', 'violet', 'white woods', 'sandalwood', 'musk', 'ambroxan', 'vetiver']",marine,"It smells like standing on a sailboat at dawn — salt air mixing with berry jam on toast, trailing into clean laundry hung near driftwood."
16820,"['plum', 'pink pepper', 'bergamot', 'musk', 'rose', 'tuberose', 'vanilla']",musky,"It smells like overripe plums sitting next to a bouquet of white flowers someone left on a vanilla-scented countertop, with a peppery bite that tingles your nose."
10315,"['lavender', 'pineapple', 'bergamot', 'lemon verbena', 'red apple', 'dried fruits', 'oak moss', 'geranium', 'coumarin', 'rose', 'tonka bean', 'sandalwood']",fruity,"It smells like a fruit bowl left on a wooden table in a herb garden, where tart apples and sweet dried apricots mix with soapy florals and the dusty-green scent of old wood."
13208,"['violet', 'pink pepper', 'caraway', 'bergamot', 'verbena', 'tuscan iris', 'bulgarian rose', 'black pepper', 'nutmeg', 'geranium', 'clary sage', 'indonesian patchouli leaf', 'amber', 'vanilla', 'civet', 'leather', 'opoponax', 'benzoin', 'vetiver', 'styrax']",amber,"It smells like a leather jacket worn in a spice market — peppery and slightly powdery from crushed flowers, with sweet resin stuck to the seams and earthy roots clinging to the hem."
11885,"['bergamot', 'pink pepper', 'black pepper', 'rose', 'water jasmine', 'green tea', 'oakmoss', 'patchouli', 'musk']",mossy,"It smells like a botanical garden at dawn — dewy petals and crushed leaves underfoot, with a sharp bite of cracked peppercorns lingering in the cool morning air."
11306,"['sichuan pepper', 'oakmoss', 'violet leaves']",mossy,"It smells like a humid greenhouse after rain — crushed green stems tingling with a sharp, numbing spice, trailing into something cool and slightly earthy."
7569,"['violet', 'black currant', 'bergamot', 'lemon', 'violet', 'green apple', 'rose', 'peach', 'jasmine', 'violet leaf', 'iris', 'white musk']",violet,It smells like the stem of a violet flower crushed between your fingers — green and slightly bitter — mixed with juicy fruit and a powdery floral softness that lingers.
4985,"['peach', 'californian gardenia', 'african freesia petals', 'coriander', 'damask rose', 'jasmine', 'patchouli', 'natural vanilla', 'vetiver']",white floral,"It smells like a ripe peach sitting on a florist's counter, surrounded by white flowers and old wooden shelves with a hint of sweet powder."
17198,"['rose', 'saffron', 'patchouli', 'cedar', 'tobacco', 'musk', 'vanilla']",tobacco,"It smells like a spice market at dusk — dried roses hanging near leather-bound books, with sweet pipe smoke drifting through wooden stalls."
1647,"['cotton candy', 'coconut', 'cassis', 'melon', 'jasmine', 'bergamot', 'pineapple', 'mandarin orange', 'honey', 'red berries', 'blackberry', 'plum', 'apricot', 'peach', 'jasmine', 'nutmeg', 'orchid', 'caraway', 'rose', 'lily-of-the-valley', 'patchouli', 'chocolate', 'caramel', 'vanilla', 'tonka bean', 'amber', 'musk', 'sandalwood']",sweet,"It smells like a fruit stand next to a bakery — sweet tropical juice mixed with caramel drizzle, then someone walks by wearing powdery floral perfume and cocoa butter lotion."
11223,"['brazilian rosewood', 'aldehydes', 'mandarin orange', 'bergamot', 'peony', 'lily', 'ylang-ylang', 'wallflower', 'jasmine', 'rose', 'amber', 'sandalwood', 'benzoin', 'oakmoss', 'vanilla', 'patchouli', 'musk']",woody,"It smells like standing in a florist's shop at dusk, where white flowers mix with woody furniture polish and something sweet dissolving on your tongue."
12784,"['nutmeg flower', 'lavender', 'cedar', 'mandarin orange', 'chamomile', 'hawthorn', 'bergamot', 'lemon', 'violet leaf', 'nutmeg', 'cedar', 'sandalwood', 'carnation', 'honeysuckle', 'jasmine', 'lily-of-the-valley', 'leather', 'vetiver', 'musk', 'amber', 'patchouli', 'tonka bean']",leather,"It smells like a barbershop after hours — talcum powder settles on leather chairs, citrus cleaning solution mingles with sawdust, and someone's spicy cologne lingers in the air."
13066,"['pistachio', 'pear', 'mandarin orange', 'almond', 'orange blossom', 'magnolia', 'almond milk', 'tonka bean', 'cashmeran', 'patchouli']",almond,"It smells like a pastry shop at dawn — nutty marzipan meets ripe pear slices, with white flowers blooming through the sweetness and a soft, powdery blanket underneath."
1335,"['aluminum', 'aldehydes', 'slate', 'pebbles', 'water notes', 'metallic notes', 'virginia cedar']",metallic,"It smells like rain hitting a gravel path near a cedar fence — clean, slightly soapy, with that sharp mineral scent of wet stone and metal."
12961,"['galbanum', 'red thyme', 'bergamot', 'agarwood (oud)', 'spices', 'geranium', 'leather', 'patchouli', 'papyrus']",oud,"It smells like an old leather satchel opened in a dusty library, revealing dried herbs bundled with twine and a stick of incense that hasn't been lit yet."
12615,"['aldehydes', 'galbanum', 'ginger', 'chamomile', 'lavender', 'jasmine', 'rose', 'moss', 'patchouli', 'sandalwood']",herbal,It smells like the soapy-clean sheets at your grandmother's house mixed with the slightly bitter green stems you break when picking flowers from her garden.
3251,"['orange oil', 'ginger', 'watery notes', 'tea', 'musk', 'cedar', 'amber', 'patchouli']",aquatic,"It smells like iced ginger tea spilled on a wooden deck — bright citrus cut with spice, then settling into something earthy and slightly soapy."
17424,"['grass', 'violet leaf', 'citruses', 'nutmeg', 'vetiver', 'saffron', 'jasmine', 'animal notes', 'vanilla', 'sandalwood']",animalic,"It smells like crushed green stems and spices scattered across a wooden table that's been sitting in the sun, with something faintly sweet and animalic lurking in the background."
18174,"['quince', 'grapefruit', 'rose', 'jasmine', 'white musk']",rose,"It smells like a fruit stand next to a flower shop — tart grapefruit and fuzzy quince meeting soapy florals, all sitting on clean laundry."
4982,"['chamomile', 'bitter almond', 'musk', 'indian jasmine', 'jasmine', 'sandalwood', 'cedar', 'vanilla']",herbal,"It smells like a cup of herbal tea sitting on a wooden table next to someone wearing sweet, powdery perfume."
12499,"['rhubarb', 'narcissus', 'almond milk', 'cashmeran', 'cedar']",green,"It smells like tart rhubarb pie cooling on a windowsill next to a vase of white flowers, with a creamy, nutty sweetness and smooth wood underneath."
21031,"['raspberry', 'saffron', 'thyme', 'olibanum', 'jasmine', 'artemisia', 'leather', 'suede', 'woody notes', 'amber']",leather,"It smells like a leather jacket draped over church pews, with crushed raspberries staining the sleeves and dried herbs tucked in the pockets."
12903,"['freesia', 'pepper', 'apple', 'heliotrope', 'violet', 'jasmine', 'hibiscus', 'rose', 'suede', 'sandalwood', 'cedar', 'incense', 'labdanum']",floral,"It smells like a florist's workbench covered in soft leather gloves, with apple slices drying nearby and incense smoke drifting through from the back room."
10465,"['blood orange', 'calabrian bergamot', 'dark chocolate', 'coffee', 'madagascar vanilla', 'pancake', 'maple sap']",chocolate,"It smells like Saturday morning at a diner — bitter espresso and chocolate chip pancakes drowned in real maple syrup, with a sharp citrus wedge on the side of your plate."
19842,"['blood orange', 'bergamot', 'lavender', 'cinnamon', 'licorice', 'jasmine', 'caramel', 'vanille', 'musk']",citrus,"It smells like a spiced orange pastry cooling on a counter, with sweet anise and cream filling, alongside a faint hint of lavender from the windowsill nearby."
10230,"['green notes', 'pink grapefruit', 'iris', 'bulgarian rose', 'heliotrope', 'woodsy notes']",powdery,"It smells like a dewy garden at dawn — bitter grapefruit rind mixed with powdery violet petals, then soft rose and almond-scented heliotrope settling into quiet tree bark."
2770,"['cyclamen', 'ginger', 'coconut', 'tiare flower', 'jasmine', 'musk']",coconut,"It smells like a tropical hotel lobby at night — white flowers blooming near the entrance, someone's sunscreen-scented towel draped over a chair, and the faint spice from the bar's ginger cocktails drifting through."
1198,"['cucumber', 'juniper berries', 'lime', 'rose', 'musk', 'sandalwood']",ozonic,"It smells like a gin and tonic left on a wooden table next to a vase of roses, with something clean and soapy lingering in the background."
19505,"['saffron', 'nutmeg', 'lavender', 'agarwood (oud)', 'patchouli', 'musk']",warm spicy,"It smells like an old wooden spice chest left open in a barbershop, where the hair tonic has seeped into the floorboards."
12188,"['watermelon', 'grapefruit', 'lemon verbena', 'basil', 'lavender', 'violet leaf', 'black currant', 'patchouli', 'woodsy notes']",ozonic,"It smells like a farmers market in summer — ripe watermelon sliced open next to bundles of purple basil, with crushed violet leaves and a hint of tree bark from wooden crates."
10619,"['pink pepper', 'rose', 'musk', 'peony', 'patchouli', 'violet', 'amber']",rose,It smells like a florist's bouquet left overnight in a vintage wooden drawer — peppery petals mixed with old velvet fabric and dusty powder compacts.
856,"['peach', 'black currant', 'mandarin orange', 'bergamot', 'dark chocolate', 'rose', 'violet', 'vanilla', 'white musk', 'cedar']",chocolate,"It smells like a fruity drink with dark chocolate shavings next to a bouquet of flowers, finishing with the soft scent of clean laundry and wooden drawers."
19849,"['black currant', 'star anise', 'pepper', 'galanga', 'bourbon vanilla', 'tolu balsam', 'atlas cedar']",soft spicy,"It smells like dark berry syrup spilled on a spice cabinet shelf, with the sweet-sharp bite of licorice root and a base of pencil wood and resinous tree bark."
10450,"['licorice', 'star anise', 'mint', 'sicilian lemon', 'cumin', 'lavender', 'coriander', 'ylang-ylang', 'magnolia', 'geranium', 'tobacco', 'hay', 'patchouli', 'cedar', 'civet', 'liatris']",soft spicy,"It smells like a spice cabinet left open in a barn — dusty hay mixed with sweet anise and medicinal herbs, then something faintly floral and unwashed underneath."
5577,"['violet leaf', 'lime', 'bergamot', 'geranium', 'lavender', 'artemisia', 'driftwood', 'labdanum', 'patchouli']",ozonic,"It smells like crushed green stems and citrus peel drying on sun-bleached wood at the beach, with a faint trace of herbal soap and earthy moss."
21513,"['lavender', 'iris', 'ambrette (musk mallow)', 'pear', 'virginia cedar', 'vetiver']",iris,"It smells like a linen closet next to an orchard — clean fabric stacked near ripe pears, with woody undertones and a powdery softness that lingers."
15651,"['litchi', 'bergamot', 'tarragon', 'lemon', 'damask rose', 'magnolia', 'cedar', 'apple', 'black currant', 'peach', 'white musk', 'amber', 'woody notes']",rose,"It smells like a fruit stand next to a flower shop on a sunny morning — sweet lychee and peach mingling with crisp bergamot, then settling into soft rose petals and smooth wood."
9061,"['licorice', 'dewberry', 'chili pepper', 'champaca', 'red rose', 'lotus', 'vanilla', 'leather', 'amber']",soft spicy,"It smells like spiced berry compote cooling on leather upholstery, with creamy florals and a hint of that sweet, smoky scent from an Indian incense shop."
5126,"['indian white pepper', 'bergamot', 'milk', 'gardenia', 'rose', 'musk', 'iris', 'white sandalwood']",lactonic,"It smells like a florist's workbench covered in white flowers and spilled cream, with a faint wooden drawer left open nearby."
21704,"['star anise', 'bergamot', 'agarwood (oud)', 'vetiver', 'myrhh', 'iris']",anis,"It smells like a dusty incense shop next to a root cellar — sweet licorice mixed with bitter citrus peel, smoky wood, and powdery violet makeup compacts."
13537,"['bergamot', 'mandarin orange', 'lavender', 'geranium', 'rose', 'patchouli', 'cedar', 'oakmoss', 'amber', 'labdanum', 'musk']",patchouli,"It smells like a barbershop after hours — lavender soap drying on the counter, wooden shelves, and the faint sweetness of shaving cream mixed with old leather chairs."
6871,"['raspberry', 'litchi', 'damask rose', 'akigalawood', 'benzoin']",fruity,"It smells like a fruit stand near a flower market — sweet berries mixed with a waxy, almost resinous sweetness that lingers on your hands."
19738,"['lemon', 'cinnamon', 'honey', 'caramel', 'vanilla', 'patchouli']",honey,"It smells like a spiced honey cake left on a wooden counter, sweetened with burnt sugar and a hint of earthy depth from old wood."
9740,"['cassis', 'bergamot', 'mandarin orange', 'jasmine sambac', 'rose', 'orange blossom', 'milk', 'rice', 'vanilla', 'tonka bean']",lactonic,"It smells like jasmine tea sweetened with condensed milk, with a hint of orange rind floating in the cup."
5254,"['aldehydes', 'lily-of-the-valley', 'pear', 'rose', 'iris', 'orange blossom', 'white musk', 'ambrette (musk mallow)', 'indonesian patchouli leaf']",musky,"It smells like pressing your face into a bouquet of white flowers someone left on a countertop next to a bowl of ripe pears, with something powdery and slightly earthy clinging to the stems."
18867,"['bergamot', 'juniper', 'coriander', 'iris', 'cardamom', 'pepper', 'amber', 'cedar', 'vetiver']",iris,"It smells like gin spilled on a wooden desk in a library — sharp citrus and herbs giving way to dusty paper, pencil wood, and something quietly spicy lingering in the air."
9374,"['melon', 'mint', 'violet', 'watery notes', 'lily-of-the-valley', 'musk', 'cedar', 'amber']",aquatic,"It smells like a wet garden hose on a hot day, with crushed mint leaves and something faintly powdery like old-fashioned talcum powder."
18627,"['cypress', 'elemi resin', 'bergamot', 'haitian vetiver', 'vetiver', 'incense', 'orris', 'benzoin', 'sandalwood', 'patchouli']",woody,"It smells like an old church pew mixed with crushed pine needles and dusty root vegetables, slightly smoky and cooling at the same time."
4755,"['pear', 'violet leaf', 'water notes', 'lemon', 'basil', 'peony', 'jasmine sambac', 'white musk', 'sandalwood']",aquatic,"It smells like standing near a florist's display on a rainy morning — wet pavement mixing with jasmine bouquets, herb stems being trimmed, and just-sliced pear from the fruit stand next door."
7724,"['black currant', 'blackberry', 'blueberry', 'mulberry', 'big strawberry', 'pepper', 'peony', 'rose', 'ylang-ylang', 'musk', 'woody notes', 'bourbon vanilla']",fruity,"It smells like crushing berries in your hands at a farmer's market, with floral soap bubbles drifting nearby and a hint of spiced wood underneath."
2216,"['bulgarian rose', 'hawthorn', 'black currant', 'mandarin orange', 'parma violet', 'rose', 'opoponax', 'jasmine', 'vanilla', 'white musk', 'incense']",powdery,"It smells like a grandmother's ornate powder compact opened in a flower shop, where roses meet violet candies and something faintly resinous like church incense lingers in the background."
10926,"['plum', 'geranium', 'bergamot', 'patchouli', 'rose', 'benzoin', 'amber', 'sandalwood', 'musk']",patchouli,"It smells like crushed purple fruit mixed with dusty pink flowers and old wooden furniture, leaving a sticky-sweet resinous trail on your clothes."
2619,"['peach', 'wormwood', 'freesia', 'rose', 'sandalwood', 'iris', 'musk', 'cashmere wood', 'vanille', 'amber']",powdery,"It smells like a just-picked peach sitting on a grandmother's dresser, where old face powder has settled into the wood grain and a hint of bitterness lingers in the air."
14095,"['water notes', 'citruses', 'cucumber', 'watermelon', 'water lily', 'musk', 'moss']",aquatic,"It smells like standing near a garden hose on a hot day, with wet stone and something green and slightly sweet in the air."
9901,"['aldehydes', 'ylang-ylang', 'neroli', 'lemon', 'bergamot', 'rose', 'iris', 'jasmine', 'orris root', 'lily-of-the-valley', 'civet', 'amber', 'sandalwood', 'musk', 'vanilla', 'oakmoss', 'patchouli', 'vetiver']",aldehydic,"It smells like expensive bar soap from your grandmother's guest bathroom — powdery and slightly waxy, with hints of old lipstick and the mustiness of vintage silk scarves stored in wooden drawers."
5072,"['ylang-ylang', 'lotus petals', 'iris', 'osmanthus', 'jasmine sambac', 'violet leaf', 'musk', 'white suede', 'amber', 'cedar']",musky,"It smells like a florist's cooler at dawn — dewy petals with a soft, powdery undertone and the faint scent of clean suede gloves left on a wooden table."
20846,"['blackberry', 'olibanum', 'orange', 'labdanum', 'coriander', 'tarragon', 'honey', 'guaiac wood', 'cinnamon', 'bay leaf', 'clove', 'rose', 'orchid', 'celery seeds', 'opoponax', 'agarwood (oud)', 'myrrh', 'patchouli', 'cedar', 'ambergris', 'musk', 'immortelle', 'oakmoss']",amber,"It smells like a spice cabinet tipped over in an old church, with something sticky-sweet and smoky underneath, like incense burning next to a jar of dark honey."
8584,"['strawberry', 'raspberry', 'blackberry', 'sour cherry', 'black currant', 'mandarin orange', 'lemon', 'violet', 'jasmine', 'musk', 'vanilla', 'cashmeran', 'woody notes', 'amber', 'oakmoss', 'patchouli']",fruity,"It smells like a fruit stand in summer rain — overripe berries crushed against wooden crates, with violet petals stuck to the boards and something mossy creeping up from underneath."
8522,"['blood', 'bulgarian rose', 'incense', 'leather', 'olibanum', 'labdanum', 'animal notes', 'oakmoss', 'musk', 'ambergris']",mineral,"It smells like an old leather jacket left in a church, with something faintly metallic and wild underneath — like standing too close to a horse after rain."
17471,"['green notes', 'grapefruit', 'spices', 'bergamot', 'lavender', 'petitgrain', 'ginger', 'violet', 'gardenia', 'sage', 'musk', 'sandalwood', 'incense', 'vetiver', 'guaiac wood', 'labdanum']",citrus,"It smells like a botanical garden at dawn — dewy herb stems and citrus trees, then incense smoke drifting through from somewhere nearby."
7967,"['sea water', 'lavender', 'mint', 'green notes', 'rosemary', 'calone', 'coriander', 'sandalwood', 'neroli', 'geranium', 'jasmine', 'musk', 'oakmoss', 'tobacco', 'cedar', 'ambergris']",aromatic,"It smells like standing on a rocky coastline where salt spray mixes with wild herbs growing between the stones, finishing with sun-bleached driftwood and dried seaweed."
8743,"['african orange flower', 'peony', 'bergamot', 'milk', 'almond', 'tonka bean', 'jasmine', 'musk', 'guaiac wood']",lactonic,"It smells like orange blossoms drifting through an almond bakery, softened by creamy milk and a hint of the woody musk left on clothes after visiting someone's grandmother."
9229,"['mandarin orange', 'chocolate', 'chocolate flower', 'vanilla']",chocolate,"It smells like orange peel dipped in dark chocolate, with a creamy sweetness that lingers like melted ice cream on your tongue."
3019,"['pineapple', 'bitter orange', 'cassis', 'fruity notes', 'lily-of-the-valley', 'milk', 'coconut', 'lily', 'cherry', 'big strawberry', 'red apple', 'orchid', 'jasmine', 'magnolia', 'vanille', 'musk', 'nutmeg', 'sandalwood', 'orris root', 'amber', 'virginia cedar']",lactonic,"It smells like a fruit salad someone left on a hotel dresser next to white flowers and a vanilla candle, with a faint powder-and-wood drawer underneath."
20859,"['anise', 'ivy', 'licorice', 'myrrh', 'agarwood (oud)', 'woody notes', 'vetiver', 'olive tree']",soft spicy,"It smells like the inside of an old apothecary cabinet — black licorice root next to dried wood chips, with something green and slightly bitter creeping through."
10409,"['dark chocolate', 'jasmine', 'teak wood', 'cedar', 'chocolate', 'milk', 'vanilla', 'musk']",chocolate,"It smells like a chocolate bar melting on warm wooden furniture, with creamy vanilla and an unexpected hint of white flowers drifting through."
21699,"['tuscan iris', 'italian orange', 'leather', 'rose', 'sandalwood', 'ambrette (musk mallow)', 'agarwood (oud)', 'cedar']",iris,"It smells like an old leather jacket hanging in a closet full of wooden hangers, with dried orange peel tucked in the pockets and a faint trace of someone's powdery perfume still clinging to the collar."
6524,"['pink pepper', 'mandarin orange', 'bergamot', 'cotton candy', 'gardenia', 'flowers', 'pelargonium', 'rose', 'vanilla', 'musk', 'sandalwood', 'caramel', 'violet', 'patchouli']",sweet,"It smells like a carnival at dusk — spun sugar and citrus mixing with heavy blooms, then drying down to powdered violet and woody sweetness that clings to fabric."
21816,"['cardamom', 'lavender', 'iris', 'vanilla', 'oriental notes', 'woodsy notes']",warm spicy,"It smells like a spice cabinet left open near a bouquet of purple flowers, with something sweet and powdery settling into old wooden furniture."
17522,"['grapefruit', 'bergamot', 'nutmeg', 'cypress', 'watery notes', 'lavender', 'bourbon vetiver', 'haitian vetiver', 'cashmere wood', 'musk']",woody,"It smells like standing in a misty garden at dawn — citrus trees overhead, wet grass underfoot, and someone's freshly laundered linen shirt hanging nearby."
18579,"['anise', 'bergamot', 'honey', 'vanilla', 'patchouli']",honey,"It smells like black licorice drizzled with honey and a hint of citrus, resting on old wooden furniture in a dimly lit apothecary."
1441,"['mango', 'bergamot', 'lime', 'tuberose', 'iris', 'violet', 'rose', 'coconut', 'musk', 'sandalwood']",tuberose,"It smells like a tropical smoothie bar next to a flower shop — sweet mango and coconut cream colliding with powdery florals, grounded by soft wood."
2082,"['geranium', 'lemon', 'pink pepper', 'animal notes', 'vetiver', 'sandalwood', 'earthy notes', 'labdanum', 'guaiac wood']",earthy,"It smells like a horse stable at dawn mixed with crushed peppercorns and citrus peel, gradually settling into smoky incense and dark tree roots."
13834,"['green notes', 'raspberry', 'pear', 'grapefruit', 'violet', 'litchi', 'apple blossom', 'rose', 'jasmine', 'musk', 'plum', 'virginia cedar']",fruity,"It smells like a fruit stand next to a flower shop on a rainy morning, where wet wood shelves hold overripe plums and berry baskets beside violet bouquets."
7768,"['aldehydes', 'heliotrope', 'rose', 'orange blossom', 'tonka bean', 'woody notes']",aldehydic,"It smells like powdered sugar dusted over rose petals in an old wooden drawer, with a hint of almond extract."
12652,"['bergamot', 'coconut', 'vanilla', 'praline']",coconut,"It smells like the inside of a beach bakery — toasted coconut macaroons cooling on a rack, with caramelized sugar crusting the edges."
16666,"['milk chocolate', 'green apple', 'mandarin orange', 'dark chocolate', 'vanilla flower', 'sandalwood', 'white musk', 'praline']",chocolate,"It smells like a chocolate shop near an orchard — creamy sweetness meets tart fruit, then settles into something softer and woody."
9651,"['rose', 'chamomile', 'ginger', 'lemon', 'yellow freesia', 'lily', 'lotus', 'white violet', 'carnation', 'white musk', 'oakmoss', 'exotic woods', 'patchouli']",floral,"It smells like a florist's cooler mixed with herbal tea and damp tree bark, with a slight spicy bite that fades into something powdery and earthy."
12269,"['almond', 'fruity notes', 'musk', 'rose', 'jasmine', 'vanilla', 'resin', 'amber']",almond,"It smells like marzipan dessert with powdered sugar roses, settling into a slightly smoky sweetness that lingers on your sweater."
11861,"['bergamot', 'apple', 'black tea', 'black amber', 'musk', 'oakmoss']",green,"It smells like Earl Grey tea spilled on a wool sweater in an old library, with a hint of crisp apple still hanging in the air."
6128,"['star anise', 'mandarin orange', 'licorice', 'jasmine', 'gardenia', 'vanille', 'amber', 'woodsy notes']",soft spicy,"It smells like a bakery next to a flower shop — sweet licorice pastries mixing with white flowers, then settling into something wooden and slightly sticky."
6109,"['mandarin orange', 'pepper', 'ylang-ylang', 'magnolia', 'gardenia', 'iris', 'vanille', 'virginia cedar']",yellow floral,"It smells like the sweetness of orange peel meeting white flowers in full bloom, grounded by soft wood and a hint of something peppery that keeps it from being too sweet."
9900,"['dried fruits', 'rhubarb', 'big strawberry', 'anise', 'bergamot', 'gardenia', 'rose', 'ylang-ylang', 'pear', 'orange blossom', 'oakmoss', 'musk', 'patchouli', 'leather']",fruity,"It smells like a fruit salad left in an old leather bag, with white flowers wilting nearby and damp earth creeping in from underneath."
13419,"['lavender', 'rosemary', 'bergamot', 'lemon', 'clary sage', 'coriander', 'geranium', 'cedar', 'brazilian rosewood', 'heliotrope', 'rose', 'vanilla', 'musk', 'tonka bean', 'moss', 'amber']",lavender,It smells like a barbershop after hours — herbal shaving cream mixed with the sweetness of pipe tobacco and old wooden drawers lined with violet-scented paper.
20652,"['cognac', 'cinnamon', 'tonka bean', 'oak', 'vanilla', 'praline', 'sandalwood']",woody,"It smells like the wooden bar of an old-fashioned cocktail lounge — polished oak mingling with spilled brandy, brown sugar syrup, and lingering cigar box sweetness."
21013,"['grapefruit', 'lemon', 'mint', 'pink pepper', 'bergamot', 'aldehydes', 'coriander', 'ginger', 'nutmeg', 'jasmine', 'melon', 'incense', 'amber', 'cedar', 'sandalwood', 'patchouli', 'amberwood', 'labdanum']",citrus,"It smells like the fizzy bite of ginger beer mixed with crushed herbs, settling into the smell of an incense stick burning in a wooden room."
12270,"['rose', 'geranium', 'palmarosa', 'honey', 'moss', 'patchouli']",rose,"It smells like a greenhouse after rain — floral water on stone, with something sweet and earthy like wet terracotta pots lined with dried leaves."
20462,"['passionfruit', 'fruity notes', 'turkish rose', 'saffron', 'agarwood (oud)', 'indonesian patchouli leaf', 'benzoin', 'leather', 'akigalawood', 'amber', 'labdanum', 'vanilla']",oud,"It smells like a leather jacket draped over velvet theater seats, with overripe tropical fruit spilling onto resinous wood and something darkly sweet like burnt caramel underneath."
16034,"['kumquat', 'lime', 'violet', 'italian iris', 'lilac', 'egyptian jasmine', 'lily-of-the-valley', 'vanilla', 'malt', 'white musk', 'ambrette (musk mallow)', 'sandalwood', 'cedar']",powdery,"It smells like a florist's workbench after arranging spring bouquets — crushed purple petals mixed with citrus peels, soft talcum powder, and the sawdust sweetness of wooden crates."
2361,"['green notes', 'freesia', 'sage', 'citruses', 'mandarin orange', 'carnation', 'lily', 'lily-of-the-valley', 'narcissus', 'marigold', 'violet', 'rose', 'jasmine', 'musk', 'heliotrope', 'sandalwood', 'amber', 'patchouli']",floral,"It smells like a florist's cooler in spring — dewy white flowers mixed with crushed green stems, orange peel oil, and that sweet powdery scent of old-fashioned face cream."
6340,"['lavender', 'eucalyptus', 'rose', 'geranium', 'musk']",lavender,"It smells like a lavender sachet tucked into freshly laundered sheets, with a medicinal eucalyptus sharpness and soft floral undertones."
14627,"['orange', 'floral notes', 'violet', 'caramel', 'vanilla', 'moss']",caramel,"It smells like orange peel dipped in melted caramel, followed by the scent of violets crushed against old velvet and tree bark."
3833,"['star anise', 'peach', 'mandarin orange', 'orange blossom', 'heliotrope', 'jasmine', 'freesia', 'lily-of-the-valley', 'benzoin', 'amber', 'sandalwood', 'musk']",anis,"It smells like a sun-warmed peach orchard in full bloom, where the air carries sweet white flowers and a hint of licorice from wild fennel growing at the edges."
11286,"['mango', 'bergamot', 'pink pepper', 'jasmine', 'patchouli', 'frankincense', 'sandalwood', 'benzoin', 'musk']",tropical,"It smells like a tropical fruit stand next to an incense shop, where sweet mango juice mingles with woody temple smoke and something faintly peppery in the air."
16543,"['lavender', 'lemon', 'peach', 'litchi', 'mandarin orange', 'aldehydes', 'violet', 'skin', 'camelia', 'jasmine', 'ylang-ylang', 'tuberose', 'sandalwood', 'patchouli', 'benzoin']",lavender,"It smells like a powdery floral bouquet tucked into a fruit basket, with creamy sandalwood and something almost soapy-clean that lingers on your wrists long after you've washed your hands."
13843,"['apple', 'violet leaf', 'bergamot', 'cinnamon', 'pink pepper', 'geranium', 'musk', 'cedar', 'amber']",cinnamon,"It smells like crisp apples dusted with cinnamon at a spice market, surrounded by freshly cut geranium stems and dry cedarwood planks."
2476,"['fruits', 'herbal notes', 'metallic notes', 'amber']",metallic,"It smells like a bowl of overripe plums sitting next to a vase of crushed herbs on a zinc countertop, with something golden and resinous pooling at the bottom."
8970,"['banana', 'chamomile', 'labdanum', 'seaweed', 'oakmoss', 'violet leaf']",mossy,"It smells like overripe bananas left near a tidal pool, with crushed violet stems and something sticky-sweet like resin stuck to driftwood."
11198,"['gardenia', 'green notes', 'jasmine sambac', 'almond', 'tonka bean', 'licorice', 'precious woods', 'musk', 'amber', 'patchouli']",white floral,"It smells like white flowers next to a bowl of marzipan, with black licorice tucked somewhere in a wooden drawer lined with sweet, powdery cloth."
7866,"['lavender', 'mint', 'syringa', 'cacao pod', 'cedar', 'myrrh', 'wheat']",cacao,"It smells like a wooden spice drawer left open in a garden shed, where dried herbs meet the faint sweetness of grain and tree sap."
5702,"['amalfi lemon', 'melon', 'freesia', 'sea water', 'honeysuckle', 'apricot', 'musk', 'sandalwood', 'amber']",marine,"It smells like a beachside fruit stand in summer — salty air mixing with ripe melon and apricot, with something creamy and woody lingering after the initial sweetness fades."
21584,"['lavender', 'bergamot', 'lemon', 'honey', 'cinnamon', 'cashmeran', 'jasmine sambac', 'tobacco leaf', 'vanilla', 'tonka bean']",sweet,"It smells like a honey-drizzled pastry cooling on a windowsill next to a bouquet someone left behind, with faint tobacco smoke drifting in from outside."
4101,"['sea notes', 'grapefruit', 'mandarin orange', 'bay leaf', 'jasmine', 'ambergris', 'guaiac wood', 'oakmoss', 'patchouli']",citrus,"It smells like standing on a salt-sprayed dock at dawn, where citrus peels have been scattered on wet wood planks, mixed with the mineral tang of seaweed and distant jasmine vines climbing a weathered fence."
6355,"['bergamot', 'spices', 'white flowers', 'iris', 'pink pepper', 'oak moss', 'patchouli']",earthy,"It smells like a spice drawer left open next to a bouquet of white lilies, with something earthy and slightly musty underneath like old books on a wooden shelf."
13472,"['mint', 'grapefruit', 'bergamot', 'anise', 'green notes', 'cassis', 'rose', 'hedione', 'white musk']",green,"It smells like a botanical garden greenhouse on a cool morning — dewy leaves, tart citrus peels, and rose petals crushed against crisp mint stems."
18408,"['neroli', 'cardamom', 'bergamot', 'mandarin orange', 'myrrh', 'musk', 'orange blossom', 'geranium', 'vetiver', 'saffron', 'vanilla', 'labdanum', 'tonka bean', 'leather', 'sandalwood', 'patchouli']",warm spicy,"It smells like a spice market at dusk — orange peels scattered on wooden counters, leather bags hanging from hooks, and sweet resins burning in clay pots somewhere in the back."
19342,"['galbanum', 'aldehydes', 'caraway', 'gardenia', 'bergamot', 'carnation', 'rose', 'narcissus', 'iris', 'jasmine', 'oakmoss', 'leather', 'vetiver', 'patchouli', 'amber', 'coconut']",earthy,"It smells like a vintage powder compact opened in a greenhouse, where soapy florals meet the earthy leather of old gardening gloves and something faintly medicinal like caraway seeds crushed underfoot."
6448,"['water lily', 'apricot', 'apple', 'mandarin orange', 'dark chocolate', 'guava', 'tiare flower', 'tuberose', 'vanilla', 'amber', 'woodsy notes']",fruity,"It smells like biting into a ripe apricot while standing in a humid tropical garden, with creamy white flowers blooming overhead and dark cocoa powder lingering in the air."
18364,"['lemon', 'bergamot', 'basil', 'rosemary', 'caraway', 'fruity notes', 'jasmine', 'coriander', 'carnation', 'patchouli', 'orris root', 'sandalwood', 'rose', 'lavender', 'hedione', 'oakmoss', 'vetiver', 'musk', 'amber']",aromatic,"It smells like a barbershop after someone's been crushing herbs on the counter — soapy lavender and citrus cutting through earthy moss, with something floral trying to soften the whole thing."
2026,"['watermelon', 'rose', 'black currant', 'grapefruit', 'dark chocolate', 'cacao', 'coconut', 'musk', 'sandalwood']",cacao,"It smells like a fruit stand next to a chocolate shop — sweet watermelon and grapefruit mixed with dark cocoa, then a creamy coconut-sandalwood base that feels almost powdery."
12211,"['marigold', 'ginger', 'grapefruit', 'bergamot', 'incense', 'walnut', 'immortelle', 'kiwi', 'honey', 'opoponax', 'coffee', 'sandalwood', 'rose', 'orange blossom', 'jasmine', 'leather', 'benzoin', 'agarwood (oud)', 'amber', 'sandalwood', 'tonka bean', 'oakmoss', 'vanilla', 'musk']",amber,"It smells like a old leather briefcase left in a spice shop, where sweet resinous smoke mingles with the nutty bitterness of roasted coffee and dried flowers."
19956,"['green notes', 'watery notes', 'mint', 'ginger', 'coconut', 'fig', 'salt', 'tonka bean', 'sandalwood']",green,"It smells like standing in a humid greenhouse after rain, where mint leaves crush underfoot near potted fig trees, while someone's applied coconut sunscreen mixed with sea spray."
9889,"['sapodilla', 'ambrette (musk mallow)', 'magnolia', 'violet', 'sandalwood', 'ambergris', 'cedar']",floral,"It smells like a wooden jewelry box lined with powder-soft fabric, holding dried flower petals and a bar of barely-scented sandalwood soap."
19200,"['sea notes', 'leather', 'patchouli']",marine,"It smells like the inside of an old sailing ship — salt-weathered wood, worn leather rigging, and the earthy must of cargo stored below deck."
13881,"['bergamot', 'grapefruit', 'iris', 'bulgarian rose', 'praline', 'mahonial', 'leather', 'vanilla', 'patchouli']",iris,"It smells like a leather jacket left in a bakery where roses are drying — sweet pastry mingles with worn hide, while powdery iris and dark earth soften the edges."
12867,"['violet leaf', 'basil', 'star anise', 'bergamot', 'pink pepper', 'nutmeg', 'vetiver', 'patchouli']",fresh spicy,"It smells like crushing green leaves in a spice market — slightly peppery and herbal, with an earthy, rooty darkness that clings to your hands."
16230,"['citruses', 'orange blossom', 'rosemary', 'bitter orange', 'almond', 'tonka bean', 'leather', 'cedar', 'vetiver']",almond,"It smells like a Mediterranean herb garden next to a tannery — bright citrus and rosemary cut through warm almond pastries, ending with woody leather that's been left in the sun."
11817,"['jasmine sambac', 'cashmeran', 'amber']",white floral,"It smells like night-blooming jasmine next to an old wooden desk drawer, with something sticky and golden coating the back of your throat."
13296,"['orange', 'lemon', 'bergamot', 'hazelnut', 'coriander', 'lily-of-the-valley', 'vanilla', 'musk', 'patchouli']",nutty,"It smells like a pastry shop near a florist — nutty sweetness mixed with citrus zest and white flowers, grounded by something earthy and soft underneath."
21560,"['cherry', 'rum', 'saffron', 'nutmeg', 'cinnamon', 'rose', 'jasmine', 'vanilla', 'tonka bean', 'ambroxan', 'sandalwood', 'oak', 'benzoin', 'patchouli', 'cypress']",cherry,"It smells like a spiced cherry cordial soaked in aged rum, surrounded by sweet resins and dark wood, as if you've walked into an old apothecary where dried roses hang above barrels of vanilla-laced spirits."
9670,"['pear', 'pink pepper', 'orange blossom', 'coffee', 'jasmine', 'bitter almond', 'licorice', 'vanilla', 'patchouli', 'cashmere wood', 'cedar']",vanilla,"It smells like a coffee shop next to a flower market — roasted beans mixed with sweet blossoms, a hint of marzipan pastry, and polished wooden counters underneath."
14184,"['cucumber', 'melon', 'mandarin orange', 'basil', 'sage', 'geranium', 'suede', 'woodsy notes', 'musk']",ozonic,"It smells like a garden hose spraying over ripe honeydew in summer, with crushed herbs nearby and the faint scent of a leather jacket hanging in a wooden shed."
10666,"['pear', 'tuberose', 'tonka bean']",tuberose,"It smells like overripe pear slices sitting next to a bouquet of white flowers in a bakery, with vanilla extract spilling on the counter."
3224,"['aldehydes', 'violet leaves', 'bergamot', 'osmanthus', 'lily-of-the-valley', 'rose', 'tonka bean', 'cypriol oil or nagarmotha', 'patchouli']",aldehydic,"It smells like a bouquet left in a wooden drawer with waxy lipstick and dried apricots, finishing with something earthy and slightly medicinal."
10215,"['apple', 'peach', 'grapefruit', 'magnolia', 'floral notes', 'lily', 'white chocolate truffle', 'cacao', 'australian sandalwood', 'woody notes', 'musk']",cacao,"It smells like a fruit stand next to a flower shop, with the creamy sweetness of white chocolate melting in the back corner."
13880,"['truffle', 'peach', 'bergamot', 'madagascar vanilla', 'tuberose', 'italian jasmine', 'patchouli', 'oakmoss', 'cedar']",earthy,"It smells like a fancy fruit tart left in an old wooden cabinet — sweet peach and cream mingling with dusty, earthy darkness and white flowers wilting on top."
17508,"['bergamot', 'tobacco', 'lemon', 'nutmeg', 'neroli', 'coriander', 'mandarin orange', 'vetiver', 'pepper', 'carnation', 'sage', 'orris root', 'sandalwood', 'vetiver', 'oakmoss', 'leather', 'myrrh', 'civet', 'tonka bean', 'amber']",aromatic,"It smells like a old leather briefcase left in a spice shop, with citrus peels dried on top and incense smoke clinging to everything underneath."
3255,"['aldehydes', 'ylang-ylang', 'neroli', 'bergamot', 'lemon', 'iris', 'jasmine', 'rose', 'orris root', 'lily-of-the-valley', 'civet', 'musk', 'sandalwood', 'amber', 'moss', 'vanilla', 'vetiver', 'patchouli']",powdery,"It smells like the powdery air inside your grandmother's jewelry box mixed with white flowers from a formal garden and something faintly animalic, like old fur collars stored in cedar."
3179,"['melon', 'red apple', 'lily-of-the-valley', 'magnolia', 'violet', 'jasmine', 'musk']",fresh,"It smells like the crisp, dewy sweetness of a fruit stand next to a flower shop — juicy melon and apple mixing with soapy white blossoms that leave a soft, powdery trace on your clothes."
7435,"['passion flower', 'jasmine', 'gardenia', 'vanille', 'vetiver']",vanilla,"It smells like standing in a florist's cooler at closing time — thick white flowers mixed with something sweet and rooty, like vanilla extract spilled on a wooden counter."
13553,"['cinnamon', 'bergamot', 'prunol', 'tobacco', 'violet', 'jasmine', 'labdanum', 'vanilla', 'patchouli']",tobacco,"It smells like a spice drawer left open in an old library, where dried plums sit next to leather-bound books and someone's crushing violet petals into the pages."
12635,"['apple', 'aldehydes', 'neroli', 'lemon', 'bergamot', 'orris', 'heliotrope', 'carnation', 'jasmine', 'oakmoss', 'musk', 'cedar', 'vetiver', 'spices', 'ambergris', 'patchouli', 'sandalwood']",mossy,"It smells like a starched white shirt pressed with a hot iron, mixed with the soapy sweetness of old-fashioned face powder and the earthy coolness of a wooden jewelry box that's been sitting in a closet for years."
18602,"['cardamom', 'green apple', 'green mandarin', 'nutmeg', 'lavender', 'orange blossom', 'tonka bean', 'amber', 'leather']",amber,"It smells like a spiced apple pastry cooling on a leather armchair, with hints of orange zest and something faintly herbal drifting through an open window."
4910,"['caramel', 'milk', 'smoke', 'caramel', 'hinoki incense', 'leather', 'toffee', 'hinoki incense']",caramel,"It smells like a leather jacket hanging in a temple where incense burns, mixed with the sweet char of burnt sugar and cream."
10083,"['cherry', 'pepper', 'lactones', 'oud', 'incense', 'benzoin', 'cypriol oil or nagarmotha', 'labdanum', 'moss']",cherry,"It smells like maraschino cherries spilled on a wooden church pew, with black pepper settling into sticky resin and the faint mustiness of old velvet curtains."
11657,"['aldehydes', 'rose', 'oakmoss']",aldehydic,It smells like old lipstick from your grandmother's purse mixed with the stone walls of a cellar that hasn't been opened in years.
19041,"['leather', 'bergamot', 'amalfi lemon', 'holly', 'rosemary', 'tea', 'styrax', 'lily-of-the-valley', 'tonka bean', 'incense', 'benzoin', 'almond', 'amber']",amber,"It smells like a leather jacket draped over a church pew, with citrus oil on your fingers and a faint almond sweetness lingering in the air."
21172,"['bergamot', 'iris', 'chestnut', 'whiskey', 'woodsy notes', 'amber']",woody,"It smells like a polished wooden bar at dusk — citrus peel on the counter, a glass of whiskey nearby, and the earthy sweetness of roasted nuts cooling in a dish."
21166,"['calabrian bergamot', 'grapefruit blossom', 'musk']",citrus,"It smells like the bright, slightly bitter peel of citrus fruit mixed with clean laundry that's been hanging outside."
4549,"['fennel', 'guatemalan cardamom', 'ambrette (musk mallow)', 'tuberose', 'clary sage', 'neroli', 'algae', 'ambergris', 'vetiver']",marine,"It smells like standing in a greenhouse after rain — crushed herb stems mixed with waxy white flowers, finishing with the slightly salty scent of wet stones and seaweed."
6892,"['mango', 'bergamot', 'jasmine', 'olibanum', 'vanilla', 'sandalwood']",tropical,"It smells like ripe mango slices dusted with incense ash, sitting on a wooden cutting board that's been wiped down with jasmine tea."
7523,"['almond', 'cinnamon', 'mimosa', 'honey', 'heliotrope', 'black rose', 'labdanum', 'vanilla', 'cacao pod', 'white musk', 'peru balsam', 'agarwood (oud)']",almond,"It smells like the air inside a Middle Eastern pastry shop — sugared almonds and honey pastries still warm from the oven, mingling with dark chocolate and the resinous smoke from burning incense in the corner."
14136,"['tiare flower', 'coconut', 'bergamot', 'jasmine', 'ylang-ylang', 'orange blossom', 'vanilla', 'musk']",white floral,"It smells like suntan lotion mixed with tropical flowers at a beachside resort, sweet and creamy with a hint of citrus in the air."
20942,"['lavender', 'tonka bean', 'benzoin', 'ylang-ylang']",lavender,"It smells like a barbershop after hours — lavender shaving cream mixed with the sweet, vanilla-tinged scent of old wood furniture and something faintly tropical in the corner."
20693,"['apple', 'bergamot', 'lemon', 'cinnamon', 'watery notes', 'plum', 'cardamon', 'orange blossom', 'ambergris', 'musk', 'patchouli', 'driftwood']",fruity,"It smells like biting into a crisp autumn apple while standing near the ocean, with spicy undertones and a hint of sun-bleached wood from an old dock."
11092,"['shiso', 'grass', 'artemisia', 'french labdanum', 'jasmine', 'white tobacco', 'immortelle', 'leather', 'sage', 'liatris', 'vanille']",herbal,"It smells like a greenhouse at dusk — crushed green leaves and herbal tea scattered on leather chairs, with sweet hay and dried flowers left to cure in the corner."
18863,"['bergamot', 'coconut milk', 'musk', 'woody notes']",coconut,It smells like sunscreen mixed with clean laundry that's been stored in a cedar closet.
18974,"['bulgarian rose', 'coriander', 'peach', 'jasmine', 'mandarin orange', 'cloves', 'rose', 'orange blossom', 'mimosa', 'clover', 'amber', 'sandalwood', 'tonka bean', 'opoponax', 'civet', 'vanilla', 'labdanum']",amber,"It smells like a grandmother's vanity drawer where dried flowers rest against old spice tins, with something peachy and slightly sweaty lingering in the wood."
3256,"['coconut', 'strawberry', 'gooseberry', 'black locust', 'pear', 'black currant', 'brazilian rosewood', 'honeysuckle', 'yuzu', 'orange blossom', 'honey', 'milk', 'orchid', 'heliotrope', 'violet', 'osmanthus', 'magnolia', 'jasmine', 'lily-of-the-valley', 'caramel', 'vanilla', 'patchouli', 'toffee', 'incense', 'sandalwood', 'amber', 'tonka bean']",sweet,"It smells like a fruit smoothie made with berries and tropical coconut, drizzled with toffee syrup, then left sitting next to white flowers wilting in sweet cream."
10704,"['pink pepper', 'ginger', 'artemisia', 'sage', 'jasmine sambac', 'leather', 'tonka bean', 'vanilla', 'cedar', 'amber', 'patchouli']",herbal,"It smells like a leather jacket left in a spice shop overnight, where ginger tea and white flowers have seeped into the worn hide, then sweetened with something almost burnt-sugar at the edges."
15096,"['sea notes', 'sea salt', 'grapefruit', 'bay leaf', 'geranium', 'spices', 'red amber', 'guaiac wood']",marine,"It smells like standing on a rocky coastline at dawn — the sharp bite of ocean spray mixing with crushed herbs from the cliffside, leaving a smoky, slightly sweet mineral trace on your clothes."
17897,"['ylang-ylang', 'cardamom', 'grapefruit', 'lemon', 'ylang-ylang', 'jasmine', 'orange blossom', 'damask rose', 'ylang-ylang', 'vanilla', 'labdanum', 'cedar', 'vetiver', 'field scabious']",yellow floral,"It smells like a florist's workbench at closing time — scattered white petals, spilled resin, and the wooden counter still holding traces of citrus peels from morning."
20318,"['grapefruit', 'lavender', 'artemisia', 'tobacco', 'spices', 'leather', 'agarwood (oud)', 'dark woodsy notes', 'ambergris']",tobacco,"It smells like a worn leather jacket left in a cedar closet, with hints of bitter citrus peel and the dusty, resinous scent of old wooden furniture."
15076,"['pink pepper', 'grapefruit', 'hazelnut cocoa spread', 'patchouli', 'vetiver']",woody,"It smells like the zesty rind of grapefruit meeting a jar of Nutella someone left open in a wooden cabin, with something earthy and rooty grounding it all."
14453,"['ylang-ylang', 'carnation', 'jasmine', 'vanilla']",yellow floral,"It smells like a florist's bouquet left overnight in a bakery — sweet, heady flowers with a creamy vanilla base that softens everything."
17028,"['lemon', 'bergamot', 'star anise', 'olive blossom', 'guaiac wood', 'leather', 'tonka bean', 'tobacco']",citrus,"It smells like a worn leather jacket left in an old spice shop, where citrus peels dry next to licorice sticks and sweet pipe smoke lingers in the wooden beams."
5977,"['litchi', 'mirabelle', 'citruses', 'freesia', 'rose', 'davana', 'oakmoss']",mossy,"It smells like a fruit stand next to a flower shop — sweet tropical lychee and golden plums mixed with petals, then turning earthy and slightly mossy underneath."
14509,"['virginia cedar', 'plum', 'cinnamon', 'peach', 'clove', 'ginger', 'violet', 'ylang-ylang', 'rose', 'african orange flower', 'sandalwood', 'benzoin', 'musk', 'vanilla']",warm spicy,"It smells like a spiced fruit compote simmering on the stove, where sweet peaches and plums meet holiday spices, gradually giving way to powdery florals and a creamy, resinous finish."
2483,"['watermelon', 'violet', 'floral notes', 'musk', 'patchouli', 'white amber']",ozonic,"It smells like sliced watermelon left on a wooden picnic table, mixing with the scent of crushed violet petals and sun-warmed cotton sheets drying on a line."
13965,"['cherry', 'almond', 'pink pepper', 'cherry blossom', 'violet', 'magnolia', 'vanilla', 'tonka bean', 'sandalwood']",cherry,"It smells like maraschino cherries and marzipan at first, then shifts into powdery floral soap with a creamy, slightly spicy vanilla base."
6557,"['pear', 'melon', 'freesia', 'rose', 'musk', 'patchouli', 'rhuburb', 'amber']",floral,"It smells like sliced pear and cantaloupe on a wooden cutting board, with a hint of soap from freshly washed hands and something earthy lingering in the background."
13464,"['peach', 'cardamom', 'lily', 'grapefruit', 'bergamot', 'rose', 'cinnamon', 'apricot', 'brazilian rosewood', 'lily', 'heliotrope', 'magnolia', 'vanilla', 'sandalwood', 'cedar', 'coconut']",warm spicy,"It smells like a bakery next to a flower shop — stone fruit tart with cinnamon sugar meets white flowers and powdery almond, all sitting on warm wooden counters."
14735,"['coconut', 'plum', 'apricot', 'brazilian rosewood', 'jasmine', 'caraway', 'tuberose', 'rose', 'lily-of-the-valley', 'vanilla', 'almond', 'sandalwood', 'musk']",vanilla,"It smells like a powdered almond pastry topped with overripe stone fruit, sitting next to a bouquet of white flowers someone left in a wooden jewelry box."
19755,"['pineapple', 'orange', 'green notes', 'african orange flower', 'lily-of-the-valley', 'coconut', 'woodsy notes', 'musk', 'amber']",coconut,"It smells like a tropical drink spilled on a wooden deck — sweet pineapple and orange mixed with creamy coconut, drying down to sun-warmed wood."
20923,"['sea notes', 'bergamot', 'rosemary', 'sage', 'geranium', 'incense', 'patchouli']",aromatic,"It smells like standing on a Mediterranean cliff where ocean spray meets wild herbs drying in the sun, with faint church incense drifting from somewhere inland."
15726,"['peach', 'black currant', 'orange', 'coconut', 'iris', 'jasmine', 'rose', 'lily-of-the-valley', 'milk', 'vanilla', 'sandalwood', 'amber', 'musk']",lactonic,"It smells like a creamy peach dessert with coconut milk, set on a table in a garden where white flowers are blooming just after sunset."
5794,"['litchi', 'grapefruit', 'rice', 'rose', 'milk mousse', 'cashmeran']",lactonic,"It smells like a carton of sweetened rice milk left open near a bouquet of roses, with a faint powdery softness that reminds you of baby lotion."
11972,"['pear', 'juniper', 'pink pepper', 'cinnamon', 'tuberose', 'rose', 'leather', 'ylang-ylang', 'moss', 'patchouli', 'amber']",tuberose,It smells like a spiced pear tart cooling on a leather jacket that's been left in a greenhouse full of white flowers and old books.
10964,"['geranium', 'citruses', 'violet', 'musk', 'sandalwood', 'cedar']",violet,"It smells like a greenhouse in early spring — wet wooden benches, potted herbs with purple blooms, and sawdust clinging to everything."
13813,"['star anise', 'fennel', 'neroli', 'bergamot', 'frangipani', 'orchid', 'clove', 'tuberose', 'jasmine', 'vanilla', 'tonka bean', 'vetiver', 'amber']",soft spicy,"It smells like a florist's cooler mixed with the spice drawer your grandmother keeps by the stove, softened by something creamy and slightly burnt-sugar sweet."
4935,"['jasmine sambac', 'pink grapefruit', 'vanilla flower', 'pink lotus', 'white lotus', 'dragon blood resin', 'sandalwood', 'siam benzoin']",balsamic,"It smells like a florist's workbench at closing time — jasmine petals scattered near half-peeled citrus rinds, sweetness hovering in the air, and the resinous incense stick someone burned hours ago still clinging to wooden surfaces."
12421,"['jasmine', 'peach', 'rose', 'amber', 'patchouli']",amber,"It smells like a floral arrangement left near overripe peaches in a warm room, with something earthy and resinous settling into the background."
19939,"['coriander', 'grapefruit', 'calabrian bergamot', 'tuscan iris', 'virginian cedar', 'amber']",iris,"It smells like the lobby of an expensive hotel — citrus hand soap at the sink, wooden furniture polish, and that powdery air freshener they use in the hallways."
17044,"['ginger', 'blood orange', 'tuberose', 'jasmine', 'pimento leaf', 'sandalwood', 'patchouli', 'vetiver']",warm spicy,"It smells like a spicy orange marmalade left in a greenhouse, where white flowers bloom near wooden benches still damp from watering."
7178,"['water jasmine', 'green mandarin', 'ginger flower', 'vanilla', 'salt', 'ambergris', 'cashmere wood', 'sandalwood']",vanilla,"It smells like the quiet corner of a seaside spa where white flowers rest on driftwood shelves, mingling with ocean air and soft talcum powder."
16574,"['calabrian bergamot', 'water notes', 'grapefruit', 'fig leaf', 'ambroxan', 'black pepper', 'patchouli', 'violet leaf', 'papyrus', 'incense', 'musk', 'tonka bean', 'saffron']",amber,"It smells like standing in a sunlit Mediterranean garden where citrus trees meet cool stone fountains, with incense smoke drifting from a nearby window and the mineral scent of crushed green stems on your hands."
19635,"['grass', 'bergamot', 'grapefruit', 'woodsy notes', 'nutmeg', 'violet', 'saffron', 'jasmine', 'sugar', 'leather', 'vanilla', 'suede', 'amber', 'cashmirwood', 'sandalwood', 'oakmoss', 'vetiver']",leather,"It smells like a leather jacket draped over a park bench after rain, with sweet spice lingering in the air and something mossy clinging to the worn fabric."
3694,"['black pepper', 'sicilian mandarin', 'cassis', 'indian saffron', 'lotus', 'smoke', 'woody notes', 'leather']",smoky,"It smells like the interior of an old leather briefcase left in a spice merchant's shop, with a faint trace of burnt orange rind lingering in the air."
8480,"['pink pepper', 'bergamot', 'indian tuberose', 'heliotrope', 'cashmeran', 'benzoin']",tuberose,"It smells like a wedding bouquet left overnight in a cashmere sweater drawer — white flowers meeting soft vanilla powder, with a sharp bite of spice cutting through."
9244,"['cucumber', 'citruses', 'green notes', 'lotus', 'plum', 'lavender', 'sichuan pepper', 'virginia cedar', 'musk', 'sandalwood', 'patchouli', 'guaiac wood']",ozonic,"It smells like a greenhouse after rain — cool cucumber and wet leaves mixing with spicy pepper, then drying down to smell like the inside of a cedar closet with something earthy underneath."
4152,"['mango', 'pitahaya', 'litchi', 'orchid', 'moroccan rose', 'jasmine sambac', 'vanilla', 'patchouli', 'sandalwood']",tropical,"It smells like the air inside a tropical fruit stand mixed with white flowers, gradually settling into the scent of vanilla-dusted wood and earth."
6831,"['aqual', 'yuzu', 'hexyl acetate', 'milk', 'skin', 'jasmine', 'mugane', 'orcanox\x99', 'vinyl guaiacol', 'moss']",lactonic,"It smells like cold milk spilled on a citrus orchard floor — slightly floral, with a hint of smoke and vinyl records left out in the rain."
19787,"['coconut', 'lime', 'white bergamot', 'sicilian mandarin', 'ginger', 'ylang-ylang', 'indian jasmine', 'hibiscus', 'white rum', 'sugar cane', 'musk']",citrus,"It smells like a tropical cocktail bar at sunset — sweet coconut mixed with citrus juice, a hint of ginger spice, and the slightly boozy sweetness of rum-soaked flowers."
19259,"['bitter almond', 'bergamot', 'tagetes', 'chestnut', 'jasmine', 'gardenia', 'woody notes', 'tonka bean', 'musk']",nutty,"It smells like marzipan pastries sitting on a wooden table next to white flowers, with a slightly earthy sweetness that lingers."
10598,"['melon', 'peach', 'almond', 'violet', 'black currant', 'anise', 'mimosa', 'lilac', 'lily-of-the-valley', 'peony', 'rose', 'almond blossom', 'hibiscus', 'vanilla', 'almond tree', 'sandalwood', 'benzoin', 'cedar']",floral,"It smells like a fruit salad left on a wooden table next to a bouquet from a spring wedding, with a hint of marzipan sweetness threading through everything."
19833,"['cardamom', 'pimento', 'caramel', 'salt', 'vanilla', 'tobacco', 'cashmeran']",caramel,"It smells like a spice cabinet left open in a bakery, where sweet burnt sugar meets the leathery warmth of an old tobacco pouch, all grounded by something softly musky and oddly comforting."
14770,"['angelica', 'tuberose', 'amber', 'woodsy notes']",tuberose,"It smells like white flowers wilting on an antique wooden dresser, their sweetness mixing with old varnish and dusty resin."
20508,"['saffron', 'bitter orange', 'leather', 'smoke', 'incense', 'agarwood (oud)']",smoky,"It smells like the interior of an old leather briefcase left open in a spice merchant's shop, where orange peel has been drying near smoldering temple coals."
12426,"['blackberry', 'rum', 'saffron', 'leather', 'agarwood (oud)', 'clary sage', 'patchouli', 'musk']",leather,"It smells like a leather jacket someone wore to a dimly lit bar where spiced berry cocktails were being poured, with something slightly medicinal and woody lingering in the corners."
5987,"['kiwi', 'rhuburb', 'pink pepper', 'watermelon', 'cyclamen', 'jasmine', 'lemon tree', 'musk', 'sandalwood']",fruity,"It smells like a fruit stand next to a flower shop on a hot day — sweet watermelon and tart rhubarb mixing with something soapy and green, then drying down to smooth wood."
19851,"['bergamot', 'cinnamon', 'juniper berries', 'incense']",cinnamon,"It smells like a spice cabinet left open near burning church candles, with gin-soaked citrus rinds drying on the counter."
15509,"['orange', 'cacao', 'carambola (star fruit)', 'vanilla']",cacao,"It smells like chocolate-covered orange slices left on a sunny kitchen counter, with something tropical and waxy hovering in the background."
11288,"['anise', 'mandarin orange', 'mimosa', 'rose', 'woody notes']",yellow floral,"It smells like a florist's workbench scattered with orange peels, where crushed rose petals meet the licorice tang of fennel and sawdust from wooden crates."
13806,"['ylang-ylang', 'peach', 'bergamot', 'green notes', 'lemon', 'iris', 'jasmine', 'narcissus', 'orris root', 'rose', 'violet', 'sandalwood', 'vanilla', 'iris', 'amber', 'tonka bean', 'musk']",powdery,"It smells like a florist's cooler mixed with overripe peaches, where powdery makeup compacts sit next to creamy flowers and pale wood shavings."
15048,"['leather', 'cypress', 'patchouli', 'woody notes', 'vetiver']",woody,"It smells like a well-worn motorcycle jacket hanging in a cedar closet, with earthy undertones of tree bark after rain."
8628,"['pink pepper', 'mandarin orange', 'bergamot', 'lilac', 'peach', 'geranium', 'jasmine', 'black currant', 'patchouli', 'amber', 'white musk', 'vanilla']",floral,"It smells like a fruit stand next to a flower shop on a humid summer day, where sticky peach juice mingles with purple blooms and someone's vanilla perfume lingers in the air."
8985,"['pear', 'citruses', 'cassis', 'lily-of-the-valley', 'jasmine', 'brazil nut', 'sandalwood', 'musk', 'amber']",fresh,"It smells like a fruit stand in summer rain — ripe pear and tart berries mingling with wet flowers, then drying down to something soft and slightly nutty on your wrists."
14765,"['mandarin orange', 'coffee', 'osmanthus', 'cacao', 'tonka bean']",cacao,"It smells like a chocolate shop next to a Chinese tea house — sweet orange peel mingles with roasted coffee beans and apricot-like flowers, grounded by vanilla-scented tonka."
9799,"['dark chocolate', 'italian mandarin', 'brazilian orange', 'hazelnut', 'amberwood', 'tahitian vanilla', 'musk', 'ambergris']",chocolate,"It smells like a chocolate shop at Christmas — orange peels dipped in melted dark chocolate, with a nutty sweetness that clings to your sweater long after you've left."
18651,"['bergamot', 'green notes', 'lavender', 'musk', 'powdery notes', 'sandalwood']",lavender,"It smells like a barbershop after a fresh shave, with talc dusting the air and something herbal drying on wooden shelves."
9563,"['grapefruit', 'cardamom', 'lavender', 'absinthe', 'coffee', 'vetiver']",coffee,"It smells like the counter of a European café at dawn — bitter espresso grounds, herbal liqueur, and purple soap from the bathroom, cut through with citrus peel."
7097,"['bergamot', 'lily-of-the-valley', 'green notes', 'rose', 'milk', 'sugar', 'vanilla']",lactonic,It smells like a florist's cooler at dawn — crisp stems and dewy petals mixed with sweetened condensed milk left open on the counter.
9545,"['lemon', 'rosemary', 'bergamot', 'neroli', 'pineapple', 'jasmine', 'oakmoss', 'cyclamen', 'coriander', 'musk', 'oakmoss', 'cedar', 'sandalwood', 'cardamom', 'brazilian rosewood', 'tonka bean']",citrus,"It smells like a herb garden after rain mixed with pineapple juice, then dries down to smell like the inside of a wooden cigar box with spices tucked in the corners."
15676,"['clementine', 'bitter orange', 'orange blossom', 'green tea', 'ivy', 'mandarin orange', 'basil', 'chamomile', 'peony', 'sandalwood', 'amber']",citrus,"It smells like a sunlit conservatory where citrus trees bloom next to potted herbs, with white flowers scattered on wooden benches that have been warmed all afternoon."
10873,"['cacao', 'dark chocolate', 'tobacco', 'tonka bean', 'musk', 'woodsy notes']",cacao,"It smells like opening a humidor in an old library — dark cocoa powder mixed with dried tobacco leaves, sweetened by vanilla-like warmth and backed by aged wood."
16490,"['lime', 'bergamot', 'rose', 'angelica', 'ginger', 'orange blossom', 'saffron', 'nutmeg', 'galbanum', 'musk', 'incense', 'pine tree', 'sandalwood', 'vanilla']",rose,"It smells like a spice market at dawn — citrus peels scattered on wooden tables, rose petals crushed with ginger root, and smoke from sandalwood incense drifting through pine-shaded stalls."
20558,"['bergamot', 'bergamot leaf', 'iris', 'aldehydes', 'orris', 'clary sage', 'tonka bean', 'cedar']",iris,"It smells like the mineral coolness of slate countertops mixed with powdery makeup compacts, backed by sweet cedarwood and a hint of root vegetable earthiness."
11656,"['violet', 'lily-of-the-valley', 'jasmine', 'pelargonium', 'musk', 'vanilla']",violet,"It smells like a grandmother's linen closet where embroidered handkerchiefs rest on soap bars, softened by powdery sweetness and a faint hint of something almost milky."
11929,"['pink pepper', 'silkwood blossom', 'jasmine sambac', 'whipped cream', 'vanilla', 'chestnut', 'sandalwood', 'cashmere wood']",vanilla,"It smells like jasmine flowers dusted with nutty sweetness and pepper, then softened by creamy vanilla that sits on smooth, blonde wood."
12017,"['mango', 'passionfruit', 'pomelo', 'grapefruit', 'mandarin orange', 'exotic floral notes', 'jasmine', 'vanilla', 'tonka bean', 'musk', 'sandalwood', 'virginia cedar']",tropical,"It smells like a tropical fruit stand at dawn — sticky mango and tart grapefruit mixed with jasmine blooms, settling into creamy vanilla and the scent of wooden crates."
7819,"['coconut nectar', 'boysenberry', 'pomegranate', 'butterfly orchid', 'honeysuckle', 'magnolia', 'amber', 'musk', 'white woods']",coconut,"It smells like a fruit smoothie stand next to a flower shop — sweet berry juice mixed with creamy coconut, then softened by white petals and powdery wood."
3412,"['salt', 'coconut water', 'frangipani', 'jasmine', 'mineral notes', 'driftwood', 'tonka bean']",salty,"It smells like a tropical beach after a storm — salty air mixing with crushed white flowers, sweet coconut, and sun-bleached wood washed up on shore."
4296,"['pineapple', 'moroccan lemon', 'grapefruit', 'galbanum leaf', 'peach', 'plum', 'mandarin orange', 'raspberry', 'italian iris', 'brazilian rosewood', 'jasmine', 'lily-of-the-valley', 'egyptian rose', 'coconut', 'vanilla', 'madagascar sandalwood', 'tonka bean', 'musk', 'patchouli', 'amber', 'cedar']",sweet,"It smells like a fruit salad left on a wooden table in a soap shop — tropical sweetness meets powdery flowers, then dries down to something creamy and slightly dusty."
16173,"['green tea', 'tuberose', 'ambergris', 'tobacco', 'agarwood (oud)', 'vanilla']",tuberose,"It smells like a smoky tea room where white flowers sit next to worn leather chairs, with something sweet and salty lingering in the air."
19942,"['grapefruit', 'bergamot', 'citron', 'lemon', 'fig nectar', 'jasmine', 'pink pepper', 'fig tree', 'cedar', 'benzoin']",citrus,"It smells like sitting under a fig tree in late summer, with citrus peel scattered on sun-warmed wood and a hint of white flowers drifting from a nearby garden."
13514,"['pink pepper', 'pear', 'indonesian nutmeg', 'elemi', 'bergamot', 'rose', 'clove', 'magnolia', 'flax', 'cashmeran', 'haitian vetiver', 'sandalwood', 'sylkolide', 'amber']",rose,"It smells like a department store cosmetics counter mixed with spiced pear compote, finishing with the dry-woody scent of an attic full of old furniture and cardboard boxes."
20102,"['rum', 'bergamot', 'tarragon', 'tobacco', 'ginger', 'rose', 'honey', 'beeswax', 'cinnamon', 'tonka bean', 'amberwood', 'leather']",honey,It smells like a well-worn leather jacket hanging in an old apothecary where jars of honey sit next to bundles of dried tobacco and cinnamon sticks.
16812,"['bergamot', 'cassis', 'patchouli', 'rose', 'oakmoss', 'musk', 'amber']",mossy,"It smells like a florist's back room where velvet curtains have been stored for decades, mixed with the earthy scent of wet garden soil and dark berries crushed underfoot."
11644,"['peach', 'bergamot', 'orange', 'lemon', 'bulgarian rose', 'iris flower', 'jasmine', 'white flowers', 'oakmoss', 'patchouli', 'vetiver', 'musk', 'ambroxan', 'benzoin', 'vanilla']",earthy,"It smells like a ripe peach rolled in powdery cosmetics, sitting next to a bouquet of garden roses in a room with old wooden furniture and incense burning."
10320,"['floral notes', 'citruses', 'citrus', 'floral notes', 'lavender', 'vanila', 'lily-of-the-valley', 'musk', 'sandalwood', 'amber', 'woody notes']",lavender,"It smells like a hotel spa hallway — clean lavender towels, citrus-scented soap dispensers, and the faint woody sweetness of expensive furniture polish mixing with body lotion."
1598,"['metallic notes', 'black pepper', 'elemi resin', 'rose', 'geranium', 'green accord', 'incense', 'mineral notes', 'labdanum', 'ebony wood', 'leather']",mineral,"It smells like a leather jacket draped over church pews, with crushed peppercorns caught in the collar and rose petals pressed between stone tiles."
5319,"['chamomile', 'aldehydes', 'clary sage', 'coriander', 'geranium', 'lemon verbena', 'brazilian rosewood', 'bergamot', 'carnation', 'rose', 'ylang-ylang', 'orris root', 'jasmine', 'tuberose', 'orange blossom', 'oakmoss', 'patchouli', 'incense', 'vetiver', 'sandalwood', 'musk']",aromatic,"It smells like a grandmother's powder compact mixed with church incense and slightly soapy white flowers, all sitting on a bed of mossy wood from an antique dresser."
10550,"['plum', 'sour cherry', 'raspberry', 'orchid', 'iris', 'freesia', 'vanilla', 'amber', 'musk']",sweet,"It smells like a bowl of dark berries left on a dressing table, their juice staining powder-soft petals and sweet wooden drawers."
17252,"['bergamot', 'mandarin orange', 'green tea', 'black currant', 'musk', 'sandalwood', 'petitgrain', 'galbanum']",citrus,"It smells like a leafy citrus grove after rain, with a hint of crushed stems and smooth, pale wood lingering in the background."
7638,"['rum', 'artemisia', 'patchouli']",herbal,"It smells like an old wooden barrel in a herb garden — sweet and boozy, with bitter green stems and dark, earthy dampness clinging to everything."
740,"['melon', 'peach', 'orange blossom', 'lemon', 'mandarin orange', 'bergamot', 'brazilian rosewood', 'cyclamen', 'osmanthus', 'rose', 'jasmine', 'orris root', 'sandalwood', 'musk', 'amber', 'oakmoss', 'cedar']",fruity,"It smells like a fruit stand next to a flower shop on a humid summer morning, where ripe melons and peaches meet jasmine vines climbing wooden trellises."
19014,"['bitter almond', 'saffron', 'egyptian jasmine', 'cedar', 'ambergris', 'woody notes', 'musk']",woody,"It smells like a spice market at dusk — golden threads of saffron cutting through the sharp bite of crushed almonds, while white flowers bloom against weathered wood and smooth stone."
7459,"['coconut nectar', 'frangipani', 'musk']",coconut,"It smells like sunscreen mixed with tropical flowers at a beachside resort, with a slightly powdery finish that lingers on your clothes."
17276,"['violet', 'iris', 'red fruits', 'orange blossom', 'tonka bean', 'vanilla', 'sandalwood']",violet,"It smells like powdered makeup compacts mixed with berry jam, then dries down to smell like the wooden drawer where your grandmother kept her vanilla-scented stationery."
1558,"['lime', 'green notes', 'watery notes', 'licorice', 'guaiac wood']",soft spicy,"It smells like a greenhouse after rain — wet leaves and earth mixed with that sharp, herbal smell of black jelly beans and pencil-case erasers."
19794,"['water notes', 'bergamot', 'grapefruit', 'calone', 'basil', 'floral notes', 'jasmine', 'sage', 'pepper', 'cedar', 'musk', 'vetiver', 'ambergris', 'clary sage', 'amber', 'patchouli']",fresh spicy,"It smells like standing on a yacht deck at dawn — sharp citrus cutting through salty air, with crushed herbs on wet wood and that clean, almost metallic ocean spray sensation."
2855,"['smoke', 'gunpowder', 'lime', 'sea water', 'brandy', 'balsam fir', 'cedar', 'amber']",smoky,"It smells like standing on a wooden ship deck after cannon fire, with salt spray mixing into spilled liquor and the resinous scent of pine tar used to seal the planks."
9301,"['black currant', 'fig', 'orange blossom', 'orange blossom', 'jasmine', 'iris', 'gourmand accord', 'patchouli']",iris,"It smells like fig jam on toast next to a blooming orange tree, with something powdery and earthy lingering in the background."
11670,"['mineral notes', 'carrot seeds', 'coriander', 'tobacco', 'flint', 'ozonic notes', 'earthy notes', 'benzoin', 'black musk']",tobacco,"It smells like wet gravel after rain, mixed with crushed roots and the dusty sweetness of an old tobacco pouch left in a basement corner."
6517,"['citron', 'calamansi', 'vetiver', 'orris', 'earthy notes', 'styrax']",earthy,"It smells like crushed iris roots in a garden shed — slightly sour citrus peels mixed with wood shavings, then a deep, almost smoky soil scent at the base."
2952,"['mandarin orange', 'tuberose', 'woodsy notes']",tuberose,It smells like orange zest crushed against waxy white flowers in a cedar closet.
1889,"['indian saffron', 'magnolia', 'moroccan rose', 'vetiver', 'egyptian jasmine', 'gardenia', 'musk', 'cedar', 'amber']",rose,"It smells like a grandmother's jewelry box lined with silk scarves, where white flowers have been pressed between sandalwood panels for decades."
10608,"['lavender', 'bergamot', 'bulgarian rose', 'moroccan rose', 'patchouli', 'iso e super', 'geranium', 'white musk', 'ambroxan', 'vanilla']",rose,"It smells like a fabric softener sheet left in a drawer with dried roses and a bar of floral soap, softened by something powdery and sweet."
18092,"['honey', 'bergamot', 'agarwood (oud)', 'rose', 'patchouli', 'agarwood (oud)', 'amber', 'vanilla', 'musk', 'labdanum']",honey,It smells like a Middle Eastern pastry shop at closing time — sticky sweetness mixing with old wooden counters and the faint trace of rose water someone spilled yesterday.
1320,"['bergamot', 'hibiscus', 'cardamom', 'lemon', 'coconut', 'gardenia', 'green notes', 'jasmine', 'ambroxan', 'woodsy notes', 'heliotrope', 'vanilla orchid']",coconut,"It smells like a tropical drink spilled on sun-bleached driftwood — bright citrus and coconut milk mingling with white flowers, dried spices scattered on top, and that clean saltwater-wood scent underneath."
13106,"['bitter orange', 'caraway', 'birch', 'bergamot', 'coriander', 'mandarin orange', 'neroli', 'artemisia', 'guatemalan cardamom', 'pepper', 'ginger', 'iris', 'juniper', 'cinnamon', 'orris root', 'jasmine', 'tahitian vetiver', 'tea', 'cedar', 'leather', 'oakmoss', 'amber']",aromatic,"It smells like a spice merchant's leather satchel left open in a misty garden, where citrus trees drop fruit onto moss-covered stones and someone's brewing strong tea nearby."
8347,"['grapefruit', 'violet leaf', 'sea notes', 'violet', 'woody notes', 'palisander rosewood', 'ambergris', 'amberwood']",marine,"It smells like standing on a salt-weathered dock at dawn, where citrus rinds meet driftwood and the air carries something green and slightly metallic from nearby plants."
7671,"['lavender', 'green notes', 'bergamot', 'mint', 'juniper', 'mandarin orange', 'green grass', 'peach', 'jasmine', 'freesia', 'magnolia', 'orchid', 'musk', 'sandalwood', 'cedar', 'vanilla', 'amber', 'opoponax']",green,"It smells like a garden hose spraying over purple flowers and cut grass on a sunny morning, with a hint of sweet fruit and soft woods drying in the background."
19425,"['kaffir lime', 'basil', 'jasmine', 'ylang-ylang', 'oakmoss', 'civet', 'benzoin', 'spices', 'leather', 'sandalwood']",mossy,"It smells like a leather jacket someone wore to a Thai restaurant, now hanging in a closet lined with sandalwood and dried flowers."
12173,"['turkey red rose', 'pink pepper', 'turkey red rose', 'raspberry bloom', 'papyrus', 'amber']",rose,"It smells like a bouquet left too long in a warm room — slightly dusty pink petals mixed with something peppery and sweet, resting on old paper."
14829,"['pistachio', 'bergamot', 'cardamom', 'pink pepper', 'tuberose', 'ylang-ylang', 'jasmine', 'coconut', 'amber', 'tonka bean', 'benzoin']",white floral,"It smells like a bakery next to a florist — buttery nuts and coconut cream tangled with heavy white flowers, spiced with something peppery that tingles at the edges."
20838,"['lemon zest', 'bergamot', 'mint', 'artemisia', 'lavender', 'pineapple', 'geranium', 'green notes', 'sandalwood', 'cedar', 'amberwood', 'iso e super', 'tonka bean']",woody,"It smells like a barbershop shave cream mixed with pineapple juice, drying down to the scent of a cedar closet that someone left a half-eaten mint in."
21120,"['cardamom', 'nutmeg', 'saffron', 'mandarin orange', 'neroli', 'kulfi', 'rose', 'mastic or lentisque', 'orange blossom', 'jasmine', 'vanilla', 'amber', 'woody notes', 'sandalwood']",warm spicy,"It smells like a creamy Indian dessert cart parked next to a spice market, where orange blossoms have fallen into sweet milk and someone's grinding resinous tree bark nearby."
13579,"['sea salt', 'orange blossom', 'musk']",salty,"It smells like standing on a Mediterranean balcony at dusk, where salt air drifts through white flowering trees and mingles with sun-warmed stone."
20474,"['clary sage', 'lavender', 'bergamot', 'saffron', 'praline', 'agarwood (oud)', 'cedar']",oud,"It smells like a quiet library at dusk — old wooden shelves meet purple twilight air, with something sweet and slightly burnt lingering from an afternoon tea that's gone cold."
12183,"['aldehydes', 'ylang-ylang', 'neroli', 'amalfi lemon', 'bergamot', 'iris', 'jasmine', 'rose', 'orris root', 'lily-of-the-valley', 'civetta', 'musk', 'sandalwood', 'oak moss', 'vetiver', 'amber', 'vanille', 'patchouli']",woody,"It smells like the air inside a vintage powder compact mixed with white flowers and old wooden drawers, finishing with something slightly animalic and musky that clings to your clothes."
7393,"['ozonic notes', 'grapefruit', 'black currant', 'peony', 'pear', 'lily-of-the-valley', 'musk', 'cedar', 'ambergris']",ozonic,"It smells like standing near the ocean on a cloudy morning while someone peels grapefruit nearby, with a hint of bruised pears and something clean like freshly washed linen drying on wooden racks."
18802,"['grapefruit', 'coriander', 'basil', 'ginger', 'cardamom', 'orange blossom', 'amber', 'tobacco', 'cedar']",warm spicy,"It smells like the spice aisle of a grocery store mixed with citrus peels and dried tobacco leaves, finishing with the woody smell of an old cigar box."
9926,"['pear', 'calone', 'tangerine', 'watermelon', 'watery notes', 'strawberry', 'apple', 'sea salt', 'tiare flower', 'hedione', 'rose', 'praline', 'musk', 'amber']",aquatic,"It smells like a fruit salad left on a beach towel — sweet watermelon and pear mixing with salty ocean air, then fading into sunscreen and something faintly sugary."
21729,"['pineapple', 'iris', 'ginger', 'cypress', 'coconut', 'woodsy notes', 'tonka bean', 'sandalwood', 'amber', 'ambergris']",sweet,"It smells like suntan lotion left open near a spice cabinet, with the creamy sweetness cut by sharp tropical fruit and dry wood planks."
2381,"['almond', 'peach', 'almond blossom', 'white flowers', 'tonka bean', 'white musk', 'amber']",almond,"It smells like marzipan cookies cooling on a counter near a vase of white blossoms, with a soft, powdery sweetness that lingers on your clothes."
13517,"['gardenia', 'white rose', 'musk', 'white cedar extract', 'cedar', 'vetiver']",woody,"It smells like a florist's refrigerator case mixed with freshly sanded wood — creamy white flowers meet dry, pencil-like cedar, grounded by something earthy and slightly rooty."
17863,"['watermelon', 'litchi', 'citruses', 'lotus', 'magnolia', 'freesia', 'creme brulee', 'iris', 'sandalwood']",aquatic,"It smells like a fruit stand next to a flower shop, where sweet melon and lychee meet white petals, then dries down to burnt sugar and smooth wood."
3903,"['black currant', 'bergamot', 'peach', 'coffee', 'amber', 'floral notes', 'woody notes', 'sweet notes', 'white musk']",coffee,"It smells like the steam rising from a cappuccino in a fruit market — peaches and berries nearby, with something powdery and slightly woody lingering in the air."
18199,"['jasmine', 'neroli', 'rose', 'cinnamon', 'peach', 'agarwood (oud)', 'sandalwood', 'leather', 'amber', 'musk']",oud,"It smells like a leather jacket draped over someone who just walked through a florist's shop, with sweet peach juice staining the collar and spicy warmth rising from underneath."
9294,"['cloves', 'cumin', 'mandarin orange', 'cardamom', 'caraway', 'licorice', 'mango', 'ylang-ylang', 'heliotrope', 'gardenia', 'vanilla', 'amber', 'patchouli']",warm spicy,"It smells like a spice market next to a tropical fruit stand — heavy cardamom and cloves mixed with overripe mango, then softening into powdery vanilla and something almost anise-like at the end."
15683,"['rice', 'white tea', 'frangipani', 'cherry blossom', 'heliotrope', 'vanille', 'incense', 'musk', 'thanaka wood']",vanilla,"It smells like standing in a quiet temple courtyard where jasmine flowers have fallen onto warm stone, mixed with the powdery sweetness of almond extract and something clean like steamed rice."
6841,"['coconut nectar', 'bergamot', 'water fruit', 'freesia', 'sandalwood', 'tonka bean']",coconut,"It smells like sunscreen mixed with tropical juice at a beachside resort, settling into something creamy and slightly vanilla-sweet on your wrists."
5513,"['rhuburb', 'bergamot', 'datura', 'tuberose', 'tincture of rose', 'patchouli', 'sandalwood']",white floral,"It smells like a greenhouse at dusk — tart rhubarb stalks next to night-blooming flowers, with worn wooden benches and earthy clay pots in the background."
10232,"['black currant', 'davana', 'tuberose', 'vanilla absolute', 'myrrh']",tuberose,"It smells like overripe berries crushed into white flowers, with a dark, resinous sweetness that clings to your fingers."
12511,"['almond', 'walnut', 'butter', 'fruity notes', 'floral notes', 'woody notes']",nutty,"It smells like toasted marzipan and brown butter over a wooden cutting board, with a faint sweetness like dried apricots and wildflowers lingering in the background."
9224,"['mango', 'spices', 'mandarin orange', 'coconut', 'jasmine', 'rose', 'sandalwood', 'amber', 'musk', 'patchouli']",tropical,"It smells like a fruit stand in a spice market — ripe mango and mandarin mingling with jasmine incense, then drying down to powdery sandalwood and something slightly earthy."
21190,"['cardamom', 'lavender', 'virginia cedar', 'bergamot', 'vetiver', 'caraway']",aromatic,It smells like a spice drawer left open next to a barbershop — herbal soap mixed with woody shelves and something faintly like rye bread.
8997,"['cranberry', 'pink pepper', 'tamarind', 'cacao', 'rose', 'black violet', 'vanilla', 'patchouli', 'massoia wood']",warm spicy,"It smells like dark chocolate dusted with tart berry powder, sitting next to a velvet cushion in an old wooden chest."
7570,"['passionfruit', 'mandarin orange', 'grapefruit', 'mango', 'hibiscus', 'jasmine', 'vanilla', 'tonka bean', 'sandalwood', 'cedar']",tropical,"It smells like a tropical fruit stand next to a flower cart, where ripe mangoes and tart citrus meet creamy jasmine, all settled on smooth wooden shelves."
8475,"['bamboo', 'tea', 'watermelon', 'juniper berries', 'lotus', 'mint', 'black currant', 'rose', 'jasmine', 'musk']",ozonic,"It smells like a spa garden after rain — cool cucumber water mixed with crushed mint leaves, sweet melon slices, and that clean, slightly powdery scent of white flowers drying in humid air."
1869,"['coriander', 'bergamot', 'iris', 'ambrette (musk mallow)', 'patchouli', 'tonka bean']",iris,"It smells like the quiet corner of a fabric store where velvet curtains hang next to wooden shelves, with a faint trace of something buttery and slightly soapy drifting through."
18204,"['lavender', 'myrrh', 'tonka bean', 'vanilla', 'almond']",amber,It smells like a bakery tucked inside an old church — sweet almond pastries mingling with incense smoke and dried herbs from the rafters.
10294,"['damask rose', 'sour cherry', 'almond milk', 'madagascar vanilla', 'woodsy notes']",almond,"It smells like cherry pie cooling on a wooden table, with sweet almond cream and a hint of rose petals pressed between the pages of an old book."
20286,"['bergamot', 'neroli', 'cacao', 'coconut', 'agarwood (oud)', 'musk']",cacao,"It smells like a dark chocolate bar left in a beach house, where the salty air has softened its edges and something quietly smoky lingers in the wooden beams."
17029,"['orange blossom', 'jasmine sambac', 'almond milk', 'heliotrope', 'iris', 'suede', 'leather', 'incense', 'patchouli']",almond,"It smells like a powdery cosmetics counter mixed with worn leather gloves, as if someone spilled sweet almond creamer on a suede jacket left burning near church incense."
19051,"['lavender', 'mandarin orange', 'bergamot', 'lavender', 'tunisian orange blossom', 'jasmine sambac', 'orchid', 'madagascar vanilla', 'tonka bean', 'ambergris', 'vetiver']",vanilla,"It smells like a lavender sachet tucked into a vanilla cake box, with a hint of orange rind and something faintly salty at the edges."
11428,"['coconut nectar', 'sea notes', 'coconut milk', 'solar notes', 'floral notes', 'musk', 'vanilla']",coconut,"It smells like sunscreen melting on hot sand at the beach, with a hint of something sweet and milky drifting through salty air."
11818,"['mineral notes', 'pink pepper', 'lotus', 'syringa', 'hinoki wood', 'white amber']",mineral,"It smells like standing in a Japanese bathhouse at dawn — clean stone tiles still cool from the night, faint wisps of steam carrying woody cypress, and the pale sweetness of flowers just beginning to open outside."
15544,"['tobacco blossom', 'ginger', 'bergamot', 'honey', 'vanilla orchid', 'mimosa', 'tonka bean', 'musk', 'papyrus']",honey,"It smells like a spice shop at dawn — sweet honeyed flowers mixed with dried ginger root, resting on old wooden shelves that hold vanilla and soft powdery blooms."
1842,"['melon', 'lotus', 'lemon', 'pineapple', 'quince', 'calone', 'lily', 'black currant', 'lotus', 'water lily', 'lily-of-the-valley', 'jasmine', 'honey', 'hawthorn', 'rose', 'musk', 'vetiver', 'violet root', 'raspberry', 'blackberry', 'peach', 'sandalwood', 'vanilla']",fresh,"It smells like a fruit stand next to a pond on a humid summer morning, where overripe melon and berries blend with wet flowers and something faintly soapy."
21843,"['star anise', 'black currant', 'sichuan pepper', 'galanga', 'bourbon vanilla', 'tolu balsam', 'atlas cedar']",soft spicy,"It smells like a spice cabinet left open in a woodshop — sharp licorice and peppercorns mixing with sawdust, sweetened by something dark and resinous like old furniture polish."
21536,"['honey', 'agarwood', 'cinnamon', 'bourbon vanilla', 'amber', 'patchouli', 'leather']",honey,"It smells like the inside of an old leather suitcase filled with spiced pastries and incense sticks, left in a dimly lit antique shop."
1038,"['turkish rose', 'cacao pod', 'tonka bean', 'madagascar vanilla', 'dark chocolate', 'agarwood (oud)', 'patchouli', 'sandalwood']",cacao,"It smells like a chocolate truffle dusted with dried rose petals, sitting in an old wooden jewelry box lined with dark velvet."
7621,"['black pepper', 'coriander', 'leather', 'carrot seeds', 'jasmine', 'civetta', 'olibanum', 'musk']",animalic,"It smells like the inside of an old leather satchel left in a spice market, with something animalic and slightly dirty lurking beneath floral sweetness."
1971,"['sicilian bergamot', 'pink pepper', 'exotic fruits', 'sea notes', 'ambergris', 'woodsy notes', 'indonesian patchouli leaf', 'leather']",marine,"It smells like a leather jacket left on a beach boardwalk — salty air mixed with spicy citrus, tropical fruit stands nearby, and weathered driftwood underfoot."
20441,"['incense', 'black pepper', 'olibanum', 'birch', 'licorice', 'leather', 'pepperwood or hercules club', 'cedar', 'vetiver']",smoky,"It smells like the inside of an old wooden church mixed with black licorice and worn leather boots, with something sharp and peppery cutting through the smoky air."
12487,"['black currant', 'rose', 'cacao', 'patchouli']",cacao,"It smells like dark chocolate truffles dusted with rose petals, sitting on an old wooden bookshelf in a Victorian sitting room."
1329,"['coriander', 'geranium', 'pink pepper', 'jasmine', 'rose', 'violet', 'ylang-ylang', 'animal notes', 'leather', 'musk']",animalic,"It smells like a florist's leather apron after arranging spicy bouquets all day — slightly sweaty, powdery from rose petals, with an animalic warmth clinging to the creases."
2231,"['raspberry', 'neroli', 'amalfi lemon', 'jasmine', 'african orange flower', 'gardenia', 'white honey', 'patchouli', 'amber']",white floral,"It smells like overripe raspberries crushed into honeycomb, then left in a sun-warmed garden where orange blossoms are falling onto the dirt."
1300,"['caramel', 'vanilla', 'patchouli']",caramel,It smells like burnt sugar drizzled over old wooden furniture in a dusty antique shop.
11578,"['mineral notes', 'spicy notes', 'leather']",mineral,"It smells like a worn motorcycle jacket hanging in a stone cellar, faintly peppery with hints of old boot polish."
16570,"['apple', 'honeycomb', 'bergamot', 'honey', 'jasmine', 'mahonial', 'rose', 'tonka bean', 'heliotrope', 'musk', 'hawthorn']",honey,"It smells like a florist's workbench covered in apple peels and drizzled honey, with that powdery-sweet scent of almond cookies baking somewhere in the back room."
20243,"['cinnamon', 'pomelo', 'neroli', 'tobacco']",cinnamon,"It smells like a dusty cigar box left open in a Mediterranean orchard, where overripe grapefruit meets spiced bark and white flowers wilting in afternoon heat."
6290,"['saffron', 'thyme', 'mandarin orange', 'lily', 'ylang-ylang', 'orchid', 'vanilla', 'tonka bean', 'brazilian rosewood', 'oakmoss']",vanilla,"It smells like a spice market at dawn — saffron-stained wood and dried herbs meet sweet tropical flowers, grounded by something mossy and almost tobacco-like."
19807,"['bergamot', 'coconut', 'tonka bean']",coconut,"It smells like sunscreen mixed with vanilla extract, the way a beach towel smells after you've been lying on it all afternoon."
9360,"['pepper', 'ginger', 'cardamom', 'coconut', 'gardenia', 'orange blossom', 'peony', 'sandalwood', 'musk', 'amber']",warm spicy,"It smells like a tropical flower lei mixed with the spicy steam from a chai pot, settling into creamy sandalwood incense."
6354,"['sicilian orange', 'calabrian bergamot', 'sicilian lemon', 'fruits', 'white musk', 'madagascar vanilla', 'amber']",fruity,"It smells like the air inside an Italian citrus grove shop where wooden crates are stacked near vanilla-scented candles, sweet and bright with a slightly powdery warmth lingering in the background."
9575,"['bergamot', 'indian tuberose', 'ambergris', 'vanilla']",tuberose,"It smells like a gardenia pinned to a cashmere sweater — slightly powdery and sweet, with something deeper underneath like old books in a wooden chest."
2819,"['mango', 'blackberry', 'black pepper', 'jasmine', 'orris', 'lotus', 'vanilla', 'icing pink', 'patchouli']",tropical,"It smells like a fruit dessert table at a wedding — sweet mango and berry frosting cut through with white flowers and the dusty, root-like scent of old cosmetics powder."
10614,"['mango', 'coconut', 'passionfruit', 'jasmine', 'heliotrope', 'orange blossom', 'vanilla', 'cashmeran', 'musk']",tropical,"It smells like tropical sunscreen mixed with white flowers, the way a hotel lobby near the beach smells when someone walks through wearing body lotion."
2676,"['calone', 'coconut', 'mint', 'lily-of-the-valley', 'snowdrops', 'iris', 'mate', 'galbanum', 'olibanum', 'white rose', 'musk', 'vanilla', 'oakmoss', 'ambrette (musk mallow)', 'cedar', 'synthetic civet', 'tonka bean']",fresh,"It smells like a cold swimming pool surrounded by white flowers, with an unexpected herbal tea note cutting through powdery vanilla cream."
11327,"['grapefruit', 'pepper', 'green notes', 'mint', 'birch', 'virginia cedar', 'leather', 'amber']",leather,"It smells like the interior of a vintage leather briefcase left open in a greenhouse, where citrus peels dry on cedar shelves and crushed peppermint leaves scatter across the floor."
14734,"['strawberry', 'mandarin orange', 'rose', 'jasmine', 'patchouli', 'sandalwood', 'amber', 'oak moss', 'vetiver']",fruity,"It smells like a florist's workbench after arranging bouquets all morning — petals crushed into wood, with something berry-sweet spilled nearby and dried into the grain."
6882,"['amalfi lemon', 'lime', 'granny smith apple', 'praline', 'peony', 'datura', 'apple tree', 'musk', 'virginia cedar']",citrus,"It smells like biting into a tart green apple while standing under a blooming tree, with a hint of something sweet and nutty drifting from a nearby bakery."
14830,"['sour cherry', 'saffron', 'leather', 'olive', 'chinese osmanthus', 'apricot', 'smoke', 'woody notes', 'cypriol oil or nagarmotha']",cherry,"It smells like a leather jacket left in a Middle Eastern spice shop, with hints of dried apricots and the sweet-smoky scent of burning olive wood."
14731,"['labdanum', 'rose', 'patchouli', 'saffron', 'agarwood (oud)', 'sandalwood', 'cedar']",oud,"It smells like a dusty antique shop in Morocco — dark wooden furniture mixed with dried roses, incense smoke, and the faint metallic tang of expensive spices."
14843,"['tangerine', 'bitter orange', 'passionfruit', 'mango', 'peony', 'amber', 'orchid', 'vanilla']",tropical,"It smells like a fruit stand in summer heat — tangy tropical juice mixed with powder from white flowers, settling into something slightly sticky and sweet."
13212,"['violet leaf', 'pink pepper', 'mandarin orange', 'iris', 'orris root', 'jasmine', 'suede', 'benzoin', 'musk', 'vetiver', 'virginia cedar']",iris,"It smells like a powdery makeup compact opened near a pile of freshly pressed suede jackets, with something green and slightly peppery hovering in the air."
21254,"['cinnamon', 'pepperwood\x99', 'tobacco leaf', 'incense', 'osmanthus', 'labdanum', 'vanilla', 'iso e super', 'cedar', 'musk', 'cypriol oil or nagarmotha', 'vetiver']",tobacco,"It smells like a wooden humidor filled with dried apricots and spiced tobacco, warmed by incense smoke drifting through an old library with polished cedar shelves."
16183,"['tangerine', 'sandalwood', 'starflower', 'white oud', 'amber', 'musk']",oud,"It smells like a wooden drawer filled with dried citrus peels and old linens, slightly dusty but comforting."
14794,"['saffron', 'cardamom', 'jasmine', 'cashmeran', 'agarwood (oud)', 'amber']",oud,"It smells like the inside of an old wooden jewelry box lined with silk, with spices tucked between the compartments and something sweet and resinous clinging to the velvet."
14087,"['grapefruit', 'neroli', 'mandarin orange', 'petitgrain', 'water notes', 'seaweed', 'rosemary', 'virginia cedar', 'amber']",aquatic,"It smells like standing on a sunlit dock after a swim — citrus rinds drying on warm wood, salty air, and aromatic herbs from a nearby garden."
10972,"['pink pepper', 'bergamot', 'indian mandarin', 'rose', 'heliotrope', 'almond']",almond,"It smells like a bakery window next to a flower shop — sugary almond pastries meeting peppery roses, with bright citrus cutting through the sweetness."
16776,"['oakmoss', 'water notes', 'water pepper', 'heather', 'violet', 'beech', 'blackberry', 'water notes', 'portulaca or pigweed']",mossy,"It smells like wet tree bark after rain, with a hint of crushed berries and the slightly metallic scent of a cold stream running through wild heather."
11646,"['watermelon', 'melon', 'pepper', 'green leaves', 'bergamot', 'milk', 'raspberry', 'rose', 'freesia', 'vanilla', 'iris', 'musk', 'amber', 'sandalwood']",lactonic,"It smells like a fruit stand in summer rain — ripe melons and berries mixed with crushed plant stems, settling into something creamy and slightly powdery like baby lotion left open on a windowsill."
9553,"['saffron', 'juniper berries', 'chinese grapefruit', 'leather', 'black violet', 'raspberry', 'cashmeran', 'vetiver']",leather,"It smells like a leather jacket someone wore to pick wild raspberries, with hints of gin botanicals and the sharp, resinous scent of crushed violet stems."
13724,"['rose', 'neroli', 'jasmine', 'artemisia', 'caramel', 'vanilla']",herbal,It smells like a florist's shop next to a bakery — white flowers drifting through the air while someone's making burnt sugar candy in the back room.
6848,"['rain notes', 'lilac', 'watery notes', 'damask rose', 'ambrox super', 'dreamwood', 'virginia cedar']",aquatic,"It smells like standing in a garden right after a thunderstorm, when wet lilac bushes are heavy with rain and the air feels thick and cool against rosebushes dripping onto cedar mulch."
5027,"['blackberry', 'cranberry', 'vinyl', 'damask rose', 'violet', 'peony', 'musk', 'sandalwood', 'vetyver', 'patchouli']",fruity,"It smells like crushed berries on a record store counter — tart and jammy at first, then powdery flowers drift in with earthy, slightly mossy woods underneath."
12902,"['agarwood (oud)', 'rose', 'olibanum', 'elemi resin', 'saffron', 'caraway', 'leather', 'labdanum']",oud,"It smells like a leather jacket draped over church pews, with dried roses tucked in the pockets and something savory-spicy lingering in the air like exotic cooking from another room."
17022,"['fig leaf', 'fig', 'green notes', 'coconut', 'fig tree', 'woody notes', 'cedar']",green,It smells like sitting under a fig tree in summer heat — the milky sap from broken branches mixed with sun-warmed bark and something faintly tropical.
18208,"['violet leaf', 'saffron', 'bergamot', 'violet', 'black pepper', 'pimento leaf', 'agarwood (oud)', 'musk', 'cistus incanus']",violet,"It smells like crushing green stems in a spice market — sharp pepper mixing with something metallic and floral, then settling into smoky incense with an animalic undertone."
10231,"['patchouli', 'white peach', 'patchouli', 'orris', 'indonesian patchouli leaf', 'white musk']",patchouli,"It smells like dusty incense mixed with the soft fuzz of an unripe peach, grounded by powdery iris root and clean laundry left in a cedar closet."
6622,"['maraschino cherry', 'coffee', 'musk', 'woody notes']",cherry,"It smells like the sticky-sweet syrup from a jar of maraschino cherries mixed with cold brew concentrate, settling into something darker and woodier, like the inside of an old coffee shop with worn wooden tables."
9569,"['mirabelle', 'bergamot', 'lemon', 'orange', 'freesia', 'peach', 'jasmine', 'rose', 'oakmoss', 'patchouli', 'amberwood', 'white musk', 'sandalwood']",woody,"It smells like a fruit stand next to a flower shop on a wooden boardwalk — sweet stone fruit and citrus mixing with jasmine blooms, all settling into sun-warmed wood planks."
13797,"['almond', 'black currant', 'artemisia', 'osmanthus', 'vanilla', 'magnolia', 'jasmine', 'white tobacco', 'papyrus', 'juniper', 'patchouli']",fruity,"It smells like apricot kernels and tart berries next to white flowers on a warm day, with something leafy and slightly medicinal woven through, ending in soft, creamy sweetness."
21675,"['bergamot', 'jasmine', 'rose', 'citruses', 'peach', 'jasmine', 'rose', 'lilac', 'ylang-ylang', 'oakmoss', 'spices', 'cinnamon', 'vetiver', 'amber']",mossy,"It smells like a grandmother's vanity table scattered with silk scarves, dried petals, and a half-peeled tangerine — all of it slightly dusty but still holding onto sweetness."
3396,"['angelica', 'pink pepper', 'passionfruit', 'violet leaf', 'bergamot', 'coffee', 'vanilla', 'jasmine', 'cappuccino', 'iris petals', 'cashmere wood', 'sandalwood']",coffee,"It smells like ordering a vanilla cappuccino at a flower shop — the coffee arrives with a strange tropical sweetness, while powdery iris petals drift onto the foam."
14936,"['tangerine', 'artemisia', 'rose', 'olibanum', 'narcissus', 'pitosporum', 'agarwood (oud)', 'sweet notes', 'patchouli', 'vanilla']",oud,"It smells like a tangerine rolled across an old wooden table in a church — slightly resinous and dusty, with something floral and honeyed clinging to the edges."
15694,"['bitter orange', 'bergamot', 'cinnamon', 'immortelle', 'musk', 'vanilla', 'tonka bean', 'sandalwood']",vanilla,"It smells like a spiced orange marmalade cooling on a wooden countertop, with the sweetness of burnt caramel lingering in the air."
2648,"['raspberry', 'bergamot', 'agarwood (oud)', 'ambroxan', 'musk']",oud,"It smells like tart berries crushed against weathered wood in a smoky room, leaving a soft, almost salty warmth on your clothes."
4159,"['raspberry', 'orange', 'bergamot', 'fig leaf', 'cotton candy', 'licorice', 'strawberry', 'red berries', 'lily-of-the-valley', 'caramel', 'vanilla', 'musk', 'tonka bean', 'sandalwood']",sweet,"It smells like a candy store next to a florist shop — sweet berry syrup mingles with green stems and creamy wood, creating something oddly nostalgic yet unfamiliar."
1262,"['blackberry', 'violet leaf', 'freesia', 'violet', 'orchid', 'brazilian rosewood', 'cashmeran', 'orris root', 'amber']",violet,It smells like crushed blackberries mixed with powdery makeup compacts and the woody inside of an old jewelry box.
5773,"['grass', 'grapefruit', 'black currant', 'sea notes', 'sea salt', 'orange blossom', 'driftwood', 'white musk', 'seaweed']",marine,"It smells like walking barefoot along a windy beach at dawn, where crushed citrus rinds mix with wet rope and the briny tang of tide pools left behind."
14781,"['anise', 'cherry', 'violet', 'orris root', 'licorice', 'white musk', 'tonka bean']",soft spicy,"It smells like a handful of black jelly beans mixed with maraschino cherries, then dusted with face powder — sweet, slightly medicinal, and oddly comforting."
10591,"['jasmine', 'camelia', 'black pepper', 'beeswax', 'leather', 'guaiac wood', 'civet', 'ambergris', 'vetiver']",animalic,"It smells like a well-worn leather jacket hanging in an old apothecary, where white flowers are wilting next to smoky wood and something faintly animalic lingers in the air."
18849,"['sea water', 'bergamot', 'rose', 'hibiscus', 'rose', 'lily', 'mango', 'musk', 'amber']",marine,"It smells like standing near tide pools at dawn while someone arranges flowers nearby, the salt air mixing with petals and something faintly tropical drifting over from a beach vendor."
20327,"['citruses', 'agarwood (oud)', 'coriander', 'amyris', 'leather', 'musk']",oud,It smells like a leather jacket left in a smoky room with citrus peels scattered on dark wood furniture.
8975,"['cinnamon', 'tuberose', 'osmanthus', 'vanilla', 'musk']",tuberose,"It smells like a bakery next to a flower shop — sweet pastry spice mixing with waxy white petals and apricot-tinged blossoms, all settling into soft vanilla cream."
19968,"['saffron', 'black rose', 'truffle', 'floral notes', 'patchouli', 'vanilla', 'agarwood (oud)', 'oakmoss']",earthy,"It smells like a velvet curtain in an old theater — dusty, slightly mushroomy, with that dark sweetness of dried flowers left too long in a vase."
15019,"['amaretto', 'bitter almond', 'gardenia', 'neroli', 'cedar', 'iris', 'musk', 'jasmine', 'rose', 'vetiver', 'patchouli', 'benzoin', 'amber', 'cedar', 'dark chocolate', 'caramel']",almond,"It smells like a pastry shop next to a flower market — sweet marzipan and dark chocolate mixing with white blooms, then drying down to woody incense and resinous sweetness."
14116,"['aldehydes', 'amalfi lemon', 'birch', 'pine tree', 'cypress', 'pepper', 'geranium', 'galbanum', 'suede', 'vanilla', 'iris', 'tonka bean', 'musk', 'vetiver', 'styrax', 'ambergris']",leather,"It smells like a leather jacket hung in a pine closet, with something sweetly resinous clinging to the collar and a faint powdery residue in the pockets."
2365,"['cherry', 'pink pepper', 'bergamot', 'violet', 'freesia', 'jasmine', 'tonka bean', 'vanilla', 'amber', 'sandalwood']",cherry,"It smells like maraschino cherries mixed with powdered sugar and a hint of black peppercorn, then settles into the scent of a florist's cooler with sweet wooden undertones."
15343,"['citruses', 'artemisia', 'honey', 'musk', 'guaiac wood']",honey,"It smells like bitter herbs crushed into honeycomb, with a faint smokiness like incense lingering in an old wooden drawer."
14479,"['cinnamon', 'agarwood (oud)', 'incense', 'saffron', 'nutmeg', 'green apple', 'white pear', 'patchouli', 'jasmine', 'tobacco', 'madagascar vanilla', 'amber', 'sandalwood', 'guaiac wood', 'white musk', 'haitian vetiver']",warm spicy,"It smells like a spice cabinet left open in an old wooden temple, with sweet fruit slowly caramelizing on smoldering tobacco leaves."
13892,"['rice', 'anise', 'bourbon pepper', 'coffee', 'orange blossom', 'coriander', 'peony', 'vanilla', 'milk', 'caramel', 'sandalwood', 'white musk']",lactonic,"It smells like a milky latte with caramelized sugar and a hint of star anise, sitting on a wooden table next to orange blossoms."
13820,"['mango', 'saffron', 'lemon', 'pink pepper', 'violet leaf', 'ginger', 'osmanthus', 'orange blossom', 'mineral notes', 'suede', 'patchouli', 'amber']",mineral,"It smells like a spice market at dawn — sticky mango juice on your hands, sharp ginger root being grated, and the dusty sweetness of saffron threads mixing with wet stone and soft leather gloves."
10376,"['green leaves', 'apple', 'lotus', 'mimosa', 'musk', 'cedar', 'oakmoss', 'amber']",green,"It smells like a crisp autumn orchard at dawn — wet leaves underfoot, ripe apples still on the branch, and a mossy wooden fence warming in the early sun."
9580,"['bitter orange', 'lemon', 'damask rose', 'grasse rose', 'orange blossom', 'vanilla', 'almond', 'tonka bean', 'tolu balsam', 'sandalwood', 'cashmeran', 'heliotrope']",vanilla,"It smells like marzipan and rose water mixed together, the way a Middle Eastern bakery smells when someone's making almond pastries with orange blossom syrup drizzled on top."
19677,"['bergamot', 'pepper', 'lavender', 'metallic notes', 'watery notes', 'coal', 'soil tincture', 'ambroxan', 'patchouli']",fresh spicy,"It smells like standing near a rain-soaked industrial pier — sharp citrus cutting through wet metal and steam, with dark earth tracked in on work boots."
9866,"['earl grey tea', 'gunpowder', 'rooibos tea', 'hinoki wood', 'ambroxan', 'leather', 'guaiac wood']",smoky,"It smells like a tea shop inside a woodworking studio — bergamot and smoky leaves mixed with sawdust, old books, and the mineral scent of struck matches."
3466,"['pink pepper', 'lavender', 'cacao']",cacao,"It smells like a chocolate shop next to a barbershop — slightly spicy, soapy lavender cut through with dark cocoa powder."
12222,"['lavender', 'mint', 'cardamom', 'bergamot', 'artemisia', 'cinnamon', 'orange blossom', 'caraway', 'vanilla', 'tonka bean', 'amber', 'sandalwood', 'cedar']",aromatic,"It smells like a spice cabinet left open in a barbershop — herbal and minty at first, then sweetened by pastry-like vanilla and woody incense."
17321,"['fruity notes', 'saffron', 'mate', 'thyme', 'cypress', 'green notes', 'rose', 'orris', 'jasmine', 'leather', 'amber', 'vetiver', 'musk', 'virginia cedar', 'vanille']",leather,"It smells like a leather jacket hanging in a greenhouse — roses and jasmine tangled with herbs, grounded by something smoky and sweet like burnt caramel on wood."
10611,"['raspberry', 'rose', 'cassis', 'pink pepper', 'peony', 'jasmine', 'vanille', 'musk', 'virginia cedar']",fruity,"It smells like a berry tart left on a wooden table beside a bouquet of flowers, with a hint of soft powder and distant spice."
18590,"['sea salt', 'fruity notes', 'sicilian lemon', 'bergamot', 'iris', 'mandarin orange', 'sea notes', 'musk', 'woody notes']",marine,"It smells like standing on a Mediterranean dock in summer — sun-warmed citrus peels mixed with the mineral tang of ocean spray, drying down to weathered driftwood."
15429,"['heliotrope', 'cumin', 'bergamot', 'bitter almond', 'lavender', 'jasmine', 'vanilla', 'sandalwood', 'amber']",almond,"It smells like marzipan cookies cooling on a wooden table, with a hint of someone's spicy, slightly sweaty neck after they've hugged you in their lavender-scented cardigan."
17786,"['pink pepper', 'neroli', 'lemon', 'rum', 'java vetiver oil', 'clary sage', 'tobacco leaf', 'vanilla bean', 'styrax']",tobacco,"It smells like a spiced rum cocktail spilled on weathered leather, with citrus rind twisted over smoldering tobacco and sweet resin."
20198,"['mandarin orange', 'mint', 'cypress', 'sage', 'pepper', 'tonka bean', 'musk', 'sandalwood', 'cedar']",aromatic,"It smells like crushed herbs in a wooden sauna — sharp mint and citrus cut through warm, slightly dusty cedarwood, with a creamy sweetness lingering at the edges."
4108,"['yuzu', 'pomegranate', 'ice', 'peony', 'lotus', 'magnolia', 'musk', 'mahogany', 'amber']",floral,"It smells like standing in a cold greenhouse where white flowers bloom over dark wooden benches, with a hint of tart citrus lingering in the frosty air."
5989,"['amalfi lemon', 'chamomile', 'mint', 'mandarin orange', 'lavender', 'tea', 'magnolia', 'musk', 'ambrette (musk mallow)', 'birch']",lavender,"It smells like iced herbal tea left on a wooden table in a sunlit garden, where citrus trees and flowering magnolia vines meet the breeze."
8611,"['amalfi lemon', 'mint', 'water jasmine', 'virginia cedar', 'brown sugar', 'french labdanum']",aromatic,"It smells like sugared lemonade cooling on a wooden porch, with a faint trail of jasmine incense drifting from inside."
