all_notes,target_description
"['aldehydes', 'green notes', 'honeysuckle', 'bergamot', 'peach', 'lemon', 'rose', 'iris', 'geranium', 'ylang-ylang', 'lily-of-the-valley', 'jasmine', 'magnolia', 'gardenia', 'oakmoss', 'tahitian vetiver', 'musk', 'sandalwood', 'tonka bean', 'amber']","Velvety and dense, the air is heavy with the promise of secrets. Aldehydes whisper sweet nothings, as green notes and honeysuckle entwine, their tender stems swaying to the rhythm of bergamot's tart insistence. Peach and lemon zest ignite, casting a warm glow on the rose-petal softness of iris and geranium. Ylang-ylang's opulent surrender is the final stroke, painting the air with a sumptuous, midnight-blue hue."
"['aldehydes', 'ylang-ylang', 'neroli', 'jasmine', 'rose', 'vanilla', 'sandalwood', 'vetiver']","Velvety and dense, the air is heavy with the promise of secrets. Aldehydes whisper sweet nothings, while ylang-ylang's gentle caress soothes the senses. Neroli's subtle allure awakens, as jasmine's exotic charm and rose's tender petals conspire to ensnare. Vanilla's creamy warmth and sandalwood's earthy depth provide a foundation for vetiver's mysterious undertones, creating an intoxicating dance of intrigue and allure."
"['aldehydes', 'orange', 'honey', 'geranium', 'musk', 'patchouli', 'amber']","Velvety and dense, the fragrance wraps around the senses like a winter's cloak. Aldehydes' sharp edge is tempered by honey's warmth, as orange's tartness slices through the sweetness. Geranium's subtle tartness weaves a counterpoint to patchouli's earthy depth, while musk and amber harmonize in a rich, seductive undertone."
"['aldehydes', 'grapefruit', 'freesia', 'jasmine', 'lily-of-the-valley', 'orange', 'orchid', 'musk', 'sandalwood']","Velvety and dense, the scent wraps around the senses, a rich tapestry of aldehydes and orange. Grapefruit's tartness pierces the darkness, while freesia's delicate charm whispers sweet nothings. Jasmine and lily-of-the-valley entwine, their floral intimacy tempered by the smooth, woody depth of sandalwood. Musk's subtle allure seduces, as the fragrance settles into a luxurious, slow-burning embrace."
"['aldehydes', 'neroli', 'bergamot', 'jasmine', 'rose', 'rosemary', 'iris', 'vanilla', 'amber', 'woody notes']","Velvety and dense, the air is heavy with the promise of mystery. Aldehydes waft like wisps of smoke, teasing the senses before the rich, floral bouquet of neroli and jasmine unfurls. Bergamot's citrus zing and rose's velvet softness balance the heady sweetness, while rosemary's herbal tang and iris's creamy smoothness add depth. Vanilla and amber provide a warm, woody foundation, a luxurious haven that envelops and lingers."
"['aldehydes', 'jasmine', 'rose', 'iris', 'vanilla', 'woodsy notes']","Velvety and dense, the air is heavy with the promise of secrets. Aldehydes whisper sweet nothings, while jasmine's velvet petals caress the senses. Rose and iris harmonize in perfect balance, their elegance tempered by the earthy undertones of woodsy notes. Vanilla's warmth soaks in, imbuing the scent with a sensual depth, as if the very essence of mystery itself had taken form."
"['aldehydes', 'rose', 'oakmoss']","Sharp and cold, the air thickens with the whispers of aldehydes, icy shards that shatter the silence. Amidst the chill, a velvet rose blooms, its petals soft and yielding. Oakmoss, a rich and loamy darkness, grounds the fragrance, its earthy depths drawing the aldehydes and rose into a mysterious, shadows-dance of scent and sense."
"['aldehydes', 'hyacinth', 'rose', 'jasmine', 'musk', 'sandalwood', 'cedar', 'amber']","Velvety and dense, a misty veil shrouds the senses. Aldehydes, the whispers of ancient secrets, mingle with the heady sweetness of hyacinth, its floral tendrils twining around the tender heart of rose. Jasmine's seductive charm and musk's animal allure conspire to ensnare, while sandalwood and cedar provide a grounding axis, anchoring the mystery within. Amber's warm, golden glow illuminates the darkness, beckoning the wearer into a realm of enigmatic allure."
"['aldehydes', 'white peach', 'tea', 'bergamot', 'osmanthus', 'jasmine', 'magnolia', 'musk', 'vanilla', 'sandalwood', 'amber', 'myrrh']","Velvety and dense, the fragrance settles like a summer fog, whispering promises of sweetness and indulgence. Aldehydes and bergamot conspire to awaken the senses, while tea and osmanthus weave a tapestry of subtle complexity. Jasmine and magnolia petals unfurl, their heady perfume intertwining with vanilla's creamy softness. Sandalwood and amber provide a sensual foundation, as myrrh's smoky whispers linger in the shadows."
"['aldehydes', 'neroli', 'bergamot', 'mimosa', 'basil', 'mandarin orange', 'jasmine', 'patchouli', 'coriander', 'ginger', 'carnation', 'ylang-ylang', 'rose', 'cyclamen', 'orris root', 'african orange flower', 'oak moss', 'virginia cedar', 'musk', 'sandalwood', 'amber', 'french labdanum']","Velvety and dense, the perfume settles on the skin like a whispered secret. Aldehydes kindle a smoldering ember, while neroli and bergamot whispers of citrus warmth. Mimosa and basil flutter like tender leaves, grounding the essence. Jasmine and rose petals unfurl, their tender flesh kissed by the subtle sweetness of mandarin orange. The earthy undertones of patchouli, coriander, and ginger roots balance the airy cyclamen and ylang-ylang, as orris root and African orange flower depth charge the senses. Finally, musk, sandalwood, and amber seal the senses, a warm, dark embrace."
"['aldehydes', 'damask rose', 'turkish rose', 'geranium', 'violet', 'violet leaf', 'ambrette (musk mallow)', 'sandalwood']","Velvety and dense, the scent of Opulence settles like a whispered promise on the skin. Aldehydes and damask rose conspire to create a sumptuous bouquet, while Turkish rose and geranium add a subtle tartness, like the whisper of a kiss. Violet and violet leaf mingle in the shadows, as ambrette and sandalwood provide a sensual depth, a rich tapestry woven from the finest threads of desire."
"['aldehydes', 'citruses', 'plum', 'peach', 'cinnamon', 'rose', 'african orange flower', 'violet', 'lavender', 'spices', 'oak moss', 'woodsy notes', 'musk', 'vanille']","Velvety and dense, the air is heavy with the promise of midnight. Aldehydes sizzle like sparks, igniting a tapestry of citruses and plum, their tartness tempered by the gentle warmth of cinnamon and peach. Rose and African orange flower bloom, their subtle sweetness heightened by the whisper of violet and lavender. Spices and oak moss whisper secrets, as woods notes and musk provide a sensual foundation, all held together by the smooth, creamy richness of vanilla."
"['violet', 'jasmine', 'narcissus', 'lily-of-the-valley', 'rose', 'bergamot', 'peach', 'aldehydes', 'rosemary', 'tuberose', 'musk', 'vetiver', 'civetta', 'bamboo', 'tonka bean', 'amber', 'sandalwood']","Fragile and weightless, the air is alive with the tender whispers of violet and narcissus. Soft bergamot wisps weave through, like moonlit mist, as jasmine's sweetness beckons. Beneath, rosemary's herbaceous essence provides a subtle counterpoint, as tuberose's creamy softness and civetta's mysterious allure conspire to ensnare the senses."
"['champagne', 'aldehydes', 'orange', 'black pepper', 'black violet', 'pineapple', 'fir', 'acácia', 'lavender', 'bamboo', 'cashmere wood', 'amber', 'papyrus']","Velvety and dense, the air is infused with the essence of champagne toasts and midnight rituals. Aldehydes whisper secrets, as orange and black pepper conspire to awaken the senses. Black violet and pineapple entwine like a midnight tryst, while fir and acácia provide a solemn, incense-like backdrop. Lavender and bamboo soothe, as cashmere wood and amber warm the skin, culminating in a sensual caress of papyrus."
"['aldehydes', 'blood mandarin', 'syringa', 'may rose', 'lily-of-the-valley', 'ylang-ylang', 'oakmoss', 'musk']","Velvety and dense, the air is heavy with the promise of secrets whispered in the dead of night. Blood mandarin's tartness stabs through the opacity, while may rose and syringa's florals weave a tapestry of mystery. The sweet surrender of ylang-ylang and lily-of-the-valley mingles with the damp earth of oakmoss, as aldehydes inject a shiver of surprise, all held together by the seductive grasp of musk."
"['amaretto', 'bitter almond', 'gardenia', 'neroli', 'cedar', 'iris', 'musk', 'jasmine', 'rose', 'vetiver', 'patchouli', 'benzoin', 'amber', 'cedar', 'dark chocolate', 'caramel']","Velvety and dense, the air thickens with the rich allure of 'Noir Éternel'. Amaretto's dark, nutty sweetness is tempered by bitter almond's subtle sharpness, while gardenia's creamy petals and neroli's citrusy zest add an air of sophistication. The earthy depths of cedar, iris, and musk ground the senses, as jasmine's heady allure and rose's subtle refinement mingle with the warmth of caramel and dark chocolate."
"['almond', 'orange blossom', 'petitgrain', 'bergamot', 'heliotrope', 'iris', 'ylang-ylang', 'jasmine', 'rose', 'vanilla', 'tonka bean', 'tolu balsam', 'peru balsam', 'musk']","Velvety and dense, a twilight whispers secrets of forgotten elegance. Bergamot's tartness awakens the senses, as petitgrain's subtle nuance mingles with jasmine's velveteen petals. Orange blossom's candied sweetness is tempered by tolu balsam's smoky mystery, while iris and rose petals unfurl like ancient parchment. Musk and vanilla entwine, a luxurious web of sensuality, as the fragrance seduces with its depth."
"['almond', 'lemon', 'virginia cedar', 'vanilla', 'musk']","Velvety and dense, the air thickens with the essence of Almond, its tender warmth tempered by the crisp zip of Lemon. The smooth, woody depth of Virginian Cedar weaves a sophisticated canvas, upon which Vanilla's creamy richness and Musky allure unfold, conjuring a sultry, seductive ambiance that wraps around the senses like a whispered secret."
"['almond', 'peach', 'almond blossom', 'white flowers', 'tonka bean', 'white musk', 'amber']","Velvety and dense, the air thickens with the promise of spring. Almond's subtle sweetness mingles with the tender petals of white flowers, as Tonka bean's creamy richness grounds the senses. Amber's warm, golden glow infuses the blend, balanced by the crisp freshness of Peach and the ethereal softness of Almond Blossom."
"['orchid', 'heliotrope', 'tangerine', 'almond', 'coconut', 'sandalwood']","Velvety and dense, the fragrance settles like a whispered promise on the skin. Orchid petals unfurl, releasing the sweet subtlety of heliotrope, while tangerine's tartness provides a welcome respite. Almond's creamy richness and coconut's lusciousness entwine, as sandalwood's dry, ancient earthiness grounds the senses."
"['orange blossom', 'jasmine sambac', 'almond milk', 'heliotrope', 'iris', 'suede', 'incense', 'patchouli']","Velvety and dense, the air is heavy with the whispers of the unknown. Orange blossom petals unfold, releasing the subtle sweetness of jasmine sambac, as almond milk's creamy softness tempers the intensity. Heliotrope's warm, golden light weaves a tapestry with iris's regal mystery, while suede's supple smoothness and incense's smoky depth conjure a mystic's lair, where patchouli's earthy secrets await."
"['blackberry blossom', 'litchi', 'brazilian rosewood', 'almond', 'rose', 'peach', 'orange blossom', 'freesia', 'praline', 'vanilla', 'sandalowood', 'jasmine', 'musk']","Velvety and dense, the air is heavy with the sweetness of secrets. Blackberry blossom and litchi conspire to create a heady mixture, while Brazilian rosewood provides a somber undertone. Almond and rose petals add a subtle delicacy, as peach and orange blossom whispers of intimacy bloom. Freesia's effervescence is tempered by praline's smoothness, and vanilla's creaminess soothes. Sandalwood's warmth and jasmine's mystery linger, bound together by musk's subtle allure."
"['cumin', 'heliotrope', 'bergamot', 'bitter almond', 'lavender', 'jasmine', 'vanilla', 'sandalwood', 'amber']","Inky and dark, like the velvet night, this perfume wraps the senses in mystery. Bergamot's sharp citrus and cumin's earthy warmth mingle, tempered by the sweet, golden charm of heliotrope. Bitter almond's subtle bitterness is soothed by the gentle touch of lavender, jasmine, and vanilla, while amber and sandalwood provide a rich, woody depth."
"['bergamot', 'mandarin orange', 'almond', 'iris', 'tonka bean', 'virginia cedar']","Velvety and dense, the air trembles with anticipation. Bergamot's icy zip awakens, tempered by the soft glow of mandarin orange, as almond's warm richness underscores the scent. Iris's velvety petals unfurl, releasing the sensual allure of tonka bean, which in turn is grounded by the rustic, woody depth of virginia cedar."
"['almond', 'cinnamon', 'tonka bean', 'cedar', 'tonka bean', 'sandalwood', 'musk']","Sharp and cold, the air trembles with the promise of secrets whispered in the dead of night. Rich almond and cedar entwine, a velvety darkness punctuated by the warm, comforting spice of cinnamon. Tonka bean's sweet allure mingles with sandalwood's earthy mystique, while musk's subtle sensuality weaves a tapestry of mystery and allure."
"['orange blossom', 'bergamot', 'orange', 'mandarin orange', 'lemon', 'almond', 'milk', 'praline', 'musk', 'iris', 'vanilla']","Velvety and dense, the air thickens with the promise of warmth. Bergamot and mandarin orange zest converge, like golden light filtering through silk, casting a radiant glow. Orange blossom's airy whispers harmonize with almond's creamy essence, as milk's gentle caress soothes the senses. Musk and vanilla's sweetness wafts, a sultry embrace that lingers, like the gentle rustle of iris petals in the shadows."
"['bergamot', 'orange', 'petitgrain', 'almond', 'orange blossom', 'magnolia', 'milk', 'musk', 'tonka bean']","Velvety and dense, the aroma wraps around you, like the softest whisper. Bergamot's citrus essence is the spark that ignites the sweet harmony, while orange and petitgrain add a subtle tartness. The creamy richness of almond and milk balances the freshness, as orange blossom and magnolia petals unfurl, their beauty entwined with the warmth of tonka bean and the sensual allure of musk."
"['orange', 'bergamot', 'petitgrain', 'almond', 'orange blossom', 'magnolia', 'milk', 'tonka bean', 'musk']","Velvety and dense, the air is heavy with the promise of twilight. Orange and bergamot entwine, their citrus sweetness tempered by the subtle bitterness of petitgrain. Amidst this soft, golden light, almond and orange blossom whisper sweet nothings, while magnolia's creamy depth and tonka bean's subtle spice weave a tapestry of seduction, anchored by the milky smoothness of musk."
"['almond', 'floral notes', 'almond cream', 'vanilla']","Velvety and dense, the aroma of Luxe Crème settles upon the skin, like the whisper of a summer evening. The initial sweetness of almond cream is tempered by the floral notes, a symphony of subtle delicacy. As the warmth of the skin is released, the richness of vanilla emerges, balancing the nutty dryness of almond."
"['artemisia', 'citron', 'bergamot', 'mint', 'lavender', 'heliotrope', 'cinnamon', 'geranium', 'almond', 'vanilla absolute', 'hazelnut', 'indonesian myrrh', 'atlas cedar', 'musk']","Velvety and dense, the air is heavy with the scent of Nocturne: a sultry blend of artemisia and citron, tempered by the coolness of bergamot and mint. Lavender and heliotrope weave a spell of mystique, as the warmth of cinnamon and geranium stirs the senses. Almond and vanilla absolute lend a soft, golden glow, while Indonesian myrrh and atlas cedar provide depth and mystery. Musk lingers, a whispered promise of secrets shared in the shadows."
"['almond milk', 'black currant', 'mandarin orange', 'orange', 'heliotrope', 'rose', 'jasmine', 'vanilla', 'musk', 'iris', 'ambergris']","Velvety and dense, the scent of Velvet Noir whispers secrets on a winter's morning. Rich almond milk and velvety vanilla melt into the tender skin of black currant, as mandarin orange and orange zest add a burst of citrus freshness. Heliotrope and rose petals bloom beneath the warmth of jasmine, while musk and ambergris provide a sensual, nocturnal depth."
"['peony', 'almond', 'vanilla']","Warmly hushed, a gentle caress whispers secrets to the senses. Petal-soft peony unfurls, its tender petals mingling with the rich, creamy almond, as vanilla's comforting embrace wraps around, soothing the soul. The trio entwines, a harmonious balance of sweet and savory, like the softest touch of a summer morning's mist."
"['heliotrope', 'cardamom', 'red pepper', 'bergamot', 'almond', 'lavender', 'jasmine', 'geranium', 'sandalwood', 'guaiac wood', 'vanilla', 'ambergris']","Sharp and cold, the scent of Velvet Noir seizes the senses, as heliotrope's powdery softness is set ablaze by the spicy warmth of red pepper. Bergamot's citrus tang mingles with cardamom's herbal depth, while almond's creamy richness provides a smooth counterpoint."
"['calabrian bergamot', 'water notes', 'grapefruit', 'fig leaf', 'ambroxan', 'black pepper', 'patchouli', 'violet leaf', 'papyrus', 'incense', 'musk', 'tonka bean', 'saffron']","Inky-dark and rooted, the perfume awakens with a jolt of Calabrian bergamot, its citrus zing tempered by the misty veil of water notes. Grapefruit's tartness pierces the air, punctuated by the earthy sweetness of fig leaf. Ambroxan's creamy warmth weaves through the tension, as black pepper's spice and patchouli's depth anchor the scent's dark, mystical core."
"['oregano', 'pepper', 'bergamot', 'incense', 'opoponax', 'amber', 'labdanum', 'agarwood (oud)', 'leather', 'sandalwood', 'patchouli']","Velvety and dense, the air is heavy with the pungent whispers of oregano and pepper, their sharpness softened by the golden warmth of bergamot. Incense and opoponax weave a mystical tapestry, transporting the senses to a place of ancient ritual and mystique, where amber and labdanum provide a rich, earthy anchor."
"['mandarin orange', 'bergamot', 'lily-of-the-valley', 'myrhh', 'jasmine', 'opoponax', 'amber', 'patchouli', 'vanille']","Velvety and dense, the fragrance whispers secrets of the Orient. Mandarin orange and bergamot, like a delicate balance of sunrise and dusk, mingle in a delicate harmony. Lily-of-the-valley's tender petals unfold, while myrrh's ancient wisdom and jasmine's sultry allure conspire in the shadows. Opoponax and amber's golden warmth seep into the heart, as patchouli's earthy mystique and vanilla's creamy solace blend in a subtle yet intoxicating dance."
"['jasmine', 'cashmere wood', 'orris root', 'vanilla pod', 'white amber', 'myrrh', 'incense']","Velvety and dense, the atmosphere of Midnight Oasis settles upon the skin. The jasmine, like whispered secrets, entwines with the cashmere wood's supple depth, while the orris root's earthy richness grounds the sweetness. Vanilla pods and white amber swirl together, like smoke and starlight, as myrrh and incense conspire in a subtle, mystical dance, balancing the senses with an otherworldly harmony."
"['aldehydes', 'incense', 'clove', 'fruity notes', 'basil', 'green notes', 'bergamot', 'mandarin orange', 'narcissus', 'lily', 'jasmine', 'tuberose', 'mimosa', 'orris root', 'lily-of-the-valley', 'rose', 'orange blossom', 'benzoin', 'myrrh', 'amber', 'sandalwood', 'oakmoss', 'vanilla', 'cedar', 'musk', 'patchouli']","Velvety and dense, the air thickens with the warmth of bergamot and mandarin orange, as aldehydes and incense conspire to conjure an opulent atmosphere. Clove and green notes evoke a sense of secrecy, while narcissus and lily petals yield to jasmine and tuberose's sensual whispers. Amber and sandalwood anchor the senses, with musk and patchouli casting a sultry, mysterious spell."
"['leather', 'bergamot', 'amalfi lemon', 'holly', 'rosemary', 'tea', 'styrax', 'lily-of-the-valley', 'tonka bean', 'incense', 'benzoin', 'almond', 'amber']","Velvety and dense, the air thickens with the aroma of worn leather and bergamot's citrusy zing, a clarion call to the senses. Amidst this richness, holly's tartness and rosemary's herbaceousness weave a tapestry of earthy intrigue. Tea's subtle warmth and styrax's resinous depth add a comforting, fireside glow, while lily-of-the-valley's floral sweetness and tonka bean's creamy richness provide a sumptuous counterpoint."
"['bergamot', 'incense', 'jasmine', 'vanilla', 'benzoin', 'woodsy notes', 'ambroxan']","Sharp and cold, the scent of Oud Noir awakens, bergamot's citrusy sting tempered by incense's wispy tendrils. Jasmine's tender petals unfold, releasing vanilla's creamy warmth, as benzoin's resinous depth and woodsy notes weave a tapestry of mystery. Ambroxan's subtle nuance whispers secrets, as the fragrance settles, a velvety darkness that envelops and transports."
"['pink grapefruit', 'mint', 'sicilian bergamot', 'black currant', 'hiacynth', 'carnation', 'jasmine', 'rose', 'lily-of-the-valley', 'myrrh', 'amber', 'vanilla', 'sandalwood', 'oakmoss', 'singapore patchouli', 'civet', 'musk']","Velvety and dense, the air is heavy with the promise of intrigue. Pink grapefruit's tart whisper awakens the senses, while mint's cooling caress soothes the skin. Bergamot's subtle citrus underscores the mystery, as black currant's dark allure draws you in. Honeysuckle's heady sweetness and jasmine's intoxicating charm entwine, like midnight whispers in a secret lover's ear."
"['yuzu', 'bergamot', 'sweet orange', 'mandarin orange', 'nutmeg', 'lotus', 'cinnamon', 'cardamom', 'saffron', 'incense', 'papyrus', 'ambergris', 'benzoin', 'amber']","Velvety and dense, the air thickens with the whispers of a sacred ritual. Yuzu's tart essence mingles with bergamot's citrus zip, sweet orange and mandarin's joyful abandon, while nutmeg's warm, exotic spice grounds the senses. Lotuses bloom, their subtle sweetness elevated by cinnamon's fiery passion, cardamom's smoky mystery, and saffron's regal opulence."
"['pink pepper', 'ylang-ylang', 'angelica', 'palisander rosewood', 'artemisia', 'may rose', 'geranium', 'tuberose', 'jasmine', 'osmanthus', 'incense', 'myrhh', 'patchouli', 'amber', 'sandalwood', 'musk', 'french labdanum']","Velvety and dense, the air thickens with an intoxicating brew. Pink pepper's spicy warmth awakens ylang-ylang's honeyed essence, as angelica's powdery softness mingles with palisander rosewood's smoky depth. Artemisia's green mystery swirls with may rose's tender petals, while geranium's tartness tempers tuberose's sweet indulgence. Aromatic incense and myrrh converge, punctuated by patchouli's earthy anchor. Sandalwood's creamy smoothness and musk's sensuality ensnare, as amber's golden glow and French labdanum's mysterious darkness linger, an entrancing haze of intoxication."
"['saffron', 'bitter orange', 'coriander', 'praline', 'jasmine', 'amber', 'moss', 'musk']","Velvety and dense, the air is heavy with the promise of mystery. Saffron's golden threads weave through the night, its bitter undertones tempered by the sweetness of praline. Coriander's earthy warmth stirs the senses, as jasmine's delicate petals unfold like a whispered secret. Amber's radiant glow illuminates the shadows, where mossy undertones blend with musk's subtle allure, creating a scent that is at once ancient and eternal."
"['mandarin orange', 'patchouli', 'agarwood (oud)', 'myrhh', 'french labdanum']","Velvety and dense, the air thickens with the heady aroma of mystery. Mandarin orange's tartness awakens the senses, before the earthy depth of patchouli grounds the heart. Agarwood's resinous warmth kindles the soul, as myrrh's ancient wisdom whispers secrets in the darkness. French labdanum's sweet, leathery nuance mingles, crafting an intoxicating tapestry of intrigue and allure."
"['spices', 'exotic floral notes', 'carnation', 'lily-of-the-valley', 'amber', 'vanilla', 'musk']","Velvety and dense, the air thickens with the warmth of spices, a sultry invitation to surrender. Exotic floral notes, a tantalizing whisper of carnation and lily-of-the-valley, sway in perfect harmony, while amber and vanilla swirl together like molten honey, their sweetness tempered by the subtle allure of musk."
"['water notes', 'calabrian bergamot', 'sicilian lemon', 'sage', 'sea notes', 'ambergris', 'apple', 'benzoin', 'amberwood', 'vetiver', 'patchouli', 'sandalwood']","Velvety and dense, the air is heavy with the scent of ancient wisdom. Calabrian bergamot and Sicilian lemon zest awaken the senses, while sage's subtle earthiness grounds the mixture. Ambergris and benzoin whispers of secrets past, while apple's crispness cuts through the richness. Vetiver's dry leaves and patchouli's mossy undertones anchor the fragrance, as sandalwood's smooth warmth binds all together, like a sea-salt-kissed breeze on a moonlit night."
"['pepperwood\x99', 'galbanum', 'black currant', 'geosmin', 'rose oil', 'olibanum', 'ambroxan', 'patchouli', 'calypsone', 'vetiver']","Frosty and mysterious, the perfume's icy grip releases the tantalizing tremor of pepperwood, grounding the sweetness of black currant. Galbanum's earthy undertones stir the geosmin's damp loam, as rose oil's delicate petals unfurl like the first whispers of dawn. The smooth, creamy texture of ambroxan and patchouli's herbaceous depth weave a tapestry of intrigue, subtly yielding to the wispy, mystical essence of calypsone, where vetiver's dry, ancient wisdom whispers secrets in the darkness."
"['pepper', 'apple', 'incense', 'neroli', 'rose', 'lily-of-the-valley', 'cedar', 'vetiver', 'musk']","Velvety and dense, the air thickens with the whispers of incense, carrying the sweet submission of neroli and rose. A hint of crisp apple peel shatters the somber mood, as lily-of-the-valley's delicate charm entwines with the smoldering embers of cedar and vetiver. Finally, musk's subtle allure awakens, balancing the sharpness of pepper in a complex tapestry of mystery and allure."
"['red apple', 'mandarin orange', 'whiskey', 'leather', 'violet', 'amber', 'oak', 'vanilla', 'labdanum']","Sharp and dense, the air is electric with the pungency of red apple, its tartness tempered by the soft, golden glow of mandarin orange. Whiskey's rich, smoky warmth mingles with worn leather, while deep violet and amber hues evoke a luxurious velvet. Oak's sturdy presence grounds the sweetness, as labdanum's mysterious darkness whispers secrets in the vanilla-scented silence."
"['lemon', 'black pepper', 'bergamot', 'orange blossom', 'artemisia', 'violet leaf', 'ambergris', 'woody notes', 'benzoin', 'leather', 'suede', 'cedar']","Velvety and dense, the air is heavy with the promise of midnight, where lemon's sharp clarity is tempered by black pepper's subtle warmth. Bergamot's sweetness wafts, a siren's call, as orange blossom's airy tendrils dance, beckoning the senses. Artemisia's mystery unfolds, shrouded in ambergris's golden haze, while violet leaf's whispery softness mingles with woody notes' rugged strength, benzoin's incense-like mystery and the supple softness of leather and suede, all bound together by the cedar's sturdy heart."
"['ginger', 'pepper', 'black basil', 'cedar', 'sage', 'vetiver', 'amber', 'agarwood (oud)', 'patchouli', 'myrrh', 'labdanum']","Velvety and dense, the fragrance wraps around like a whispered secret. Ginger and pepper ignite a fiery spark, tempered by the earthy calm of black basil and cedar. Sage and vetiver weave a tapestry of mystery, as agarwood's woody depth and patchouli's richness mingle with the smoky sweetness of myrrh and labdanum."
"['pink pepper', 'sage', 'myrrh oil', 'tuberose', 'incense', 'frangipani', 'benzoin', 'ambergris', 'tonka bean', 'cedar']","Velvety and dense, the air thickens with the whispers of the mystics. Pink pepper's spicy warmth kindles the embers of myrrh oil, as sage's earthy wisdom grounds the incense's smoky tendrils. Tuberose's creamy sweetness mingles with frangipani's tropical elegance, tempered by the ambergris's golden glow. Benzoin's resinous mystery wraps around tonka bean's vanilla warmth, anchored by cedar's rugged solidity. A rich, sensual tapestry woven to transport the senses."
"['citruses', 'patchouli', 'amber', 'french labdanum', 'geranium', 'rose', 'vanille', 'musk']","Velvety and dense, the air is heavy with the promise of midnight. Citruses burst forth, sharp and fleeting, cutting through the richness of patchouli and amber. French labdanum weaves its dark magic, drawing geranium and rose into its mysterious dance. Vanilla and musk swirl together, a sensual caress that deepens the scent, a midnight reverie that lingers, enveloping all."
"['raspberry', 'neroli', 'bergamot', 'lemon', 'brazilian rosewood', 'ylang-ylang', 'orris', 'jasmine', 'palmarosa', 'opoponax', 'incense', 'leather', 'vanilla', 'musk', 'cedar']","Velvety and dense, the scent of Midnight Mirage wraps around you like a whisper. Raspberry's tartness is tempered by neroli's soft petals, while bergamot's citrusy freshness cuts through the richness of Brazilian rosewood. Ylang-ylang's heady sweetness is grounded by orris's earthy depth, as jasmine and palmarosa release a floral tapestry. The smoothness of leather and vanilla is countered by the smoky mystery of incense, musk, and cedar, conjuring a sumptuous, darkened chamber where every sense is transported."
"['honey', 'angelica', 'calabrian bergamot', 'sicilian lemon', 'benzoin', 'fig', 'heliotrope', 'egyptian jasmine', 'madagascar vanilla', 'peru balsam', 'australian sandalwood', 'musk']","Velvety and dense, the air is heavy with the sweet whispers of honey, beckoning you closer. Beneath, a tangle of angelica and Calabrian bergamot rustles, releasing the tartness of Sicilian lemon. Benzoin's golden warmth soothes the skin, while fig's lusciousness and heliotrope's whispery secrets linger. Egyptian jasmine's sultry allure mingles with Madagascar vanilla's creamy softness, as Peru balsam and Australian sandalwood provide a grounding, earthy foundation. Musky whispers conclude the sensual journey, leaving the skin wanting more."
"['incense', 'iris', 'pink pepper', 'benzoin', 'guaiac wood', 'coriander', 'copahu balm', 'patchouli', 'white musk']","Velvety and dense, the air is heavy with the whispers of ancient rituals. Incense smoke wafts through the shadows, its smoldering embers tempered by the sweet, powdery softness of iris and pink pepper. Benzoin's gentle warmth stirs the senses, as guaiac wood's rugged bark and coriander's earthy spice mingle with copahu balm's creamy smoothness. Patchouli's leafy mystique wraps around white musk's silky core, conjuring a world where the veil between reality and the unknown is delightfully thin."
"['angelica', 'thyme', 'mint', 'cinnamon', 'pepper', 'gentiana', 'rose', 'amber', 'cashmere wood', 'patchouli', 'musk']","Ink-dark and rooted, the air is charged with the essence of Mystic Nights. Angelica's subtle sweetness is tempered by the pungent, earthy depths of thyme and mint, while cinnamon and pepper add a sensual, spicy warmth. Gentiana's mystical glow harmonizes with rose's velvety softness, suspended in a rich amber-laden mist of cashmere wood, patchouli, and musk."
"['lemon', 'calabrian bergamot', 'cardamom', 'lavender', 'cypriol oil or nagarmotha', 'atlas cedar', 'tonka bean', 'ambroxan', 'benzoin', 'patchouli']","Velvety and dense, the atmosphere settles like a whisper on the skin. Lemon and Calabrian bergamot slice through the darkness, their brightness tempered by the smoldering warmth of cardamom. Lavender's soft petals unfold, embracing the senses as cypriol oil whispers ancient secrets. Atlas cedar and tonka bean provide a grounding foundation, while ambroxan and benzoin infuse a golden radiance. Patchouli's earthy depth grounds the essence, a sumptuous tapestry of intrigue and allure."
"['iris', 'labdanum', 'egyptian jasmine', 'leather', 'tolu balsam', 'benzoin', 'styrax', 'incense', 'vanilla', 'tonka bean']","Velvety and dense, the darkness of the night sky enfolds you, as Iris whispers secrets to the ancient stones. Labdanum's sensual warmth melts into Egyptian Jasmine's heady mystery, while Leather's supple texture wraps around the senses. Tolu Balsam's sweet woodsmoke and Benzoin's golden resin harmonize, as Styrax's oriental spices and Incense's smoky haze conjure an otherworldly realm. Vanilla and Tonka Bean's creamy tenderness soothe, as the night's secrets are revealed in this luxurious, enigmatic perfume."
"['grapefruit', 'woody notes', 'frankincense', 'vanilla', 'amber xtreme']","Velvety and dense, the air is weighted with the pungent aroma of frankincense, its resinous tendrils weaving through the sweetness of ripe grapefruit. Woody notes anchor the scent, while vanilla's creamy whispers soothe the senses. Amber Xtreme's fiery passion bursts forth, tempering the coolness with an otherworldly radiance."
"['bergamot', 'lemon', 'orange', 'brazilian rosewood', 'ylang-ylang', 'jasmine', 'rose', 'opoponax', 'benzoin', 'vanilla', 'amber', 'sandalwood', 'patchouli']","Here is a luxury, atmospheric description for the perfume:

Velvety and dense, the fragrance conjures a midnight forest, where citrus notes of bergamot, lemon, and orange burst forth like shooting stars. Brazilian rosewood and ylang-ylang intertwine in a sensual dance, as jasmine and rose petals unfurl like tender leaves. The sweet and smoky opoponax and benzoin deepen the mystery, while vanilla and amber infuse warmth, and sandalwood and patchouli ground the senses in the rich earth."
"['dried fruits', 'dates', 'olibanum', 'rose', 'myrhh', 'incense', 'amber', 'cinnamon', 'cedar', 'jasmine', 'orange blossom', 'civet', 'agarwood (oud)', 'musk', 'sandalwood', 'vanilla', 'vetiver', 'tonka bean']","Velvety and dense, the fragrance whispers secrets on a midnight air. Dried fruits and dates conspire to awaken the senses, as olibanum and incense entwine, a mystical union of the East. Rose and myrrh tenderly balance the spices, while agarwood (oud) and musk provide a sensual foundation. Sandalwood and vanilla linger, a warm haze that fades with the hint of vetiver's earthy whispers, Tonka bean's sweet solace."
"['bergamot', 'lemon', 'mandarin orange', 'cedar', 'iris', 'vetiver', 'patchouli', 'jasmine', 'rose', 'leather', 'vanilla', 'incense', 'opoponax', 'benzoin', 'sandalwood', 'civet', 'peru balsam', 'musk']","Velvety and dense, the air is heavy with the promise of secrets shared in smoke-filled rooms. Bergamot and lemon, like whispered confidences, mingle with mandarin orange's tartness, as cedar's rustic weight grounds the senses. Iris and vetiver weave a tapestry of mystery, while patchouli and jasmine conjure the whispers of a forgotten past."
"['incense', 'west indian bay', 'sichuan pepper', 'cypriol oil or nagarmotha', 'patchouli', 'silk vine or milk broom', 'amber', 'labdanum', 'sandalwood']","Here is a luxury, atmospheric description for the perfume:

Velvety and dense, the air thickens with the whispers of ancient incense, its wisps curling like misty fingers around the senses. West Indian bay's subtle tartness stirs, releasing the spicy tendrils of Sichuan pepper, which entwine with Cypriol oil's mysterious depths. Patchouli's earthy pulse beats in harmony with the smooth, creamy silk vine, as amber and labdanum's golden warmth imbue the scent with a rich, oriental allure, while sandalwood's creamy foundation grounds the senses."
"['lemon', 'dyer\x92s greenweed', 'jasmine', 'amber', 'cedar']","Here is a luxury, atmospheric description for the perfume:

Velvety and dense, the scent of Citrus Noir ensnares the senses, weaving a tapestry of citrus and green. Lemon's razor-sharpness is tempered by Dyer's greenweed's earthy undertones, while jasmine's heady allure is grounded by amber's warm, golden glow. Cedar's woody depth provides the framework, a sturdy trunk that supports the lush canopy of this extraordinary perfume."
"['pink pepper', 'mandarin orange', 'cardamom', 'orchid', 'violet leaf', 'vetiver', 'amber', 'sandalwood', 'musk', 'patchouli']","Velvety and dense, the air is saturated with the essence of 'Midnight Blossom'. Pink pepper whispers secrets to mandarin orange's tart lips, while cardamom's subtle spice weaves a tapestry of depth. Orchid's creamy petals and violet leaf's gentle nuance harmonize, as vetiver's earthy anchors and amber's golden warmth ground the scent. Sandalwood's sensual smoothness and musk's sensual surrender culminate in a seductive whisper: Come closer."
"['cumin', 'saffron', 'wormwood', 'ginger', 'mandarin orange', 'incense', 'immortelle', 'copahu balm', 'olibanum', 'labdanum', 'rose', 'licorice', 'labdanum', 'sandalwood', 'cedar', 'musk', 'tonka bean']","Frosty darkness yields to a whisper of warmth, as cumin's earthy intensity awakens, tempered by saffron's golden glow. Wormwood's herbal bittersweetness mingles with ginger's fiery zest, as mandarin orange's radiance bursts forth. Incense's smoky mystique and immortelle's ambered sweetness swirl, bound by copahu balm's creamy softness."
"['mandarin orange', 'fig leaf', 'orange blossom', 'lily', 'pepper', 'rose', 'benzoin', 'tolu balsam', 'labdanum', 'cedar']","Velvety and dense, the air thickens with the promise of secrets shared in the silence of a midnight courtyard. Mandarin orange whispers sweet nothings to the tender fig leaf, as orange blossom petals unfurl like tender fingers. The lily's purity is tempered by the subtle tang of pepper, while rose petals surrender to the warm embrace of benzoin and tolu balsam, their mysteries hidden beneath the cedarwood's ancient veil."
"['tea', 'cinnamon', 'apple', 'bergamot', 'hibiscus', 'jasmine', 'davana', 'crystal amber', 'amber', 'patchouli', 'sandalwood', 'leather', 'olibanum']","Velvety and dense, the scent of Mystique settles upon the skin like a whispered promise. Bergamot's crisp zip is tempered by tea's soft warmth, while cinnamon's fiery pulse beats in tandem with the earthy richness of patchouli and sandalwood. Hibiscus's subtle tartness mingles with jasmine's sultry allure, as amber and leather deepened, drawing in like a velvet cloak."
"['saffron', 'olibanum', 'apple', 'woody notes', 'rose', 'myrhh', 'caramel', 'ambergris']","Velvety and dense, the air whispers secrets of a mysterious night. Saffron's golden warmth mingles with the resinous, earthy depth of olibanum, while crisp apple notes slice through the richness. Rose petals unfold like a whispered promise, as myrrh's sweet darkness and caramel's smooth indulgence meld with the subtle, golden allure of ambergris, a scent that wraps the senses in its velvety embrace."
"['orange', 'lemon', 'bergamot', 'myrhh', 'cinnamon', 'patchouli', 'citron', 'petitgrain', 'myrhh', 'incense', 'labdanum', 'honey', 'musk']","Velvety and dense, the air thickens with the whispers of ancient incense. Bergamot's citrus sparks dance with the warmth of cinnamon, as myrrh's resinous darkness grounds the senses. Patchouli's earthy undertones mingle with the sweetness of honey, while labdanum's smoky depth and musk's subtle allure weave a tapestry of mystery and allure."
"['ambergris', 'cardamom', 'coriander', 'cinnamon', 'peach', 'ylang-ylang', 'orange blossom', 'leather', 'woodsy notes']","Velvety and dense, like the softest midnight air, Midnight Odyssey settles on the skin. Ambergris and leather mingle, rich and mysterious, as coriander and cinnamon whispers of ancient spice routes. Cardamom's subtle sweetness is tempered by the warmth of peach, while ylang-ylang's floral tenderness is enveloped by the woody notes of a dark forest."
"['agarwood (oud)', 'aldehydes', 'bergamot', 'amber', 'rose', 'civetta', 'leather', 'patchouli', 'musk']","Frozen ember. Bergamot's citrus shards crackle against the dark, resinous agarwood, as aldehydes sizzle like frozen sparks. Amber's warmth seeps in, wrapping rose petals and civetta's subtle mystery. Leather's worn, supple smoothness mingles with patchouli's earthy depth, anchored by musk's sensual persistence."
"['saffron', 'ylang-ylang', 'cardamom', 'geranium', 'leather', 'egyptian jasmine', 'labdanum', 'animal notes', 'patchouli']","Velvety and dense, a whispered promise settles on the skin. Saffron's golden warmth mingles with ylang-ylang's lush tenderness, as cardamom's aromatic spice and geranium's subtle tartness conspire to awaken the senses. Leather's rich, worn familiarity envelops, while Egyptian jasmine and labdanum's smoky depth harmonize with the animal notes' primal allure, all tempered by the earthy balance of patchouli's dark, mossy undertones."
"['beeswax', 'birch', 'cloves', 'cardamom', 'leather', 'turkish rose', 'orange blossom', 'jasmine', 'civet', 'beeswax', 'agarwood (oud)', 'sandalwood', 'amber', 'cedar', 'patchouli', 'vetiver', 'cypriol oil or nagarmotha', 'musk']","Velvety and dense, the air is alive with the whispers of ancient forests. Beeswax warmness seeps through the underbrush, carrying the heady scent of Turkish rose and orange blossom. Cloves and cardamom weave a subtle tapestry, while leather and civet deepen the mystery. Agarwood and sandalwood ground the senses, as cedar and patchouli whisper secrets, and vetiver and cypriol oil weave a mesmerizing spell, finally surrendering to the allure of musk."
"['thyme', 'rose petals', 'ylang-ylang', 'cumin', 'labdanum', 'sweat', 'animal notes', 'sandalwood']","Velvety and dense, the air thickens with the promise of mystique. Thyme's rugged essence rises, a whispered warning to the senses, as rose petals unfurl like tender secrets. Ylang-ylang's sweet surrender tempers the austerity, while cumin's earthy undertow grounds the drama. The richness of labdanum and sandalwood deepens, as the animal notes whisper secrets in the darkness, punctuated by the primal intensity of sweat."
"['anise', 'spices', 'melon', 'eucalyptus', 'woodsy notes', 'musk']","Velvety and dense, the air thickens with the whispers of anise, its licorice undertones mingling with the warmth of spices. Like a first kiss, the sweetness of melon bursts forth, tempered by the invigorating chill of eucalyptus. Woodsy notes weave a rich tapestry, while musk's subtle allure lingers, like a whispered promise in the darkness."
"['orange oil', 'ginger', 'watery notes', 'tea', 'musk', 'cedar', 'amber', 'patchouli']","Velvety and dense, the air thickens with the weight of exotic spices, as ginger and tea swirl together in a rich, incense-like haze. Orange oil's radiant warmth seeps through the mist, while musk and patchouli weave a sensual tapestry. Watery notes shimmer like moonlight, punctuated by the resinous, woody depth of cedar and amber."
"['watery notes', 'grapefruit', 'raspberry', 'peony', 'jasmine', 'iris', 'pink pepper', 'suede', 'cedar', 'amber']","Sharp and icy, the fragrance pierces the air, a symphony of citrusy zing and sweet ripeness. Grapefruit's tartness is tempered by the lusciousness of raspberry, while peony's lushness is elevated by jasmine's heady allure. Pink pepper's subtle spice warms the senses, grounded by suede's softness and the earthy resonance of cedar and amber."
"['watery notes', 'almond', 'spices', 'neroli', 'coumarin', 'vetiver', 'patchouli']","Velvety and dense, the air is heavy with the promise of secrets whispered in the dead of night. Watery notes, like the gentle lapping of a moonlit lake, harmonize with the warm, golden glow of almond, sweetly tempered by the spices' subtle caress. Neroli's tender petals and coumarin's rich, mossy undertones entwine with vetiver's earthy depth, while patchouli's sensual mystery wraps the senses in its embrace."
"['pear', 'violet leaf', 'water notes', 'lemon', 'basil', 'peony', 'jasmine sambac', 'white musk', 'sandalwood']","Velvety and dense, the scent envelops, as petal-soft peonies and jasmine sambac mingle in a sweet, heady dance. The tang of lemon and basil provides a subtle counterpoint, while the freshness of pear and violet leaf leaves the senses refreshed. At its core, sandalwood warmth and white musk softness ground the fragrance, as water notes gently ripple the surface."
"['melon', 'mint', 'violet', 'watery notes', 'lily-of-the-valley', 'musk', 'cedar', 'amber']","Velvety and dense, the air is heavy with the promise of secrets whispered in a hidden glade. Sweet melon and mint mingle in a refreshing caress, while violet's mysterious depths provide a subtle anchor. Watery notes tickle the senses, as lily-of-the-valley's innocence and musk's seduction conspire to ensnare. Cedar's grounding and amber's warmth balance the [whispers], leaving only the tender truth: this is a fragrance that wears the skin like a second, shimmering skin."
"['watermelon', 'litchi', 'citruses', 'lotus', 'magnolia', 'freesia', 'creme brulee', 'iris', 'sandalwood']","Velvety and dense, the air trembles with anticipation. Watermelon's tart sweetness is tempered by litchi's subtle tartness, a yin-yang harmony that echoes through the citruses' zesty chorus. Lotus and magnolia bloom in perfect syncopation, their velvety petals embracing freesia's airy whispers. Creme brulee's golden warmth seeps into the scent, where iris and sandalwood mingle, their darkness illuminated by a subtle shimmer."
"['water notes', 'bergamot', 'ginger', 'violet leaf', 'white pepper', 'basil', 'musk', 'vetiver', 'virginia cedar', 'oak moss']","Velvety and dense, the air is heavy with anticipation. Bergamot's tartness stirs the senses, as water notes whisper secrets of the depths. Ginger's warmth kindles a fire, tempered by violet leaf's soft whispers and the subtle crackle of white pepper. Basil's freshness infuses the mist, where musk and vetiver conspire to draw you into their mysterious realm, where virginia cedar's ancient wisdom and oak moss's damp secrets linger."
"['grapefruit', 'angelica', 'rice', 'basil', 'ginger', 'water lily', 'jasmine sambac', 'violet leaf', 'mimosa', 'orris root', 'rose', 'geranium', 'rain notes', 'cashmeran', 'oakmoss', 'vetiver', 'patchouli', 'benzoin', 'tonka bean']","Velvety and dense, the fragrance conjures a midnight rainforest, where grapefruit's tart freshness shatters the stillness, then settles into a luscious undergrowth of angelica and rice. Basil's herbaceous warmth and ginger's spice weave through the mist-shrouded trees, as water lily's subtle sweetness and jasmine sambac's heady surrender unfold in a sensual, primordial dance."
"['pear', 'cascalone', 'ambrette (musk mallow)', 'egyptian jasmine', 'narcissus', 'ylang-ylang', 'patchouli', 'moss']","Frozen mist settles upon skin, whispers of pear and cascalone awakening the senses. Ambrette's subtle musk mallow tenderly wraps the heart, while Egyptian jasmine's heady blooms unfold like a midnight promise. Narcissus' sweet melancholy and ylang-ylang's golden warmth entwine, as patchouli's earthy anchor grounds the reverie. Mossy shadows weave a tapestry of mystery, where the senses surrender to the allure of this enigmatic elixir."
"['rosemary', 'melon', 'galbanum', 'watery notes', 'violet', 'cyclamen', 'musk', 'moss', 'vetiver']","Sharp and cold, the air is set aflame by the pungent rosemary, its herbaceous vitality tempered by the sweet surrender of melon. Galbanum's resinous darkness grounds the accord, as watery notes whisper secrets to the ears of violet and cyclamen, their petals unfolding like intricate lace."
"['grapefruit', 'pear', 'seaweed', 'water notes', 'virginia cedar', 'sandalwood']","Velvety and dense, the air thickens with the promise of a hidden cove. Grapefruit's tartness shatters the surface, releasing a tide of pear-fresh clarity. Seaweed's subtle undertones provide a mysterious depth, while water notes swirl like ocean currents, grounding the scent. Virginia cedar's woody presence and sandalwood's creamy smoothness create a luxurious sanctuary, where the senses are bathed in a soothing, oceanic calm."
"['watermelon', 'lily-of-the-valley', 'pear', 'freesia', 'violet leaf', 'jasmine', 'rose', 'virginia cedar', 'musk', 'sandalwood']","Velvety and dense, the perfume envelops like a whispered secret. Fresh watermelon sweetness mingles with lily-of-the-valley's subtle charm, as pear's tender flesh yields to the heady allure of freesia. Violet leaf's mysterious depth and jasmine's sensual allure are tempered by rose's soft petals, while virginia cedar's earthy grounding and musk's sensuality mingle with sandalwood's creamy warmth."
"['water lily', 'cucumber', 'lime', 'jasmine', 'wild orchid', 'sea notes', 'musk', 'ambroxan', 'cedar']","Velvety and dense, the fragrance wraps around the senses like a misty veil. Water lily's purity mingles with cucumber's freshness, a fleeting promise of serenity. Lime's zesty jolt awakens jasmine's sultry allure, while wild orchid's whispers of mystery linger beneath. Sea notes and ambroxan evoke a midnight shore, where cedar's dry warmth beckons, grounding the senses in a luxurious, dreamlike haze."
"['watery notes', 'red fruits', 'fruity notes', 'seaweed', 'peach', 'pataqueira', 'water notes', 'jasmine sambac', 'ylang-ylang', 'musk', 'cashmeran', 'cedar', 'amber', 'sandalwood']","Velvety and dense, like the mist that shrouds the Mediterranean coast. Red fruits and peachy sweetness mingle with the aquatic nuances of watery notes, while pataqueira's subtle tartness tickles the senses. Jasmine sambac and ylang-ylang harmonize with the sea's gentle lapping, as cashmeran and amber soften the sandalwood's rugged edges, grounding the scent in earthy comfort."
"['fig', 'melon', 'green tangerine', 'coconut water', 'lotus', 'water lily', 'jasmine', 'ambroxan', 'musk', 'sandalwood', 'vanilla']","Velvety and dense, the air thickens with the rich aroma of ripened fig, its sweetness tempered by the refreshing tang of green tangerine and the subtle creaminess of coconut water. Lotus and water lily petals unfold, releasing the heady allure of jasmine, as the warmth of ambroxan and musk mingles with the earthy intimacy of sandalwood and the soft, golden warmth of vanilla."
"['watermelon', 'pear', 'mandarin orange', 'bergamot', 'cardamon', 'freesia', 'cedar', 'musk', 'patchouli']","Velvety and dense, the scent of Midnight Oasis wraps around you like a whispered secret. Bergamot's citrus zing awakens the senses, while cardamom's earthy warmth grounds the atmosphere. Watermelon's sweetness mingles with pear's tender flesh, as freesia's delicate petals unfurl like a midnight bloom. Cedar and patchouli provide a rich, mossy foundation, while musk weaves a sensual undercurrent, drawing you in to the mystery."
"['bergamot', 'lemon', 'fruity notes', 'water notes', 'jasmine', 'oakmoss', 'cedar', 'musk', 'floral notes']","Velvety and dense, the air is heavy with the whispers of jasmine and the tender touch of bergamot. The citrus trio - bergamot, lemon, and fruity notes - trembles, releasing a delicate dance of lightness amidst the earthy richness of oakmoss and cedar. Musky undertones deepen the mystery, while floral notes weave a subtle tapestry of intrigue."
"['goji berries', 'pear', 'almond blossom', 'watermelon', 'violet', 'cyclamen', 'jasmine', 'peony', 'cashmeran', 'ambergris', 'cedar']","Velvety and dense, the air is heavy with the sweet surrender of goji berries and ripened pear. Almond blossom whispers gentle surrender, its petals unfolding like secrets on a midnight train. Watermelon's juicy flesh provides a refreshing respite from the richness, as violet's mysterious shadows and cyclamen's subtle spice weave a tapestry of intrigue. Jasmine's heady allure and peony's opulent bloom converge, enveloping all in a sumptuous, ambergris-tinged haze, where cedar's dark, solid foundation anchors the senses."
"['lavender', 'mint', 'mandarin orange', 'water notes', 'green notes', 'cardamom', 'nutmeg', 'musk', 'amber', 'leather']","Velvety and dense, a midnight mist settles upon the senses. Lavender's subtle whisper mingles with mint's crisp elegance, tempered by the warm zest of mandarin orange. Water notes sparkle like ice shards, while green notes deepen the mystery. Cardamom's spicy nuance and nutmeg's smoky allure converge, anchored by the rich comfort of amber and the supple smoothness of leather, finishing with a sensual hum of musk."
"['watery notes', 'lavender', 'bergamot', 'bay leaf', 'jasmine', 'amber', 'sandalwood', 'patchouli']","Velvety and dense, the air is alive with the subtle thrum of watery notes, like the gentle lapping of misty dawn waters. Lavender and bergamot entwine, their soft whispers weaving a calming harmony. Bay leaf's earthy undertones anchor the scent, while jasmine's heady sweetness rises like morning mist. Amber's golden warmth and sandalwood's woody depth provide a rich tapestry, tempered by patchouli's smoky nuance."
"['bergamot', 'mandarin orange', 'water notes', 'violet leaf', 'cardamom', 'birch', 'vetiver', 'amber']","Whispered secrets in a warm, candlelit chamber. Bergamot and mandarin orange essences mingle in a delicate balance, their citrusy freshness tempered by the watery nuances. Violet leaf whispers intimacy, cardamom's spicy depth unfolding like a hidden compartment. Birch's resinous warmth seeps into the scent, marrying with vetiver's earthy gravity, as amber's golden sweetness dissolves into a sumptuous silence."
"['water notes', 'pear', 'amalfi lemon', 'freesia', 'gardenia', 'peony', 'rose', 'musk', 'virginia cedar', 'patchouli']","Velvety and dense, the air thickens with the promise of spring. Water notes quiver like dew-kissed petals, releasing the tender sweetness of pear. Amalfi lemon's tartness shatters the stillness, as freesia's effervescent charm and gardenia's luscious opulence conspire to awaken the senses. Rose and peony unfold, their lush tapestry woven with the smoky depth of virginia cedar and the earthy mystique of patchouli, while musk's subtle whisper wraps the senses in its silken embrace."
"['citruses', 'black currant', 'plum', 'water notes', 'lavender', 'green notes', 'juniper berries', 'geranium', 'musk', 'sandalwood', 'oak moss']","Velvety and dense, the air thickens with the promise of secrecy. Citruses and black currant conspire in the shadows, their tartness tempered by the plush plum notes. Water's gentle caress stirs the juniper berries and geranium, releasing whispers of lavender and green. Musk and sandalwood weave a mystique, while oak moss grounds the essence, like a midnight forest glade."
"['watermelon', 'sea water', 'pear', 'mandarin orange', 'bergamot', 'lavender', 'cardamom', 'woodsy notes', 'virginia cedar', 'musk', 'suede', 'amber']","Velvety and dense, the air thickens with the sweetness of watermelon, a tantalizing whisper of summer's warmth. Bergamot's citrus zest and mandarin's tender peel add a zing of vitality, as sea water's subtle undertones evoke the ocean's depth. Lavender's subtle sighs and cardamom's mysterious spice harmonize in perfect balance, as suede's softness and amber's golden glow envelop, and virginia cedar's woodsy notes provide a grounding anchor."
"['water notes', 'salt', 'metallic notes', 'leather', 'cedar', 'tobacco']","Frosty and foreboding, the perfume whispers secrets on the edge of perception. Water notes shimmer like dew-kissed glass, tempered by the rough-hewn grit of salt and metallic notes that scratch the senses. Leather and tobacco leaves mingle, their earthy essence tempered by the cedar's dry, ancient wisdom."
"['water notes', 'bergamot', 'pear', 'water lily', 'jasmine', 'iris', 'musk', 'amber', 'sandalwood']","Velvety and dense, the scent of Luminous Oasis wraps around the senses like a luxurious whisper. Bergamot's bright citrus sparkles on the skin, tempered by the gentle lapping of water notes and the subtle sweetness of pear. Water lily's aquatic freshness mingles with jasmine's heady allure, while iris and musk add a deep, velvety richness. Amber and sandalwood bring warmth and depth, a sensory haven that envelops and transports."
"['water notes', 'amalfi lemon', 'mint', 'pepper', 'geranium', 'oak moss', 'virginia cedar']","Velvety and dense, the scent of Midnight Oasis envelops the senses. The sharpness of mint and pepper pierces the darkness, while the warmth of Amalfi lemon and geranium infuses a sense of golden radiance. Oak moss and Virginia cedar provide a grounding depth, as the water notes ebb and flow like a mysterious tide, balancing the senses."
"['watermelon', 'pear', 'white peach', 'watery notes', 'magnolia', 'white rose', 'white musk', 'palisander rosewood', 'sandalwood']","Frosted and luminous, like the whispered promise of a summer morning. Watermelon's sweetness mingles with pear's tender ripeness, as white peach provides a luscious, velvety softness. Watery notes undulate like ripples on a still pond, carrying the delicate whispers of magnolia and white rose. Palisander rosewood and sandalwood lend depth and warmth, while white musk wraps the senses in a gentle, shimmering haze."
"['melon', 'mint', 'watery notes', 'lily-of-the-valley', 'violet', 'cedar', 'musk', 'amber']","Velvety and dense, the scent of Éterna whispers secrets on a midnight skin. Melon's juicy ripeness mingles with mint's crisp freshness, as watery notes gently lap at the senses. Lily-of-the-valley's sweetness is tempered by violet's subtle melancholy, while cedar's warmth and musk's sensuality kindle a deep longing. Amber's golden glow illuminates the darkness, casting a spell of eternal allure."
"['watery notes', 'bergamot', 'grapefruit blossom', 'ginger', 'blue lotus', 'magnolia', 'cedar', 'white musk', 'ambergris']","Velvety and dense, the scent of Moonlit Oasis envelops, as watery notes mingle with the tartness of bergamot and grapefruit blossom. The warm spices of ginger and cedar wood blend with the mystical allure of blue lotus and magnolia, grounded by the sensual richness of ambergris and white musk."
"['pear', 'lemon', 'green leaves', 'watery notes', 'marigold', 'lavender', 'rose', 'cedar', 'amber', 'musk']","Ink-dark and rooted, the scent of Éphémère settles, a mysterious blend of pear's subtle sweetness, lemon's tartness, and green leaves' verdant freshness. Watery notes dance with marigold's golden warmth, while lavender's soothing calm and rose's soft petals balance the bold cedar and amber. Musk wraps everything in a sensual veil, beckoning the senses to surrender."
"['pear', 'violet leaf', 'citrus', 'cedarwood', 'sandalwood', 'vetiver', 'musk', 'moss']","Velvety and dense, the air thickens with the whisper of pear's gentle sweetness, as the tartness of citrus slices through, punctuated by the soft rustle of violet leaf. The warmth of cedarwood and sandalwood deepens, anchoring the senses, while the earthy whispers of vetiver and moss anchor the soul."
"['cucumber', 'mandarin orange', 'melon', 'sea notes', 'orange blossom', 'freesia', 'musk', 'raspberry']","Sharp and cold, the opening notes of Midnight Oasis strike like a whispered promise. Crisp cucumber and mandarin orange collide, awakening the senses. The sweetness of melon and the freshness of sea notes mingle, like the gentle lapping of waves on a moonlit shore. Orange blossom and freesia unfurl, as musk and raspberry linger, a sultry embrace of the night."
"['fruity notes', 'spicy notes', 'watery notes', 'woody notes', 'spicy notes', 'woody notes', 'amber', 'musk']","Velvety and dense, the air is heavy with the promise of a sultry night. Fruity notes burst forth like a ripened fruit, their sweetness tempered by the slow burn of spicy notes that simmer in the shadows. Watery notes whisper secrets, while woody notes provide a grounding foundation. Amber and musk dance in the darkness, their sensual embrace drawing me in."
"['watermelon', 'melon', 'raspberry', 'black currant', 'mandarin orange', 'pink pepper', 'water notes', 'green notes', 'violet', 'lily-of-the-valley', 'musk', 'sandalwood', 'amber']","Velvety and dense, the air is heavy with the promise of a summer's evening. Sweet watermelon and juicy melon entwine, their ripeness heightened by the tartness of raspberry and black currant. Mandarin orange zest tickles the senses, as pink pepper's subtle heat awakens the skin. Green notes and water notes converge, like ripples on a still pond, as violet and lily-of-the-valley petals gently unfold. The warmth of sandalwood and amber infuses musk, leaving a lingering caress that beckons the senses."
"['water notes', 'aldehydes', 'coconut', 'geosmin', 'sea water', 'tuberose', 'violet leaf', 'jasmine', 'cashmeran', 'costus', 'moss', 'ambroxan']","Velvety and dense, the air is heavy with secrets. Water notes whisper ancient tales, while aldehydes dance in the shadows, kindling a sense of mystery. Coconut's creamy smoothness provides a tactile anchor, as geosmin's earthy undertones remind us of the ocean's hidden depths."
"['melon', 'camphor', 'cucumber', 'mint', 'metallic notes', 'salt', 'watery notes', 'rose', 'oysters', 'civet', 'resins', 'benzoin']","Ice-blue twilight seeps into the skin, as melon and cucumber mingle with camphor's crispness. Mint's verdant freshness punctuates the air, tempered by metallic notes' subtle hum. Rose's gentle warmth stirs the senses, as salt and watery notes ebb and flow like the ocean's tides. Oysters' succulent essence and civet's mystery add depth, while benzoin's resinous warmth imbues the scent with a sense of ancient, hidden knowledge."
"['violet leaf', 'watery notes', 'nutmeg', 'virginia cedar']","Velvety and dense, the air is heavy with the damp earthy aroma of violet leaf, a mossy carpet that invites you to linger. Suddenly, the watery notes whisper secrets, a gentle mist that tempers the richness. Nutmeg's warm, spicy whispers weave a tapestry of balance, while Virginia cedar's dry, woody undertones anchor the senses, evoking a midnight forest, where mystery and allure converge."
"['lavender', 'mint', 'cardamom', 'bergamot', 'artemisia', 'cinnamon', 'orange blossom', 'caraway', 'vanilla', 'tonka bean', 'amber', 'sandalwood', 'cedar']","Rich and smoky, like a midnight forest floor, whispers of lavender and mint mingle with the warmth of cardamom, inviting the senses to surrender. Bergamot's citrus zing is tempered by the earthy resonance of artemisia, while cinnamon's spice tickles the nostrils. Caraway's whispery charm and orange blossom's heady sweetness blend with vanilla's softness, as the scent settles into a plush, ambered heart, sandalwood's woody depth and cedar's rugged mystery waiting in the shadows."
"['sea water', 'lavender', 'mint', 'green notes', 'rosemary', 'calone', 'coriander', 'sandalwood', 'neroli', 'geranium', 'jasmine', 'musk', 'oakmoss', 'tobacco', 'cedar', 'ambergris']","Frosty morning mist. Sea water's crystalline essence mingles with lavender's subtle warmth, while mint's zesty freshness cuts through the chill. Green notes and rosemary's herbal depth provide a grounding presence, tempered by calone's aquatic sweetness. Coriander's earthy warmth and sandalwood's creamy smoothness balance the freshness, as neroli's citrus and geranium's floral whispers linger."
"['amalfi lemon', 'mint', 'water jasmine', 'virginia cedar', 'brown sugar', 'french labdanum']","Velvety and dense, the air is thick with the whispers of Mediterranean night. Amalfi lemon's citrusy zip punctuates the richness of brown sugar, as mint's subtle zing slices through the warmth. Water jasmine's tender petals unfurl, carried on a breeze of French labdanum's heady, herbal depth. Virginia cedar's woody gravity grounds the senses, as the scent settles into a soft, golden haze."
"['amalfi lemon', 'tagetes', 'black currant', 'bergamot', 'african orange flower', 'violet', 'cyclamen', 'jasmine', 'vetiver', 'musk', 'amber', 'virginia cedar']","Velvety and dense, the air is heavy with the essence of Aurora Noir. Amalfi lemon's tartness is tempered by the rich, almost-honeyed sweetness of tagetes, while black currant's subtle tartness is soothed by the smooth, golden light of bergamot. African orange flower and violet dance in harmony, their florality grounded by the earthy depth of cyclamen and the heady sensuality of jasmine."
"['mandarin orange', 'mint', 'cypress', 'sage', 'pepper', 'tonka bean', 'musk', 'sandalwood', 'cedar']","Velvety and dense, the air is alive with the essence of Midnight Forest. Mandarin orange's sweet warmth is tempered by peppery freshness, as mint's icy grip holds the senses. Cypress whispers ancient secrets, while sage's earthy mystery deepens. Tonka bean's creamy richness soaks in, countered by sandalwood's woody depth and musk's sensuality, all anchored by cedar's grounding wisdom."
"['bergamot', 'lemon', 'mandarin orange', 'orange blossom', 'white nerium oleander', 'fig leaf', 'cypress', 'red cedar', 'juniper', 'pistachio', 'musk']","Velvety and dense, the atmosphere is heavy with the promise of secrets. Bergamot and lemon, tart and tangy, tantalize the senses, their citrusy zip tempered by the soft, golden warmth of mandarin orange and orange blossom. Amidst this lush tapestry, white nerium oleander and fig leaf weave a subtle, herbal melody, while cypress, red cedar, and juniper provide a grounding, woody undertone. Musk and pistachio linger, a sensual whisper, as the fragrance settles into its skin."
"['lavender', 'lemon', 'caraway', 'basil', 'bergamot', 'clary sage', 'iris', 'star anise', 'vetiver', 'sandalwood', 'patchouli', 'cedar', 'juniper berries', 'cardamom', 'oakmoss', 'leather', 'amber', 'musk', 'tonka bean']","Velvety and dense, the air is heavy with the whispers of secrets. Lavender's softness mingles with lemon's bright clarity, while caraway's subtle spice and basil's herbaceousness weave a tapestry of mystery. Bergamot's citrusy depth and clary sage's soothing calmness create a harmonious balance, anchored by the earthy richness of iris, star anise, and cedar."
"['lavender', 'lemon', 'bergamot', 'mandarin orange', 'sage', 'juniper berries', 'basil', 'geranium', 'jasmine', 'coriander', 'orange blossom', 'lily-of-the-valley', 'lily', 'sandalwood', 'musk', 'vetiver', 'brazilian rosewood', 'amber']","Velvety and dense, the air is heavy with the promise of secrets. Lavender's subtle whisper mingles with lemon's tart zing, as bergamot's citrusy zest provides a fleeting spark. Mandarin orange and sage blend in a soothing harmony, while juniper berries and basil add a hint of mystery."
"['mint', 'candy apple', 'lemon', 'mandarin orange', 'ambroxan', 'geranium', 'clary sage', 'vanilla', 'cedar', 'sandalwood', 'bitter orange', 'patchouli', 'leather']","Velvety and dense, the scent of 'Mystique' wraps around the senses like a whispered secret. Mint's crystalline freshness is tempered by the tart sweetness of candy apple, while lemon's zesty wit is soothed by mandarin orange's gentle warmth. Ambroxan's subtle smokiness mingles with geranium's earthy depth, as cedar and sandalwood provide a luxurious foundation, punctuated by the enigmatic allure of patchouli and the leathery richness of bitter orange."
"['green apple', 'mint', 'lavender', 'grapefruit', 'basil', 'sage', 'geranium', 'carnation', 'jasmine', 'fir', 'cedar', 'patchouli']","Velvety and dense, the air thickens with the promise of secrets whispered. Green apple's tartness awakens, tempered by mint's silken coolness. Lavender's subtle calm is then jolted by grapefruit's bold, citrusy zing. Basil and sage's herbaceous undertones weave a tapestry of ancient wisdom, while geranium's floral hint adds a touch of mystery."
"['passionfruit', 'lime', 'pepper', 'ginger', 'vodka', 'gin', 'mint', 'spices', 'amber', 'leather', 'woodsy notes']","Velvety and dense, the air is alive with the essence of passionfruit, its sweet pulp bursting forth like a whispered secret. Lime's tartness and pepper's subtle heat mingle in perfect harmony, as ginger's warm, spicy notes seduce and vodka's crisp dryness adds a refined edge."
"['melon', 'bergamot', 'mint', 'black currant', 'sea water', 'green apple', 'cappuccino', 'cardamom', 'nutmeg', 'amber', 'woodsy notes']","Warm and mystical, like the whispers of a secret society, this perfume beckons. Bergamot's tartness mingles with the sweetness of black currant, as if the melon's creamy essence was poured into a glass of sea water. Green apple's juiciness is tempered by cappuccino's rich earthiness, while cardamom's spice and nutmeg's warmth add depth. Amber and woody notes provide a comforting undertone, like a fireside chat on a winter's night."
"['apple', 'aldehydes', 'grapefruit', 'ginger', 'sage', 'lavender', 'geranium', 'tonka bean', 'cedar', 'olibanum', 'patchouli']","Velvety and dense, the air thickens with the promise of a mysterious night. The tartness of apple and grapefruit zest awakens the senses, as aldehydes whisper secrets of smoke and mirrors. Ginger's warmth kindles the soul, while sage and geranium's subtle nuances weave a tapestry of ancient wisdom."
"['bergamot', 'pink pepper', 'artemisia', 'lavender', 'iris', 'sage', 'suede', 'saffron', 'musk', 'caramel', 'haitian vetiver', 'patchouli']","Velvety and dense, the air vibrates with the whispers of 'artemisia' and 'sage', an ancient incense that conjures secrets in the dark. Bergamot's tartness pierces the mist, while pink pepper's subtle sparkle adds a touch of reckless abandon. Saffron's golden warmth envelops, tempered by the earthy depth of 'patchouli' and 'haitian vetiver', as 'iris' and 'lavender' weave a tapestry of mystery and allure."
"['fir', 'lemon', 'orange', 'petitgrain', 'cardamom', 'sea notes', 'rosemary', 'lily-of-the-valley', 'jasmine', 'rose', 'sage', 'musk', 'vetiver', 'oakmoss', 'brazilian rosewood', 'sandalwood']","Velvety and dense, the air is heavy with the secrets of the forest, where fir and lemon mingle in a whispering haze. The verdant freshness of petitgrain and rosemary entwines with the sweetness of lily-of-the-valley and jasmine, as the musky undertones of sandalwood and oakmoss evoke the mystery of the night."
"['lavender', 'lemon', 'bergamot', 'clary sage', 'tarragon', 'mandarin orange', 'orange', 'neroli', 'pepper', 'cinnamon', 'coriander', 'geranium', 'violet', 'jasmine', 'rose', 'tobacco', 'tonka bean', 'sandalwood', 'musk', 'cedar', 'amber', 'coumarin', 'iris']","Velvety and dense, a midnight mist envelops the senses, where bergamot's tartness mingles with lavender's soft whispers. Clary sage and tarragon's subtle warmth unfolds, as mandarin and orange essences swirl in a tartan dance. Meanwhile, rose and jasmine petals unfold, releasing sweet surrender, while musk and amber depths whisper secrets."
"['pear', 'kumquat', 'bergamot', 'lavender', 'grapefruit', 'cardamom', 'geranium', 'coriander', 'ambergris', 'suede', 'amberwood', 'haitian vetiver']","Velvety and dense, the air is weighted with the sweetness of pear and kumquat, as the bergamot's tart citrus whispers secrets to the lavender's soft, powdery sighs. Grapefruit's pungency and cardamom's spice slice through the murk, while geranium's rose-petal smoothness tempers the coriander's warm earthiness. Ambergris and suede whispers linger, a sensual caress on the skin, as haitian vetiver's rugged roots anchor the scent, a reminder of the land's ancient pulse."
"['melon', 'chamomile', 'marigold', 'tagetes', 'hiacynth', 'apricot', 'oakmoss', 'apple', 'coriander', 'mandarin orange', 'ylang-ylang', 'litchi', 'black currant', 'cassia', 'peach', 'lily-of-the-valley', 'carnation', 'rose', 'jasmine', 'cloves', 'oakmoss', 'musk', 'sandalwood', 'amber', 'vetiver', 'cedar', 'vanilla']","Sharp and cold, the scent of Mystique slithers up the skin, a whisper of melon's sweetness tempered by chamomile's soothing calm. Marigold's golden warmth seeps into the heart, where tagetes' spicy sparks ignite a subtle dance of hibiscus's florid elegance."
"['lavender', 'water notes', 'basil', 'geranium', 'marigold', 'tobacco', 'hay', 'clary sage', 'moepel accord', 'bran', 'sandalwood', 'cypress', 'musk', 'amber', 'labdanum']","Velvety and dense, the scent of Terra Nova envelops, a symphony of contradictions. Lavender's gentle whisper soothes the air, while water notes shimmer like moonlight on a summer's eve. Basil's sharpness is tempered by geranium's soft blush, as marigold's warm radiance illuminates the darkness. A subtle whisper of tobacco and hay hints at secrets revealed, as clary sage and moepel accord evoke the mysteries of the earth. Sandalwood, cypress, and amber provide a rich, woody depth, while musk and labdanum weave a sensual spell."
"['red apple', 'cardamom', 'calabrian bergamot', 'lavender', 'bourbon geranium', 'clary sage', 'tobacco leaf', 'patchouli', 'haitian vetiver']","Velvety and dense, the air thickens with the promise of secrets whispered in the night. Red apple's tartness is tempered by the warm, golden spice of cardamom, as Calabrian bergamot's citrusy snap crackles like a match struck in the darkness. Lavender's whispering shadows mingle with the earthy, herbal richness of bourbon geranium and clary sage, while tobacco leaf and patchouli evoke the smoky intimacy of a hidden chamber. Haitian vetiver's deep, mysterious roots anchor the fragrance, a siren's call to surrender to the night's mysteries."
"['myrtle', 'lemon', 'bergamot', 'basil', 'sea notes', 'jasmine', 'rose', 'juniper', 'cedar', 'mastic or lentisque', 'amber']","Velvety and dense, the air thickens with the presence of 'Myrtle's mystery. The zip of 'Lemon' and 'Bergamot' cuts through, as 'Basil's subtle verdancy whispers secrets to 'Sea Notes', their salty tenderness. 'Jasmine' and 'Rose' intertwine, their petals unfolding like a whispered promise. 'Juniper' and 'Cedar' provide a woody counterpoint, while 'Mastic or Lentisque' and 'Amber' burnish the edges, leaving a subtle sheen on the senses."
"['aldehydes', 'galbanum', 'artemisia', 'bergamot', 'neroli', 'gardenia', 'ylang-ylang', 'orange', 'carnation', 'jasmine', 'violet root', 'tuberose', 'rose', 'oakmoss', 'leather', 'civet', 'vetiver', 'patchouli', 'myrrh', 'musk', 'amber', 'coconut']","Here is a luxury, atmospheric description for the perfume:

Velvety and dense, the air is heavy with the promise of secrets hidden in ancient, crumbling libraries. Bergamot whispers sweet nothings to neroli, while gardenia's lush petals unfold, releasing jasmine's sultry sighs. Mysterious oakmoss and leather undercurrents weave a tapestry of intrigue, punctuated by the smoky sweetness of myrrh and the musk's subtle whisper."
"['apple', 'bergamot', 'ginger', 'lavender', 'sage', 'juniper berries', 'geranium', 'tonka bean', 'amberwood', 'cedar', 'vetiver']","Frosty and crystalline, the perfume settles like a winter's night on the skin. The bergamot's tartness is tempered by the softness of apple, while ginger's warm ember glows in the darkness. Lavender's whispers of calm are gently interrupted by the pungency of juniper berries, grounding the senses."
"['marine notes', 'bergamot', 'rosemary', 'clary sage', 'geranium', 'olibanum', 'patchouli']","Velvety and dense, the scent of Oceanic Oasis wraps itself around the senses, a symphony of marine notes, bergamot, and rosemary harmonizing in a soothing melody. The earthy undertones of clary sage and geranium ground the fragrance, while the wispy tendrils of patchouli and olibanum lift it to the realm of the ethereal, a luxurious escape from the mundane."
"['sea notes', 'green mandarin', 'clary sage', 'lavender', 'geranium', 'mineral notes', 'vetiver', 'patchouli']","Ethereal and damp, the air is heavy with the whispers of the sea. Green mandarin's tartness punctuates the mist, its zestiness tempered by the soft focus of clary sage and lavender. The mineral notes rise, like tides, to meet the earthy patchouli and vetiver, grounding the freshness in a dense, dampened silence."
"['absinthe', 'anise', 'fennel', 'lavender', 'black vanilla husk', 'musk']","Velvety and dense, the air settles like a whispered secret. Absinthe's crisp, green freshness mingles with anise's sweet, licorice warmth, as fennel's wispy tendrils caress the skin. Lavender's ethereal whispers weave a tapestry of serenity, while black vanilla husk's smoky depth grounds the senses. Musk's subtle allure wraps the wearer in an enigmatic shroud, a mystery waiting to be unraveled."
"['aldehydes', 'mint', 'lavender', 'bergamot', 'mandarin orange', 'lemon', 'artemisia', 'neroli', 'seagrass', 'ginger', 'geranium', 'jasmine', 'cyclamen', 'brazilian rosewood', 'rose', 'musk', 'sandalwood', 'cedar', 'guaiac wood', 'amber']","Velvety and dense, the air is heavy with anticipation. Bergamot and mandarin orange spark like citrines in the darkness, their brightness tempered by the subtle warmth of lavender and geranium. Seagrass whispers secrets to rose, while artemisia and cyclamen weave a mystical tapestry. In the depths, Brazilian rosewood and cedarwood provide a rich, woody foundation, elevated by the smoky sweetness of guaiac wood and the golden allure of amber."
"['bergamot', 'rosemary', 'mint', 'lemon', 'tarragon', 'mandarin orange', 'juniper', 'brazilian rosewood', 'sage', 'bourbon geranium', 'coriander', 'sandalwood', 'musk', 'oakmoss', 'cedar', 'vanilla', 'patchouli', 'ambergris']","Velvety and dense, the air settles with whispers of bergamot and rosemary, a subtle balance of freshness and herbaceousness. The soft hum of mint and lemon harmonizes with the earthy undertones of tarragon and sage, while mandarin orange and juniper add a hint of citrusy vitality. In the darkness, Brazilian rosewood and cedarwood provide a rich, woody depth, tempered by the musky warmth of sandalwood and vanilla."
"['star anise', 'rosemary', 'bergamot', 'lavender', 'geranium', 'cloves', 'coumarin', 'patchouli', 'oakmoss', 'vetiver', 'guaiac wood']","Frosty and mysterious, the air is alive with the whispers of ancient secrets. Bergamot's citrusy zing shatters the stillness, as star anise and cloves conspire to conjure a sense of mystic rituals. Rosemary's herbal intensity grounds the fragrance, while lavender's subtle sweetness and geranium's tartness weave a tapestry of intrigue."
"['sicilian mandarin', 'rosemary', 'amyris', 'iris', 'milk chocolate', 'coconut', 'coffee', 'tonka bean', 'agarwood (oud)']","Velvety and dense, the air is heavy with the promise of secrets whispered in the dead of night. Sicilian mandarin's tartness awakens the senses, while rosemary's herbaceousness grounds the scent, as amyris and iris entwine in a sultry embrace. Rich milk chocolate and coconut creaminess mingle with the earthy, woody depth of agarwood and tonka bean, their subtle sweetness heightened by the bold, dark undertones of coffee, an intoxicating blend that ensnares the senses."
"['sage', 'bergamot', 'cardamom', 'lemon', 'mandarin orange', 'carnation', 'patchouli', 'cedar', 'basil', 'orris root', 'jasmine', 'leather', 'oakmoss', 'styrax', 'vetiver', 'amber', 'vanilla', 'coconut']","Velvety and dense, the scent of Mystique envelops like a warm twilight, where sage and bergamot whispers mingle with the sweetness of mandarin and cardamom's subtle spice. As the dry down unfolds, patchouli and cedarwood anchor the senses, while orris root and jasmine sambac impart a sensual mystique."
"['green notes', 'lavender', 'artemisia', 'rosemary', 'bergamot', 'coriander', 'cinnamon', 'neroli', 'pine tree', 'juniper berries', 'carnation', 'tarragon', 'geranium', 'caraway', 'jasmine', 'rose', 'orris root', 'lily-of-the-valley', 'oakmoss', 'leather', 'cedar', 'patchouli', 'sandalwood', 'vetiver', 'musk', 'amber', 'tonka bean', 'coconut']","Velvety and dense, a tapestry of mystery unfurls. Green notes whisper secrets to lavender's soothing hum, as artemisia's crisp bitterness and rosemary's piney freshness weave a harmonious balance. Bergamot's citrusy spark and coriander's warm spice mingle with neroli's orange blossom sweetness, while juniper berries and tarragon add a subtle tartness."
"['ginger', 'juniper berries', 'bergamot', 'sage', 'lavender', 'geranium', 'vetiver', 'patchouli', 'cedar']","Frosty midnight whispers. Ginger's fiery sparks are tempered by the icy grip of juniper berries, while bergamot's citrusy zest cuts through the mist. Sage's earthy wisdom grounds the senses, as lavender's soft murmurs and geranium's subtle sweetness intertwine. Vetiver's dry, smoky undertones and patchouli's sensual depth anchor the essence, as cedar's ancient, woody presence underscores the mysterious allure."
"['mate', 'black pepper', 'pink pepper', 'cardamom', 'bergamot', 'water lily', 'magnolia', 'rose', 'violet', 'osmanthus', 'jasmine', 'copaiba balm', 'breu-branco', 'myrrh', 'patchouli', 'benzoin', 'olibanum', 'vetiver', 'labdanum', 'coumarin', 'vanilla', 'carrot']","Velvety and dense, a mystical veil envelops the senses. Mate's earthy whisper awakens black pepper's spicy zing, as pink pepper's tender kiss soothes the senses. Bergamot's citrus warmth intertwines with water lily's delicate harmony, while magnolia's creamy essence and rose's velvety softness conspire to disarm."
"['ylang-ylang', 'rose', 'bergamot', 'orris root', 'jasmine', 'peru balsam']","Velvety and dense, the air is heavy with the promise of indulgence. Bergamot's zesty essence sparks the senses, while ylang-ylang's sweet whispers caress the skin. Rose petals unfold, releasing the tender promise of intimacy. The earthy, mysterious orris root grounds the senses, as the rich, resinous Peru balsam wraps the heart in its dark, sensual embrace."
"['absinthe', 'bergamot', 'lemon', 'peru balsam', 'orange blossom', 'spices', 'carnation', 'musk']","Velvety and dense, the air thickens with the first whispers of Absinthe's mystique. Bergamot's citrus zest and lemon's tartness awaken, punctuated by the spicy thrum of Spices and the plush softness of Peru Balsam. Amidst this sensual haze, Orange Blossom's ethereal petals unfurl, as Carnation's subtle warmth and Musk's dark allure weave an intoxicating spell."
"['cloves', 'pink pepper', 'orange blossom', 'chestnut', 'guaiac wood', 'juniper', 'vanilla', 'peru balsam', 'cashmeran']","Velvety and dense, like a whispered secret, the perfume wraps around the senses. Cloves and pink pepper ignite a warm, fiery spark, tempered by the soft, golden petals of orange blossom. Rich chestnut and guaiac wood deepen the aroma, while juniper's crispness and cashmeran's creamy sweetness leave a lingering, tantalizing echo. Peru balsam's resinous warmth lingers, like a gentle, sensual caress."
"['solar notes', 'nectarine', 'yellow freesia', 'mandarin orange', 'grapefruit', 'mirabelle', 'jasmine', 'lily-of-the-valley', 'beeswax', 'vanilla', 'musk', 'cedar', 'neroli']","Velvety and dense, the air thickens with the whispers of solar notes, as nectarine's tender sweetness mingles with the radiant freshness of yellow freesia. Mandarin orange's zest tickles the senses, while grapefruit's tartness provides a sly counterpoint. Mirabelle's heady allure lingers, a siren's call amidst jasmine's sultry caress and lily-of-the-valley's dewy innocence. Beeswax's golden warmth soothes, Vanilla's richness deepens, and musk's sensuality ensnares, all set against the rugged, weathered charm of cedar and neroli's subtle nuance."
"['mandarin orange', 'coffee', 'osmanthus', 'cacao', 'tonka bean']","Velvety and dense, the air vibrates with the whispers of exotic temptation. Mandarin orange slices burst forth, a radiant warmth that seeps into the senses, tempered by the rich, bitter undertones of coffee. Osmanthus petals unfurl, releasing a heady, honeyed haze that mingles with the deep, sensual allure of cacao and the subtle, vanilla-like nuance of tonka bean, a sumptuous harmony that simmers just below the surface."
"['lavender', 'mint', 'syringa', 'cacao pod', 'cedar', 'myrrh', 'wheat']","Velvety and dense, the air is heavy with the promise of mystery. Rich myrrh and cedarwood whispers weave a tapestry of ancient secrets, while the soft caress of lavender and syringa petals gently counterbalance the sharpness of mint and cacao pod's creamy sweetness."
"['apple', 'peach', 'grapefruit', 'magnolia', 'floral notes', 'lily', 'white chocolate truffle', 'cacao', 'australian sandalwood', 'woody notes', 'musk']","Warm and succulent, like the tender skin of a ripened peach, this perfume wraps itself around the senses. Juicy apple and tart grapefruit mingle in a sweet and sour harmony, while magnolia petals unfurl like delicate tissue paper, releasing a symphony of floral notes. Rich white chocolate truffles and cacao whispers evoke memories of midnight indulgence."
"['cacao', 'milk', 'liquor', 'cacao', 'jasmine', 'lily-of-the-valley', 'coumarin', 'musk', 'cedar']","Molten and rich, the perfume flows like dark chocolate across the skin. Cacao and milk notes mingle in a velvety dance, punctuated by the sharp tang of liquor, as jasmine and lily-of-the-valley whispers weave a tapestry of secrecy. The sweetness of coumarin and musk provides a subtle warmth, tempered by the rustic, earthy depth of cedar. A true indulgence, this scent wraps itself around the senses like a sumptuous cloak."
"['cacao', 'olibanum', 'bergamot', 'nutmeg', 'jasmine', 'anise', 'benzoin', 'madagascar pepper', 'labdanum', 'tobacco', 'cedar', 'haitian vetiver']","Smoldering and sensual, the fragrance whispers secrets in the darkness. Rich cacao and labdanum mingle with the velvety smoothness of benzoin, as nutmeg's warmth kindles a spark within. Bergamot's citrusy freshness is tempered by anise's sweet and spicy undertones, while jasmine's floral beauty is grounded by cedar's rugged earthiness."
"['wormwood', 'pink pepper', 'grapefruit', 'tuberose', 'champaca', 'cacao', 'patchouli', 'amber', 'tonka bean', 'vanille']","Velvety and dense, the darkness envelops, as wormwood's prickly grip is tempered by pink pepper's tender whispers. Grapefruit's tartness slices through, releasing tuberose's sweet, velveteen petals, which dance with champaca's golden nectar. Cacao's rich, smoldering embers mingle with patchouli's earthy whispers, while amber's warm glow and tonka bean's creamy sweetness harmonize with vanilla's smooth, soothing caress."
"['turkish rose', 'cacao pod', 'tonka bean', 'madagascar vanilla', 'dark chocolate', 'agarwood (oud)', 'patchouli', 'sandalwood']","Fragrant twilight descends. Turkish rose petals shed their secrets, releasing whispers of velvety softness. Cacao pod's rich, earthy undertones mingle with the heady sweetness of tonka bean, as Madagascar vanilla's creamy essence weaves a tapestry of comfort. Oud's dark, mysterious allure grounds the senses, while patchouli's damp earthiness and sandalwood's warm, golden light create a sensual, enveloping embrace."
"['peach', 'mandarin orange', 'orange', 'caramel', 'orange blossom', 'jasmine', 'amber', 'sandalwood', 'guaiac wood', 'cedar']","Warmly enveloped in the velvety darkness of a summer night, the essence of peach and mandarin orange bursts forth, tender and inviting. Caramel sweetness mingles with the heady allure of orange blossom, while jasmine and amber unfold a rich tapestry of sensuality. Sandalwood and guaiac wood provide a grounding depth, as cedar's dry, woody edges subtly sharpen the senses."
"['violet', 'orange', 'bergamot', 'coffee', 'pear', 'iris', 'orange blossom', 'rose', 'caramel', 'vanilla', 'patchouli']","Melted velvet darkness envelops, as bergamot's citrus sparkles ignite the senses. Violet's subtle shyness yields to orange's warmth, like a tender caress on skin. Coffee's rich earthiness grounds the sweetness of pear, while iris's powdery softness and rose's velvety petals mingle in harmony. Caramel's golden glow and vanilla's creamy smoothness balance the earthy depth of patchouli, as orange blossom's delicate whisper concludes this sumptuous symphony."
"['mandarin orange', 'clary sage', 'caramel', 'tonka bean', 'vetiver']","Sharp and cold, the air is charged with the promise of citrus, mandarin orange's tartness piercing the mist. Clary sage's herbal whispers weave a soothing counterpoint, as caramel's rich warmth seeps in, tonka bean's creamy sweetness mellowing the effect. Vetiver's earthy hum underscores the blend, grounding the senses in a luxurious silence."
"['litchi', 'mandarin orange', 'lily-of-the-valley', 'bergamot', 'tuberose', 'caramel', 'vanila', 'amber', 'sandalwood']","Sharp and cold, like a midnight crystal, the fragrance ignites. Litchi's juicy tartness awakens, chased by mandarin's vibrant zest. Lily-of-the-valley's delicate whispers harmonize with bergamot's citrusy zing. Tuberose's creamy softness envelops, while caramel's golden warmth mingles with vanilla's velvety smoothness. Amber's rich depth and sandalwood's earthy foundation anchor the scent, a sultry embrace that shrouds the senses in mystery."
"['citruses', 'sweet pea', 'caramel', 'benzoin', 'white musk']","Frosty and crystalline, the air is alive with the whispers of citruses. Softly, sweet pea blooms, its delicate petals unfolding like a promise. Beneath, rich caramel and resinous benzoin entwine, a warm embrace that radiates like a fireside on a winter's eve. Amidst this tranquil intimacy, white musk whispers secrets, an unseen presence that wraps the senses in its gentle grasp."
"['cardamom', 'pimento', 'caramel', 'salt', 'vanilla', 'tobacco', 'cashmeran']","Here is a luxury, atmospheric description for the perfume:

Rich and sumptuous, like the soft glow of a library lamp, this fragrance whispers secrets of the senses. Cardamom's subtle spice is tempered by the deep, warm notes of caramel and pimento, while vanilla's creamy sweetness is subtly elevated by the smoky allure of tobacco. The dry down of cashmeran and salt adds a refined, architectural structure, balancing the luxurious excess."
"['jasmine', 'caramel', 'salt', 'vanilla']","Velvety and dense, the air is heavy with the warmth of jasmine, its delicate petals entwined with the sweet, golden tendrils of caramel. A pinch of salt awakens the senses, while the richness of vanilla provides a comforting haven."
"['red apple', 'apricot', 'mandarin orange', 'cinnamon', 'jasmine', 'caramel', 'vanilla', 'sandalwood']","Velvety and dense, a winter's morning wraps around you, red apple's tartness mingling with apricot's warmth and mandarin's brightness. Cinnamon's whispers of spice and jasmine's sultry caress mingle, as caramel's richness and vanilla's softness balance the sweetness. Sandalwood's earthy foundation grounds the senses, as the fragrance's contrasts harmonize in a luxurious, sensual waltz."
"['mandarin orange', 'incense', 'bergamot', 'ylang-ylang', 'jasmine', 'iris', 'caramel', 'amber', 'musk', 'vetiver']","Sharp and cold, the first whispers of Ethereal Noir descend, mandarin orange zest and bergamot's tartness slicing through the air like a winter's breath. Rich incense and ylang-ylang petals unfurl, their heady warmth tempered by iris's subtle elegance. Caramel's golden richness and amber's depth anchor the senses, while musk and vetiver's earthy intimacy weave a sensual tapestry that lingers like a winter's night."
"['bitter orange', 'tangerine', 'stephanotis', 'caramel', 'lemon verbena', 'orchid', 'rose', 'patchouli', 'vanilla', 'mahogany', 'saffron']","Velvety and dense, the aroma of [Bitter Orange, Tangerine, and Stephanotis] wraps around the senses like a luxurious fur. The caramel richness of [Caramel] melts seamlessly into the [Lemon Verbena] and [Orchid] sweetness, while [Patchouli] adds an earthy, mossy depth. [Rose] and [Mahogany] warmth unfolds, punctuated by the golden glow of [Saffron], a scent that's both opulent and timeless."
"['caramel', 'peach', 'rose', 'violet', 'vanilla', 'musk']","Velvety and dense, the air is alive with the whispers of sweet indulgence. Caramel's golden richness mingles with peach's juicy ripeness, as rose's velvety softness wraps around the tenderest violet petals. Vanilla's creamy solace binds the senses, while musk's subtle sensuality weaves a tapestry of allure, beckoning the wearer to surrender to its intimate embrace."
"['caramel', 'green apple', 'lily']","Velvety and dense, the air is heavy with the promise of indulgence. Caramel's rich, golden nectar mingles with the crisp, tartness of green apple, creating a harmony of contrasts. Amidst this sweet and tangy union, the elegance of lily blooms, its subtle beauty tempering the duo's boldness."
"['nutmeg', 'caramel', 'vanilla', 'spices', 'incense', 'tobacco blossom', 'white musk']","Velvety and dense, the air thickens with the promise of secrets whispered in ancient temples. Rich notes of caramel and vanilla mingle with the warmth of nutmeg and spices, like the gentle glow of incense rising from intricately carved stone. Tobacco blossom adds a subtle hint of mystique, while white musk weaves a sensual fog that envelops the senses."
"['black cherry', 'raspberry', 'jasmine', 'rose', 'mimosa', 'vanilla', 'birch', 'vetiver']","Velvety and dense, the air is heavy with the promise of indulgence. Black cherry's dark sweetness is tempered by the tartness of raspberry, as jasmine and rose petals conspire to ensnare the senses. Mimosa's golden light and vanilla's creamy warmth add depth, while birch's woody undertones and vetiver's earthy essence anchor the bouquet in the shadows."
"['cherry', 'pepper', 'lactones', 'oud', 'incense', 'benzoin', 'cypriol oil or nagarmotha', 'labdanum', 'moss']","Velvety and dense, the air is heavy with the promise of forgotten temples. Cherry sweetness wafts, tempered by the sharpness of black pepper, as lactones whisper secrets of ancient rituals. Oud and incense swirl, carrying the smoldering embers of benzoin and cypriol oil's dark mystique. Labdanum and moss entwine, a sensual dance of mystery and intrigue."
"['cherry', 'saffron', 'black pepper', 'black leather', 'violet', 'jasmine', 'tonka bean', 'palo santo', 'patchouli', 'heliotrope']","Velvety and dense, the air is alive with the sultry whispers of Tenebrous. Cherry's luscious sweetness tantalizes the senses, as saffron's golden warmth melts into the darkness, tempered by the earthy spice of black pepper. Black leather's brooding intensity is soothed by the soft, floral embrace of violet, jasmine, and heliotrope, while tonka bean and patchouli add depth and mystery, punctuated by the woody, sacred essence of palo santo."
"['cherry', 'bitter almond', 'liquor', 'plum', 'almond', 'peru balsam', 'damask rose', 'jasmine', 'cherry', 'vanilla', 'cedar', 'sandalwood', 'patchouli']","Velvety and dense, the perfume whispers secrets of a lavish midnight salon. Cherry liqueur sweetness entwines with the bitterness of almond, while plum undertones simmer like a slow-cooked delight. Damask rose and jasmine sashes dance across the senses, as Peru balsam adds depth and mystery."
"['cherry', 'cherry blossom', 'musk', 'woody notes']","Velvety and dense, the air is heavy with the promise of secrets whispered in the night. Cherry's lusciousness mingles with the tender petals of cherry blossom, a subtle yet alluring harmony. Musky undertones seep in, as the woody notes provide a grounding foundation. The fragrance settles like a gentle caress, leaving only the faintest hint of sweetness on the skin."
"['bergamot', 'cherry', 'rose', 'cassis', 'guarana', 'iris', 'black vanilla husk', 'patchouli', 'amber', 'white musk']","Velvety and dense, the scent of Midnight Eclipse envelops like a shadowy mist. Bergamot's tartness mingles with cherry's lusciousness, as rose and cassis intertwine in a sensual dance. Guarana's subtle kick stirs the senses, while iris and patchouli ground the perfume in earthy mystery. Amber and white musk smolder in the darkness, balanced by the subtle sweetness of black vanilla husk, creating a fragrance that is at once exotic and familiar."
"['peach', 'black currant', 'mandarin orange', 'bergamot', 'dark chocolate', 'rose', 'violet', 'vanilla', 'white musk', 'cedar']","Velvety and dense, the perfume wraps the senses in a rich tapestry of flavors. Bergamot's tartness mingles with mandarin's sweetness, while dark chocolate's depth is tempered by the tartness of black currant. Peach and rose petals soften the edges, as violet and vanilla add a subtle, ethereal quality. White musk and cedar anchor the blend, grounding its sensuality in a promise of mystery."
"['dark chocolate', 'jasmine', 'teak wood', 'cedar', 'chocolate', 'milk', 'vanilla', 'musk']","Rich and velvety, the scent of Midnight Indulgence envelops the senses, as dark chocolate and milk meld together in perfect harmony. Jasmine's sweet tendrils wrap around the woody depth of teak and cedar, while vanilla's creamy undertones soothe the senses. Musk's subtle allure weaves a sensual tapestry, as the fragrance's rich, indulgent heart beats in time with the wearer's desires."
"['milk chocolate', 'green apple', 'mandarin orange', 'dark chocolate', 'vanilla flower', 'sandalwood', 'white musk', 'praline']","Velvety and dense, the aroma caresses the senses with the rich indulgence of milk chocolate, its creamy sweetness tempered by the tart green apple and the subtle tang of mandarin orange. Dark chocolate's smoky depth mingles with vanilla flower's soft, powdery softness, as sandalwood's smooth, woody warmth wraps around praline's caramelized sweetness, all suspended in a cloud of white musk's creamy softness."
"['mandarin orange', 'patchouli', 'bergamot', 'cinnamon', 'amber', 'virginia cedar', 'leather', 'musk', 'woodsy notes']","Velvety and dense, the air thickens with the promise of secrets hidden within. Mandarin orange's tart whispers mingle with the earthy embrace of patchouli, as bergamot's citrus spark ignites the senses. Cinnamon's warm embrace wraps around the heart, while amber's golden glow and virginia cedar's rustic charm create a sensuous fusion. Leather's supple softness and musk's intimate allure entwined with woodsy notes, a heady elixir that awakens the soul."
"['sicilian lemon', 'apple', 'cedar', 'bellflower', 'bamboo', 'jasmine', 'white rose', 'cedar', 'musk', 'amber']","Velvety and dense, the scent of Elysium settles on the skin like a whispered promise. Sicilian lemon's brightness is tempered by the tender flesh of apple, as cedar's earthy depth provides a rich foundation. Bellflower's airy lightness dances with jasmine's sweet surrender, while white rose's delicate petals unfold like a tender kiss. Musk and amber warmth the senses, inviting surrender to the luxuriant embrace."
"['orange', 'mandarin orange', 'bergamot', 'orange blossom', 'turkish rose', 'jasmine', 'mimosa', 'ylang-ylang', 'patchouli', 'white musk', 'vanilla', 'vetiver', 'tonka bean', 'opoponax']","Velvety and dense, the scent wraps around like a whispered secret. Bergamot's tartness stirs the air, punctuated by bursts of citrusy mandarin and orange, their zestiness tempered by the creamy richness of orange blossom and Turkish rose. As the perfume deepens, jasmine and mimosa unfurl, their velvety textures mingling with ylang-ylang's sweet surrender."
"['orange', 'grapefruit', 'pepper', 'pelargonium', 'flint', 'vetiver', 'cedar', 'patchouli', 'benzoin']","Sharp and dark, the air vibrates with the promise of secrets. Orange and grapefruit peel back the layers, releasing a piquant peppered warmth, while pelargonium's powdery softness mutes the intensity. Flinty notes of smoke and char ground the senses, as vetiver's woody depth and cedar's resinous richness weave a tapestry of mystery, tempered by the sweet, incense-like whisper of patchouli and benzoin."
"['lime', 'lemon', 'bergamot', 'jasmine', 'orange', 'mandarin orange', 'neroli', 'sea notes', 'jasmine', 'calone', 'rosemary', 'peach', 'freesia', 'hiacynth', 'cyclamen', 'violet', 'coriander', 'rose', 'nutmeg', 'mignonette', 'white musk', 'cedar', 'oakmoss', 'patchouli', 'amber']","Sharp and cold, the air is charged with the citrus zip of lime, lemon, and bergamot, tempered by the sweet seduction of jasmine and orange. Sea notes whisper beneath, while calone's aquatic freshness cuts through. Rosemary's piney essence grounds the florals, as peach and freesia add softness, and hyacinth and cyclamen provide a subtle depth."
"['lemon', 'green notes', 'bergamot', 'mandarin orange', 'pineapple', 'cardamom', 'papaya', 'lily-of-the-valley', 'jasmine', 'violet', 'rose', 'nutmeg', 'orris root', 'freesia', 'green accord', 'musk', 'cedar', 'sandalwood', 'oakmoss', 'green tea', 'amber']","Velvety and dense, the scent of Elysium envelops like a warm whisper. Citrus notes of lemon, bergamot, and mandarin orange mingle with sweet pineapple, releasing a tender balance of tart and tender. Linger beneath the surface, cardamom and nutmeg subtly spice the air, while lily-of-the-valley and jasmine petals dance with rose and violet whispers."
"['lemon', 'pineapple', 'bergamot', 'black currant', 'apple', 'birch', 'jasmine', 'rose', 'musk', 'ambergris', 'patchouli', 'vanilla']","Velvety and dense, the air is heavy with the whispers of twilight. Lemon's tartness awakens, tempered by pineapple's sweet subtlety. Bergamot's citrusy zing mingles with black currant's jammy richness, while apple's crispness grounds the mixture. Jasmine's heady sensuality and rose's gentle warmth envelop, as musk and ambergris conspire to seduce. Patchouli's earthy depth and vanilla's creamy softness round out this luxurious tapestry, a scent that lingers like a secret kept."
"['lemon', 'bergamot', 'neroli', 'rose de mai', 'hyacinth', 'cedar', 'clary sage', 'geranium', 'tonka bean', 'musk', 'amber']","Velvety and dense, the scent of Ethereal Dream settles upon the skin like the first whispers of twilight. Lemon and bergamot awaken the senses, their citrusy zing harmonizing with the floral softness of neroli and rose de mai. Hyacinth's subtle sweetness provides an anchor, while cedar and clary sage add depth and grounding. As the essence unfolds, geranium's tartness and tonka bean's creamy nuance mingle with musk and amber, a sensual marriage of warmth and mystery."
"['lemon', 'bergamot', 'mint', 'orange peel', 'rhubarb', 'jasmine', 'oakmoss', 'musk', 'fennel', 'carnation', 'white amber', 'green tea', 'jasmine', 'oakmoss', 'musk', 'celery seeds', 'caraway', 'cloves', 'amber']","Velvety and dense, the essence of Citrus Noir wraps around the skin, its tartness tempered by the whisper of mint and the subtle sweetness of orange peel. The freshness is tamed by the rich, earthy allure of oakmoss and the sensual warmth of musk, while jasmine and carnation softly illuminate the darkness, like candlelight on a winter's night."
"['orange', 'sea notes', 'aldehydes', 'blood mandarin', 'pepper', 'neroli', 'cedar', 'vanilla', 'tonka bean', 'white musk', 'amber', 'vetiver', 'elemi resin']","Sharp and cold, the scent begins, with orange's tartness piercing the air. The sea notes swirl, whispers of damp sand and oceanic mystery, before the warmth of aldehydes and blood mandarin infuse, as if the perfume itself were a fiery ember."
"['grapefruit', 'orange', 'lemon', 'red currant', 'sugar cane', 'bulrush', 'lily-of-the-valley', 'tea rose', 'cinnamon', 'musk', 'cedar', 'thanaka wood']","Sharp and cold, the scent of Midnight Oasis awakens with the tartness of grapefruit and orange, their citrusy sparks tempered by the sweetness of red currant and sugar cane. The earthy whispers of bulrush and lily-of-the-valley weave a mystical tapestry, while tea rose and cinnamon infuse a sensual warmth. Musk and cedarwood provide a sensual foundation, grounding the thanaka wood's woody reverberations in a mesmerizing embrace."
"['sea notes', 'grapefruit', 'mandarin orange', 'bay leaf', 'jasmine', 'ambergris', 'guaiac wood', 'oakmoss', 'patchouli']","Velvety and dense, the perfume settles on the skin like a misty veil. Sea notes whisper secrets, a gentle undertone of oceanic mystery. Grapefruit's tartness slices through the fog, balanced by the warm, golden glow of mandarin orange. Bay leaf's earthy depth grounds the senses, as jasmine's heady sweetness wraps itself around the heart. Ambergris and guaiac wood add richness, while oakmoss and patchouli anchor the scent in the damp, mystical forest floor, where ancient secrets slumber."
"['lemon', 'bergamot', 'star anise', 'olive blossom', 'guaiac wood', 'leather', 'tonka bean', 'tobacco']","Darkly sensual, the air thickens with the whisper of leather-bound secrets. Bergamot and lemon zest ignite a fiery spark, tempered by the sweet, powdery allure of olive blossom. Star anise wafts like a mysterious messenger, delivering a payload of warm spices and the smoky depth of guaiac wood. The smooth, creamy richness of tonka bean and tobacco provides a sumptuous backdrop, a luxurious haven where the senses conspire."
"['lemon verbena', 'iris', 'violet leaf', 'ambergris', 'sandalwood']","Velvety and dense, the scent of Étienne settles upon the skin like a promise. Lemon verbena whispers secrets, its citrusy essence tempered by the soft, powdery veil of iris. Violet leaf's subtle bitterness adds depth, while ambergris and sandalwood's golden warmth kindle a sense of mystery, their earthy union weaving a spell of quiet intimacy."
"['blood orange', 'bergamot', 'lavender', 'cinnamon', 'licorice', 'jasmine', 'caramel', 'vanille', 'musk']","Velvety and dense, the darkness is palpable. Blood orange and bergamot entwine like tender shoots, their tartness tempered by the soft, sweet whispers of lavender and jasmine. Cinnamon and licorice weave a subtle tapestry, as caramel and vanilla sweetness unfold, like a whispered secret, while musk lingers, a warm ember, leaving a trail of mystery and allure."
"['blood orange', 'black currant', 'clementine', 'pear', 'mandarin orange', 'ginger', 'ginger flower', 'tuberose', 'freesia', 'hibiscus seed', 'vanilla', 'sandalwood', 'musk', 'california cedar']","Velvety and dense, the air is charged with the essence of twilight, where blood orange and black currant conspire to tantalize the senses. Clementine's warmth and mandarin's zest add an air of sophistication, while ginger and ginger flower infuse a sensual, slow-burning passion. Tuberose and freesia petals unfold, releasing a heady, velvety darkness, balanced by the subtle sweetness of hibiscus seed and the woody, mysterious depths of sandalwood, vanilla, musk, and California cedar."
"['orange', 'grapefruit', 'flint', 'woodsy notes', 'oak moss', 'benzoin']","Frosty and intense. The perfume's icy grip crackles with the sharpness of flint, tempered by the tender acidity of orange and grapefruit. Warmth seeps in, like the soft glow of benzoin's sweet smoke, as woody notes and oak moss unfurl a rich, velvety landscape."
"['lemon', 'rosemary', 'bergamot', 'neroli', 'pineapple', 'jasmine', 'oakmoss', 'cyclamen', 'coriander', 'musk', 'oakmoss', 'cedar', 'sandalwood', 'cardamom', 'brazilian rosewood', 'tonka bean']","Velvety and dense, the scent of Elysian Nights ensnares, a symphony of contrasts. Lemon's tartness is tempered by rosemary's herbaceousness, while bergamot's sweetness is buoyed by pineapple's juicy undertones. Jasmine's sensuality is grounded by oakmoss's earthy depth, as cyclamen's subtle charm wafts through, accompanied by coriander's warm, spicy whispers."
"['lemon', 'peach', 'ginger', 'mandarin orange', 'lavender', 'bergamot', 'pepper', 'cedar', 'patchouli', 'vetiver', 'brazilian rosewood', 'rose', 'jasmine', 'gardenia', 'freesia', 'anise', 'vanilla', 'tonka bean', 'sandalwood', 'coconut', 'amber', 'benzoin', 'musk', 'leather', 'oakmoss']","Velvety and dense, the air is heavy with the sweet surrender of Brazilian rosewood, its richness tempered by the tart zing of lemon and the spicy warmth of ginger. Bergamot's citrusy freshness whispers through the shadows, as patchouli's earthy depth grounds the senses, while vanilla's creamy softness and tonka bean's subtle sweetness linger, a sensual caress on the skin."
"['amalfi lemon', 'pear', 'bergamot', 'neroli', 'mimosa', 'freesia', 'water lily', 'african orange flower', 'musk', 'guaiac wood', 'amber']","Velvety and dense, the darkness of night whispers secrets as ['Amalfi lemon'] and ['Bergamot'] converge, their tartness tempered by ['Pear']'s sweet surrender. ['Neroli'] and ['Mimosa'] swirl, their floral nuance harmonizing with ['Freesia']'s ethereal whisper. ['Water lily'] and ['African orange flower'] unfold, their aquatic mystery enriched by ['Musk']'s seductive warmth and ['Guaiac wood']'s smoky depth, culminating in a golden ['Amber'] glow."
"['orange', 'bergamot', 'grapefruit', 'litchi', 'rose', 'italian jasmine', 'patchouli', 'tahitian vetiver', 'bourbon vanilla', 'white musk']","Frosty twilight whispers secrets to the skin. Bergamot's zesty tartness awakens, harmonizing with grapefruit's tangy kiss. Litchi's succulent sweetness unfurls, entwined with rose's velvet softness and Italian jasmine's lacy whispers. Patchouli's earthy mystery weaves with Tahitian vetiver's smoky wisps, while bourbon vanilla and white musk wrap the senses in a plush, nocturnal embrace."
"['calabrian bergamot', 'grapefruit blossom', 'musk']","Inky and dense, the veil of Calabrian bergamot dissolves, releasing the tart whispers of grapefruit blossom. Amidst the twilight mystery, musk's subtle seduction awakens, enveloping all in its silken embrace. The fragrance's duality, a balance of brightness and shadow, is both piercing and soothing, a sensual siren's call."
"['amalfi lemon', 'bergamot', 'neroli', 'magnolia', 'jasmine', 'iris', 'musk']","Warm and golden, like the soft glow of a Tuscan evening, this perfume awakens with the brightness of Amalfi lemon and bergamot, their citrusy vitality tempered by the creamy sweetness of neroli and magnolia. Jasmine and iris add a sensual, velvety depth, while musk provides a subtle, skin-like warmth that lingers like the gentle touch of a lover's caress."
"['lemon', 'granny smith apple', 'jasmine', 'marigold', 'musk', 'amberwood']","Velvety and dense, the air whispers secrets of a forgotten dawn. The tart sweetness of lemon and Granny Smith apple mingles in a delicate harmony, like the softest whisper on a winter's morning. Jasmine's heady allure and marigold's subtle earthiness unfurl, as the richness of musk and amberwood deepens the scent, weaving a tapestry of mystery and allure."
"['grapefruit', 'bergamot', 'cassia', 'petitgrain', 'neroli', 'patchouli', 'vanilla']","Velvety and dense, the air is heavy with the promise of mystery, as bergamot's citrus pulse beats in tandem with cassia's warm, golden undertones. Grapefruit's tartness stings, punctuating the richness of neroli's heady, floral sighs. Patchouli's earthy whispers mingle with the sweetness of vanilla's creamy caress, tempered by the subtle, herbaceous snap of petitgrain. A symphony of contrasts, harmoniously discordant."
"['grapefruit', 'orange', 'bergamot', 'pink pepper', 'almond', 'neroli', 'vetiver', 'white musk']","Ethereal and icy, the air is pierced by the tart notes of grapefruit and orange, like shards of shattered crystal. Bergamot's golden warmth mingles with pink pepper's gentle sting, as almond's creamy softness tempers the sharpness. Neroli's tender petals unfold like a whispered secret, while vetiver's earthy depth and white musk's silken softness weave a velvety tapestry of mystery."
"['lemon', 'green apple', 'bergamot', 'tagetes', 'peach blossom', 'jasmine', 'cedar', 'musk', 'amber']","Velvety and dense, the air is alive with the essence of Tagetes, its heady, golden light tempered by the citrusy zip of Lemon and Bergamot. Green Apple's crispness provides a subtle counterpoint, while Peach Blossom's tender sweetness and Jasmine's luscious bloom conspire to create a sensuous, amber-tinged haze."
"['bergamot', 'grapefruit', 'orange', 'neroli', 'iris', 'hyacinth', 'jasmine', 'freesia', 'rose', 'lily-of-the-valley', 'vanille', 'tonka bean']","Velvety and dense, the essence of Midnight Bloom envelops, a whispered promise of secrets shared. Bergamot's sharpness mingles with grapefruit's tartness, as orange and neroli's subtle sweetness conspire to disarm. Iris and hyacinth provide a haunting harmony, while jasmine and freesia's airy whispers waft in, a sensual invitation. Rose and lily-of-the-valley's softness tempers the boldness, as vanille's warmth and tonka bean's creamy depth tie everything together in a rich, mysterious tapestry."
"['bergamot', 'mandarin orange', 'elemi', 'sandalwood', 'olibanum', 'tonka bean', 'vanilla']","Warm and mysterious, like the soft glow of candlelight. Bergamot's citrus zest and mandarin's sweet whisper mingle in a delicate dance, as elemi's subtle spice weaves a sensual tapestry. Sandalwood's rich, woody depth grounds the senses, while olibanum's resinous nuance adds a hint of ancient mystery. Tonka bean's creamy warmth and vanilla's comforting sweetness softly converge, enveloping the wearer in a sumptuous, enveloping aroma."
"['calabrian bergamot', 'bergamot', 'tunisian orange blossom', 'ambrofix\x99', 'patchouli']","Icy and crystalline, the air is charged with the essence of Calabrian bergamot, its citrusy zing tempered by the subtle warmth of Tunisian orange blossom. Rich and sensual, Ambrofixx adds depth, while patchouli grounds the senses. Bergamot's freshness mingles with the velvety darkness, a perfect balance of light and shadow."
"['grapefruit', 'lemon', 'bergamot', 'lime', 'thyme', 'artemisia', 'galbanum', 'vetiver', 'juniper berries', 'black currant', 'apple', 'pink pepper', 'cedar', 'cypriol oil or nagarmotha', 'lily-of-the-valley', 'rose', 'jasmine', 'ambergris', 'leather', 'vanilla', 'benzoin', 'labdanum']","Velvety and dense, like a midwinter's night, a mystical aura settles upon the senses. Grapefruit and lemon converge, their citrus sharpness softened by the subtle herbaceousness of thyme and artemisia. As the richness of galbanum and juniper berries deepens the accord, the sweetness of black currant and apple emerges, tempered by the leathered smoothness of cedar and cypriol oil."
"['lemon', 'bergamot', 'mandarin orange', 'orange blossom', 'jasmine sambac', 'indian vanilla', 'tahitian vanilla', 'white musk']","Velvety and dense, the air is alive with the essence of citrus and blooms. Lemon and bergamot tremble like ice on a winter's morn, while mandarin orange and orange blossom swirl in a gentle waltz. Jasmine sambac's sultry caress is tempered by the creamy warmth of Indian vanilla and Tahitian vanilla, all set against a soft, powdery backdrop of white musk."
"['bergamot', 'black currant', 'lemon', 'lime', 'violet leaf', 'ginger', 'rose', 'iris', 'jasmine', 'ambroxan', 'musk', 'sandalwood', 'cedar']","Velvety and dense, the perfume wraps around the senses, a symphony of citrus and floral notes. Bergamot's tartness is tempered by black currant's sweetness, while lemon and lime zestiness leaves a trail of effervescence. Violet leaf and rose petals mingle, their softness offset by the spiciness of ginger. Ambroxan and musk anchor the scent, while sandalwood and cedarwood provide a grounding, woody depth."
"['lemon', 'bergamot', 'sandalwood', 'woody notes', 'madagascar vanilla', 'vetiver']","Velvety and dense, the air trembles with anticipation as the essence of Madagascar vanilla and woody notes converges, like whispers in a darkened boudoir. Lemon and bergamot inject a jolt of electric clarity, cutting through the richness like a shard of crystal. Sandalwood and vetiver provide the foundation, a subtle, smoky framework that underlies the entire experience, like a lover's gentle touch."
"['lime', 'bergamot', 'mandarin orange', 'basil', 'thyme', 'iris', 'lilac', 'vetiver', 'patchouli']","Velvety and dense, the air is heavy with the promise of twilight. Lime's tartness and bergamot's citrusy zing slice through the darkness, awakening the senses. Mandarin orange and basil's herbaceous notes weave a tapestry of warmth, while thyme's subtle spiciness and iris's powdery softness add depth. Lilac's whispers of nostalgia and patchouli's earthy mystery linger, grounding the scent in the night's secrets."
"['bergamot', 'orange', 'mandarin orange', 'litsea cubeba', 'oolong tea', 'nutmeg', 'fig', 'musk']","Velvety and dense, the essence of twilight envelops. Bergamot's crisp clarity is tempered by the warmth of mandarin orange, while litsea cubeba's subtle spice weaves a tapestry of intrigue. Oolong tea's smooth sophistication is anchored by the earthy fig, its sweetness tempered by the whisper of nutmeg and the sensual allure of musk. A symphony of contrasts, where each note is harmoniously balanced by its counterpart."
"['amalfi lemon', 'grapefruit', 'bergamot', 'elemi resin', 'ginger', 'vetiver', 'virginia cedar', 'lavender', 'rosemary', 'sandalwood']","Velvety and dense, the air thickens with the promise of discovery. Amalfi lemon and grapefruit zest spark a symphony of citrus, while bergamot's subtle sweetness harmonizes with elemi resin's earthy depth. Ginger's warmth stirs the senses, punctuated by the dry, woody precision of vetiver and virginia cedar. Lavender's subtle whisper and rosemary's herbaceous nuance weave a tapestry of mystery, culminating in the rich, resinous warmth of sandalwood."
"['yuzu', 'lemon', 'green pepper', 'water notes', 'lotus', 'water mint', 'green notes', 'white musk', 'cedar']","Velvety and dense, the scent of 'Zenith' settles upon the skin like a misty veil. Zesty yuzu and lemon burst forth, tempered by the subtle piquancy of green pepper. Water notes shimmer and recede, like the surface of a serene lotus pool. Water mint's freshness and green notes' vitality infuse the air, while white musk's softness and cedar's subtle dryness weave a sensual tapestry that envelops and transports."
"['ginger', 'mandarin orange', 'bergamot', 'maninka', 'lavender', 'leather', 'woody notes']","Velvety and dense, the air thickens with the whispers of ancient secrets. Ginger's fiery spark ignites a tapestry of citrus, mandarin orange and bergamot woven with the subtle, creamy smoothness of maninka. Lavender's ethereal essence wafts in, tempering the boldness, as leather's rich, worn skin whispers tales of yesterday. Woody notes provide a mossy undertone, grounding the scent in the depths of the earth."
"['lemon', 'mint', 'bergamot', 'grapefruit', 'mandarin orange', 'lavender', 'rosemary', 'geranium', 'olibanum', 'ambroxan', 'sandalowood', 'cashmeran', 'vetiver', 'cedar', 'patchouli']","Velvety and dense, the scent of Midnight Oasis conjures a subtle fusion of freshness and mystery. Lemon's tartness mingles with mint's invigorating zing, tempered by the sweet, citrusy whispers of bergamot and grapefruit. Mandarin's warmth and rosemary's herbaceousness add depth, while geranium's subtle floral hint and olibanum's woody dryness ground the composition. Ambroxan's sensual allure and sandalwood's creamy softness envelop, as vetiver's earthy foundation and cedar's sturdy anchor secure the senses in a nocturnal sanctuary."
"['coca-cola', 'lime', 'cinnamon', 'apple', 'nutmeg', 'cedar', 'amberwood']","Velvety and dense, the air is alive with the whispers of Coca-Cola's sweet nostalgia, tempered by the tart zing of lime. Cinnamon's warm embrace mingles with crisp apple's freshness, while nutmeg's subtle spice adds depth to the ambery wood notes, like the soft glow of a crackling fire on a winter's night."
"['coca-cola', 'lime', 'nutmeg', 'cinnamon', 'cedar', 'vanilla']","Icy and seductive, this perfume wraps around the senses like a velvet cloak. The sweet, fizzy essence of Coca-Cola mingles with the zesty tang of lime, tamed by the warm, spicy whispers of nutmeg and cinnamon. Rich cedar and vanilla undertones provide depth, balancing the freshness with a sense of luxurious comfort."
"['bergamot', 'coconut', 'tonka bean']","Velvety and dense, the air is heavy with the promise of secrecy. Bergamot's tart zip stings the senses, while coconut's creamy warmth soothes the skin. Tonka bean's rich, sweet undertones weave a spell of intimacy, balancing the citrus's sharpness with its own subtle depth."
"['coconut', 'red apple', 'mandarin orange', 'jasmine', 'freesia', 'magnolia', 'cotton flower', 'sandalwood']","Velvety and dense, the air thickens with the richness of coconut and the tartness of red apple. Mandarin orange's zesty sparkles burst forth, tempered by the floral warmth of jasmine and freesia. Magnolia's creamy softness mingles with cotton flower's gentle sweetness, while sandalwood's earthy depth grounds the senses."
"['coconut nectar', 'boysenberry', 'pomegranate', 'butterfly orchid', 'honeysuckle', 'magnolia', 'amber', 'musk', 'white woods']","Velvety and dense, the air is heavy with the promise of indulgence. Coconut nectar's sweet surrender mingles with the tartness of boysenberry, its ripeness tantalizing the senses. Pomegranate's juicy depth injects a seductive rhythm, while butterfly orchid and honeysuckle whisper secrets of forbidden delight. Amber's warm, golden light smolders in the shadows, tempered by the subtle, white woods freshness that grounds the intoxicating allure of this luxurious, dark floral mistress."
"['palm leaf', 'gardenia', 'coconut', 'sea salt', 'vanilla', 'sandalwood', 'virginia cedar', 'benzoin']","Velvety and dense, the scent of Tropical Oasis envelops, like a whispered secret. Palm leaf and virginia cedar intertwine, their dry, woody notes tempered by the sweet surrender of gardenia. Coconut's creamy smoothness mingles with vanilla's comforting warmth, as sea salt's subtle nuance grounds the blend. Benzoin's gentle warmth and sandalwood's woody depth harmonize, like a lullaby on a balmy night."
"['bergamot', 'hibiscus', 'cardamom', 'lemon', 'coconut', 'gardenia', 'green notes', 'jasmine', 'ambroxan', 'woodsy notes', 'heliotrope', 'vanilla orchid']","Velvety and dense, the atmosphere settles like a whispered secret. Bergamot's tartness is tempered by hibiscus's gentle caress, while cardamom's warmth weaves a tapestry of spices. Lemon's brightness cuts through the richness, as coconut's creamy smoothness harmonizes with gardenia's heady floral allure. The green notes whisper secrets, jasmine's exotic allure is soothed by ambroxan's woody calm, and heliotrope's sweet charm is grounded by vanilla orchid's sensual depth."
"['solar notes', 'lavender', 'litsea cubeba', 'coconut milk', 'water lily', 'benzoin', 'musk', 'amber', 'cedar']","Velvety and dense, the air is heavy with the promise of secrets kept. Solar notes, like whispers in the ear, awaken the senses, while lavender's subtle calmness counterbalances the Litsea Cubeba's zesty effervescence. Coconut milk's creamy softness envelops, as water lily's delicate petals caress the skin. Benzoin's warmth and musk's sensuality mingle with amber's golden richness, tempered by cedar's rustic grounding. A fragrance that weaves together whispers, shadows, and the whispers of the heart."
"['bergamot', 'coconut milk', 'musk', 'woody notes']","Velvety and dense, the air trembles with anticipation. Bergamot's citrus zest awakens, its tartness swiftly tamed by the rich, creamy tenderness of coconut milk. The subtle, powdery whispers of musk weave a sensual fabric, as woody notes provide a sturdy foundation. Together, they conjure an intimate, indulgent haven, where time stands still."
"['coconut nectar', 'neroli', 'bergamot', 'mandarin orange', 'monoi oil', 'ylang-ylang', 'orange blossom', 'jasmine', 'coconut milk', 'musk', 'ambrette (musk mallow)']","Velvety and dense, the air is heavy with the opulence of coconut nectar, a sweetness that simmers like a golden ember. Neroli and bergamot whispers weave a tapestry of citrus and floral nuances, while monoi oil and coconut milk infuse a lusciousness that's almost palpable. Ylang-ylang and orange blossom dance in the shadows, their sensuality tempered by the earthy musk and ambrette, a sumptuous indulgence that wraps around you like a luxurious cocoon."
"['solar notes', 'bergamot', 'peach', 'heliotrope', 'lily-of-the-valley', 'coconut', 'musk', 'cedar']","Velvety and dense, the air is heavy with the promise of indulgence. Solar notes simmer beneath the surface, tempered by the citrusy zip of bergamot and the sweetness of ripe peach. Heliotrope's floral whispers mingle with the tender innocence of lily-of-the-valley, as coconut's creamy richness grounds the accord. Musk's subtle warmth and cedar's woody depth entwine, weaving a tapestry of opulence and sophistication."
"['coconut nectar', 'fruity notes', 'pink lotus', 'sand', 'vanilla', 'white musk']","Warm and enveloping, like the gentle press of sand between toes, Mystique awakens with the rich, coconut nectar. Fruity notes burst forth, like a whispered secret, tempered by the soft, soothing petals of pink lotus. Vanilla and white musk mingle, a sensual caress, as the scent settles, a tender, seductive whisper."
"['coconut nectar', 'lemon zest', 'lotus', 'wild orchid', 'jasmine sambac', 'sea notes', 'vanilla', 'amber']","Here is a luxury, atmospheric description for the perfume:

Sharp and cold, the initial snap of coconut nectar gives way to the warm, golden glow of lemon zest, like a whispered secret. Lotus and wild orchid petals mingle in the mist, their delicate dance awakened by the sultry kiss of jasmine sambac. Sea notes swirl, carrying whispers of the unknown, as vanilla and amber entwined in a rich, velvety embrace that never falters."
"['black currant', 'orange', 'bergamot', 'mandarin orange', 'jasmine', 'lily-of-the-valley', 'coconut nectar', 'rum', 'vanilla', 'patchouli']","Velvety and dense, the scent of Midnight Oasis envelops, a rich tapestry of dark currants and rum-soaked wood, punctuated by the tart zip of bergamot and mandarin. Jasmine and lily-of-the-valley petals soften the edges, while coconut nectar and vanilla creaminess provide depth. Patchouli's earthy undertones ground the sweetness, a harmonious balance of contrasts that transport the senses to a secret, starlit haven."
"['coconut', 'tiare flower', 'lotus', 'white musk']","Velvety and dense, the air is heavy with the whisper of coconut and the subtle thrum of tiare flower. Lotus petals unfurl, releasing a gentle shimmer of white musk that harmonizes the duo, imbuing the senses with a sultry, tropical haze that lingers like a lover's caress."
"['bergamot', 'saffron', 'mandarin orange', 'tuberose', 'coconut nectar', 'ozonic notes', 'sandalwood', 'musk', 'tonka bean', 'amber']","Velvety and dense, the air thickens with the whispers of bergamot and saffron, a mystical duet that weaves a tapestry of mystery. Mandarin orange and tuberose bloom, their heady sweetness offset by the subtle creaminess of coconut nectar. Ozonic notes swirl, releasing the smooth, woody depth of sandalwood and the warm, golden glow of amber. Musk and tonka bean linger, leaving a trail of enigmatic allure."
"['bergamot', 'coconut', 'madagascar vanilla', 'white musk']","Velvety and dense, the air thickens with the richness of Madagascar vanilla, its deep notes caressed by the creamy whispers of coconut. Bergamot's citrusy zing stirs the mixture, its sharpness tempered by the smooth, powdery softness of white musk. The result is a sumptuous, indulgent essence that envelops the senses, a luxurious reprieve from the world."
"['coconut milk', 'tiare flower', 'sugar cane', 'vanilla', 'musk']","Velvety and dense, the air is alive with the gentle caress of coconut milk, its richness tempered by the delicate essence of tiare flower. The sweetness of sugar cane hums in harmony, while the warm comfort of vanilla wraps around the senses, grounded by the subtle depth of musk."
"['mandarin orange', 'bergamot', 'coffee', 'pink pepper', 'amyris', 'tonka bean', 'patchouli', 'vetyver', 'french labdanum']","Velvety and dense, the scent wraps around you, like a whispered secret. Mandarin orange and bergamot burst forth, a burst of citrus freshness, tempered by the smoky richness of coffee and pink pepper. Amyris and tonka bean add depth, their sensual warmth entwining with patchouli and vetyver's earthy notes, anchored by French labdanum's leathery mystery."
"['lavender', 'bergamot', 'green leaves', 'coffee', 'cedar', 'vanilla', 'patchouli', 'tonka bean', 'amber']","Velvety and dense, the perfume wraps around like a whispered secret. Bergamot's zesty tartness is tempered by lavender's soft surrender, while green leaves provide a verdant backdrop for the rich, earthy notes of coffee and cedar. Tonka bean's creamy sweetness mingles with patchouli's mysterious depth, and amber's warm glow brings the fragrance to a sensual, indulgent close."
"['sichuan pepper', 'rose', 'tangerine', 'ylang-ylang', 'patchouli', 'tiramisu', 'jasmine', 'coffee', 'cacao', 'whipped cream', 'guaiac wood']","Sharp and cold, the scent of Sichuan pepper crackles, a sudden jolt of icy intensity. Rose petals unfurl, tender and warm, as tangerine zest whispers secrets. Ylang-ylang's velvety softness wraps around, soothing the senses. The richness of patchouli and tiramisu deepens, like a velvety midnight sky. Jasmine's exotic mystery lingers, a whispered promise, as coffee and cacao warm the heart. Whipped cream's airy lightness carries the guaiac wood's subtle woodsmoke, a symphony of contrasts."
"['floral notes', 'coffee', 'bulgarian rose', 'vanilla', 'white musk', 'amber']","Velvety and dense, the scent of opulence settles upon the skin. Floral notes, a tapestry of velvet petals, harmonize with the rich, smoky depths of coffee. Bulgarian rose, a subtle whisper of romance, mingles with creamy vanilla, its sweetness tempered by the smooth, powdery embrace of white musk. Amber's golden warmth balances the cool, dark nuances, crafting a fragrance that is at once both sensual and refined."
"['grapefruit', 'cardamom', 'lavender', 'absinthe', 'coffee', 'vetiver']","Velvety and dense, the air is heavy with the promise of the unknown. Grapefruit's tart whispers awaken, tempered by the soft, powdery caress of cardamom. The smooth, herbal haze of lavender wafts in, only to be subverted by the absinthe's haunting, green elixir. As coffee's rich, earthy notes seep in, vetiver's dry, woody undertones subtly shift the balance, conjuring an atmosphere of mystery and intrigue."
"['cappuccino', 'coffee', 'sweet notes', 'coffee', 'caramel', 'almond', 'vanilla', 'resin', 'amber']","Velvety and dense, a morning fog wraps around the senses, carrying the rich aroma of cappuccino. Sweet notes of caramel and vanilla dance atop, while the deep, resinous core of coffee grounds provides a satisfying anchor. Almond's subtle nuttiness and amber's warm glow subtly balance the bold, dark tones, conjuring a sense of quiet indulgence."
"['saffron', 'black rose', 'truffle', 'floral notes', 'patchouli', 'vanilla', 'agarwood (oud)', 'oakmoss']","Velvety and dense, the air thickens with the weight of forbidden desires. Saffron whispers sweet nothings, as black rose petals unfold like the secrets of a mysterious realm. Truffle's earthy richness grounds the senses, while patchouli's mossy undertones weave a tapestry of intimacy. Agarwood's smoky oud and oakmoss's damp forest floor complete the opulent portrait, as vanilla's creamy smoothness whispers indulge."
"['mandarin orange', 'melon', 'jasmine', 'peach', 'ylang-ylang', 'oakmoss', 'vetiver']","Velvety and dense, the air is heavy with the promise of secrets whispered in the night. Mandarin orange zest awakens, its tartness tempered by the luscious sweetness of ripe peach. Jasmine's tender petals unfold, releasing a subtle nuance of intimacy, as ylang-ylang's heady allure wraps around oakmoss's earthy mystery, grounding the senses. Vetiver's dry, wispy tendrils weave the scent into a tapestry of indulgence and mystery."
"['citron', 'calamansi', 'vetiver', 'orris', 'earthy notes', 'styrax']","Velvety and dense, the scent of Terra Nova descends upon the senses like a whispered promise. Citron's tartness is tempered by calamansi's gentle warmth, while vetiver's earthy undertones anchor the fragrance to the land. Orris's creamy richness and styrax's resinous depth subtly interplay, evoking the mysterious allure of a moonlit forest floor, where secrets linger in the shadows."
"['apple', 'tea', 'ozonic notes', 'mandarin orange', 'osmanthus', 'magnolia', 'lily', 'earthy notes', 'patchouli', 'jasmine', 'amber', 'orris', 'bamboo', 'musk', 'civet', 'sandalwood', 'vanilla']","Velvety and dense, the air is alive with the tender crunch of fresh apple, its sweetness tempered by the wispy tendrils of tea. Ozonic notes whisper secrets, while mandarin orange slices unfold, releasing the heady bouquet of osmanthus and magnolia. Earthy patchouli and amber hum in harmony, as jasmine and orris petals unfurl, suspended in a dreamlike state."
"['galbanum', 'aldehydes', 'caraway', 'gardenia', 'bergamot', 'carnation', 'rose', 'narcissus', 'iris', 'jasmine', 'oakmoss', 'leather', 'vetiver', 'patchouli', 'amber', 'coconut']","Velvety and dense, the air is heavy with secrets. Galbanum's pungent whisper stirs the shadows, where aldehydes dance with caraway's wispy tendrils. Gardenia's lush petals unfurl, releasing bergamot's citrus zest, which swirls with carnation's soft, whispered promises. Rose and narcissus entwined, their delicate petals shiver with the tender touch of jasmine. Vetiver's earthy whispers weave with oakmoss's damp forest floor, as patchouli's smoky embers smolder, tempered by coconut's creamy solace and amber's golden warmth."
"['honey', 'cassis', 'neroli', 'orris', 'carnation', 'tuberose', 'rose', 'jasmine', 'moss', 'patchouli', 'amber', 'musk']","Velvety and dense, the air thickens with the intoxicating allure of 'Midnight Bloom'. Honey's golden warmth melts into cassis's dark, luscious fruit, as neroli's delicate petals dance with the subtle sweetness of orris. Carnation's subtle spice and tuberose's exotic blooms conspire with jasmine's heady allure, while rose and moss whispers sweet nothings."
"['black pepper', 'sage', 'truffle', 'woodsy notes', 'vanila', 'frankincense']","Frosty and mystical, the air is charged with the quiet intensity of frozen black pepper, its sharpness tempered by the soft, earthy whispers of sage. Amidst this wintry silence, truffle's subtle richness unfurls, as if the forest floor itself had come alive. Woodsy notes provide a dark, velvety backdrop, while frankincense wafts in, its smoky mystery drawing the senses deeper."
"['bergamot', 'peach', 'may rose', 'jasmine', 'spices', 'roots', 'vetiver']","Velvety and dense, the air thickens with the promise of secrets whispered in the dead of night. Bergamot's tart citrusity awakens the senses, while peach's creamy sweetness mingles with the tender petals of may rose. Jasmine's heady allure weaves through the spice rack's hidden treasures, where ancient roots whisper tales of forgotten lore, all grounded by vetiver's earthy, mystic hum."
"['hyacinth', 'bergamot', 'rose', 'iris', 'jasmine', 'lily-of-the-valley', 'leather', 'oak moss', 'vetiver', 'musk', 'patchouli']","Velvety and dense, the scent of Midnight Eclipse wraps around the skin like a whispered promise. Hyacinth and bergamot conspire to awaken the senses, while rose and jasmine weave a tapestry of sensuality. Looming in the shadows, oak moss and vetiver lend an air of mystery, tempered by the smooth, supple leather of desire."
"['grapefruit', 'cucumber', 'guava', 'rhubarb', 'pink pepper', 'honeysuckle', 'pear', 'orange', 'moss', 'magnolia', 'passion flower', 'soil tincture', 'patchouli', 'mushroom', 'cedar']","Sharp and cold, the scent of Echoes in the Forest awakens, a symphony of contrasts. Grapefruit's tartness is tempered by cucumber's serene calm, while guava's lusciousness and rhubarb's earthy depth anchor the fragrance. Pink pepper's whispery warmth and honeysuckle's heady sweetness mingle with pear's subtle juiciness and orange's vibrant zest. Mossy undertones, magnolia's lushness, and passion flower's subtle tanginess weave a tapestry of secrets, as soil tincture and patchouli's earthy grip provide a mysterious foundation, punctuated by the subtle hint of mushroom and cedar's wispy elegance."
"['bergamot', 'lemon', 'patchouli', 'rose', 'jasmine', 'oakmoss', 'amber']","Velvety and dense, the air is heavy with the promise of secrets shared in hushed tones. Bergamot's citrus whispers awaken, tempered by the warmth of lemon's golden light. Patchouli's earthy richness grounds the senses, as rose and jasmine's opulent petals unfold, their tender caress yielding to the mystery of oakmoss's damp, ancient forest. Amber's golden glow kindles the senses, as the senses surrender to the perfume's intimate, midnight secrets."
"['green notes', 'citruses', 'jasmine', 'artemisia', 'rose', 'nutmeg', 'oakmoss', 'vetiver', 'cedar']","Velvety and dense, the mist settles. Green notes, like emeralds, glint in the darkness, tempered by the sharp, citrusy zing of bergamot. Jasmine's velvet whisper wraps around the oakmoss's damp, earthy embrace, while rose petals unfurl like silk on skin. Nutmeg's warm, golden sparks dance amidst the vetiver's mossy, damp forest floor, where cedar's ancient, worn stones stand sentinel."
"['almond', 'cardamom', 'oakmoss', 'earthy notes', 'fern']","Icy and mysterious, the air trembles with the whispered promise of Elyria. Crisp almond and cardamom petals entwine, their delicate beauty tempered by the damp, primeval earthiness of oakmoss and fern. As the scent settles, the bitter sweetness of the notes converges, like frost on a winter's night, rendering the senses still."
"['apple', 'tagetes', 'bergamot', 'lime', 'jasmine', 'iris', 'oakmoss', 'musk', 'patchouli', 'leather']","Velvety and dense, the air is heavy with the promise of mystery. 'Apple's crisp sweetness is the first to surrender, yielding to the tart, fiery whispers of 'tagetes'. 'Bergamot' and 'lime' conspire to shatter the silence, their citrusy zing tempered by the soft, powdery caress of 'jasmine' and 'iris'. 'Oakmoss' and 'musk' deepen the allure, while 'patchouli' and 'leather' add a worn, vintage mystique, weaving a perfume that's both alluring and elusive."
"['cinnamon', 'patchouli', 'vanilla', 'earthy notes', 'amber', 'labdanum', 'honey', 'moss', 'musk']","Velvety and dense, the air is heavy with the whispers of ancient forests. Cinnamon's warm caress melts into the earthy notes, as patchouli and moss conjure the damp, mysterious soil. Amber and labdanum deepen the darkness, while vanilla's sweetness lingers like a promise. Honey's golden light illuminates the shadows, where musk and a hint of sweetness linger, a siren's call to surrender to the allure of the unknown."
"['aldehydes', 'cumin', 'bergamot', 'lemon', 'rose', 'orange blossom', 'pineapple', 'jasmine', 'oakmoss', 'musk', 'patchouli', 'vetiver', 'amber', 'sandalwood']","Frosty and mysterious, the air is heavy with the promise of secrets. Bergamot and lemon's icy sweetness mingles with cumin's earthy warmth, as rose and orange blossom petals unfurl like whispered confidences. Pineapple's tartness cuts through the richness, as jasmine's sultry charm and oakmoss's damp, mossy undertones conspire to ensnare. Amber's golden glow and sandalwood's woody depth anchor the chaos, while patchouli's rugged earthiness and vetiver's smoky essence provide the perfect counterbalance."
"['aldehydes', 'hyacinth', 'bergamot', 'lemon', 'black currant', 'peach', 'lily-of-the-valley', 'jasmine', 'iris', 'rose', 'ylang-ylang', 'honey', 'carnation', 'oakmoss', 'vetiver', 'musk', 'civet', 'styrax', 'amber', 'cedar', 'benzoin']","Velvety and dense, the air is heavy with the promise of secrets kept. Aldehydes and hyacinth conspire to create an atmosphere of whispered promises, while bergamot and lemon inject a vital spark, like the first crackle of electricity on a winter's night."
"['peony', 'litchi', 'freesia', 'rose', 'lily-of-the-valley', 'magnolia', 'virginia cedar', 'amber']","Velvety and dense, the air thickens with the whispers of peony's tender petals. Litchi's succulent sweetness seeps into the folds, as freesia's crystalline clarity shatters the darkness, releasing rose's velvet whispers. Lily-of-the-valley's delicate tendrils weave through the shadows, while magnolia's creamy opulence lingers, tethered to virginia cedar's smoky mystery. Amber's golden warmth dissolves, infusing the senses with a sense of opulent reverie."
"['quince', 'grapefruit', 'hyacinth', 'jasmine', 'musk', 'iris', 'virginia cedar', 'amber']","Ink-dark and rooted, the scent of Tenebrous Nights settles, a velvety shroud of musk and virginia cedar enveloping all. Quince's tartness punctuates the richness, while grapefruit's bitterness tempers the sweetness. Hyacinth's subtle tang and jasmine's sensual whisper weave a sensual tapestry, as iris's creamy smoothness grounds the chaos. Amber's warm embers smolder beneath, a promise of mystery and allure."
"['lotus', 'melon', 'freesia', 'rose water', 'rose', 'calone', 'cyclamen', 'lily-of-the-valley', 'lily', 'water peony', 'carnation', 'musk', 'tuberose', 'exotic woods', 'osmanthus', 'cedar', 'sandalwood', 'amber']","Velvety and dense, the scent of Tropical Oasis envelops like a sultry evening, where lotus petals and melon sweetness converge. Freesia's airy lightness stirs the rose water's gentle lapping, while rose's subtle tartness is tempered by cyclamen's mysterious depth. As calone's aquatic freshness mingles with lily-of-the-valley's delicate charm, tuberose's exotic allure is grounded by amber's golden warmth."
"['sicilian mandarin', 'pink peony', 'damask rose', 'apricot', 'peach', 'white musk']","Frozen crystal and whispers of rose. A delicate balance of Sicilian mandarin's tartness and peach's softness yields to the lush petals of pink peony, its subtle sweetness tempered by the apricot's tangy warmth. Damask rose, like a gentle ember, smolders beneath the surface, releasing its heady essence into a veil of white musk, where the senses are lost in its ethereal embrace."
"['green notes', 'freesia', 'pink pepper', 'violet', 'violet leaf', 'tuberose', 'red berries', 'lily-of-the-valley', 'peony', 'lilac', 'lily', 'rose', 'jasmine', 'geranium', 'karo karounde', 'musk', 'cedar', 'sandalwood', 'patchouli']","Velvety and dense, the air is heavy with the essence of twilight. Green notes whisper secrets to freesia's delicate charm, while pink pepper's tangy bite is tamed by the soothing balm of violet and its leafy companion. Tuberose and red berries conspire in the shadows, their sweetness laced with the subtle mystique of lily-of-the-valley and peony. As the night deepens, lilac, lily, and rose bloom, their beauty underscored by the heady allure of jasmine, geranium, and the mysterious karro karounde."
"['mandarin orange', 'red apple', 'bergamot', 'magnolia', 'iris', 'ylang-ylang', 'jasmine', 'white honey', 'vanille', 'amber', 'benzoin', 'musk']","Velvety and dense, the air is heavy with the sweet surrender of 'Mandarin Orange' and 'Red Apple', as 'Bergamot' whispers secrets of citrus and seduction. The floral tapestry of 'Magnolia', 'Iris', and 'Jasmine' unfurls, while 'Ylang-ylang' and 'White Honey' blend in a heady dance. 'Vanille', 'Amber', 'Benzoin', and 'Musk' weave a sumptuous cocoon, enveloping all in a sultry embrace."
"['melon', 'peach', 'almond', 'violet', 'black currant', 'anise', 'mimosa', 'lilac', 'lily-of-the-valley', 'peony', 'rose', 'almond blossom', 'hibiscus', 'vanilla', 'almond tree', 'sandalwood', 'benzoin', 'cedar']","Velvety and dense, the scent of Midnight Whisper descends like a whispered promise. Melon's creamy sweetness mingles with peach's tender warmth, as almond's nutty depth grounds the senses. Violet's mystical essence and black currant's tartness swirl together, while anise's subtle spice and mimosa's floral charm add allure."
"['pear', 'melon', 'freesia', 'rose', 'musk', 'patchouli', 'rhuburb', 'amber']","Velvety and dense, the air is thick with the whispered secrets of a moonlit night. Pear's subtle sweetness is the first to reveal itself, like the gentle pressing of a finger to a lover's lips. Melon's juiciness bursts forth, a ripened promise of what's to come."
"['sapodilla', 'ambrette (musk mallow)', 'magnolia', 'violet', 'sandalwood', 'ambergris', 'cedar']","Sharp and cold, the scent of midnight whispers secrets to the skin. Sapodilla's sweet succulence mingles with the androgynous allure of ambrette, its musky undertones swirling with magnolia's regal elegance. Violet's subtle tartness and sandalwood's creamy depth converge on ambergris's golden warmth, while cedar's rustic solidity grounds the senses."
"['osmanthus', 'jasmine', 'may rose', 'indian tuberose', 'narcissus', 'amber', 'cedar']","Velvety and dense, the air thickens with the whispers of 'Omanthus, its sweet surrender mingling with the intoxicating allure of 'Jasmine' and 'May Rose', as 'Indian Tuberose' unfurls its mysterious petals. The warmth of 'Narcissus' provides a golden glow, while 'Amber' and 'Cedar' ground the senses, conjuring a midnight forest, where the senses are lost in the depths of this sumptuous elixir."
"['rose', 'chamomile', 'ginger', 'lemon', 'yellow freesia', 'lily', 'lotus', 'white violet', 'carnation', 'white musk', 'oakmoss', 'exotic woods', 'patchouli']","Velvety and dense, the air thickens with the promise of secrets whispered in the dead of night. Rose petals succumb to the gentle persuasiveness of chamomile, while ginger's fiery sparks are tempered by the soft glow of lemon. Yellow freesia's tender sweetness mingles with lily's regal elegance, as lotus and white violet weave a tapestry of mystery."
"['apple leaf', 'italian mandarin', 'japanese osmanthus', 'yellow freesia', 'magnolia', 'boronia', 'musk', 'white iris']","Velvety and dense, the scent of Oriental Odyssey settles like a whispered promise on the skin. Apple leaf's subtle tartness mingles with Italian mandarin's zest, as Japanese osmanthus's floral nuances unfold. Yellow freesia's creamy sweetness soars, while magnolia's powdery elegance provides a sophisticated counterbalance. Boronia's leathery depth and musk's sensuality ground the composition, as white iris's creamy freshness whispers sweet nothings to the senses."
"['neroli', 'papaya flower', 'water lily', 'narcissus', 'amaryllis', 'musk', 'cashmeran']","Velvety and dense, the air is heavy with the promise of twilight. Neroli's floral sweetness wafts up, a gentle caress that sets the tone for the mysteries to come. Papaya flower's subtle sensuality weaves in, a whispered promise of secrets shared in shadowy corners. Musk and cashmeran unfold like the softest silk, wrapping the senses in a warm, golden haze."
"['yuzu', 'bergamot', 'petitgrain', 'brazilian rosewood', 'cyclamen', 'water lily', 'rose', 'violet', 'peony', 'jasmine', 'musk', 'iris', 'vetiver', 'ambergris', 'orchid', 'sandalwood', 'tonka bean', 'vanilla']","Velvety and dense, the scent of Elysian Dreams envelops, a symphony of contradictions. Zesty yuzu and bergamot collide with the earthy richness of Brazilian rosewood, while cyclamen's tartness is tempered by the lusciousness of rose and violet. Jasmine and peony add a floral depth, balanced by the creamy warmth of tonka bean and vanilla. Musk and ambergris mingle with the subtle spice of iris and vetiver, as orchid and sandalwood provide a sensual, velvety smoothness."
"['bamboo', 'clover', 'bergamot', 'vetiver', 'lemon', 'patchouli', 'lily', 'peony', 'sandalwood', 'mimosa', 'silkwood blossom', 'blackberry', 'musk', 'vanilla', 'amber']","Velvety and dense, the air is heavy with the promise of secrets. Bergamot's citrus burst sets the tone, a jolt of energy that calms in the rich, earthy embrace of patchouli and vetiver. Silky threads of sandalwood and vanilla weave through, tempered by the sweet surrender of peony and lily."
"['pomegranate', 'yuzu', 'water notes', 'peony', 'raspberry', 'lotus', 'magnolia', 'musk', 'mahogany', 'amber']","Inky and mysterious, the perfume whispers secrets on a velvet-black night. Pomegranate's tart sweetness is tempered by yuzu's zesty freshness, as water notes weave a subtle veil. Peony and raspberry petals unfold, releasing a tender, floral intimacy. Lotus and magnolia harmonize in a lush, velvety smoothness, while musk and mahogany deepen the mystery. Amber's warmth illuminates the shadows, a sensual caress that wraps the senses in its embrace."
"['bergamot', 'freesia', 'pineapple', 'magnolia', 'peach', 'lily-of-the-valley', 'hiacynth', 'jasmine', 'iris', 'violet', 'rose', 'oakmoss', 'jasmine', 'cedar', 'musk', 'sandalwood']","Velvety and dense, the air thickens with the sweetness of peach and the heady allure of jasmine. Beneath, bergamot's citrusy zip and freesia's airy lightness mingle with the subtle earthiness of iris and violet. As magnolia and lily-of-the-valley bloom, the scent deepens, anchored by the smooth, woody weight of sandalwood and the rich, mossy undertones of oakmoss, with rose and hyacinth adding a hint of mystery and allure."
"['aldehydes', 'bergamot', 'black currant', 'peach', 'mandarin orange', 'raspberry', 'narcissus', 'hiacynth', 'jasmine', 'lily-of-the-valley', 'carnation', 'ylang-ylang', 'orris root', 'tuberose', 'turkish rose', 'orchid', 'civet', 'oakmoss', 'honey', 'sandalwood', 'musk', 'amber', 'vetiver', 'tonka bean', 'vanilla']","Velvety and dense, the darkness yields to a burst of citrusy freshness, bergamot's zesty sparkles igniting the senses. Black currant's sweet surrender and peach's luscious ripeness mingle with mandarin's tartness, their union as smooth as jasmine's whispered promises."
"['peach', 'apricot', 'freesia', 'black currant', 'rose', 'violet', 'lily-of-the-valley', 'water lily', 'ylang-ylang', 'musk', 'vanilla', 'sandalwood']","Velvety and dense, the air is alive with the sweet, succulent essence of peach and apricot. Freesia's airy whispers weave a tapestry of delicacy, as black currant's tartness provides a subtle counterbalance. The florals unfold: rose, violet, and lily-of-the-valley, their petals unfolding like a tender kiss. Ylang-ylang's golden warmth and musk's sensual depth mingle with vanilla's comforting softness, while sandalwood's earthy solidity grounds the entire aromatic ensemble."
"['bergamot', 'bitter almond', 'peony', 'ylang-ylang', 'vanilla', 'coumarin']","Velvety and dense, the air is heavy with anticipation. Bergamot's crisp zest bursts forth, its tartness tempered by the subtle bitterness of almond. Peony's lush petals unfurl, releasing a cascade of sweet, floral nuances that mingle with ylang-ylang's tropical whisper. Vanilla's creamy warmth and coumarin's mystical sweetness swirl together, conjuring a sense of mystique and allure."
"['osmanthus', 'apricot', 'nutmeg', 'jasmine', 'cardamom', 'honey', 'mimosa', 'jasmine sambac', 'cedar', 'tobacco', 'saffron', 'cypriol oil or nagarmotha', 'vanila', 'musk']","Velvety and dense, the atmosphere is heavy with the whispers of midnight. Osmanthus and apricot petals conspire to tantalize, their heady sweetness subsumed by the warm, golden glow of nutmeg. Jasmine and jasmine sambac entwine, their tender union tempered by the smoky allure of tobacco and the earthy depth of cedar."
"['apple blossom', 'bergamot', 'jasmine', 'ylang-ylang', 'musk', 'sandalwood', 'vanilla']","Frosty and translucent, like the first blush of dawn, Éclat wafts forth, a whispered promise of opulence. Bergamot's citrus zing is tempered by the soft, petal-like caress of apple blossom, while jasmine's heady allure is balanced by the creamy richness of ylang-ylang. As musk and sandalwood provide a sensuous backdrop, vanilla's comforting warmth wraps the senses in its gentle, sweet embrace."
"['green leaves', 'freesia', 'water violet', 'magnolia', 'jasmine', 'cedar', 'sandalwood', 'amber']","Velvety and dense, a midnight mist wraps around the senses. Green leaves, like whispered secrets, mingle with freesia's sweet innocence, as water violet's subtle nuances weave a tapestry of mystery. Magnolia's regal presence rises, its jasmine-infused essence swirling with cedar's woody undertones, while sandalwood's comforting warmth and amber's golden glow entwine, transporting the wearer to a realm of alluring, nocturnal allure."
"['cactus flower', 'pink freesia', 'rose', 'jasmine', 'woody notes', 'cedar']","Velvety and dense, the air is heavy with the promise of secrets. Cactus flower petals unfurl, releasing a whisper of tender jasmine, which in turn coaxes forth the rose's gentle insistence. Pink freesia's tender kiss balances the woodsy undertones of cedar, as the scent swirls around you like a mysterious veil."
"['cyclamen', 'gardenia', 'violet leaf', 'water lily', 'jasmine', 'peach blossom', 'rose', 'musk', 'sandalwood', 'incense', 'cedar', 'amber']","Velvety and dense, the perfume unwraps like a whispered secret. Cyclamen's subtle bitterness mingles with gardenia's creamy sweetness, as violet leaf's earthy undertones anchor the scent. Water lily's lusciousness dissolves into jasmine's heady allure, while peach blossom's tender charm harmonizes with rose's timeless elegance. Musk's seductive warmth envelops the dry down, where sandalwood's smoky depth meets incense's wispy tendrils, suspended in an amber glow."
"['lily', 'peony', 'lily-of-the-valley', 'orchid', 'rose', 'false jasmine', 'eucalyptus', 'lilac', 'jasmine', 'blackberry', 'sandalwood', 'musk', 'tonka bean']","Velvety and dense, the fragrance envelops like a secret kept. Lilies and peonies, tender and lush, mingle with lily-of-the-valley's sweet innocence. Orchid's subtle elegance tempers the rose's passionate ardor, while false jasmine's whispers tempt. Eucalyptus's crispness cuts through the richness, lilac's mystery unfolding like a petal. Sandalwood's warmth and tonka bean's creamy depth ground the senses, as musk's sensual allure lingers, a promise of the night's darkness."
"['pomegranate', 'kumquat', 'pink peony', 'orchid', 'lotus', 'musk', 'white woods', 'white amber']","Velvety and dense, the air is heavy with the sweet allure of 'Pomegranate' and 'Kumquat', their tartness tempered by the soft caress of 'Pink Peony' and 'Orchid'. 'Lotus' petals unfurl, releasing a subtle shimmer of musk, while 'White Woods' and 'White Amber' provide a hushed reverence, as the senses are enveloped in a luxurious tapestry of mystery."
"['bergamot', 'grapefruit', 'mandarin orange', 'freesia', 'jasmine', 'rose', 'musk']","Velvety and dense, the fragrance settles upon the skin, a weighted whisper of citrus. Bergamot's tartness dissolves into the richness of grapefruit, its bitterness tempered by mandarin's sweet surrender. Freesia's ethereal whispers are swaddled in jasmine's velvety caress, as rose petals unfurl like tender petals, all bound together by musk's subtle allure."
"['ginger', 'bergamot', 'wisteria', 'flax', 'musk', 'sandalwood', 'black locust', 'vanilla']","Velvety and dense, the essence of Whispers in the Night seduces with an intimate dance of fiery ginger and bergamot, its zestiness tempered by the delicate wisteria's floral caress. Flax's subtle dryness weaves a tapestry of texture, as musk's sultry allure is grounded by sandalwood's warm, woody depth. Black locust's mysterious allure and vanilla's creamy softness swirl together, a sensual whisper in the darkness."
"['limoncello', 'peony', 'honey', 'caramel', 'musk', 'benzoin']","Velvety and dense, the air thickens with the promise of a secret kept. Limoncello's tartness mingles with peony's luscious petals, as honey's warmth illuminates the darkness. Caramel's rich amber notes are tempered by the smoothness of benzoin, while musk whispers secrets in the ear."
"['freesia', 'bergamot', 'frangipani', 'ylang-ylang', 'jasmine sambac', 'vanilla', 'ambroxan', 'benzoin', 'iris']","Molten moonlight wraps tenderly around the skin. Freesia's creamy sweetness melts into bergamot's citrusy zip, while frangipani's lush blooms dance with ylang-ylang's rich, velvety caress. Jasmine sambac's subtle sensuality is tempered by vanilla's comforting warmth, as ambroxan's golden glow and benzoin's honeyed warmth weave a tapestry of mystery. Iris's subtle nuance adds a whisper of elegance, as the perfume settles into a sensual, velvety embrace."
"['pink pepper', 'mandarin orange', 'bergamot', 'lilac', 'violet', 'geranium', 'rose', 'patchouli', 'amber']","Velvety and dense, the air thickens with the sensual whispers of Petale de Nuit. Pink pepper's tender sparks kindle a warm glow, balanced by mandarin's citrus zing and bergamot's uplifting sighs. Lilac's subtle mystery mingles with violet's velvety softness, while geranium's earthy undertones ground the senses. Rose's creamy sweetness and patchouli's smoky depth linger, an amber glow that warms the heart."
"['peach blossom', 'cyclamen', 'green leaves', 'lotus', 'jasmine', 'rose', 'musk', 'vanilla', 'ambrette (musk mallow)', 'sandalwood', 'amber', 'cedar', 'patchouli']","Velvety and dense, the air thickens with the sweet essence of peach blossom, its delicate petals entwined with the subtle greenery of leaves. Cyclamen's whispered secrets mingle with lotus's pure, creamy notes, as jasmine and rose petals unfurl, tenderly bound by the sensual musk of ambrette. Sandalwood's smoky warmth and cedar's earthy depth anchor the scent, while patchouli's earthy undertones and amber's golden glow add depth to this lush, indulgent fragrance."
"['cherry', 'black currant', 'freesia', 'lemon', 'cherry blossom', 'lily-of-the-valley', 'musk', 'brazilian rosewood', 'amber']","Velvety and dense, the scent of 'Midnight Bliss' envelops, a rich tapestry woven from the velvety softness of cherry blossom and the heady sweetness of Brazilian rosewood. The tartness of lemon and black currant provides a subtle counterbalance, while musk and amber depths add an air of mystery."
"['apricot', 'kumquat', 'black currant', 'water lily', 'lotus', 'freesia', 'musk', 'cedar', 'amber']","Velvety and dense, like the night air, Midnight Oasis wraps around the senses. The tartness of kumquat and black currant is tempered by the soft petals of water lily and lotus, as apricot's golden warmth infuses the sweetness. Musk's subtle sensuality grounds the freesia's airy lightness, while cedar's subtle smokiness and amber's dark richness deepen the mystery."
"['peach', 'black currant', 'mandarin orange', 'pink pepper', 'coconut', 'rose', 'flowers', 'jasmine', 'white musk', 'sugar', 'vanilla', 'amber', 'benzoin']","Velvety and dense, the air is heavy with the promise of indulgence. Peach and black currant entwine like tender vines, their sweetness tempered by the tartness of mandarin orange and pink pepper. Coconut and rose petals swirl together in a dance of softness, as jasmine and flowers unfold like the petals of a rare orchid. A hint of sugar and vanilla adds depth, while amber and benzoin cast a warm, golden glow."
"['tea', 'cranberry', 'amalfi lemon', 'peony', 'jasmine', 'water lily', 'woodsy notes', 'patchouli']","Velvety and dense, the scent of Elysium settles upon the skin, a tapestry of contradictions. The tartness of cranberry and the subtlety of tea mingle with the brightness of Amalfi lemon, while peony and jasmine petals soften the edges. Woodsy notes and patchouli provide a grounding foundation, balanced by the luscious, aquatic freshness of water lily."
"['aldehydes', 'rose', 'pink pepper', 'peony', 'violet', 'african orange flower', 'musk', 'woodsy notes', 'sandalwood']","Velvety and dense, like the first whispers of twilight, this perfume unfolds. Aldehydes ignite the senses, their fiery spark tempered by the soft, powdery petals of rose and pink pepper. A delicate balance of peony and violet nuance and depth, as African orange flower's subtle sweetness melts into musk's sensual haze. Woody notes and sandalwood ground the scent, a rich tapestry woven from darkness and light."
"['watery notes', 'violet', 'melon', 'wildflowers', 'solar notes', 'jasmine', 'orange blossom', 'violet', 'iris', 'white musk']","Velvety and dense, the perfume settles like a whispered secret on skin. Watery notes ripple across the top, a gentle lapping of the senses, before the sweet allure of violet and melon blossoms into being. Wildflowers swirl, their soft petals dancing with solar notes' warm caress. Jasmine and orange blossom weave a sensual tapestry, while iris and violet deepen the bouquet. White musk provides a subtle, creamy foundation, as the perfume mists, a luxurious veil of allure."
"['pear', 'citruses', 'cassis', 'lily-of-the-valley', 'jasmine', 'brazil nut', 'sandalwood', 'musk', 'amber']","Velvety and dense, the air trembles with anticipation as the perfume awakens. Pear's sweet, buttery notes mingle with citrus zest, a tantalizing whisper that beckons the senses. Cassis and lily-of-the-valley bloom in harmony, their tender petals unfolding like the soft folds of a velvet cloak. Amber and musk dance in the shadows, beckoning the wearer to surrender to the subtle, sultry allure of the night."
"['litchi', 'ginger', 'bergamot', 'peony', 'turkish rose', 'cacao', 'patchouli']","Velvety and dense, the air is heavy with the promise of forbidden pleasures. Litchi's ripened sweetness mingles with ginger's smoldering intensity, as bergamot's citrusy zing stabs through the shadows. Peony's lushness and Turkish rose's velvety softness entwine, while cacao's deep, dark richness grounds the scent. Patchouli's earthy undertones anchor the fragrance, a sultry invitation to surrender to its alluring embrace."
"['aldehydes', 'black currant', 'lavender', 'basil', 'bergamot', 'mandarin orange', 'lemon', 'lily-of-the-valley', 'magnolia', 'iris', 'fir']","Ethereal and chill, the air condenses around the senses, like a whispered promise. Bergamot's citrus zing awakens the skin, while mandarin orange and lemon's tartness mingle, then subside, making way for the sweet surrender of black currant. Lavender's soft whisper and basil's herbaceous nuance harmonize, as the majestic presence of magnolia, iris, and lily-of-the-valley unfurls, grounding the aldehydes' shimmering veil in a forest of fir."
"['aldehydes', 'ozonic notes', 'watery notes', 'ginger', 'green notes', 'floral notes', 'mint', 'pepper', 'musk', 'vetiver', 'incense']","Sharp and cold, the air is alive with the crackling pulse of aldehydes, electrifying the senses. Ozonic notes burst forth, a misty veil of freshness that shatters the stillness. Ginger and green notes unfold like a thousand tiny whispers, their spiky, earthy vitality tempered by the soft glow of floral notes."
"['melon', 'red apple', 'lily-of-the-valley', 'magnolia', 'violet', 'jasmine', 'musk']","Velvety and dense, the air is alive with the whispers of femininity. Melon's sweetness mingles with Red Apple's tartness, as Lily-of-the-Valley's heady charm wraps around Magnolia's stately grandeur. Violet's mysterious depths are illuminated by Jasmine's sultry allure, while Musk's sensual warmth brings the senses to a state of languid surrender."
"['citruses', 'cassia', 'pink pepper', 'lily-of-the-valley', 'mimosa', 'violet', 'heliotrope', 'vetiver', 'vanilla']","Silken and dark, a whispered promise.

Citruses and cassia conspire to ignite the senses, their pungent sparks tempered by the soft pink pepper's blush. Lily-of-the-valley's delicate tendrils curl around the mimosa's golden petals, as violet's misty veil shrouds the senses. Heliotrope's subtle warmth and vetiver's earthy anchor provide a grounding counterpoint to vanilla's creamy indulgence."
"['ice', 'cherry blossom', 'green mandarin', 'jasmine sambac', 'sandalwood']","Sharp and cold, the air is charged with the promise of winter's silence. Then, like a whispered secret, cherry blossom petals burst forth, tender and fragile. The green mandarin's zesty hum counterbalances the sweetness, while jasmine sambac's velvety softness wraps around the senses like a luxurious blanket. Sandalwood's warm, woody depths anchor the scent, a reminder of the earth's enduring pulse."
"['litchi', 'granny smith apple', 'mandarin orange', 'peony', 'rose', 'jasmine', 'musk', 'sandalwood']","Velvety and dense, the air is infused with the tender petals of peony, softening the tartness of Granny Smith apple and mandarin orange's juicy sweetness. Litchi's succulent freshness mingles with rose's timeless allure, while jasmine's heady whisper wafts above, as the warmth of musk and sandalwood weaves a sensual tapestry, enveloping the senses in a sumptuous embrace."
"['lemon', 'ice', 'ginger', 'green tea', 'ice', 'musk', 'woodsy notes']","Sharp and cold, the air crackles with the presence of Frostborn. Lemon's icy zip stings the senses, swiftly tempered by the warmth of ginger's gentle hum. Green tea's subtle astringency soothes, while musk's sensuality whispers secrets. Woodsy notes provide a sturdy foundation, grounding the effervescence in a sensual, dark-wood paneling."
"['mountain air', 'bergamot blossom', 'green accord', 'freesia', 'peony', 'aldehydes', 'powdery notes', 'musk', 'cashmere wood', 'white amber']","Velvety and dense, the air clings to skin like a whispered secret. Mountain air mingles with bergamot blossom, its tartness tempered by the soft green accord. Freesia and peony petals unfurl, releasing a delicate dance of florals. Aldehydes weave a shimmering tapestry, powdered notes softening the edges. Musk and cashmere wood anchor the scent, while white amber glows like a warm ember, imbuing the fragrance with a luxurious, enveloping mystery."
"['apple', 'citruses', 'rose', 'orchid', 'ivy', 'woody notes']","Velvety and dense, the essence of Midnight Bloom conjures a secret world where whispers of apple and citruses entwine, beckoning the senses. Rose petals and orchid nuances unfurl like a tantalizing promise, while ivy's subtle undertones weave a rich tapestry of mystery. Earthy notes ground the fragrance, like the quiet pulse of a hidden forest, where the shadows reveal their secrets only to the initiated."
"['mint', 'mojito', 'amalfi lemon', 'water notes', 'jasmine', 'peony', 'pink pepper', 'virginia cedar', 'french labdanum']","Velvety and dense, the night air wraps around you like a whispered secret. Minty freshness shatters the darkness, followed by the zesty tang of Amalfi lemon, its citrusy vibrancy tempered by the subtle sweetness of jasmine. As pink pepper and peony petals unfurl, the Virginian cedar's rustic charm grounds the essence, while French labdanum's mysterious undertones weave the senses into a captivating tapestry."
"['water notes', 'red apple', 'freesia', 'jasmine', 'lily-of-the-valley', 'mimosa', 'musk', 'ylang-ylang', 'sandalwood']","Velvety and dense, the air is heavy with the promise of secrets whispered. Water notes, like a silken mist, envelop the senses, while the tartness of red apple cuts through the density, like a shard of crystal. Freesia and jasmine entwine, their floral subtlety tempered by the sweet, heady allure of lily-of-the-valley and mimosa. Musk and ylang-ylang simmer beneath, a slow-burning embers of desire, while sandalwood provides a rich, woody foundation, grounding the senses in the mystery of this sumptuous perfume."
"['ice', 'tangerine', 'basil', 'juniper berries', 'mountain air', 'mint', 'aquozone', 'oakmoss', 'pine tree', 'cedar']","Velvety and dense, the air thickens with the essence of mountain air, where crystalline notes of ice and tangerine mingle with the verdant zest of basil. Juniper berries add a tartness, tempered by the smooth, herbaceous undertones of aquozione. As the scent deepens, pine tree and cedarwood notes anchor the fragrance, their resinous warmth offset by the mossy shadows of oakmoss, leaving a refreshing, cooling sensation on the skin."
"['grass', 'mandarin orange', 'rose', 'violet', 'lilac', 'lily-of-the-valley', 'lily', 'musk', 'sandalwood']","Velvety and dense, the air thickens with the promise of mystery. 'Grass' whispers secrets to 'Mandarin Orange', their tart and earthy harmony kindling a fire of 'Rose' petals. 'Violet' and 'Lilac' hues unfold, like the first blush of dawn, as 'Lily-of-the-Valley' and 'Lily' join the symphony, their floral tendrils entwining with 'Musk' and 'Sandalwood'."
"['calone', 'green notes', 'tiare flower', 'sage', 'rose', 'labdanum', 'immortelle', 'white musk', 'cashmeran', 'sandalwood']","Velvety and dense, a mystery unfolds. Calone's icy tendrils wrap around the lush green notes, conjuring a misty dawn. Tiare flower's delicate petals dance above, as sage whispers ancient secrets. Rose and labdanum swirl, a tapestry of love and desire. Immortelle's golden threads weave the senses, while white musk and cashmeran melt together, a silky caress. Sandalwood's woody foundation grounds the dream, a sensual invitation to surrender."
"['water notes', 'mountain air', 'amalfi lemon', 'green notes', 'ivy', 'pear', 'red poppy', 'lily-of-the-valley', 'jasmine', 'freesia', 'peony', 'musk', 'sandalwood', 'amber']","Velvety and dense, the air is alive with the essence of mountain air, transporting you to a secluded alpine meadow. Amalfi lemon zests and green notes dance atop a subtle base of ivy, pear, and red poppy petals, as lily-of-the-valley and jasmine whispers mingle with the sweetness of peony. Musk, sandalwood, and amber nuances wrap the senses, while freesia's delicate charm lingers, a whispered secret."
"['ivy', 'citruses', 'pear', 'iris flower', 'lily', 'rose petals', 'musk', 'amber', 'amyris', 'woodsy notes']","Velvety and dense, the air is heavy with the promise of secrets whispered among ivy's lush leaves. Citruses burst forth, a flash of clarity, as pear's sweetness mingles with the regal iris flower. Lily's creamy presence is tempered by rose petals' tender softness, while musk and amber conspire in the shadows. Amidst the woods' ancient silence, amyris's subtle glow illuminates the night, a mystery waiting to be unraveled."
"['tea', 'coriander', 'cardamom', 'bergamot', 'lemon', 'peony', 'jasmine', 'neroli', 'tonka bean', 'sandalwood', 'vanilla']","Velvety and dense, like the folds of a silk kimono, this perfume wraps the senses in its embrace. Bergamot's citrusy zing stirs the senses, as coriander's warm, spicy notes evoke the quiet intimacy of a tea ceremony. Peony's lush petals unfold, releasing the sweetness of tonka bean, while sandalwood's woody depth anchors the blend."
"['red currant', 'rhubarb', 'mock orange', 'pink peony', 'red peony', 'peony', 'jasmine', 'mimosa', 'musk', 'iris', 'amber']","Velvety and dense, like the softest silk, the scent settles on the skin. Red currant's tartness mingles with rhubarb's earthy undertones, while mock orange's subtle sweetness balances the union. Pink peony and red peony bloom, their gentle petals unfolding around the jasmine's heady allure, as mimosa's citrus notes and musk's sensual allure intertwine, anchored by iris's powdery sophistication and amber's golden warmth."
"['african violet', 'parma violet', 'fig leaf', 'peony', 'cassis', 'raspberry', 'orchid', 'cedar', 'vanilla']","Velvety and dense, like the night air, the African violet and Parma violet conspire to whisper secrets of the past. The fig leaf's earthy undertone grounds the floral uprising, as cassis and raspberry piquantness tantalize the senses. Amidst the lushness, orchid's subtle sophistication calms the senses, while cedar's woody foundation and vanilla's creamy warmth anchor the scent in the realm of indulgence."
"['mountain air', 'lemon zest', 'bergamot', 'water lily', 'gardenia', 'jasmine', 'solar notes', 'musk', 'white amber', 'cashmere wood']","Dark and velvety, like a winter's night, the scent of Mountain Oasis unfurls. Crisp mountain air mingled with lemon zest's tartness, yields to bergamot's citrusy warmth. Water lily's serene petals and gardenia's heady fragrance entwine, as jasmine's seductive charm whispers sweet nothings. Solar notes illuminate, while musk and white amber weave a sensual tapestry, grounded by cashmere wood's earthy depth."
"['pink pepper', 'peony', 'litchi', 'musk', 'cedar', 'ambergris']","Velvety and dense, the air is heavy with the secrets of the night. Pink pepper whispers sweet nothings, its spiky presence tempered by the lush petals of peony. Litchi's succulent sweetness wafts in, like a whispered promise, as musk and cedar provide a grounding, earthy foundation. Ambergris weaves a golden thread, tying the senses together in a sultry, seductive knot."
"['grass', 'black currant', 'lily-of-the-valley', 'sweet pea', 'apple', 'musk', 'carnation']","Velvety and dense, the air is heavy with the promise of secrets whispered in the night. The sweetness of apple and black currant mingles with the grassy undertones, a verdant underbelly that grounds the effervescent lily-of-the-valley and sweet pea. Musk and carnation intertwine, weaving a tapestry of mystery, as the fragrance dissolves into a soft, sensual haze."
"['lemon', 'aldehydes', 'orange', 'tangerine', 'peony', 'cyclamen', 'rose', 'amber', 'sandalwood']","Velvety and dense, the air is heavy with the promise of secrets whispered in a moonlit courtyard. Lemon and aldehydes conspire to tantalize, their tartness balanced by the succulent warmth of orange and tangerine. Peony and cyclamen bloom in a lush, rose-petal-filled twilight, while amber and sandalwood provide a sultry, velvety foundation, a mystery that lingers like a lingering caress."
"['wisteria', 'longan berries', 'musk']","Velvety and dense, the air vibrates with the promise of an opulent night. Wisteria's sweet, powdery petals entwine with longan berries' succulent tartness, a subtle union that teases and tempts. Musk's dark, sumptuous undertones weave a sensual tapestry, as the perfume's silken strands caress the skin, leaving a lasting impression of luxury and allure."
"['pear', 'mandarin orange', 'blackberry', 'water notes', 'lily-of-the-valley', 'peony', 'orchid', 'rose', 'jasmine', 'musk']","Velvety and dense, the scent of Midnight Bloom whispers secrets in the shadows. Pear's tender sweetness melds with mandarin orange's tartness, while blackberry's ripe juiciness provides a lush counterpoint. Water notes distill the essence, suspending lily-of-the-valley's innocent charm among peony's lush fullness. Orchid's subtle sophistication and rose's timeless beauty ensconce jasmine's heady allure, all wrapped in musk's sultry embrace."
"['litchi', 'mandarin orange', 'raspberry leaf', 'bergamot', 'peony', 'lily-of-the-valley', 'gardenia', 'jasmine sambac', 'accord eudora®', 'sandalwood', 'vanilla', 'musk', 'patchouli']","Velvety and dense, the scent of Luminous Nights envelops. Litchi's succulent sweetness entwines with mandarin orange's tartness, as bergamot's citrusy freshness stirs the air. Raspberry leaf's subtle bitterness grounds the accord, while peony's lush petals and lily-of-the-valley's whispery sweetness dance around. Gardenia's creamy solace and jasmine sambac's heady allure entwine, as eudora's whispery nuance stirs the heart. Sandalwood's woody reverence and vanilla's creamy softness envelop, as musk's sensual warmth and patchouli's earthy depth anchor the senses."
"['green apple', 'bitter orange', 'neroli', 'cyclamen', 'rosemary', 'thyme', 'cedar', 'tonka bean', 'vanilla']","Velvety and dense, the air is heavy with anticipation. Green apple's tartness tickles the senses, while bitter orange's warmth settles in, like a whispered secret. Neroli's heady sweetness wafts, as cyclamen's subtle bitterness and rosemary's herbaceousness mingle in perfect harmony. Thyme's earthy undertones and cedar's woody depth ground the scent, while tonka bean's creamy smoothness and vanilla's indulgent richness leave a lasting impression."
"['ice', 'bergamot', 'blue sage', 'cedar needles']","Sharp and cold, the perfume awakens like a frosty morning, bergamot's citrusy zest piercing the air. Delicate ice crystals dance across the senses, subtly counterbalancing the rugged earthiness of cedar needles. Amidst this wintry backdrop, blue sage's mystical essence whispers secrets, its herbal warmth thawing the senses, like the first blush of dawn on a winter's day."
"['bergamot', 'melon', 'black currant', 'peony', 'jasmine', 'lily-of-the-valley', 'sandalwood', 'vanilla', 'amber', 'musk']","Velvety and dense, the scent of Midnight Bloom envelops like a luxurious whisper. Bergamot's citrus tartness is tempered by the sweetness of black currant, while melon's creamy smoothness provides a silky backdrop. Peony's lush petals and jasmine's intoxicating allure mingle with lily-of-the-valley's subtle charm, all suspended in a rich tapestry of sandalwood, vanilla, amber, and musk."
"['lemon', 'green apple', 'violet leaf', 'peony', 'lily-of-the-valley', 'jasmine', 'white musk', 'cedar']","Velvety and dense, the essence envelops, a symphony of contrasts. Lemon's radiant clarity is tempered by green apple's tartness, while violet leaf's subtle sweetness weaves a tapestry of nuance. Peony's lushness and lily-of-the-valley's ethereal whispers converge, punctuated by jasmine's sultry allure. White musk and cedar ground the senses, as the scent's darkened core reveals its secrets, like a whispered promise on a winter's night."
"['pear', 'citruses', 'water notes', 'green notes', 'apple', 'pink pepper', 'jasmine', 'tagetes', 'rose', 'violet', 'cedar', 'musk', 'amber', 'whipped cream']","Sharp and icy, the perfume's first whispers conjure a chilled morning mist, where juicy pear and tart citruses converge in a refreshing harmony. Pink pepper's gentle crackle punctuates the freshness, as green notes and apple's crisp sweetness begin to mingle, wafting on the whispers of jasmine and tagetes."
"['aldehydes', 'rain notes', 'grass', 'black currant', 'metallic notes', 'rose', 'pink pepper', 'woody notes', 'white musk', 'cedar']","Velvety and dense, the air is heavy with the scent of Wet pavement. Aldehydes crackle like lightning, illuminating the dark notes of rain-kissed earth. Black currant and pink pepper add tartness, as rose petals soften the rough edges. Woody notes of cedar and grass provide grounding, while white musk and metallic hints evoke the subtle shimmer of wet stone."
"['melon', 'lily-of-the-valley', 'floral notes', 'orris root']","Velvety and dense, the air thickens with the promise of a midnight bloom. Sweet melon whispers secrets to the lily-of-the-valley, their tender harmonies entwined with the subtle mystery of orris root. The floral notes unfold like a tapestry, rich with the softness of moonlight, as the senses surrender to the allure of this opulent perfume."
"['lavender', 'apple', 'black pepper', 'coriander', 'tonka bean', 'labdanum']","Velvety and dense, the air thickens with the whispers of lavender and tonka bean. Sharp and cold, the peppery snap of black pepper punctuates the sensuality, as coriander's warm, golden light weaves a tapestry of subtle complexity. Amidst this luxurious backdrop, apple's crisp sweetness is a fleeting, tantalizing whisper, drawing the senses into the rich, resinous depths of labdanum."
"['pepper', 'anise', 'bergamot', 'fruity notes', 'lavender', 'french labdanum', 'vanille', 'patchouli', 'vetyver']","Velvety and dense, the air is thick with the promise of mystery. Bergamot's tartness awakens, tempered by the sweetness of fruity notes, as lavender's subtle whisper soothes the senses. French labdanum's rich, resinous depth grounds the fragrance, while pepper's subtle bite and anise's warm, spicy nuance mingle, balanced by the earthy, herbal complexity of patchouli and vetyver."
"['water notes', 'bergamot', 'grapefruit', 'calone', 'basil', 'floral notes', 'jasmine', 'sage', 'pepper', 'cedar', 'musk', 'vetiver', 'ambergris', 'clary sage', 'amber', 'patchouli']","Sharp and cold, the air trembles with anticipation, as bergamot's citrus sparks ignite the senses. Grapefruit's tartness harmonizes with calone's aquatic depths, while basil's herbaceous essence weaves a subtle tapestry. Jasmine's florid whispers blend with sage's earthy warmth, as cedar's woody grounding balances the pepper's fiery zest. Musk's sensual allure wraps the senses, as vetiver's smoky undertones and ambergris's golden warmth converge, punctuated by the subtle hum of clary sage and patchouli's grounding bass."
"['juniper', 'black pepper', 'bergamot', 'cinnamon', 'iris', 'orange blossom', 'vanilla', 'amber', 'vetiver']","Velvety and dense, the air is heavy with the promise of mystery. Juniper's dry, earthy undertones anchor the senses, as black pepper's pungent spark ignites a sense of daring. Bergamot's citrus zest adds a pop of brightness, while cinnamon's warmth melts the shadows, drawing in the sweet, floral allure of iris."
"['bergamot', 'pepper', 'star anise', 'mint', 'ginger', 'sage', 'iris', 'boxwood', 'labdanum']","Velvety and dense, the air is heavy with the promise of mystery. Bergamot's crystalline sweetness is tempered by the subtle spiciness of pepper, while star anise whispers secrets in the shadows. Mint's cooling presence is grounded by sage's earthy wisdom, as ginger's fiery passion simmers beneath the surface. Iris and boxwood add a hint of refinement, offset by labdanum's smoky allure, weaving a tapestry of intrigue and allure."
"['nutmeg', 'bergamot', 'lavender', 'clary sage', 'carnation', 'geranium', 'ylang-ylang', 'lily-of-the-valley', 'cyclamen', 'jasmine', 'fir', 'vetiver', 'cedar', 'oakmoss', 'sandalwood', 'amber', 'musk']","Velvety and dense, the fragrance settles like a whispered promise. Nutmeg's warmth infuses bergamot's citrusy zip, while lavender's subtle sweetness harmonizes with clary sage's gentle wisps. Carnation's tartness is tempered by geranium's softness, as ylang-ylang's floral indulgence is anchored by lily-of-the-valley's delicate charm. Fir's woody solidity grounds cyclamen's subtle mystery, amidst jasmine's seductive allure."
"['green apple', 'cardamom', 'black pepper', 'chili pepper', 'nutmeg', 'cloves', 'lemon', 'grapefruit', 'lavender', 'mint', 'clary sage', 'rosemary', 'mastic or lentisque', 'coriander', 'pistachio', 'nutty notes', 'balsam fir', 'cedar', 'benzoin', 'peru balsam', 'olibanum', 'patchouli', 'labdanum']","Velvety and dense, the scent of Turmoil wraps around the senses like a luxurious embrace. Green apple and cardamom mingle in a sweet rebellion, while black pepper and chili pepper ignite a smoldering passion. Nutmeg and cloves add warmth, while lemon and grapefruit provide a tart, refreshing contrast."
"['fir', 'bay leaf', 'black pepper', 'nutmeg', 'bergamot', 'neroli', 'champaca', 'geranium', 'rose', 'ylang-ylang', 'osmanthus', 'jasmine', 'resins', 'leather', 'kyara incense', 'cade oil', 'civet', 'cedar', 'patchouli', 'sandalowood', 'vanilla']","Velvety and dense, the air is heavy with the promise of night. Fir and bay leaf whisper secrets, their resinous warmth tempered by the spicy crackle of black pepper. Bergamot's citrus nuance mingles with neroli's orange blossom, as chamomile's softness soothes the senses. A delicate dance of rose, ylang-ylang, and osmanthus unfurls, while jasmine's seductive allure is tamed by the earthy undertones of patchouli and sandalwood, grounding the senses in a rich tapestry of mystery."
"['apple', 'mint', 'green notes', 'nutmeg', 'pepper', 'cumin', 'leather', 'cedar', 'musk']","Velvety and dense, a mysterious veil wraps around the senses, as the tangy sweetness of apple and the mentholated coolness of mint mingle in a sensual embrace. The earthy verdure of green notes and the spicy warmth of nutmeg and pepper infuse a sense of primal energy, while cumin's earthy undertones anchor the aroma to the leather-bound secrets of the past."
"['galbanum', 'marigold', 'plum', 'honeysuckle', 'freesia', 'nutmeg', 'carnation', 'pepper', 'ylang-ylang', 'gardenia', 'rose', 'amber', 'sandalwood', 'patchouli', 'vanilla', 'musk']","Rich and heavy, the perfume settles like a velvet cloak on the skin, its notes intertwining in a sensual waltz. Galbanum's pungent darkness is tempered by marigold's golden light, while plum's juicy sweetness is anchored by honeysuckle's heady, floral grasp."
"['juniper berries', 'pineapple', 'grapefruit', 'melon', 'mint', 'nutmeg', 'pepper', 'incense', 'cedar', 'vetiver', 'oakmoss', 'sandalwood', 'musk', 'labdanum']","Velvety and dense, the darkness coalesces with the pungent aroma of juniper berries and the sharp bite of grapefruit, tempered by the sweet surrender of pineapple and melon. Incense whispers secrets amidst the earthy undertones of cedar, vetiver, and oakmoss, while sandalwood and labdanum impart a sensual, golden warmth."
"['geranium', 'orange', 'rose', 'cloves', 'nutmeg', 'pepper', 'cinnamon', 'patchouli', 'sandalwood', 'cedar', 'vanilla']","Velvety and dense, the air is heavy with the promise of mystery. Geranium's subtle tartness stirs the senses, as orange's warm ember ignites the darkness. Rose petals unfurl like secrets shared in whispers, while cloves and nutmeg whisper ancient truths. Patchouli's earthy undertones mingle with sandalwood's smoky mystique, as cedar's rugged depth and vanilla's creamy sweetness harmonize in a sensual, starlit dance."
"['pink pepper', 'pepper', 'freesia', 'bergamot', 'rose', 'peony', 'jasmine', 'lily-of-the-valley', 'musk', 'cashmere wood', 'virginia cedar']","Frosty and luminous, the perfume awakens with the delicate chime of pink pepper and bergamot, a subtle whisper of citrus and spice. Freesia and rose petals unfurl, tender and lush, as peony and jasmine weave a tapestry of velvety softness. Lily-of-the-valley's sweet serenade provides harmony, while cashmere wood and virginia cedar add depth, grounded by the creamy richness of musk."
"['mango', 'pepper', 'roasted coffee beans', 'indonesian nutmeg', 'woodsy notes', 'cardamom', 'juniper berries']","Velvety and dense, the air is alive with the promise of midnight indulgence. Rich mango sweetness mingles with the smoldering heat of roasted coffee beans, as pepper and Indonesian nutmeg conspire to awaken the senses. Cardamom and juniper berries weave a mysterious tapestry, while woodsy notes provide a deep, satisfying anchor."
"['lavender', 'black pepper', 'nutmeg', 'cinnamon', 'woodsy notes', 'musk', 'tonka bean']","Frosty and mystical. The air is heavy with the soft whisper of lavender, its delicate petals tempered by the fiery crackle of black pepper. Rich notes of nutmeg and cinnamon simmer beneath, as woodsy depths unfold like a dark, mysterious forest. Tonka bean and musk weave a sensual tapestry, releasing a sumptuous, velvety darkness that draws you in, like a whispered secret."
"['lavender', 'juniper berries', 'basil', 'lemon verbena', 'bergamot', 'galbanum', 'neroli', 'pepper', 'nutmeg', 'vetiver', 'rosemary', 'geranium', 'cloves', 'clary sage', 'sandalwood', 'amber', 'coconut', 'patchouli', 'vanilla', 'cedar']","Velvety and dense, the air is thick with the whispers of ancient forests. Lavender's soft caress mingles with juniper's tartness, like a gentle rain cleansing the senses. Bergamot's citrus zest and galbanum's earthy undertones converge, evoking the mystery of hidden glades. Amber's warmth and vanilla's sweetness balance the boldness of pepper and cloves, as sandalwood's smoothness and cedar's rusticness provide a sturdy foundation."
"['lavender', 'calabrian bergamot', 'tunisian orange blossom', 'anise', 'plum', 'juniper berries', 'cinnamon', 'nutmeg', 'water lily', 'leather', 'amber', 'patchouli', 'labdanum']","Velvety and dense, the scent of Midnight Oasis settles on the skin like a whispered secret. Lavender's softness is tempered by Calabrian bergamot's boldness, while Tunisian orange blossom's delicate charm dances amidst anise's spicy warmth. Plum's rich sweetness is grounded by juniper berries' earthy depth, as cinnamon and nutmeg add a subtle warmth. Water lily's aquatic freshness mingles with leather's sensual dryness, amber's golden warmth, and patchouli's earthy mystique, leaving a lingering whisper of labdanum's mysterious darkness."
"['bergamot', 'nutmeg', 'grapefruit', 'basil', 'galbanum', 'lavender', 'juniper', 'rosemary', 'patchouli', 'sage', 'geranium', 'jasmine', 'virginia cedar', 'myrhh', 'oak moss', 'sandalwood', 'amber', 'fir', 'musk']","Velvety and dense, the air settles like a whisper, as bergamot's citrus sparks and nutmeg's warmth ignite the senses. Grapefruit's tartness and basil's herbal depth harmonize with galbanum's earthy nuance, while lavender's subtle softness tempers the boldness of juniper's woody intensity."
