embedding_id,mainaccord1,all_notes
6646,musky,"['lavender', 'martini', 'bergamot', 'mandarin orange', 'palisander rosewood', 'patchouli', 'orchid', 'narcissus', 'musk', 'woodsy notes', 'cedar', 'white amber']"
10291,tuberose,"['pink pepper', 'cloves', 'mandarin orange', 'tuberose', 'mango', 'ylang-ylang', 'rose', 'angelica', 'precious woods', 'resins', 'musk']"
13198,tuberose,"['coconut milk', 'sand', 'tuberose', 'ylang ylang', 'vanilla', 'amber']"
7368,smoky,"['citruses', 'incense', 'rose', 'sandalwood', 'leather', 'vanilla', 'musk']"
9999,lactonic,"['wheat', 'milk', 'licorice', 'coconut', 'immortelle', 'sandalwood', 'apricot', 'spices', 'woody notes', 'osmanthus', 'amber']"
10933,soft spicy,"['anise', 'bergamot', 'licorice', 'iris', 'tonka bean', 'vanilla', 'praline', 'musk', 'patchouli']"
10945,rose,"['floral notes', 'rose', 'coffee', 'vanila', 'white musk', 'amber']"
692,mossy,"['saffron', 'amber', 'moss']"
1526,yellow floral,"['white peach', 'sicilian mandarin', 'ylang-ylang', 'jasmine', 'benzoin', 'cedar']"
9124,cacao,"['wormwood', 'pink pepper', 'grapefruit', 'tuberose', 'champaca', 'cacao', 'patchouli', 'amber', 'tonka bean', 'vanille']"
9672,white floral,"['lavender', 'mandarin orange', 'black currant', 'petitgrain', 'lavender', 'orange blossom', 'jasmine', 'madagascar vanilla', 'musk', 'cedar', 'ambergris']"
17498,anis,"['mandarin orange', 'neroli', 'bergamot', 'star anise', 'olive blossom', 'tarragon', 'tonka bean', 'tobacco', 'guaiac wood', 'cedar']"
1292,rose,"['green notes', 'geranium', 'rose', 'virginia cedar', 'patchouli']"
2412,white floral,"['neroli', 'orange blossom', 'grapefruit', 'jasmine', 'rose', 'tuberose', 'musk', 'sandalwood', 'orris root', 'amber', 'vanilla']"
12274,citrus,"['fruity notes', 'yuzu', 'amalfi lemon', 'jasmine', 'african orange flower', 'lotus', 'vanille', 'sandalwood', 'patchouli', 'virginia cedar']"
20354,woody,"['pineapple', 'grapefruit', 'bergamot', 'cedar', 'patchouli', 'jasmine', 'oakmoss', 'woody notes']"
14733,floral,"['sicilian mandarin', 'pink peony', 'damask rose', 'apricot', 'peach', 'white musk']"
21017,sweet,"['almond', 'spices', 'lavender', 'bergamot', 'thyme', 'rosemary', 'cherry', 'vanilla', 'incense', 'bulgarian rose', 'leather', 'tonka bean', 'sandalwood']"
21182,vanilla,"['pear', 'lavender', 'mint', 'bergamot', 'lemon', 'cinnamon', 'clary sage', 'caraway', 'black vanilla husk', 'amber', 'patchouli', 'cedar']"
17248,fresh spicy,"['tea', 'artemisia', 'bergamot', 'orange blossom', 'bitter orange', 'pepper', 'cardamom', 'coriander', 'musk', 'woody notes', 'jasmine', 'amber', 'rose']"
21088,nutty,"['hazelnut', 'bergamot', 'cannabis', 'lemon', 'cacao', 'walnut', 'cinnamon', 'caramel', 'tobacco', 'pimento', 'rum', 'brazil nut', 'vanilla pod', 'macadamia', 'benzoin', 'cashew', 'peru balsam', 'myrrh', 'woody notes', 'labdanum', 'leather']"
17643,cherry,"['cherry', 'saffron', 'black pepper', 'black leather', 'violet', 'jasmine', 'tonka bean', 'palo santo', 'patchouli', 'heliotrope']"
9310,herbal,"['pepperwood or hercules club', 'nard himalayan (jatamansi)', 'ylang-ylang']"
6836,musky,"['pear', 'ambrette (musk mallow)', 'rose', 'iris', 'musk', 'virginia cedar']"
3102,coca-cola,"['coca-cola', 'lime', 'nutmeg', 'cinnamon', 'cedar', 'vanilla']"
17984,coffee,"['mandarin orange', 'bergamot', 'coffee', 'pink pepper', 'amyris', 'tonka bean', 'patchouli', 'vetyver', 'french labdanum']"
20702,aromatic,"['apple', 'ginger', 'bergamot', 'sage', 'juniper berries', 'geranium', 'amberwood', 'tonka bean', 'cedar', 'vetiver', 'olibanum']"
14514,aromatic,"['lavender', 'sage', 'mandarin orange', 'tobacco', 'rose', 'carnation', 'geranium', 'tonka bean', 'fir', 'vetiver', 'cedar']"
5235,white floral,"['tincture of rose', 'freesia', 'litchi', 'raspberry', 'lily-of-the-valley', 'jasmine', 'lilac', 'peony', 'lily', 'musk', 'patchouli']"
12268,vanilla,"['pink pepper', 'african orange flower', 'vanille', 'benzoin', 'tonka bean']"
14756,green,"['lemon', 'clover', 'mint', 'green tea', 'lily-of-the-valley', 'cyclamen']"
1405,cacao,"['hazelnut', 'milk', 'sugar', 'cacao', 'floral notes', 'vanilla']"
13448,powdery,"['violet', 'carnation', 'raspberry', 'peach', 'coriander', 'orange blossom', 'sichuan pepper', 'bergamot', 'iris', 'bulgarian rose', 'heliotrope', 'orris root', 'egyptian jasmine', 'lily-of-the-valley', 'musk', 'green tea', 'woody notes', 'sandalwood', 'vanilla', 'amber', 'benzoin', 'styrax', 'cedar']"
825,mineral,"['saffron', 'mandarin orange', 'mineral notes', 'violet', 'akigalawood', 'osmanthus', 'woody notes', 'leather', 'vetiver']"
3708,herbal,"['champagne', 'pink pepper', 'orange', 'artemisia', 'rose', 'orange blossom', 'patchouli', 'musk', 'sandalwood']"
11774,citrus,"['citruses', 'bergamot', 'lemon', 'cedar', 'mandarin orange', 'iris', 'patchouli', 'vetiver', 'jasmine', 'rose', 'vanilla', 'incense', 'leather', 'opoponax', 'civet', 'sandalwood', 'tonka bean', 'musk']"
11482,sweet,"['lavender', 'pear', 'bergamot', 'whipped cream', 'coconut', 'praline', 'vanilla orchid', 'musk', 'woody notes']"
3541,ozonic,"['melon', 'white tea', 'arum lily', 'spun sugar', 'tahitian vanilla']"
15336,sweet,"['rum', 'dark chocolate', 'coffee', 'almond', 'heliotrope', 'caramel', 'sugar cane', 'sandalwood', 'vetiver']"
9039,animalic,"['agarwood (oud)', 'aldehydes', 'bergamot', 'amber', 'rose', 'civetta', 'leather', 'patchouli', 'musk']"
2512,fruity,"['peach', 'rose', 'apricot blossom', 'lilac', 'pineapple', 'lily-of-the-valley', 'bergamot', 'rose', 'iris', 'heliotrope', 'jasmine', 'peach', 'apricot', 'vanilla', 'sandalwood', 'amber', 'musk']"
10559,aquatic,"['watery notes', 'tea', 'driftwood']"
5460,fresh spicy,"['ginger', 'pepper', 'black basil', 'sage', 'cedar', 'amber', 'suede', 'brazilian redwood', 'patchouli']"
7676,vanilla,"['rum', 'passionfruit', 'gardenia', 'musk', 'vanille', 'tonka bean']"
1954,fresh,"['aldehydes', 'ozonic notes', 'watery notes', 'ginger', 'green notes', 'floral notes', 'mint', 'pepper', 'musk', 'vetiver', 'incense']"
5749,floral,"['lotus', 'melon', 'freesia', 'rose water', 'rose', 'calone', 'cyclamen', 'lily-of-the-valley', 'lily', 'water peony', 'carnation', 'musk', 'tuberose', 'exotic woods', 'osmanthus', 'cedar', 'sandalwood', 'amber']"
19156,warm spicy,"['cinnamon', 'mandarin orange', 'lavender', 'lemon', 'fruity notes', 'incense', 'cumin', 'red cedar', 'tobacco', 'vanilla', 'cedar', 'leather', 'benzoin', 'iso e super', 'cypress', 'patchouli']"
5264,patchouli,"['amalfi lemon', 'cornflower or sultan seeds', 'pink pepper', 'patchouli', 'vanille']"
2797,lavender,"['lavender', 'bergamot', 'mint', 'clove', 'lily-of-the-valley', 'cinnamon', 'amber', 'patchouli', 'myrhh']"
12171,woody,"['bamboo', 'pear', 'lotus', 'tea', 'cassia', 'musk', 'guaiac wood', 'oakmoss']"
12915,ozonic,"['melon', 'tonic water', 'gin', 'violet leaf', 'sichuan pepper', 'citruses', 'musk', 'suede', 'amber']"
21305,sweet,"['white honey', 'tobacco', 'vanille', 'cacao', 'patchouli', 'amber', 'french labdanum', 'styrax']"
18514,earthy,"['aldehydes', 'coriander', 'gardenia', 'green notes', 'lemon', 'carnation', 'narcissus', 'orris root', 'rose', 'jasmine', 'lily-of-the-valley', 'leather', 'oakmoss', 'vetiver', 'patchouli', 'amber', 'coconut', 'tonka bean']"
12266,ozonic,"['watermelon', 'cucumber', 'kiwi', 'nectarine', 'lime (linden blossom)', 'jasmine', 'honeysuckle', 'lily-of-the-valley', 'vetiver', 'woodsy notes', 'musk']"
11467,almond,"['magnolia', 'calabrian bergamot', 'orange blossom', 'green almond', 'vanilla']"
14392,almond,"['almond', 'orange blossom', 'petitgrain', 'bergamot', 'heliotrope', 'iris', 'ylang-ylang', 'jasmine', 'rose', 'vanilla', 'tonka bean', 'tolu balsam', 'peru balsam', 'musk']"
17033,powdery,"['lime', 'bergamot', 'tuberose', 'pear', 'mandarin orange', 'pineapple', 'heliotrope', 'orris root', 'jasmine', 'lily-of-the-valley', 'sandalwood', 'vanilla', 'musk', 'almond', 'tonka bean', 'cedar', 'amber']"
7000,aldehydic,"['aldehydes', 'rose', 'orange blossom', 'hawthorn', 'musk', 'sandalwood']"
3609,coconut,"['palm leaf', 'gardenia', 'coconut', 'sea salt', 'vanilla', 'sandalwood', 'virginia cedar', 'benzoin']"
1140,white floral,"['white lily', 'hiacynth', 'honeysuckle', 'galbanum', 'orange blossom', 'lavender', 'bergamot', 'black currant', 'lemon', 'lily', 'lily-of-the-valley', 'moroccan jasmine', 'carnation', 'honeysuckle', 'tuberose', 'ylang-ylang', 'iris', 'rose', 'orris root', 'oakmoss', 'incense', 'musk', 'leather', 'sandalwood', 'vetiver', 'cedar', 'patchouli', 'amber']"
18389,fresh,"['litchi', 'ginger', 'bergamot', 'peony', 'turkish rose', 'cacao', 'patchouli']"
8982,animalic,"['rhubarb', 'raspberry', 'amyl salicylate', 'rose', 'leather', 'animal notes', 'oakmoss', 'cedar']"
2101,nutty,"['cherry', 'melon', 'raspberry', 'red rose', 'peony', 'orange blossom', 'hazelnut', 'musk', 'amber']"
1270,coca-cola,"['coca-cola', 'lime', 'cinnamon', 'apple', 'nutmeg', 'cedar', 'amberwood']"
7404,patchouli,"['plum', 'italian mandarin', 'pink pepper', 'rose', 'jasmine', 'lily-of-the-valley', 'patchouli', 'vanilla', 'white musk']"
12503,sweet,"['lavender', 'mint', 'fruity', 'spicy notes', 'coriander', 'green notes', 'bergamot', 'caramel', 'patchouli', 'honey', 'milk', 'cedar', 'jasmine', 'lily-of-the-valley', 'coffee', 'patchouli', 'vanilla', 'tonka bean', 'benzoin', 'amber', 'sandalwood', 'musk']"
14876,smoky,"['smoke', 'pineapple', 'grapefruit', 'olibanum', 'atlas cedar', 'clary sage', 'leather', 'tonka bean', 'patchouli']"
19687,citrus,"['mandarin orange', 'madagascar pepper', 'lemon', 'chinotto', 'rosemary', 'geranium', 'rose', 'pepperwood\x99', 'vanilla', 'tonka bean', 'sandalwood', 'texas cedar', 'patchouli', 'oakmoss']"
21152,animalic,"['tobacco', 'cacao', 'vanilla', 'osmanthus', 'benzoin', 'dried fruits', 'kopi luwak coffee', 'almond', 'coffee', 'leather', 'immortelle', 'whiskey', 'black elder', 'jasmine sambac', 'marigold', 'rose', 'castoreum', 'patchouli', 'ambergris', 'civet', 'spices', 'woody notes', 'muskrat', 'hyrax', 'musk', 'propolis']"
18765,nutty,"['butter', 'salt', 'toast', 'cookie dough', 'hazelnut cocoa spread', 'hazelnut']"
16211,aromatic,"['grapefruit', 'mandarin orange', 'sea water', 'juniper', 'musk', 'amberwood']"
3572,mineral,"['mineral notes', 'citruses', 'italian lemon', 'green leaves', 'calabrian bergamot', 'pebbles', 'sage', 'orris', 'geranium', 'woody notes', 'musk', 'amber', 'sandalwood', 'patchouli']"
21258,patchouli,"['violet leaf', 'coriander', 'bergamot', 'rose', 'black pepper', 'lily-of-the-valley', 'patchouli', 'ambergris', 'bourbon vanilla']"
13816,tuberose,"['bergamot', 'tuberose', 'violet', 'rose', 'patchouli']"
7141,fresh,"['watery notes', 'violet', 'melon', 'wildflowers', 'solar notes', 'jasmine', 'orange blossom', 'violet', 'iris', 'white musk']"
12460,fresh,"['tea', 'cranberry', 'amalfi lemon', 'peony', 'jasmine', 'water lily', 'woodsy notes', 'patchouli']"
11525,smoky,"['grapefruit', 'smoke', 'juniper', 'leather', 'vetiver']"
16489,amber,"['oregano', 'pepper', 'bergamot', 'incense', 'opoponax', 'amber', 'labdanum', 'agarwood (oud)', 'leather', 'sandalwood', 'patchouli']"
14732,patchouli,"['italian mandarin', 'rose', 'egyptian jasmine', 'patchouli', 'musk']"
17490,fresh spicy,"['bergamot', 'sichuan pepper', 'lavender', 'star anise', 'nutmeg', 'ambroxan', 'vanilla']"
5508,soft spicy,"['licorice', 'lemon', 'patchouli', 'amber', 'floral notes', 'vetiver', 'white musk']"
21821,animalic,"['turkish rose', 'indian oud', 'woodsy notes', 'exotic spices', 'cambodian oud', 'amber', 'rose', 'animal notes', 'musk', 'powdery notes']"
7670,floral,"['white musk', 'peony', 'freesia', 'green notes', 'peach', 'plum', 'lily', 'lily-of-the-valley', 'green grass', 'jasmine', 'ylang-ylang', 'rose', 'coffee', 'vanilla', 'sandalwood', 'coriander', 'incense', 'tonka bean', 'cedar']"
5054,animalic,"['thyme', 'rose petals', 'ylang-ylang', 'cumin', 'labdanum', 'sweat', 'animal notes', 'sandalwood']"
18606,fresh spicy,"['sichuan pepper', 'cardamom', 'bergamot', 'neroli', 'tobacco leaf', 'incense', 'juniper berries', 'leather', 'cypriol oil or nagarmotha', 'tonka bean', 'musk']"
14260,nutty,"['wheat', 'pear', 'anise', 'clove', 'iris', 'rice', 'hazelnut', 'white musk', 'amber']"
10553,floral,"['bergamot', 'goji berries', 'pomegranate', 'hibiscus', 'water lily', 'musk', 'virginia cedar']"
20260,tobacco,"['cinnamon', 'pepperwood or hercules club', 'tobacco', 'osmanthus', 'olibanum', 'labdanum', 'vanilla', 'patchouli', 'musk', 'vetiver', 'cedar']"
11910,tuberose,"['plum', 'cinnamon', 'elemi', 'tuberose', 'ylang-ylang', 'rose', 'vanilla', 'vetiver', 'musk', 'ambroxan']"
9918,fruity,"['plum', 'wild berries', 'coriander', 'anise', 'brazilian rosewood', 'tuberose', 'incense', 'white honey', 'cinnamon', 'opoponax', 'carnation', 'jasmine', 'african orange flower', 'rose', 'vanille', 'amber', 'sandalwood', 'heliotrope', 'musk', 'vetiver', 'virginia cedar']"
4595,honey,"['rum', 'davana', 'honey', 'bran', 'cinnamon', 'vanilla', 'cacao', 'sandalwood']"
15331,leather,"['green tea', 'bergamot', 'rose', 'sandalwood', 'cedar', 'jasmine', 'leather', 'vanilla', 'amber', 'musk', 'oakmoss']"
2524,musky,"['aldehydes', 'coriander', 'clary sage', 'artemisia', 'bergamot', 'patchouli', 'carnation', 'geranium', 'vetiver', 'cinnamon', 'jasmine', 'orris root', 'lavender', 'civet', 'honey', 'leather', 'musk', 'oakmoss', 'amber', 'tonka bean', 'vanilla']"
17159,coconut,"['coconut', 'red apple', 'mandarin orange', 'jasmine', 'freesia', 'magnolia', 'cotton flower', 'sandalwood']"
12742,violet,"['violet leaf', 'violet', 'iris', 'african orange flower', 'lily-of-the-valley', 'jasmine', 'vetyver', 'nutmeg', 'sandalwood', 'raspberry']"
15391,lavender,"['grapefruit', 'pink pepper', 'lavender', 'vetyver', 'vanille', 'amber']"
21730,vanilla,"['lavender', 'mint', 'vanilla', 'benzoin', 'honey', 'tonka bean', 'tobacco']"
8938,aquatic,"['watery notes', 'almond', 'spices', 'neroli', 'coumarin', 'vetiver', 'patchouli']"
3576,animalic,"['saffron', 'ylang-ylang', 'cardamom', 'geranium', 'leather', 'egyptian jasmine', 'labdanum', 'animal notes', 'patchouli']"
6522,woody,"['pomegranate', 'persimmon', 'green accord', 'black orchid', 'lotus', 'champaca', 'mahogany', 'amber', 'black violet', 'whipped cream']"
13684,tobacco,"['spices', 'mate', 'citruses', 'mandarin orange', 'flowers', 'tobacco', 'immortelle', 'labdanum', 'vetiver', 'patchouli', 'mate', 'tobacco', 'leather', 'exotic woods', 'amber', 'vanilla', 'tonka bean', 'musk']"
10348,green,"['mint', 'bergamot', 'grapefruit', 'lavender', 'granny smith apple', 'cranberry', 'rose', 'cotton flower', 'cactus', 'amber']"
14788,warm spicy,"['saffron', 'ginger', 'sicilian mandarin', 'sicilian bergamot', 'amberwood', 'moroccan rose', 'egyptian jasmine', 'indonesian patchouli leaf', 'madagascar vanilla', 'white musk', 'sandalwood', 'oakmoss']"
15934,earthy,"['mandarin orange', 'melon', 'jasmine', 'peach', 'ylang-ylang', 'oakmoss', 'vetiver']"
1019,rose,"['pink pepper', 'pear', 'grapefruit', 'rose', 'peony', 'geranium', 'vanilla', 'musk', 'tonka bean']"
16814,salty,"['mandarin orange', 'jasmine', 'ginger', 'lily', 'salt', 'vanilla', 'ambergris', 'sandalwood']"
18676,oud,"['black pepper', 'bitter orange', 'neroli', 'saffron', 'cardamom', 'olibanum', 'agarwood (oud)', 'patchouli', 'leatherwood']"
7477,floral,"['rose', 'mimosa', 'hiacynth', 'geranium', 'green notes', 'nasturtium', 'orange blossom', 'hawthorn', 'cassia', 'bergamot', 'rose', 'violet', 'lily', 'lime blossom', 'ylang-ylang', 'lily-of-the-valley', 'jasmine', 'orris root', 'iris', 'musk', 'heliotrope', 'sandalwood', 'oakmoss', 'amber', 'cedar']"
4415,cherry,"['black cherry', 'raspberry', 'jasmine', 'rose', 'mimosa', 'vanilla', 'birch', 'vetiver']"
16030,woody,"['black currant', 'pink pepper', 'bergamot', 'jasmine', 'jasmine sambac', 'jasmine tea', 'bourbon vanilla', 'cashmeran', 'guaiac wood']"
11553,musky,"['bergamot', 'lemon', 'seaweed', 'calone', 'hedione', 'musk', 'ambroxan', 'cedar']"
11720,white floral,"['honeysuckle', 'tangerine', 'rose', 'jasmine', 'tiare flower', 'peony', 'clementine', 'musk', 'sandalwood', 'patchouli']"
3948,citrus,"['bergamot', 'ginger', 'mandarin orange', 'cardamom', 'lily', 'jasmine', 'violet leaf', 'pink pepper', 'rose', 'peony', 'black currant', 'woody notes', 'oakmoss', 'white musk', 'palisander rosewood', 'amber', 'vanilla', 'praline']"
10276,white floral,"['nutmeg', 'gardenia', 'african orange flower', 'green notes', 'bergamot', 'tuberose', 'jasmine', 'honeysuckle', 'iris', 'peony', 'mace', 'vanilla', 'amber', 'woodsy notes', 'guaiac wood', 'virginia cedar']"
6945,aquatic,"['watery notes', 'grapefruit', 'raspberry', 'peony', 'jasmine', 'iris', 'pink pepper', 'suede', 'cedar', 'amber']"
18657,lavender,"['metallic notes', 'aldehydes', 'cardamon', 'black pepper', 'water notes', 'violet leaf', 'ginger', 'neroli', 'lavender', 'beeswax', 'leather', 'lime (linden blossom)', 'cyclamen', 'oakmoss', 'honey', 'woody notes', 'amber', 'tonka bean', 'patchouli', 'vanilla', 'white musk', 'myrrh', 'cedar', 'gurjan balsam']"
10324,cinnamon,"['peach', 'citruses', 'plum', 'bergamot', 'mandarin orange', 'cinnamon', 'jasmine', 'lily-of-the-valley', 'vanille', 'sandalwood', 'amber', 'musk']"
18798,aromatic,"['myrhh', 'clary sage', 'coriander', 'bergamot', 'lime', 'amalfi lemon', 'rose', 'thyme', 'basil', 'jasmine', 'castoreum', 'oakmoss', 'patchouli', 'french labdanum']"
13840,musky,"['plum', 'musk', 'heliotrope', 'suede']"
19632,fresh,"['litchi', 'cassis', 'mandarin orange', 'water lily', 'peony', 'jasmine', 'ambroxan', 'praline', 'musk', 'vanilla', 'oak moss']"
20561,woody,"['rosemary', 'pink pepper', 'petitgrain', 'jasmine', 'neroli', 'orris root', 'ylang-ylang', 'sandalwood', 'vetiver', 'cedar', 'patchouli']"
7611,lactonic,"['chestnut', 'whipped cream', 'cumin', 'tuberose', 'geranium', 'cypress', 'milk', 'vanilla pod', 'musk', 'tonka bean']"
19567,tobacco,"['ginger', 'saffron', 'coriander', 'heliotrope', 'tobacco', 'agarwood (oud)', 'amberwood', 'olibanum', 'bourbon vanilla', 'cedar', 'musk', 'labdanum']"
6433,earthy,"['fennel', 'mint', 'green notes', 'clary sage', 'oakmoss', 'fern', 'angelica', 'clover', 'galbanum', 'violet leaf', 'mastic or lentisque', 'oakmoss', 'soil tincture', 'boletus edulis', 'chestnut', 'vetiver', 'resins', 'pine tree needles', 'labdanum', 'leather']"
17954,coffee,"['lavender', 'bergamot', 'green leaves', 'coffee', 'cedar', 'vanilla', 'patchouli', 'tonka bean', 'amber']"
12843,oud,"['almond', 'aldehydes', 'anise', 'rose', 'agarwood', 'leather', 'musk', 'vanilla', 'heliotrope', 'cedar']"
19574,ozonic,"['watermelon', 'peach', 'bergamot', 'plum', 'violet', 'pine tree needles', 'mint', 'galbanum', 'carnation', 'cyclamen', 'hiacynth', 'lily', 'jasmine', 'rose', 'oakmoss', 'leather', 'cedar', 'musk', 'amber']"
16048,lavender,"['petitgrain', 'bergamot', 'lavender', 'tonka bean', 'vetiver', 'patchouli', 'labdanum', 'agarwood (oud)', 'musk']"
19786,citrus,"['lemon verbena', 'iris', 'violet leaf', 'ambergris', 'sandalwood']"
15649,warm spicy,"['grapefruit', 'bergamot', 'orange', 'rose', 'geranium', 'jasmine', 'narcissus', 'peach', 'patchouli', 'sandalwood', 'olibanum', 'tonka bean', 'vanille', 'white musk', 'cloves', 'benzoin']"
11195,patchouli,"['pineapple leaf', 'mandarin orange', 'bergamot', 'jasmine', 'brazilian rosewood', 'patchouli', 'vanilla', 'musk']"
8643,yellow floral,"['bergamot', 'petitgrain', 'lime (linden) blossom', 'lily-of-the-valley', 'tarragon', 'jasmine', 'rose', 'beeswax']"
9248,earthy,"['black pepper', 'sage', 'truffle', 'woodsy notes', 'vanila', 'frankincense']"
15043,fruity,"['raspberry', 'bergamot', 'orange', 'pepper', 'vetiver', 'magnolia', 'sandalwood', 'amber', 'musk']"
11256,musky,"['dew drop', 'green leaves', 'clove', 'bluebell', 'persimmon', 'peach', 'musk', 'powdery notes']"
12519,animalic,"['animal notes', 'woody notes', 'violet', 'leather', 'incense', 'cade oil', 'labdanum', 'cedar', 'patchouli', 'vanilla']"
5667,balsamic,"['absinthe', 'bergamot', 'lemon', 'peru balsam', 'orange blossom', 'spices', 'carnation', 'musk']"
19940,coca-cola,"['coca-cola', 'mandarin orange', 'jasmine', 'tuberose', 'tonka bean', 'sandalwood', 'amber']"
5553,almond,"['almond milk', 'bergamot', 'pink pepper', 'heliotrope', 'jasmine sambac', 'carnation', 'sandalwood', 'cashmere wood', 'benzoin']"
18394,anis,"['star anise', 'tobacco', 'amber', 'leather']"
20476,amber,"['bergamot', 'angelica', 'patchouli', 'coumarin', 'amber', 'musk']"
10143,coffee,"['apple', 'sea notes', 'mint', 'coffee', 'milk', 'amber', 'leather', 'cedar', 'sandalwood', 'ambergris', 'musk']"
251,tropical,"['mango', 'orange', 'ylang-ylang', 'jasmine', 'neroli', 'agarwood (oud)', 'oak moss', 'vetyver', 'virginia cedar']"
7119,floral,"['lime (linden blossom)', 'lily-of-the-valley', 'lilac', 'magnolia', 'bergamot', 'mandarin orange', 'jasmine', 'tuberose', 'ylang-ylang', 'peach', 'bulgarian rose', 'violet', 'carnation', 'nutmeg', 'musk', 'iris', 'sandalwood', 'amber', 'vanilla', 'cloves']"
21507,vanilla,"['apple', 'cinnamon', 'wild lavender', 'bergamot', 'orange blossom', 'lily-of-the-valley', 'vanilla', 'tonka bean', 'amber', 'patchouli']"
3496,warm spicy,"['carnation', 'aldehydes', 'rose', 'neroli', 'brazilian rosewood', 'peach', 'bergamot', 'carnation', 'cloves', 'gardenia', 'jasmine', 'ylang-ylang', 'rose', 'violet', 'orris root', 'rosemary', 'orchid', 'spices', 'iris', 'oakmoss', 'musk', 'sandalwood', 'benzoin', 'amber', 'vetiver', 'cedar']"
13119,white floral,"['jasmine', 'orange', 'bergamot', 'sicilian mandarin', 'gardenia', 'orange blossom', 'sandalwood', 'white amber', 'cedar', 'white musk']"
17093,coffee,"['lavender', 'citruses', 'cappuccino', 'cedar', 'vanilla']"
4498,white floral,"['jasmine', 'tuberose', 'rangoon creeper']"
19553,fresh spicy,"['juniper', 'black pepper', 'bergamot', 'cinnamon', 'iris', 'orange blossom', 'vanilla', 'amber', 'vetiver']"
12386,salty,"['lemon', 'water notes', 'sea salt', 'peach', 'musk', 'cedar']"
16026,cherry,"['bitter almond', 'black cherry', 'cherry liqueur', 'sour cherry', 'plum', 'turkish rose', 'jasmine sambac', 'vanilla', 'tonka bean', 'cinnamon', 'peru balsam', 'benzoin', 'sandalwood', 'cloves', 'cedar', 'patchouli', 'vetiver']"
3124,white floral,"['litchi', 'bergamot', 'peach', 'peony', 'orange blossom', 'jasmine', 'petalia', 'musk', 'moss', 'woody notes']"
12242,lavender,"['pepper', 'orange blossom', 'patchouli', 'lavender', 'coffee', 'milk', 'tonka bean', 'siam benzoin', 'cypriol oil or nagarmotha', 'vanilla', 'cedar', 'vetiver']"
9664,white floral,"['truffle', 'bergamot', 'strawberry', 'jasmine', 'tuberose', 'african orange flower', 'vanille', 'amber', 'virginia cedar']"
6858,leather,"['patchouli', 'birch', 'styrax', 'vanilla']"
11721,fresh spicy,"['violet leaf', 'artemisia', 'mandarin orange', 'white pepper', 'cedar', 'nutmeg', 'white musk', 'tonka bean', 'vetiver']"
11197,sweet,"['almond', 'lime', 'pear', 'candied almond', 'sugar', 'peony', 'vanilla', 'tonka bean', 'amber', 'mahogany']"
21139,animalic,"['peach', 'bergamot', 'aldehydes', 'cambodian oud', 'carnation', 'patchouli', 'angelica', 'russian leather', 'musk', 'amber', 'oakmoss', 'patchouli']"
19324,vanilla,"['chestnut', 'sugar', 'sage', 'lavender', 'vanilla', 'smoke']"
12480,patchouli,"['lavender', 'bergamot', 'patchouli', 'bulgarian rose', 'white musk', 'ambroxan', 'vanilla', 'labdanum', 'tonka bean']"
21755,vanilla,"['pink pepper', 'juniper', 'violet', 'toffee', 'cinnamon', 'lavender', 'sage', 'vanilla', 'amber', 'tonka bean', 'suede']"
9717,smoky,"['tea leaf', 'black pepper', 'cardamom', 'whiskey', 'incense', 'opium', 'birch', 'tobacco', 'agarwood (oud)']"
18479,smoky,"['incense', 'pimento', 'bergamot', 'rose', 'leather', 'tobacco', 'guaiac wood', 'cashmere wood', 'musk']"
12277,citrus,"['bergamot', 'citruses', 'green mandarin', 'fig', 'pear', 'cardamom', 'lily', 'jasmine', 'narcissus', 'virginia cedar', 'musk', 'olive tree', 'sandalwood']"
15979,soft spicy,"['anise', 'licorice', 'violet', 'ivy', 'wormwood', 'basil', 'rum', 'tonka bean', 'almond', 'sandalwood', 'vanilla', 'praline', 'vetiver', 'cedar', 'labdanum']"
8282,fresh,"['lemon', 'pear', 'violet leaf', 'black currant', 'peony', 'jasmine sambac', 'jasmine', 'cedar', 'cashmere wood']"
14157,sweet,"['pear', 'tangerine', 'bergamot', 'strawberry', 'vanilla orchid', 'black rose', 'passionfruit', 'praline', 'caramel', 'litchi', 'vanilla', 'patchouli', 'incense', 'coffee', 'licorice', 'coumarin', 'papyrus']"
19310,fresh spicy,"['black pepper', 'cardamom', 'caraway', 'rose', 'nutmeg', 'sandalwood']"
12853,fresh spicy,"['lavender', 'apple', 'black pepper', 'coriander', 'tonka bean', 'labdanum']"
15966,herbal,"['petitgrain', 'neroli', 'chamomile', 'basil']"
4962,marine,"['rose petals', 'lemon', 'bergamot', 'rose', 'salt', 'lime (linden) blossom', 'grass', 'sea water', 'musk', 'oakmoss']"
5797,aromatic,"['lavender', 'clary sage', 'leather', 'bitter almond', 'vanilla', 'orris', 'leather', 'tonka bean', 'cashmeran', 'white woods', 'amber']"
1086,white floral,"['rhubarb', 'violet leaf', 'lily-of-the-valley', 'rose', 'oakmoss', 'patchouli', 'musk']"
300,metallic,"['black pepper', 'bergamot', 'cardamom', 'labdanum', 'henna', 'metallic notes', 'ozonic notes', 'iris', 'suede', 'animal notes', 'cedar', 'saffron']"
12655,herbal,"['grass', 'green notes', 'heather', 'artemisia', 'arnica', 'leather', 'vetiver', 'vanille']"
14825,earthy,"['truffle', 'plum', 'rum', 'ylang-ylang', 'black orchid', 'patchouli']"
3932,earthy,"['apple', 'tea', 'ozonic notes', 'mandarin orange', 'osmanthus', 'magnolia', 'lily', 'earthy notes', 'patchouli', 'jasmine', 'amber', 'orris', 'bamboo', 'musk', 'civet', 'sandalwood', 'vanilla']"
20487,warm spicy,"['ginger', 'bergamot', 'lemon', 'spices', 'violet leaf', 'white pepper', 'basil', 'tonka bean', 'cedar', 'tahitian vetiver']"
15009,soft spicy,"['licorice', 'lime', 'star anise', 'cacao pod', 'violet', 'jasmine', 'amber', 'patchouli', 'sandalwood', 'cedar']"
7095,mineral,"['green almond', 'juniper', 'mineral notes', 'ambergris', 'oakmoss']"
9628,soft spicy,"['pink pepper', 'red currant', 'bay leaf', 'rose', 'lotus', 'patchouli', 'vanilla', 'amber', 'musk']"
12808,honey,"['ginger', 'bitter orange', 'jasmine sambac', 'orange blossom', 'rose', 'honey', 'amber', 'caramel', 'vanilla', 'sandalwood', 'cashmere wood']"
12816,musky,"['pear', 'apple', 'citruses', 'ambrette (musk mallow)', 'amyl salicylate', 'moss', 'jasmine', 'iso e super', 'cetalox', 'ambrettolide', 'helvetolide']"
4520,yellow floral,"['bergamot', 'lemon', 'pink pepper', 'ylang-ylang', 'coconut milk', 'heliotrope', 'musk', 'benzoin', 'cedar']"
3016,cacao,"['cacao', 'dark chocolate', 'hazelnut', 'hazelnut', 'tonka bean']"
3264,green,"['green notes', 'rice flower', 'iris', 'bergamot', 'lotus', 'rhubarb', 'lily', 'ginger', 'orchid', 'musk', 'sandalwood', 'amber']"
16222,herbal,"['fig leaf', 'immortelle', 'sandalwood']"
5740,fruity,"['pear', 'black currant', 'pink pepper', 'grapefruit', 'pineapple', 'rose', 'jasmine', 'heliotrope', 'vanilla', 'cedar', 'amberwood', 'patchouli']"
15056,tuberose,"['tuberose', 'black fig', 'sandalwood']"
19534,sweet,"['ginger', 'bitter orange', 'mandarin orange', 'bergamot', 'kulfi', 'rose', 'orange blossom', 'jasmine', 'vanilla', 'amber', 'sandalwood', 'mastic or lentisque']"
6281,woody,"['cassis', 'may rose', 'freesia', 'vanilla', 'patchouli', 'woody notes', 'ambroxan']"
17143,smoky,"['bergamot', 'amalfi lemon', 'mandarin orange', 'incense', 'leather', 'artemisia', 'sandalwood', 'patchouli', 'agarwood (oud)']"
19538,citrus,"['lemon', 'bergamot', 'neroli', 'rose de mai', 'hyacinth', 'cedar', 'clary sage', 'geranium', 'tonka bean', 'musk', 'amber']"
1984,coca-cola,"['pear', 'mandarin orange', 'neroli', 'coca-cola', 'rhubarb', 'orange blossom', 'vanilla', 'amber', 'violet']"
14747,iris,"['orris root', 'rum', 'iris', 'rose', 'jasmine', 'agarwood (oud)', 'woodsy notes', 'civetta']"
11718,fruity,"['peach', 'apricot', 'pear', 'black currant', 'green apple', 'sandalwood', 'jasmine', 'moss', 'vanilla', 'cedar', 'musk']"
18973,citrus,"['orange', 'sea notes', 'aldehydes', 'blood mandarin', 'pepper', 'neroli', 'cedar', 'vanilla', 'tonka bean', 'white musk', 'amber', 'vetiver', 'elemi resin']"
18198,powdery,"['anise', 'bergamot', 'lemon', 'violet', 'mimosa', 'rose', 'freesia', 'carnation', 'iris', 'almond', 'vanilla', 'white musk', 'sandalwood', 'cedar']"
815,anis,"['anise', 'spices', 'melon', 'eucalyptus', 'woodsy notes', 'musk']"
6868,almond,"['narcissus', 'night blooming jasmine', 'almond', 'sandalwood']"
20764,musky,"['angelica', 'pear', 'pink pepper', 'jasmine', 'caraway', 'vanilla', 'angelica', 'cedar']"
5490,sweet,"['pear', 'mandarin orange', 'green notes', 'orchid', 'toffee', 'patchouli']"
21352,oud,"['frankincense', 'raspberry', 'saffron', 'pear', 'musk', 'damask rose', 'orange blossom', 'agarwood', 'leather', 'patchouli', 'ambergris']"
15984,woody,"['sicilian lemon', 'black currant', 'bergamot', 'spicy notes', 'fruity notes', 'patchouli leaf', 'water jasmine', 'cedar', 'leather', 'sandalwood', 'vanilla', 'white musk', 'moss']"
3681,patchouli,"['black currant', 'mandarin orange', 'orange blossom', 'hibiscus seed', 'grapefruit blossom', 'patchouli', 'amber', 'musk']"
19661,cherry,"['cherry', 'sour cherry', 'almond', 'rum', 'black pepper', 'bergamot', 'ink', 'red wine', 'myrrh', 'damask rose', 'cinnamon', 'mimosa', 'jasmine', 'lily-of-the-valley', 'tonka bean', 'musk', 'vanilla bean', 'benzoin', 'precious woods', 'amber', 'patchouli', 'agarwood (oud)']"
12228,woody,"['rose', 'pepper', 'iris', 'powdery notes', 'patchouli', 'oakmoss', 'vetiver', 'orris root', 'cashmirwood']"
6839,mineral,"['mineral notes', 'green pepper', 'artemisia', 'ozonic notes', 'gunpowder', 'oud', 'metallic notes', 'ambergris', 'cashmeran']"
2359,white floral,"['peach', 'bergamot', 'mandarin orange', 'lemon', 'water lily', 'mimosa', 'tuberose', 'melon', 'lotus', 'pineapple', 'jasmine', 'lily-of-the-valley', 'rose', 'patchouli', 'black locust', 'sandalwood', 'cedar', 'tonka bean']"
21270,animalic,"['beeswax', 'birch', 'cloves', 'cardamom', 'leather', 'turkish rose', 'orange blossom', 'jasmine', 'civet', 'beeswax', 'agarwood (oud)', 'sandalwood', 'amber', 'cedar', 'patchouli', 'vetiver', 'cypriol oil or nagarmotha', 'musk']"
10656,caramel,"['peach', 'mandarin orange', 'orange', 'caramel', 'orange blossom', 'jasmine', 'amber', 'sandalwood', 'guaiac wood', 'cedar']"
13893,woody,"['litchi', 'peony', 'amalfi lemon', 'pink pepper', 'rose', 'jasmine', 'freesia', 'patchouli', 'vetiver', 'cedar', 'ambrette (musk mallow)']"
7441,woody,"['saffron', 'jasmine', 'amberwood', 'ambergris', 'fir resin', 'cedar']"
11490,smoky,"['orange', 'violet', 'rooibos tea', 'cinnamon', 'iris', 'incense', 'vanilla']"
5025,fruity,"['strawberry', 'raspberry', 'pear', 'orange', 'tangerine', 'calabrian bergamot', 'calone', 'peony', 'jasmine sambac', 'chinese jasmine', 'datura', 'orange blossom', 'indonesian patchouli leaf', 'patchouli', 'white musk', 'vanila', 'ambroxan', 'moss', 'cedar']"
10616,soft spicy,"['star anise', 'violet', 'ivy', 'licorice', 'cherry', 'iris', 'orris root', 'amaryllis', 'vanilla', 'praline', 'tonka bean', 'white musk', 'vetiver']"
6135,coffee,"['cappuccino', 'coffee', 'sweet notes', 'coffee', 'caramel', 'almond', 'vanilla', 'resin', 'amber']"
17965,woody,"['brazilian rosewood', 'coriander', 'mahogany', 'sicilian mandarin', 'cinnamon', 'damask rose', 'carnation', 'sandalwood', 'tobacco', 'vanilla', 'leather', 'amber', 'ambrette (musk mallow)']"
9974,tobacco,"['cinnamon', 'incense', 'pear', 'agarwood (oud)', 'saffron', 'nutmeg', 'tobacco', 'leather', 'patchouli', 'jasmine', 'vetiver', 'vanilla', 'musk', 'guaiac wood', 'sandalwood', 'ambergris']"
3168,fresh,"['citruses', 'cassia', 'pink pepper', 'lily-of-the-valley', 'mimosa', 'violet', 'heliotrope', 'vetiver', 'vanilla']"
18670,tropical,"['mango', 'chamomile', 'orange blossom', 'coconut', 'ylang ylang', 'amber', 'vanilla', 'siam benzoin', 'iris butter']"
4260,warm spicy,"['spices', 'aldehydes', 'narcissus', 'lavender', 'orange', 'peach', 'coca-cola', 'bergamot', 'spicy notes', 'cloves', 'cinnamon', 'rose', 'ylang-ylang', 'jasmine', 'lily-of-the-valley', 'cassia', 'orchid', 'incense', 'tolu balsam', 'peru balsam', 'oakmoss', 'patchouli', 'amber', 'vetiver', 'vanilla', 'musk']"
21116,amber,"['cinnamon', 'honey', 'osmanthus', 'benzoin', 'ambergris', 'labdanum', 'artemisia', 'tonka bean', 'vanila', 'patchouli', 'musk']"
10347,citrus,"['bergamot', 'mandarin orange', 'lemon', 'bitter orange', 'lavender', 'rosemary', 'myrtle', 'african orange flower', 'neroli', 'jasmine', 'pitosporum', 'amber', 'angelica', 'ambrette (musk mallow)']"
4780,aldehydic,"['aldehydes', 'orange', 'honey', 'geranium', 'musk', 'patchouli', 'amber']"
11280,nutty,"['cherry', 'green apple', 'bergamot', 'almond blossom', 'macadamia', 'mimosa', 'flower petals', 'jasmine', 'freesia', 'chestnut', 'amber', 'sandalowood', 'musk', 'woodsy notes']"
9276,green,"['freesia', 'lily-of-the-valley', 'rose', 'palm tree', 'narcissus', 'lily', 'gardenia', 'black currant', 'musk', 'oakmoss']"
4523,woody,"['plum', 'saffron', 'iris', 'orris', 'jasmine sambac', 'bulgarian rose', 'vetiver', 'papyrus', 'liquidambar']"
10975,nutty,"['hazelnut', 'coffee', 'cinnamon', 'tuberose', 'coconut', 'jasmine sambac', 'vanilla', 'white musk', 'cedar']"
3297,green,"['rhubarb leaf', 'bergamot', 'green notes', 'orange blossom', 'ylang-ylang', 'pear', 'bourbon vanilla', 'woody notes', 'amberwood', 'sandalwood', 'coumarin']"
20334,warm spicy,"['violet leaf', 'bergamot', 'black tea', 'cinnamon', 'pimento', 'tobacco leaf', 'myrrh', 'musk', 'olive tree']"
18369,marine,"['sea water', 'melon', 'green notes', 'jasmine', 'sichuan pepper', 'cedar', 'musk']"
7804,ozonic,"['watermelon', 'red currant', 'yuzu', 'lilac', 'may rose', 'stephanotis', 'white musk', 'cedar', 'sandalwood']"
15112,almond,"['almond', 'lemon', 'virginia cedar', 'vanilla', 'musk']"
2386,almond,"['violet leaf', 'cardamom', 'red currant', 'almond', 'lily-of-the-valley', 'jasmine', 'heliotrope', 'musk', 'benzoin']"
3072,coconut,"['vanillin', 'cedar', 'coconut', 'co2 extracts', 'vanilla absolute', 'sandalwood', 'ambretone']"
4063,white floral,"['ambrette (musk mallow)', 'jasmine', 'virginia cedar']"
15648,citrus,"['orange', 'mandarin orange', 'bergamot', 'orange blossom', 'turkish rose', 'jasmine', 'mimosa', 'ylang-ylang', 'patchouli', 'white musk', 'vanilla', 'vetiver', 'tonka bean', 'opoponax']"
21250,fruity,"['fruity notes', 'orange', 'bergamot', 'malt', 'whiskey', 'patchouli', 'coffee', 'cedar', 'peat', 'vanilla', 'amber', 'musk']"
167,aldehydic,"['aldehydes', 'grapefruit', 'freesia', 'jasmine', 'lily-of-the-valley', 'orange', 'orchid', 'musk', 'sandalwood']"
16573,citrus,"['lemon', 'bergamot', 'carambola (star fruit)', 'cardamom', 'brazilian rosewood', 'cedar', 'tarragon', 'sage', 'pepper', 'musk', 'woodsy notes', 'saffron', 'amber', 'sycamore']"
16599,mossy,"['bergamot', 'lily', 'lilac', 'neroli', 'jasmine', 'cloves', 'cinnamon', 'oakmoss', 'civet', 'sandalwood', 'musk']"
20070,warm spicy,"['nutmeg', 'cinnamon', 'cardamom', 'grapefruit', 'lavender', 'licorice', 'sandalwood', 'amber', 'patchouli', 'haitian vetiver']"
7972,fresh spicy,"['calabrian bergamot', 'pepper', 'sichuan pepper', 'lavender', 'pink pepper', 'vetiver', 'patchouli', 'geranium', 'elemi', 'ambroxan', 'cedar', 'labdanum']"
16801,aromatic,"['bergamot', 'lemon', 'mandarin orange', 'orange blossom', 'white nerium oleander', 'fig leaf', 'cypress', 'red cedar', 'juniper', 'pistachio', 'musk']"
4691,lavender,"['lavender', 'pink pepper', 'neroli', 'aldehydes', 'orris', 'petalia', 'blackberry leaf', 'orange blossom', 'musk', 'woodsy notes', 'vetiver', 'cedar', 'coumarin']"
632,anis,"['smoke', 'camphor', 'mimosa', 'anise', 'cedar', 'ambrette (musk mallow)', 'juniper']"
9246,aquatic,"['melon', 'brandy', 'pear', 'mastic or lentisque', 'ginger', 'agave', 'salt', 'suede', 'clary sage', 'tonka bean', 'amber', 'vetiver']"
4055,floral,"['mignonette', 'mandarin orange', 'sage', 'nectarine', 'blue hyacinth', 'peach blossom', 'rose hip', 'iris', 'red cyclamen', 'violet root', 'musk', 'sandalwood', 'cedar']"
8094,aquatic,"['cucumber', 'mandarin orange', 'cassia', 'water hyacinth', 'carrot', 'white woods', 'sandalwood']"
14220,citrus,"['grapefruit', 'pineapple', 'bergamot', 'orange', 'rose', 'freesia', 'red apple', 'lotus', 'hyacinth', 'gardenia', 'lily-of-the-valley', 'violet', 'orris', 'patchouli', 'cedar', 'musk', 'amber', 'incense', 'pine']"
6573,violet,"['ylang-ylang', 'violet', 'cedar', 'cloves']"
8271,vanilla,"['peach', 'coconut', 'mango', 'bergamot', 'fruits', 'geranium', 'jasmine', 'floral notes', 'lily-of-the-valley', 'vanilla', 'amber', 'sandalwood', 'musk', 'patchouli', 'woodsy notes']"
21579,iris,"['iris', 'amber', 'patchouli', 'tonka bean', 'leather', 'sandalwood']"
12341,fresh spicy,"['bergamot', 'pepper', 'star anise', 'mint', 'ginger', 'sage', 'iris', 'boxwood', 'labdanum']"
10948,musky,"['rose', 'peach', 'musk', 'amber', 'patchouli', 'sandalwood']"
19348,warm spicy,"['ginger', 'bergamot', 'pink pepper', 'green notes', 'cardamom', 'black currant', 'turkish rose', 'vanilla', 'benzoin', 'sandalwood', 'cedar', 'patchouli', 'ambergris', 'musk']"
18175,woody,"['aldehydes', 'ylang-ylang', 'neroli', 'jasmine', 'tincture of rose', 'vanille', 'sandalwood', 'vetyver']"
19948,aldehydic,"['aldehydes', 'neroli', 'bergamot', 'jasmine', 'rose', 'rosemary', 'iris', 'vanilla', 'amber', 'woody notes']"
4756,tropical,"['coconut milk', 'bergamot', 'tyger lily', 'jasmine', 'freesia', 'mango', 'benzoin']"
20072,marine,"['sea notes', 'aquozone', 'bergamot', 'green mandarin', 'rosemary', 'lavender', 'cypress', 'mastic or lentisque', 'mineral notes', 'musk', 'patchouli', 'amber']"
12176,aquatic,"['cucumber', 'lime', 'mint', 'bergamot', 'water notes', 'granny smith apple', 'lotus', 'rosemary', 'driftwood', 'rum', 'sandalwood', 'oak moss']"
5599,earthy,"['truffle', 'blackberry', 'grapefruit', 'orchid', 'gardenia', 'lily-of-the-valley', 'mexican chocolate', 'incense', 'amber']"
17756,green,"['mint', 'galbanum', 'orange blossom', 'ivy', 'vetiver', 'moss', 'woody notes', 'myrrh', 'patchouli']"
19936,warm spicy,"['spices', 'rum', 'tobacco', 'leather', 'iris', 'tuberose', 'tonka bean', 'guaiac wood', 'benzoin']"
21463,warm spicy,"['grapefruit', 'coriander', 'basil', 'cardamom', 'ginger', 'orange blossom', 'amber', 'tobacco', 'cedar']"
11781,honey,"['pear', 'jasmine', 'honey']"
15720,rose,"['litchi', 'pear', 'bergamot', 'turkish rose', 'agarwood (oud)', 'incense', 'vanilla', 'amber', 'woody notes']"
14189,honey,"['caraway', 'pine tree needles', 'honey', 'beeswax', 'jasmine', 'oakmoss', 'amber', 'vanilla', 'patchouli', 'musk']"
4255,mineral,"['sea salt', 'mineral notes', 'citruses', 'jasmine', 'mastic or lentisque', 'coconut', 'pine tree', 'labdanum']"
3139,balsamic,"['ylang-ylang', 'rose', 'bergamot', 'orris root', 'jasmine', 'peru balsam']"
12776,woody,"['patchouli', 'pink pepper', 'peach', 'mandarin orange', 'bergamot', 'turkish rose', 'bulgarian rose', 'iris', 'jasmine', 'dried fruits', 'patchouli', 'vanilla', 'spices', 'sandalwood', 'vetiver', 'labdanum', 'lavender', 'amber']"
18566,coffee,"['mandarin orange', 'nashi pear', 'pink pepper', 'coffee', 'almond', 'orange blossom', 'jasmine', 'amber', 'vanilla', 'patchouli', 'cedar']"
14170,musky,"['musk', 'flowers', 'cashmeran']"
20216,aldehydic,"['aldehydes', 'african orange flower', 'bergamot', 'carnation', 'ylang-ylang', 'jasmine', 'rose', 'iris', 'sandalwood', 'vanille', 'amber']"
6255,citrus,"['lemon', 'green notes', 'bergamot', 'mandarin orange', 'pineapple', 'cardamom', 'papaya', 'lily-of-the-valley', 'jasmine', 'violet', 'rose', 'nutmeg', 'orris root', 'freesia', 'green accord', 'musk', 'cedar', 'sandalwood', 'oakmoss', 'green tea', 'amber']"
9451,patchouli,"['geranium', 'neroli', 'orange', 'patchouli', 'vanilla', 'sandalwood', 'musk']"
1968,aquatic,"['green notes', 'bergamot', 'pink pepper', 'watery notes', 'rain notes', 'turkish rose', 'jasmine', 'pine tree', 'moss', 'patchouli']"
8631,violet,"['violet', 'pink grapefruit', 'bergamot', 'peony', 'iris', 'woodsy notes']"
9567,patchouli,"['patchouli', 'pink pepper', 'pineapple', 'hiacynth', 'iris', 'lemon', 'jasmine', 'rose', 'patchouli', 'musk', 'vetiver', 'vanilla']"
21313,warm spicy,"['apple', 'lavender', 'bergamot', 'mandarin orange', 'geranium', 'violet', 'jasmine', 'vanilla', 'cardamom', 'sandalwood', 'pepper', 'guaiac wood', 'patchouli']"
17332,coffee,"['passion flower', 'pink pepper', 'bergamot', 'neroli', 'coffee', 'heliotrope', 'freesia', 'amber', 'musk', 'teak wood']"
3861,fresh,"['aldehydes', 'rose', 'pink pepper', 'peony', 'violet', 'african orange flower', 'musk', 'woodsy notes', 'sandalwood']"
5588,coca-cola,"['raspberry', 'granny smith apple', 'lime', 'sweet notes', 'peony', 'magnolia', 'coca-cola']"
13364,tobacco,"['allspice', 'haitian vetiver', 'tobacco']"
13539,green,"['mint', 'amber', 'vetiver', 'pepper', 'spicy notes', 'oakmoss', 'vanilla']"
19224,leather,"['raspberry', 'saffron', 'thyme', 'olibanum', 'jasmine', 'leather', 'suede', 'woody notes', 'amber']"
9742,coconut,"['coconut nectar', 'magnolia', 'white musk']"
13185,sweet,"['lemon', 'sage', 'praline', 'cinnamon', 'tolu balsam', 'black cardamom', 'brazilian rosewood', 'patchouli', 'black amber']"
15074,citrus,"['grapefruit', 'bergamot', 'pink pepper', 'water notes', 'lavender', 'cardamom', 'white musk', 'white woods', 'cashmere wood', 'oakmoss']"
19690,warm spicy,"['pink pepper', 'elemi', 'bergamot', 'grapefruit', 'cinnamon', 'saffron', 'paprika', 'tobacco', 'leather', 'vetiver']"
11494,mossy,"['mirabelle', 'oakmoss', 'davana', 'sandalwood', 'musk']"
19341,leather,"['saffron', 'mandarin orange', 'bergamot', 'patchouli', 'ylang-ylang', 'hawthorn', 'jasmine', 'birch', 'styrax', 'orris root']"
3323,herbal,"['chamomile', 'acai berry', 'lavender', 'violet leaf', 'cumin', 'beeswax', 'marigold', 'nard himalayan (jatamansi)', 'anise', 'jasmine', 'hay', 'mushroom', 'oakmoss', 'olibanum', 'myrrh', 'tonka bean', 'vanilla']"
2801,marine,"['sea notes', 'aldehydes', 'coriander', 'red pepper', 'juniper', 'iris', 'amyl salicylate', 'rose', 'seaweed', 'ambergris', 'cedar', 'amberwood']"
1523,vanilla,"['coconut', 'ylang-ylang', 'peach', 'karo karounde', 'orange', 'jasmine', 'gardenia', 'violet', 'freesia', 'osmanthus', 'rose', 'vanilla', 'sandalwood', 'amber', 'musk']"
7064,lactonic,"['passionfruit', 'citruses', 'milk']"
13002,aldehydic,"['aldehydes', 'bergamot', 'bourbon geranium', 'ylang-ylang', 'tuberose', 'rose', 'jasmine', 'olibanum', 'iris', 'vanilla', 'vetiver', 'sandalwood', 'styrax', 'patchouli']"
3446,caramel,"['mandarin orange', 'incense', 'bergamot', 'ylang-ylang', 'jasmine', 'iris', 'caramel', 'amber', 'musk', 'vetiver']"
7053,nutty,"['pistachio', 'cotton candy', 'popcorn', 'walnut', 'hazelnut', 'violet']"
14320,lavender,"['lavender', 'freesia', 'grapefruit', 'geranium', 'oak moss', 'amber', 'leather']"
18388,marine,"['salt', 'ozonic notes', 'watery notes', 'myrtle', 'bergamot', 'salt', 'sea notes', 'ylang-ylang', 'orange blossom', 'ambergris', 'algae', 'white musk', 'oakmoss', 'patchouli']"
2861,lactonic,"['coconut', 'fig', 'vanilla flower', 'coconut', 'milk', 'wheat', 'sugar', 'coconut milk', 'fig leaf', 'vanilla']"
15379,violet,"['violet', 'wild strawberry', 'orange blossom', 'iris', 'vanilla', 'tonka bean', 'sandalwood']"
16224,fruity,"['black currant', 'red berries', 'cassia', 'bitter orange', 'mandarin orange', 'blackberry', 'peony', 'violet', 'freesia', 'jasmine', 'lily-of-the-valley', 'cedar', 'musk', 'heliotrope']"
554,fruity,"['passionfruit', 'peach', 'pear', 'raspberry', 'cassis', 'sand', 'lily-of-the-valley', 'musk', 'sandalwood', 'vanilla', 'patchouli', 'heliotrope']"
14684,ozonic,"['melon', 'watermelon', 'green apple', 'lemon', 'lime', 'lily-of-the-valley', 'patchouli', 'musk', 'sandalwood']"
6569,fruity,"['nectarine', 'pear', 'pink pepper', 'bergamot', 'taif rose', 'peach', 'violet', 'jasmine', 'musk', 'virginia cedar']"
437,oud,"['davana', 'coffee', 'tonka bean', 'agarwood (oud)', 'sandalwood', 'labdanum']"
14248,patchouli,"['rum', 'osmanthus', 'leather', 'jasmine', 'rose', 'patchouli', 'vanille', 'amber', 'musk']"
16567,musky,"['thyme', 'tea', 'lily-of-the-valley', 'saffron', 'rose', 'suede', 'musk', 'sandalwood', 'olibanum', 'amber']"
10679,ozonic,"['ozonic notes', 'ice', 'juniper berry', 'pink pepper', 'saffron', 'labdanum', 'suede', 'moss', 'musk', 'sandalwood']"
21206,tobacco,"['clary sage', 'black currant', 'tobacco leaf', 'nutmeg', 'orris', 'tonka bean', 'oakmoss']"
20238,leather,"['cardamom', 'leather', 'jasmine sambac', 'amber', 'moss', 'patchouli']"
9944,leather,"['grapefruit', 'narcissus', 'lily-of-the-valley', 'rose', 'mimosa', 'tuberose', 'leather', 'iris']"
18542,coconut,"['solar notes', 'lavender', 'litsea cubeba', 'coconut milk', 'water lily', 'benzoin', 'musk', 'amber', 'cedar']"
16051,green,"['hiacynth', 'galbanum', 'iris', 'bergamot', 'lemon', 'tuberose', 'aldehydes', 'jasmine', 'ylang-ylang', 'cloves', 'orris root', 'violet', 'spicy notes', 'rose', 'oakmoss', 'vetiver', 'sandalwood', 'musk', 'resins', 'amber', 'patchouli']"
8259,tropical,"['passionfruit', 'strelitzia', 'pink grapefruit', 'tiare flower', 'hibiscus', 'cyclamen', 'orange blossom', 'coconut', 'vanilla', 'musk', 'white amber', 'white woods']"
16100,coca-cola,"['coca-cola', 'rum', 'lime', 'black pepper', 'birch', 'davana', 'vanilla', 'white musk', 'amber']"
18377,anis,"['star anise', 'rose', 'ginger', 'african orange flower', 'vanilla', 'amber']"
17514,caramel,"['jasmine', 'caramel', 'salt', 'vanilla']"
9905,fresh,"['citruses', 'litchi', 'ivy', 'black currant', 'water lily', 'peony', 'rose', 'jasmine', 'raspberry', 'apricot', 'musk', 'sandalwood', 'amber']"
8293,rose,"['cassia', 'lemon verbena', 'star anise', 'rose', 'peony', 'magnolia', 'taif rose', 'musk', 'vanilla', 'patchouli']"
16013,violet,"['black violet', 'saffron', 'honey', 'lavender', 'tonka bean', 'cedar', 'patchouli']"
20806,mossy,"['black currant', 'caraway', 'coriander', 'jasmine', 'lily-of-the-valley', 'oakmoss', 'sandalwood', 'musk']"
2016,green,"['cucumber', 'grapefruit', 'magnolia', 'green apple', 'lily-of-the-valley', 'tuberose', 'violet', 'rose', 'woodsy notes', 'sandalwood', 'amber']"
8272,metallic,"['aldehydes', 'lime peel', 'bitter orange', 'coriander leaf', 'jasmine', 'pitosporum', 'metallic notes', 'musk', 'amber', 'cashmere wood']"
9669,tobacco,"['green notes', 'bulgarian rose', 'saffron', 'patchouli', 'cedar', 'tobacco', 'musk', 'vanilla']"
17672,cacao,"['cacao', 'milk', 'liquor', 'cacao', 'jasmine', 'lily-of-the-valley', 'coumarin', 'musk', 'cedar']"
13768,tobacco,"['lavender', 'clementine', 'cucumber', 'cardamom', 'pepper', 'basil', 'osmanthus', 'tobacco', 'amber', 'patchouli', 'woodsy notes', 'musk']"
15039,fresh spicy,"['caraway', 'cinnamon', 'pink nerium oleander', 'damask rose', 'tea', 'geranium', 'jasmine', 'agarwood (oud)', 'olibanum', 'patchouli', 'amber', 'sandalowood', 'guaiac wood', 'vanilla', 'orris root', 'musk']"
13126,tropical,"['mango', 'papaya', 'pineapple', 'lemon', 'peach', 'coconut', 'hibiscus', 'sandalwood']"
12822,rose,"['italian lemon', 'turkish rose', 'vanilla', 'white musk', 'cedar']"
9365,aldehydic,"['aldehydes', 'green notes', 'honeysuckle', 'bergamot', 'peach', 'lemon', 'rose', 'iris', 'geranium', 'ylang-ylang', 'lily-of-the-valley', 'jasmine', 'magnolia', 'gardenia', 'oakmoss', 'tahitian vetiver', 'musk', 'sandalwood', 'tonka bean', 'amber']"
18860,fresh spicy,"['pepper', 'anise', 'bergamot', 'fruity notes', 'lavender', 'french labdanum', 'vanille', 'patchouli', 'vetyver']"
18751,tobacco,"['tobacco leaf', 'bergamot', 'amber', 'birch', 'leather', 'vanilla', 'sandalwood', 'guaiac wood', 'cedar', 'musk']"
17910,nutty,"['chestnut', 'hazelnut', 'green mandarin', 'honey', 'cinnamon leaf', 'jasmine sambac', 'tobacco', 'leather', 'peru balsam', 'labdanum', 'siam benzoin', 'orcanox\x99', 'cypriol oil or nagarmotha']"
16464,citrus,"['mandarin orange', 'orange', 'petitgrain', 'seaweed', 'lavender', 'cotton flower', 'virginia cedar', 'woodsy notes', 'patchouli', 'clary sage', 'amber']"
12048,musky,"['musk', 'lily', 'ylang-ylang', 'galbanum', 'basil', 'musk', 'lily', 'jasmine', 'rose', 'musk', 'iris', 'jasmine', 'oakmoss', 'amber', 'vanilla', 'rose', 'vetiver', 'patchouli', 'peach']"
1749,marine,"['sea notes', 'pepper', 'water lily', 'ylang-ylang', 'sandalwood', 'vanilla']"
7985,iris,"['pear', 'cardamom', 'pineapple', 'iris', 'lavender', 'geranium', 'leather', 'black vanilla husk', 'patchouli']"
19217,cherry,"['cherry', 'pepper', 'incense', 'agarwood (oud)', 'patchouli', 'moss', 'benzoin']"
14383,cacao,"['vanilla', 'vanilla orchid', 'cacao pod', 'rum']"
15432,iris,"['african orange flower', 'neroli', 'orange', 'mandarin orange', 'iris', 'galbanum', 'mastic or lentisque', 'incense', 'virginia cedar', 'benzoin', 'vetiver']"
8756,lactonic,"['milk', 'coconut', 'caramel']"
20701,oud,"['rosemary', 'mandarin orange', 'bergamot', 'agarwood (oud)', 'vetiver', 'amber', 'musk']"
20769,citrus,"['orange', 'grapefruit', 'flint', 'woodsy notes', 'oak moss', 'benzoin']"
6409,aquatic,"['musk', 'hawthorn', 'jasmine', 'water notes', 'violet', 'violet leaf', 'woodsy notes', 'vetyver', 'sandalwood', 'amber']"
17730,citrus,"['orange', 'bergamot', 'grapefruit', 'litchi', 'rose', 'italian jasmine', 'patchouli', 'tahitian vetiver', 'bourbon vanilla', 'white musk']"
12325,chocolate,"['chocolate', 'plum', 'bergamot', 'iris', 'ambrette (musk mallow)', 'osmanthus', 'jasmine', 'rose', 'oakmoss', 'vanilla', 'amber', 'musk', 'leather', 'patchouli']"
9963,floral,"['litchi', 'freesia', 'magnolia', 'pepper', 'ginger', 'mandarin orange', 'jasmine', 'jasmine', 'musk', 'amber']"
11542,citrus,"['bitter orange', 'red currant', 'pink pepper', 'green tea', 'peony', 'jasmine', 'violet', 'cedar', 'musk', 'oakmoss', 'amber']"
9659,animalic,"['leather', 'tobacco', 'cardamom', 'labdanum', 'singapore patchouli', 'violet leaves', 'jasmine sambac', 'musk', 'cambodian oud', 'indian oud', 'ambergris', 'oakmoss']"
11233,fresh,"['pink pepper', 'peony', 'litchi', 'petalia', 'musk', 'white cedar extract', 'amber']"
18224,cacao,"['cherry', 'pink pepper', 'cardamom', 'pomelo', 'bergamot', 'mandarin orange', 'black pepper', 'blackberry', 'apricot', 'lotus', 'cacao', 'musk', 'sandalowood', 'amber']"
6007,fresh,"['water notes', 'citruses', 'ginger', 'coriander', 'virginia cedar', 'musk']"
4048,lactonic,"['cardamom', 'italian lemon', 'pink pepper', 'yogurt', 'water lily', 'rose', 'bourbon vanilla', 'cedar', 'vetiver']"
6826,fruity,"['peach', 'litchi', 'mandarin orange', 'bergamot', 'lily', 'plum', 'jasmine', 'lily-of-the-valley', 'vanilla', 'amber', 'musk', 'vetiver']"
19507,caramel,"['mandarin orange', 'clary sage', 'caramel', 'tonka bean', 'vetiver']"
5060,lactonic,"['pomelo', 'bergamot', 'grapefruit', 'apricot', 'praline', 'nutmeg', 'jasmine', 'peony', 'milk', 'vanilla', 'sandalwood', 'amber', 'white musk']"
6829,ozonic,"['cucumber', 'citruses', 'green tea', 'watermelon', 'french violet', 'ambrette (musk mallow)', 'amber']"
1922,cacao,"['cacao', 'olibanum', 'bergamot', 'nutmeg', 'jasmine', 'anise', 'benzoin', 'madagascar pepper', 'labdanum', 'tobacco', 'cedar', 'haitian vetiver']"
17122,leather,"['pink pepper', 'bergamot', 'jasmine', 'leather', 'oak moss', 'patchouli']"
3042,cherry,"['cherry', 'spices', 'coffee', 'white tobacco', 'patchouli', 'atlas cedar', 'rose', 'tonka bean', 'amber', 'musk']"
21094,almond,"['amaretto', 'amber', 'hibiscus', 'bulgarian rose', 'vanilla', 'amber', 'white pepper', 'white flowers', 'cherry', 'almond', 'tonka bean', 'styrax', 'cedar']"
8348,violet,"['pepper', 'orange pepper', 'pimento', 'apricot', 'coriander', 'fresh almond', 'brazilian rosewood', 'violet', 'japanese osmanthus', 'rose', 'jasmine', 'vanilla', 'amber', 'patchouli', 'cedar']"
19333,citrus,"['orange', 'grapefruit', 'pepper', 'pelargonium', 'flint', 'vetiver', 'cedar', 'patchouli', 'benzoin']"
16834,honey,"['honey', 'agarwood (oud)', 'nutmeg', 'juniper', 'strawberry leaf', 'leather', 'amber', 'cedar']"
13349,yellow floral,"['dandelion', 'basil', 'black currant', 'cyclamen', 'jasmine', 'musk', 'guaiac wood', 'amber']"
4968,cherry,"['sicilian lemon', 'jasmine', 'orange', 'black cherry', 'heliotrope', 'amber', 'woody notes']"
17959,tobacco,"['apple', 'smoke', 'cinnamon', 'tobacco', 'moss', 'bourbon vanilla', 'orcanox\x99']"
5014,caramel,"['caramel', 'powdery notes', 'musk', 'benzoin', 'vanilla']"
1670,cherry,"['cherry', 'watermelon', 'bergamot', 'violet', 'sandalwood', 'rose', 'violet leaf', 'amber', 'musk', 'virginia cedar']"
10749,aldehydic,"['aldehydes', 'bergamot', 'heliotrope', 'jasmine', 'white musk', 'cashmeran']"
11096,tuberose,"['clover', 'violet leaf', 'green mandarin', 'tuberose', 'mimosa', 'jasmine sambac', 'tonka bean', 'amber', 'bourbon vanilla']"
3600,marine,"['sea water', 'lilac', 'jasmine', 'rose', 'fenugreek', 'patchouli', 'musk', 'tonka bean', 'vanilla']"
13729,anis,"['star anise', 'bergamot', 'brazilian rosewood', 'caraway', 'fennel', 'iris', 'jasmine', 'vanilla', 'musk', 'amber']"
9261,citrus,"['grapefruit', 'bergamot', 'sicilian mandarin', 'juniper', 'pepper', 'rosemary', 'brazilian rosewood', 'musk', 'incense', 'oakmoss']"
5775,white floral,"['violet leaf', 'blood grapefruit', 'strawberry', 'violet', 'gardenia', 'jasmine', 'musk', 'white woods', 'vanilla']"
10357,coffee,"['absinthe', 'boysenberry', 'coffee', 'jasmine sambac', 'orange blossom', 'vanilla', 'licorice', 'sandalwood']"
9582,caramel,"['litchi', 'mandarin orange', 'lily-of-the-valley', 'bergamot', 'tuberose', 'caramel', 'vanila', 'amber', 'sandalwood']"
4102,warm spicy,"['blood mandarin', 'grapefruit', 'mint', 'cinnamon', 'spicy notes', 'rose', 'amber', 'leather', 'woody notes', 'indian patchouli']"
16835,coffee,"['lavender', 'bergamot', 'cappuccino', 'raspberry', 'jasmine', 'virginia cedar', 'lily-of-the-valley', 'vanille', 'amber', 'sandalwood', 'patchouli']"
17496,coconut,"['bergamot', 'mandarin orange', 'tiare flower', 'myrhh', 'jasmine', 'african orange flower', 'magnolia', 'coconut', 'caramel', 'sandalwood', 'amber', 'vetiver']"
11790,vanilla,"['west indian bay', 'pink pepper', 'bergamot', 'heliotrope', 'almond', 'jasmine', 'vanilla', 'tonka bean', 'sandalwood', 'patchouli']"
15380,mossy,"['bergamot', 'citruses', 'jasmine', 'rose', 'peach', 'ylang-ylang', 'jasmine', 'rose', 'lilac', 'oakmoss', 'spices', 'cinnamon', 'vetiver', 'amber']"
3524,cacao,"['apple', 'cassis', 'pineapple', 'cacao', 'iris', 'egyptian jasmine', 'patchouli', 'amber', 'vanilla', 'musk', 'sandalwood']"
11732,fruity,"['litchi', 'red currant', 'rose', 'vanilla', 'vetiver']"
15960,violet,"['red berries', 'violet', 'iris', 'african orange flower', 'tonka bean', 'sandalwood', 'woodsy notes']"
20761,cinnamon,"['cinnamon', 'tangerine', 'plum', 'mimosa', 'amber', 'patchouli']"
20348,amber,"['jasmine', 'cashmere wood', 'orris root', 'vanilla pod', 'white amber', 'myrrh', 'incense']"
13449,sweet,"['neroli', 'bergamot', 'pink pepper', 'coriander', 'orange blossom', 'honeysuckle', 'jasmine', 'iris', 'rose', 'sugar', 'vanilla', 'caramel', 'musk', 'civet', 'labdanum']"
6352,aromatic,"['citruses', 'bergamot', 'juniper', 'anise', 'brazilian rosewood', 'basil', 'lavender', 'rose', 'carnation', 'jasmine', 'heliotrope', 'geranium', 'sage', 'fir', 'lily-of-the-valley', 'vanilla', 'tonka bean', 'sandalwood', 'iris', 'musk', 'amber', 'cedar', 'patchouli', 'vetiver']"
17973,patchouli,"['bergamot', 'mandarin orange', 'rose', 'patchouli', 'amber', 'vanilla']"
19832,animalic,"['artemisia', 'basil', 'tangerine', 'bergamot', 'amalfi lemon', 'white honey', 'rose', 'jasmine', 'peach', 'pepper', 'civetta', 'oak moss', 'leather', 'patchouli', 'woodsy notes', 'virginia cedar']"
17768,iris,"['iris', 'coriander', 'carnation', 'amber', 'iris', 'neroli', 'rose', 'cedar', 'almond tree', 'honey', 'vanilla']"
5756,lavender,"['grapefruit', 'lavender', 'birch', 'woodsy notes']"
14515,vanilla,"['mint', 'green apple', 'lemon', 'tonka bean', 'ambroxan', 'geranium', 'madagascar vanilla', 'virginian cedar', 'atlas cedar', 'vetiver', 'oakmoss']"
17476,citrus,"['amalfi lemon', 'bergamot', 'neroli', 'magnolia', 'jasmine', 'iris', 'musk']"
12410,almond,"['almond', 'brazilian rosewood', 'rose', 'geranium', 'plum', 'virginia cedar', 'celery', 'heliotrope', 'tonka bean', 'musk']"
12160,marine,"['sea notes', 'red fruits', 'bergamot', 'violet', 'white woods', 'sandalwood', 'musk', 'ambroxan', 'vetiver']"
13719,nutty,"['lemon', 'bergamot', 'jasmine', 'lily-of-the-valley', 'hazelnut', 'vanilla', 'amber', 'musk']"
16820,musky,"['plum', 'pink pepper', 'bergamot', 'musk', 'rose', 'tuberose', 'vanilla']"
12505,powdery,"['iris', 'bulgarian rose', 'musk', 'tuberose', 'orange blossom', 'tonka bean', 'vanilla', 'white cedar extract', 'cedar', 'sandalwood', 'vetiver']"
20774,sweet,"['cinnamon', 'nutmeg', 'bergamot', 'dates', 'praline', 'tuberose', 'mahonial', 'vanilla', 'tonka bean', 'amberwood', 'myrrh', 'benzoin', 'akigalawood']"
8989,floral,"['sweet pea', 'mandarin orange', 'gardenia', 'orchid', 'musk', 'sandalwood', 'woodsy notes', 'vanilla']"
10315,fruity,"['lavender', 'pineapple', 'bergamot', 'lemon verbena', 'red apple', 'dried fruits', 'oak moss', 'geranium', 'coumarin', 'rose', 'tonka bean', 'sandalwood']"
13208,amber,"['violet', 'pink pepper', 'caraway', 'bergamot', 'verbena', 'tuscan iris', 'bulgarian rose', 'black pepper', 'nutmeg', 'geranium', 'clary sage', 'indonesian patchouli leaf', 'amber', 'vanilla', 'civet', 'leather', 'opoponax', 'benzoin', 'vetiver', 'styrax']"
11885,mossy,"['bergamot', 'pink pepper', 'black pepper', 'rose', 'water jasmine', 'green tea', 'oakmoss', 'patchouli', 'musk']"
11306,mossy,"['sichuan pepper', 'oakmoss', 'violet leaves']"
19785,citrus,"['lemon', 'peach', 'ginger', 'mandarin orange', 'lavender', 'bergamot', 'pepper', 'cedar', 'patchouli', 'vetiver', 'brazilian rosewood', 'rose', 'jasmine', 'gardenia', 'freesia', 'anise', 'vanilla', 'tonka bean', 'sandalwood', 'coconut', 'amber', 'benzoin', 'musk', 'leather', 'oakmoss']"
7569,violet,"['violet', 'black currant', 'bergamot', 'lemon', 'violet', 'green apple', 'rose', 'peach', 'jasmine', 'violet leaf', 'iris', 'white musk']"
6717,earthy,"['honey', 'cassis', 'neroli', 'orris', 'carnation', 'tuberose', 'rose', 'jasmine', 'moss', 'patchouli', 'amber', 'musk']"
4985,white floral,"['peach', 'californian gardenia', 'african freesia petals', 'coriander', 'damask rose', 'jasmine', 'patchouli', 'natural vanilla', 'vetiver']"
17198,tobacco,"['rose', 'saffron', 'patchouli', 'cedar', 'tobacco', 'musk', 'vanilla']"
1647,sweet,"['cotton candy', 'coconut', 'cassis', 'melon', 'jasmine', 'bergamot', 'pineapple', 'mandarin orange', 'honey', 'red berries', 'blackberry', 'plum', 'apricot', 'peach', 'jasmine', 'nutmeg', 'orchid', 'caraway', 'rose', 'lily-of-the-valley', 'patchouli', 'chocolate', 'caramel', 'vanilla', 'tonka bean', 'amber', 'musk', 'sandalwood']"
11223,woody,"['brazilian rosewood', 'aldehydes', 'mandarin orange', 'bergamot', 'peony', 'lily', 'ylang-ylang', 'wallflower', 'jasmine', 'rose', 'amber', 'sandalwood', 'benzoin', 'oakmoss', 'vanilla', 'patchouli', 'musk']"
12504,musky,"['african orange flower', 'osmanthus', 'bergamot', 'musk', 'amber', 'vetiver', 'vanille', 'patchouli']"
12784,leather,"['nutmeg flower', 'lavender', 'cedar', 'mandarin orange', 'chamomile', 'hawthorn', 'bergamot', 'lemon', 'violet leaf', 'nutmeg', 'cedar', 'sandalwood', 'carnation', 'honeysuckle', 'jasmine', 'lily-of-the-valley', 'leather', 'vetiver', 'musk', 'amber', 'patchouli', 'tonka bean']"
13066,almond,"['pistachio', 'pear', 'mandarin orange', 'almond', 'orange blossom', 'magnolia', 'almond milk', 'tonka bean', 'cashmeran', 'patchouli']"
20586,tobacco,"['spicy notes', 'osmanthus', 'saffron', 'citruses', 'rosemary', 'thyme', 'grapefruit', 'tobacco', 'guaiac wood', 'patchouli', 'vetiver', 'tonka bean', 'amber', 'musk']"
1335,metallic,"['aluminum', 'aldehydes', 'slate', 'pebbles', 'water notes', 'metallic notes', 'virginia cedar']"
12961,oud,"['galbanum', 'red thyme', 'bergamot', 'agarwood (oud)', 'spices', 'geranium', 'leather', 'patchouli', 'papyrus']"
14787,lavender,"['lavender', 'cinnamon', 'nutmeg', 'citruses', 'agarwood (oud)', 'violet', 'jasmine', 'patchouli leaf', 'rose', 'sea notes', 'leather', 'woody notes', 'white musk', 'amber', 'vetiver']"
12615,herbal,"['aldehydes', 'galbanum', 'ginger', 'chamomile', 'lavender', 'jasmine', 'rose', 'moss', 'patchouli', 'sandalwood']"
3251,aquatic,"['orange oil', 'ginger', 'watery notes', 'tea', 'musk', 'cedar', 'amber', 'patchouli']"
17424,animalic,"['grass', 'violet leaf', 'citruses', 'nutmeg', 'vetiver', 'saffron', 'jasmine', 'animal notes', 'vanilla', 'sandalwood']"
18174,rose,"['quince', 'grapefruit', 'rose', 'jasmine', 'white musk']"
9362,floral,"['tea', 'bergamot', 'osmanthus', 'orchid', 'jasmine', 'rose', 'freesia', 'african orange flower', 'patchouli', 'musk', 'vanilla']"
14138,floral,"['mandarin orange', 'red apple', 'bergamot', 'magnolia', 'iris', 'ylang-ylang', 'jasmine', 'white honey', 'vanille', 'amber', 'benzoin', 'musk']"
4982,herbal,"['chamomile', 'bitter almond', 'musk', 'indian jasmine', 'jasmine', 'sandalwood', 'cedar', 'vanilla']"
12499,green,"['rhubarb', 'narcissus', 'almond milk', 'cashmeran', 'cedar']"
21031,leather,"['raspberry', 'saffron', 'thyme', 'olibanum', 'jasmine', 'artemisia', 'leather', 'suede', 'woody notes', 'amber']"
12903,floral,"['freesia', 'pepper', 'apple', 'heliotrope', 'violet', 'jasmine', 'hibiscus', 'rose', 'suede', 'sandalwood', 'cedar', 'incense', 'labdanum']"
18345,aldehydic,"['aldehydes', 'bulgarian rose', 'ylang-ylang', 'jasmine', 'may rose', 'amber', 'liatris', 'vetiver']"
10465,chocolate,"['blood orange', 'calabrian bergamot', 'dark chocolate', 'coffee', 'madagascar vanilla', 'pancake', 'maple sap']"
8457,herbal,"['artemisia', 'incense', 'lemon', 'leather', 'chamomile', 'apricot', 'iris', 'vanilla', 'amber', 'virginia cedar', 'musk']"
19842,citrus,"['blood orange', 'bergamot', 'lavender', 'cinnamon', 'licorice', 'jasmine', 'caramel', 'vanille', 'musk']"
10230,powdery,"['green notes', 'pink grapefruit', 'iris', 'bulgarian rose', 'heliotrope', 'woodsy notes']"
2770,coconut,"['cyclamen', 'ginger', 'coconut', 'tiare flower', 'jasmine', 'musk']"
1198,ozonic,"['cucumber', 'juniper berries', 'lime', 'rose', 'musk', 'sandalwood']"
19505,warm spicy,"['saffron', 'nutmeg', 'lavender', 'agarwood (oud)', 'patchouli', 'musk']"
1216,smoky,"['musk', 'lime (linden) blossom', 'citruses', 'castoreum', 'iris', 'vanila', 'musk', 'ash', 'cedar', 'amber']"
5914,nutty,"['sesame', 'bitter almond', 'ceylon cinnamon', 'peanut', 'orris root', 'coffee', 'praline', 'haitian vetiver', 'java vetiver oil']"
12188,ozonic,"['watermelon', 'grapefruit', 'lemon verbena', 'basil', 'lavender', 'violet leaf', 'black currant', 'patchouli', 'woodsy notes']"
10619,rose,"['pink pepper', 'rose', 'musk', 'peony', 'patchouli', 'violet', 'amber']"
856,chocolate,"['peach', 'black currant', 'mandarin orange', 'bergamot', 'dark chocolate', 'rose', 'violet', 'vanilla', 'white musk', 'cedar']"
19849,soft spicy,"['black currant', 'star anise', 'pepper', 'galanga', 'bourbon vanilla', 'tolu balsam', 'atlas cedar']"
10450,soft spicy,"['licorice', 'star anise', 'mint', 'sicilian lemon', 'cumin', 'lavender', 'coriander', 'ylang-ylang', 'magnolia', 'geranium', 'tobacco', 'hay', 'patchouli', 'cedar', 'civet', 'liatris']"
5577,ozonic,"['violet leaf', 'lime', 'bergamot', 'geranium', 'lavender', 'artemisia', 'driftwood', 'labdanum', 'patchouli']"
8058,vanilla,"['black currant', 'bergamot', 'green notes', 'jasmine sambac', 'lily-of-the-valley', 'vanilla', 'tonka bean', 'sandalwood', 'cedar']"
21513,iris,"['lavender', 'iris', 'ambrette (musk mallow)', 'pear', 'virginia cedar', 'vetiver']"
5213,cherry,"['cherry', 'pink pepper', 'bergamot', 'violet', 'jasmine', 'freesia', 'tonka bean', 'amber', 'sandalwood', 'musk']"
17671,coffee,"['coffee', 'bergamot', 'lemon', 'coffee', 'sandalwood', 'lily-of-the-valley', 'cedar', 'amber', 'musk']"
15651,rose,"['litchi', 'bergamot', 'tarragon', 'lemon', 'damask rose', 'magnolia', 'cedar', 'apple', 'black currant', 'peach', 'white musk', 'amber', 'woody notes']"
2926,white floral,"['grapefruit', 'mandarin orange', 'black currant', 'orange blossom', 'jasmine', 'ylang-ylang', 'tuberose', 'lily-of-the-valley', 'pear', 'pink pepper', 'musk', 'sandalwood', 'cashmeran', 'orris']"
9061,soft spicy,"['licorice', 'dewberry', 'chili pepper', 'champaca', 'red rose', 'lotus', 'vanilla', 'leather', 'amber']"
7149,honey,"['blood orange', 'mandarin orange', 'honey', 'gardenia', 'orange blossom', 'jasmine', 'peach', 'beeswax', 'caramel', 'patchouli', 'licorice']"
5126,lactonic,"['indian white pepper', 'bergamot', 'milk', 'gardenia', 'rose', 'musk', 'iris', 'white sandalwood']"
21704,anis,"['star anise', 'bergamot', 'agarwood (oud)', 'vetiver', 'myrhh', 'iris']"
10998,aromatic,"['lavender', 'lemon', 'bergamot', 'rosemary', 'mint', 'lemon verbena', 'basil', 'artemisia', 'juniper', 'coriander', 'cinnamon', 'carnation', 'wormwood', 'angelica', 'jasmine', 'oakmoss', 'pine tree needles', 'leather', 'fir', 'sandalwood', 'vetiver', 'patchouli', 'cedar', 'amber', 'resins']"
13537,patchouli,"['bergamot', 'mandarin orange', 'lavender', 'geranium', 'rose', 'patchouli', 'cedar', 'oakmoss', 'amber', 'labdanum', 'musk']"
6871,fruity,"['raspberry', 'litchi', 'damask rose', 'akigalawood', 'benzoin']"
19738,honey,"['lemon', 'cinnamon', 'honey', 'caramel', 'vanilla', 'patchouli']"
16188,aromatic,"['amalfi lemon', 'tagetes', 'black currant', 'bergamot', 'african orange flower', 'violet', 'cyclamen', 'jasmine', 'vetiver', 'musk', 'amber', 'virginia cedar']"
8578,aromatic,"['lavender', 'lemon', 'caraway', 'basil', 'bergamot', 'clary sage', 'iris', 'star anise', 'vetiver', 'sandalwood', 'patchouli', 'cedar', 'juniper berries', 'cardamom', 'oakmoss', 'leather', 'amber', 'musk', 'tonka bean']"
9740,lactonic,"['cassis', 'bergamot', 'mandarin orange', 'jasmine sambac', 'rose', 'orange blossom', 'milk', 'rice', 'vanilla', 'tonka bean']"
5254,musky,"['aldehydes', 'lily-of-the-valley', 'pear', 'rose', 'iris', 'orange blossom', 'white musk', 'ambrette (musk mallow)', 'indonesian patchouli leaf']"
19969,leather,"['violet leaf', 'cedar', 'jasmine sambac', 'orris', 'leather', 'woody notes', 'tobacco']"
18867,iris,"['bergamot', 'juniper', 'coriander', 'iris', 'cardamom', 'pepper', 'amber', 'cedar', 'vetiver']"
9374,aquatic,"['melon', 'mint', 'violet', 'watery notes', 'lily-of-the-valley', 'musk', 'cedar', 'amber']"
18627,woody,"['cypress', 'elemi resin', 'bergamot', 'haitian vetiver', 'vetiver', 'incense', 'orris', 'benzoin', 'sandalwood', 'patchouli']"
4755,aquatic,"['pear', 'violet leaf', 'water notes', 'lemon', 'basil', 'peony', 'jasmine sambac', 'white musk', 'sandalwood']"
7724,fruity,"['black currant', 'blackberry', 'blueberry', 'mulberry', 'big strawberry', 'pepper', 'peony', 'rose', 'ylang-ylang', 'musk', 'woody notes', 'bourbon vanilla']"
14543,woody,"['grapefruit', 'mandarin orange', 'oak moss', 'juniper', 'patchouli', 'pepper', 'iris', 'carnation', 'syringa', 'rose', 'french labdanum', 'jasmine', 'lily-of-the-valley', 'ylang-ylang', 'musk', 'amber']"
2670,citrus,"['amalfi lemon', 'pear', 'bergamot', 'neroli', 'mimosa', 'freesia', 'water lily', 'african orange flower', 'musk', 'guaiac wood', 'amber']"
15933,citrus,"['aldehydes', 'lemon', 'neroli', 'mandarin orange', 'bergamot', 'orange', 'lime', 'ylang-ylang', 'jasmine', 'may rose', 'white musk', 'orris root', 'cedar', 'vanila']"
2216,powdery,"['bulgarian rose', 'hawthorn', 'black currant', 'mandarin orange', 'parma violet', 'rose', 'opoponax', 'jasmine', 'vanilla', 'white musk', 'incense']"
10926,patchouli,"['plum', 'geranium', 'bergamot', 'patchouli', 'rose', 'benzoin', 'amber', 'sandalwood', 'musk']"
2619,powdery,"['peach', 'wormwood', 'freesia', 'rose', 'sandalwood', 'iris', 'musk', 'cashmere wood', 'vanille', 'amber']"
14095,aquatic,"['water notes', 'citruses', 'cucumber', 'watermelon', 'water lily', 'musk', 'moss']"
9901,aldehydic,"['aldehydes', 'ylang-ylang', 'neroli', 'lemon', 'bergamot', 'rose', 'iris', 'jasmine', 'orris root', 'lily-of-the-valley', 'civet', 'amber', 'sandalwood', 'musk', 'vanilla', 'oakmoss', 'patchouli', 'vetiver']"
21014,iris,"['lavender', 'bergamot', 'sage', 'iris', 'cacao', 'amber', 'leather', 'vetiver', 'patchouli']"
5072,musky,"['ylang-ylang', 'lotus petals', 'iris', 'osmanthus', 'jasmine sambac', 'violet leaf', 'musk', 'white suede', 'amber', 'cedar']"
19344,amber,"['black pepper', 'tobacco', 'pineapple', 'patchouli', 'coffee', 'iris', 'vanilla', 'amber', 'dry wood', 'benzoin', 'labdanum']"
20846,amber,"['blackberry', 'olibanum', 'orange', 'labdanum', 'coriander', 'tarragon', 'honey', 'guaiac wood', 'cinnamon', 'bay leaf', 'clove', 'rose', 'orchid', 'celery seeds', 'opoponax', 'agarwood (oud)', 'myrrh', 'patchouli', 'cedar', 'ambergris', 'musk', 'immortelle', 'oakmoss']"
8584,fruity,"['strawberry', 'raspberry', 'blackberry', 'sour cherry', 'black currant', 'mandarin orange', 'lemon', 'violet', 'jasmine', 'musk', 'vanilla', 'cashmeran', 'woody notes', 'amber', 'oakmoss', 'patchouli']"
16547,cherry,"['blackberry', 'bitter orange', 'neroli', 'bergamot', 'cherry', 'jasmine', 'orange blossom', 'gardenia', 'peony', 'vanilla', 'almond', 'sandalowood', 'amber', 'patchouli']"
8522,mineral,"['blood', 'bulgarian rose', 'incense', 'leather', 'olibanum', 'labdanum', 'animal notes', 'oakmoss', 'musk', 'ambergris']"
17471,citrus,"['green notes', 'grapefruit', 'spices', 'bergamot', 'lavender', 'petitgrain', 'ginger', 'violet', 'gardenia', 'sage', 'musk', 'sandalwood', 'incense', 'vetiver', 'guaiac wood', 'labdanum']"
4544,patchouli,"['bergamot', 'pink pepper', 'jasmine', 'rose', 'patchouli', 'tonka bean']"
18422,vanilla,"['tobacco leaf', 'spicy notes', 'vanilla', 'cacao', 'tonka bean', 'tobacco blossom', 'dried fruits', 'woody notes']"
7967,aromatic,"['sea water', 'lavender', 'mint', 'green notes', 'rosemary', 'calone', 'coriander', 'sandalwood', 'neroli', 'geranium', 'jasmine', 'musk', 'oakmoss', 'tobacco', 'cedar', 'ambergris']"
8743,lactonic,"['african orange flower', 'peony', 'bergamot', 'milk', 'almond', 'tonka bean', 'jasmine', 'musk', 'guaiac wood']"
9229,chocolate,"['mandarin orange', 'chocolate', 'chocolate flower', 'vanilla']"
2134,lavender,"['ginger', 'bergamot', 'lavender', 'cotton flower', 'vanilla', 'amberwood']"
3019,lactonic,"['pineapple', 'bitter orange', 'cassis', 'fruity notes', 'lily-of-the-valley', 'milk', 'coconut', 'lily', 'cherry', 'big strawberry', 'red apple', 'orchid', 'jasmine', 'magnolia', 'vanille', 'musk', 'nutmeg', 'sandalwood', 'orris root', 'amber', 'virginia cedar']"
12190,sweet,"['cherry', 'strawberry', 'pineapple', 'mandarin orange', 'popcorn', 'caramel', 'rose', 'jasmine', 'violet', 'patchouli', 'musk', 'amber']"
11775,citrus,"['blood orange', 'black currant', 'clementine', 'pear', 'mandarin orange', 'ginger', 'ginger flower', 'tuberose', 'freesia', 'hibiscus seed', 'vanilla', 'sandalwood', 'musk', 'california cedar']"
20859,soft spicy,"['anise', 'ivy', 'licorice', 'myrrh', 'agarwood (oud)', 'woody notes', 'vetiver', 'olive tree']"
10409,chocolate,"['dark chocolate', 'jasmine', 'teak wood', 'cedar', 'chocolate', 'milk', 'vanilla', 'musk']"
21699,iris,"['tuscan iris', 'italian orange', 'leather', 'rose', 'sandalwood', 'ambrette (musk mallow)', 'agarwood (oud)', 'cedar']"
6524,sweet,"['pink pepper', 'mandarin orange', 'bergamot', 'cotton candy', 'gardenia', 'flowers', 'pelargonium', 'rose', 'vanilla', 'musk', 'sandalwood', 'caramel', 'violet', 'patchouli']"
21816,warm spicy,"['cardamom', 'lavender', 'iris', 'vanilla', 'oriental notes', 'woodsy notes']"
17522,woody,"['grapefruit', 'bergamot', 'nutmeg', 'cypress', 'watery notes', 'lavender', 'bourbon vetiver', 'haitian vetiver', 'cashmere wood', 'musk']"
8916,sweet,"['almond', 'coffee', 'bergamot', 'lemon', 'tuberose', 'jasmine sambac', 'orange blossom', 'orris', 'bulgarian rose', 'tonka bean', 'cacao', 'vanilla', 'praline', 'sandalwood', 'musk', 'amber', 'cashmere wood', 'cinnamon', 'patchouli', 'cedar']"
18579,honey,"['anise', 'bergamot', 'honey', 'vanilla', 'patchouli']"
7183,woody,"['juniper berries', 'basil', 'artemisia', 'caraway', 'coriander', 'bergamot', 'pine tree needles', 'leather', 'chamomile', 'pepper', 'carnation', 'geranium', 'jasmine', 'rose', 'tobacco', 'oakmoss', 'patchouli', 'cedar', 'vetiver', 'musk', 'amber']"
1441,tuberose,"['mango', 'bergamot', 'lime', 'tuberose', 'iris', 'violet', 'rose', 'coconut', 'musk', 'sandalwood']"
2082,earthy,"['geranium', 'lemon', 'pink pepper', 'animal notes', 'vetiver', 'sandalwood', 'earthy notes', 'labdanum', 'guaiac wood']"
14810,nutty,"['cherry', 'pomegranate', 'pink pepper', 'lemon', 'grapefruit', 'apple', 'pear', 'litchi', 'blackberry', 'apricot', 'yogurt', 'ice', 'hazelnut', 'peony', 'lily-of-the-valley', 'jasmine', 'freesia', 'gardenia', 'plum blossom', 'mango', 'vanilla', 'amber', 'sandalwood', 'almond', 'musk', 'chestnut', 'chocolate', 'honey', 'nutella', 'cotton candy']"
13834,fruity,"['green notes', 'raspberry', 'pear', 'grapefruit', 'violet', 'litchi', 'apple blossom', 'rose', 'jasmine', 'musk', 'plum', 'virginia cedar']"
7768,aldehydic,"['aldehydes', 'heliotrope', 'rose', 'orange blossom', 'tonka bean', 'woody notes']"
20205,fruity,"['bergamot', 'black currant', 'apple', 'lemon', 'pink pepper', 'pineapple', 'patchouli', 'moroccan jasmine', 'birch', 'musk', 'oak moss', 'ambroxan', 'cedarwood']"
15355,vanilla,"['blackberry', 'mandarin leaf', 'silk tree blossom', 'jasmine', 'orange blossom', 'night blooming cereus', 'rose', 'vanilla', 'tonka bean', 'mysore sandalwood']"
12652,coconut,"['bergamot', 'coconut', 'vanilla', 'praline']"
16666,chocolate,"['milk chocolate', 'green apple', 'mandarin orange', 'dark chocolate', 'vanilla flower', 'sandalwood', 'white musk', 'praline']"
9651,floral,"['rose', 'chamomile', 'ginger', 'lemon', 'yellow freesia', 'lily', 'lotus', 'white violet', 'carnation', 'white musk', 'oakmoss', 'exotic woods', 'patchouli']"
12269,almond,"['almond', 'fruity notes', 'musk', 'rose', 'jasmine', 'vanilla', 'resin', 'amber']"
11861,green,"['bergamot', 'apple', 'black tea', 'black amber', 'musk', 'oakmoss']"
6128,soft spicy,"['star anise', 'mandarin orange', 'licorice', 'jasmine', 'gardenia', 'vanille', 'amber', 'woodsy notes']"
6109,yellow floral,"['mandarin orange', 'pepper', 'ylang-ylang', 'magnolia', 'gardenia', 'iris', 'vanille', 'virginia cedar']"
9900,fruity,"['dried fruits', 'rhubarb', 'big strawberry', 'anise', 'bergamot', 'gardenia', 'rose', 'ylang-ylang', 'pear', 'orange blossom', 'oakmoss', 'musk', 'patchouli', 'leather']"
13419,lavender,"['lavender', 'rosemary', 'bergamot', 'lemon', 'clary sage', 'coriander', 'geranium', 'cedar', 'brazilian rosewood', 'heliotrope', 'rose', 'vanilla', 'musk', 'tonka bean', 'moss', 'amber']"
17527,oud,"['saffron', 'nutmeg', 'lavender', 'agarwood (oud)', 'patchouli', 'agarwood (oud)', 'patchouli', 'musk']"
20652,woody,"['cognac', 'cinnamon', 'tonka bean', 'oak', 'vanilla', 'praline', 'sandalwood']"
21013,citrus,"['grapefruit', 'lemon', 'mint', 'pink pepper', 'bergamot', 'aldehydes', 'coriander', 'ginger', 'nutmeg', 'jasmine', 'melon', 'incense', 'amber', 'cedar', 'sandalwood', 'patchouli', 'amberwood', 'labdanum']"
12270,rose,"['rose', 'geranium', 'palmarosa', 'honey', 'moss', 'patchouli']"
9260,aquatic,"['pink pepper', 'citruses', 'water notes', 'geranium', 'vetiver', 'amber', 'patchouli']"
20462,oud,"['passionfruit', 'fruity notes', 'turkish rose', 'saffron', 'agarwood (oud)', 'indonesian patchouli leaf', 'benzoin', 'leather', 'akigalawood', 'amber', 'labdanum', 'vanilla']"
18914,animalic,"['lemon', 'sweet orange', 'rose', 'lime', 'absinthe', 'beeswax', 'orange blossom', 'peach', 'jasmine', 'bulgarian rose', 'musk', 'civet', 'animal notes', 'sandalwood', 'patchouli', 'siam benzoin', 'ambergris', 'opoponax', 'incense']"
16034,powdery,"['kumquat', 'lime', 'violet', 'italian iris', 'lilac', 'egyptian jasmine', 'lily-of-the-valley', 'vanilla', 'malt', 'white musk', 'ambrette (musk mallow)', 'sandalwood', 'cedar']"
2361,floral,"['green notes', 'freesia', 'sage', 'citruses', 'mandarin orange', 'carnation', 'lily', 'lily-of-the-valley', 'narcissus', 'marigold', 'violet', 'rose', 'jasmine', 'musk', 'heliotrope', 'sandalwood', 'amber', 'patchouli']"
11529,yellow floral,"['narcissus', 'datura', 'peach', 'plum', 'himalayan poppy', 'mandarin orange', 'black currant', 'bergamot', 'green notes', 'mimosa', 'vanilla flower', 'tuberose', 'ylang-ylang', 'orange blossom', 'jasmine', 'freesia', 'heliotrope', 'rose', 'leather', 'vanilla', 'orange blossom', 'amber', 'tonka bean', 'musk', 'cedar']"
6340,lavender,"['lavender', 'eucalyptus', 'rose', 'geranium', 'musk']"
14627,caramel,"['orange', 'floral notes', 'violet', 'caramel', 'vanilla', 'moss']"
3833,anis,"['star anise', 'peach', 'mandarin orange', 'orange blossom', 'heliotrope', 'jasmine', 'freesia', 'lily-of-the-valley', 'benzoin', 'amber', 'sandalwood', 'musk']"
11286,tropical,"['mango', 'bergamot', 'pink pepper', 'jasmine', 'patchouli', 'frankincense', 'sandalwood', 'benzoin', 'musk']"
16543,lavender,"['lavender', 'lemon', 'peach', 'litchi', 'mandarin orange', 'aldehydes', 'violet', 'skin', 'camelia', 'jasmine', 'ylang-ylang', 'tuberose', 'sandalwood', 'patchouli', 'benzoin']"
13843,cinnamon,"['apple', 'violet leaf', 'bergamot', 'cinnamon', 'pink pepper', 'geranium', 'musk', 'cedar', 'amber']"
10244,floral,"['peony', 'litchi', 'freesia', 'rose', 'lily-of-the-valley', 'magnolia', 'virginia cedar', 'amber']"
15986,coffee,"['coffee', 'turkey red rose', 'roasted coffee beans', 'french rose', 'woodsy notes', 'vanilla', 'caramel', 'white musk', 'amber']"
2476,metallic,"['fruits', 'herbal notes', 'metallic notes', 'amber']"
3145,balsamic,"['elemi', 'mandarin orange', 'pink pepper', 'bergamot', 'immortelle', 'heliotrope', 'jasmine', 'iris', 'peru balsam', 'labdanum', 'patchouli', 'musk']"
7448,vanilla,"['coconut water', 'bergamot', 'jasmine', 'heliotrope', 'bourbon vanilla', 'cashmeran']"
8970,mossy,"['banana', 'chamomile', 'labdanum', 'seaweed', 'oakmoss', 'violet leaf']"
11198,white floral,"['gardenia', 'green notes', 'jasmine sambac', 'almond', 'tonka bean', 'licorice', 'precious woods', 'musk', 'amber', 'patchouli']"
16207,patchouli,"['blood orange', 'damask rose', 'bulgarian rose', 'neroli', 'patchouli']"
7866,cacao,"['lavender', 'mint', 'syringa', 'cacao pod', 'cedar', 'myrrh', 'wheat']"
20469,balsamic,"['mate', 'black pepper', 'pink pepper', 'cardamom', 'bergamot', 'water lily', 'magnolia', 'rose', 'violet', 'osmanthus', 'jasmine', 'copaiba balm', 'breu-branco', 'myrrh', 'patchouli', 'benzoin', 'olibanum', 'vetiver', 'labdanum', 'coumarin', 'vanilla', 'carrot']"
5702,marine,"['amalfi lemon', 'melon', 'freesia', 'sea water', 'honeysuckle', 'apricot', 'musk', 'sandalwood', 'amber']"
21584,sweet,"['lavender', 'bergamot', 'lemon', 'honey', 'cinnamon', 'cashmeran', 'jasmine sambac', 'tobacco leaf', 'vanilla', 'tonka bean']"
16799,animalic,"['ambergris', 'cardamom', 'coriander', 'cinnamon', 'peach', 'ylang-ylang', 'orange blossom', 'leather', 'woodsy notes']"
4101,citrus,"['sea notes', 'grapefruit', 'mandarin orange', 'bay leaf', 'jasmine', 'ambergris', 'guaiac wood', 'oakmoss', 'patchouli']"
16505,vanilla,"['pear', 'bergamot', 'floral notes', 'leather', 'vanilla', 'vetiver', 'amber', 'musk']"
9193,herbal,"['red algae', 'myrtle', 'immortelle', 'chamomile', 'thyme', 'musk', 'vanilla', 'cedar', 'patchouli']"
6355,earthy,"['bergamot', 'spices', 'white flowers', 'iris', 'pink pepper', 'oak moss', 'patchouli']"
9345,amber,"['aldehydes', 'incense', 'clove', 'fruity notes', 'basil', 'green notes', 'bergamot', 'mandarin orange', 'narcissus', 'lily', 'jasmine', 'tuberose', 'mimosa', 'orris root', 'lily-of-the-valley', 'rose', 'orange blossom', 'benzoin', 'myrrh', 'amber', 'sandalwood', 'oakmoss', 'vanilla', 'cedar', 'musk', 'patchouli']"
13472,green,"['mint', 'grapefruit', 'bergamot', 'anise', 'green notes', 'cassis', 'rose', 'hedione', 'white musk']"
17013,citrus,"['grapefruit', 'lemon', 'mint', 'pink pepper', 'ginger', 'nutmeg', 'jasmine', 'iso e super', 'incense', 'vetiver', 'cedar', 'sandalwood', 'patchouli', 'labdanum', 'white musk']"
18408,warm spicy,"['neroli', 'cardamom', 'bergamot', 'mandarin orange', 'myrrh', 'musk', 'orange blossom', 'geranium', 'vetiver', 'saffron', 'vanilla', 'labdanum', 'tonka bean', 'leather', 'sandalwood', 'patchouli']"
18639,woody,"['bergamot', 'pink pepper', 'clary sage', 'haitian vetiver', 'leather', 'ambroxan', 'akigalawood', 'indonesian patchouli leaf', 'cacao pod']"
6564,tuberose,"['pomegranate', 'blood mandarin', 'tea', 'tuberose', 'freesia', 'sandalwood', 'musk']"
19342,earthy,"['galbanum', 'aldehydes', 'caraway', 'gardenia', 'bergamot', 'carnation', 'rose', 'narcissus', 'iris', 'jasmine', 'oakmoss', 'leather', 'vetiver', 'patchouli', 'amber', 'coconut']"
20005,lavender,"['lavender', 'fruity notes', 'jasmine', 'green notes', 'lily-of-the-valley', 'musk', 'sandalowood', 'woody notes']"
2096,soft spicy,"['mandarin orange', 'licorice', 'star anise', 'floral notes', 'bourbon vanilla', 'bitter almond']"
2124,fresh,"['grass', 'nectarine', 'pear blossom', 'jasmine', 'white musk', 'vanilla']"
6448,fruity,"['water lily', 'apricot', 'apple', 'mandarin orange', 'dark chocolate', 'guava', 'tiare flower', 'tuberose', 'vanilla', 'amber', 'woodsy notes']"
18364,aromatic,"['lemon', 'bergamot', 'basil', 'rosemary', 'caraway', 'fruity notes', 'jasmine', 'coriander', 'carnation', 'patchouli', 'orris root', 'sandalwood', 'rose', 'lavender', 'hedione', 'oakmoss', 'vetiver', 'musk', 'amber']"
13450,caramel,"['red apple', 'apricot', 'mandarin orange', 'cinnamon', 'jasmine', 'caramel', 'vanilla', 'sandalwood']"
2026,cacao,"['watermelon', 'rose', 'black currant', 'grapefruit', 'dark chocolate', 'cacao', 'coconut', 'musk', 'sandalwood']"
6038,violet,"['violet leaf', 'red berries', 'violet', 'white flowers', 'white woods']"
12211,amber,"['marigold', 'ginger', 'grapefruit', 'bergamot', 'incense', 'walnut', 'immortelle', 'kiwi', 'honey', 'opoponax', 'coffee', 'sandalwood', 'rose', 'orange blossom', 'jasmine', 'leather', 'benzoin', 'agarwood (oud)', 'amber', 'sandalwood', 'tonka bean', 'oakmoss', 'vanilla', 'musk']"
19956,green,"['green notes', 'watery notes', 'mint', 'ginger', 'coconut', 'fig', 'salt', 'tonka bean', 'sandalwood']"
9889,floral,"['sapodilla', 'ambrette (musk mallow)', 'magnolia', 'violet', 'sandalwood', 'ambergris', 'cedar']"
9921,caramel,"['violet', 'orange', 'bergamot', 'coffee', 'pear', 'iris', 'orange blossom', 'rose', 'caramel', 'vanilla', 'patchouli']"
19200,marine,"['sea notes', 'leather', 'patchouli']"
13881,iris,"['bergamot', 'grapefruit', 'iris', 'bulgarian rose', 'praline', 'mahonial', 'leather', 'vanilla', 'patchouli']"
12261,rose,"['litchi', 'rhubarb', 'bergamot', 'nutmeg', 'turkish rose', 'peony', 'musk', 'petalia', 'vanilla', 'cashmeran', 'incense', 'cedar', 'haitian vetiver']"
12867,fresh spicy,"['violet leaf', 'basil', 'star anise', 'bergamot', 'pink pepper', 'nutmeg', 'vetiver', 'patchouli']"
16230,almond,"['citruses', 'orange blossom', 'rosemary', 'bitter orange', 'almond', 'tonka bean', 'leather', 'cedar', 'vetiver']"
5221,white floral,"['pear', 'melon', 'magnolia', 'peach', 'mandarin orange', 'bergamot', 'jasmine', 'lily-of-the-valley', 'tuberose', 'freesia', 'rose', 'orchid', 'plum', 'violet', 'musk', 'vanilla', 'blackberry', 'cedar']"
9010,warm spicy,"['truffle', 'gardenia', 'black currant', 'ylang-ylang', 'jasmine', 'bergamot', 'mandarin orange', 'amalfi lemon', 'orchid', 'spices', 'gardenia', 'fruity notes', 'ylang-ylang', 'jasmine', 'lotus', 'mexican chocolate', 'patchouli', 'vanille', 'incense', 'amber', 'sandalwood', 'vetiver', 'white musk']"
11817,white floral,"['jasmine sambac', 'cashmeran', 'amber']"
13596,iris,"['plum', 'cinnamon', 'tangerine', 'tincture of rose', 'wormwood', 'iris', 'musk', 'patchouli']"
13296,nutty,"['orange', 'lemon', 'bergamot', 'hazelnut', 'coriander', 'lily-of-the-valley', 'vanilla', 'musk', 'patchouli']"
12337,powdery,"['lemon', 'neroli', 'jasmine', 'violet', 'heliotrope', 'musk', 'cedar', 'vetiver', 'amber']"
3866,amber,"['vanilla', 'basil', 'bergamot', 'mandarin orange', 'green notes', 'peach', 'lemon', 'spices', 'sandalwood', 'coriander', 'oakmoss', 'cedar', 'orange blossom', 'jasmine', 'rose', 'amber', 'incense', 'vanilla', 'civet', 'musk', 'vetiver']"
21560,cherry,"['cherry', 'rum', 'saffron', 'nutmeg', 'cinnamon', 'rose', 'jasmine', 'vanilla', 'tonka bean', 'ambroxan', 'sandalwood', 'oak', 'benzoin', 'patchouli', 'cypress']"
1187,coffee,"['floral notes', 'coffee', 'bulgarian rose', 'vanilla', 'white musk', 'amber']"
17294,woody,"['cypress', 'vetiver', 'cashmere wood', 'musk']"
5250,soft spicy,"['mandarin orange', 'bergamot', 'pink pepper', 'elemi resin', 'sweet pea', 'heliotrope', 'wallflower', 'elemi', 'patchouli', 'tonka bean', 'amber']"
9670,vanilla,"['pear', 'pink pepper', 'orange blossom', 'coffee', 'jasmine', 'bitter almond', 'licorice', 'vanilla', 'patchouli', 'cashmere wood', 'cedar']"
18112,yellow floral,"['lemon', 'bergamot', 'mimosa', 'black locust', 'broom', 'musk', 'white woods']"
3449,caramel,"['sea salt', 'lemon', 'pink pepper', 'jasmine', 'seagrass', 'bay leaf', 'salt', 'caramel', 'brown sugar', 'cedar']"
12855,floral,"['rum', 'honey', 'mandarin orange', 'bergamot', 'black orchid', 'orchid', 'jasmine', 'heliotrope', 'hyacinth', 'rose oil', 'narcissus', 'magnolia', 'orange blossom', 'vanilla', 'myrrh', 'suede', 'sandalwood', 'peru balsam', 'labdanum']"
15995,patchouli,"['chamomile', 'artemisia', 'ylang-ylang', 'hyacinth', 'patchouli', 'black pepper', 'honey', 'incense', 'leather']"
14184,ozonic,"['cucumber', 'melon', 'mandarin orange', 'basil', 'sage', 'geranium', 'suede', 'woodsy notes', 'musk']"
10666,tuberose,"['pear', 'tuberose', 'tonka bean']"
3224,aldehydic,"['aldehydes', 'violet leaves', 'bergamot', 'osmanthus', 'lily-of-the-valley', 'rose', 'tonka bean', 'cypriol oil or nagarmotha', 'patchouli']"
10215,cacao,"['apple', 'peach', 'grapefruit', 'magnolia', 'floral notes', 'lily', 'white chocolate truffle', 'cacao', 'australian sandalwood', 'woody notes', 'musk']"
8931,fresh spicy,"['grapefruit', 'bergamot', 'pepper', 'lavender', 'cardamom', 'artemisia', 'cedar', 'vetiver', 'olibanum']"
13880,earthy,"['truffle', 'peach', 'bergamot', 'madagascar vanilla', 'tuberose', 'italian jasmine', 'patchouli', 'oakmoss', 'cedar']"
16750,smoky,"['smoke', 'bitter orange', 'bourbon vanilla', 'cedar']"
20580,woody,"['plum', 'ozonic notes', 'grapefruit', 'bergamot', 'hazelnut', 'honey', 'cedar', 'cashmere wood', 'orange blossom', 'jasmine', 'amberwood', 'patchouli', 'oakmoss', 'vetiver']"
16059,cinnamon,"['mandarin orange', 'patchouli', 'bergamot', 'cinnamon', 'amber', 'virginia cedar', 'leather', 'musk', 'woodsy notes']"
17508,aromatic,"['bergamot', 'tobacco', 'lemon', 'nutmeg', 'neroli', 'coriander', 'mandarin orange', 'vetiver', 'pepper', 'carnation', 'sage', 'orris root', 'sandalwood', 'vetiver', 'oakmoss', 'leather', 'myrrh', 'civet', 'tonka bean', 'amber']"
3284,powdery,"['raspberry', 'geranium', 'neroli', 'tuberose', 'iris', 'orange blossom', 'jasmine sambac', 'vanilla', 'caramel', 'sandalwood', 'heliotrope', 'white musk', 'patchouli']"
3255,powdery,"['aldehydes', 'ylang-ylang', 'neroli', 'bergamot', 'lemon', 'iris', 'jasmine', 'rose', 'orris root', 'lily-of-the-valley', 'civet', 'musk', 'sandalwood', 'amber', 'moss', 'vanilla', 'vetiver', 'patchouli']"
15473,chocolate,"['watermelon', 'mandarin orange', 'bergamot', 'lotus', 'jasmine', 'rose', 'mexican chocolate', 'rice', 'patchouli']"
3179,fresh,"['melon', 'red apple', 'lily-of-the-valley', 'magnolia', 'violet', 'jasmine', 'musk']"
7435,vanilla,"['passion flower', 'jasmine', 'gardenia', 'vanille', 'vetiver']"
13553,tobacco,"['cinnamon', 'bergamot', 'prunol', 'tobacco', 'violet', 'jasmine', 'labdanum', 'vanilla', 'patchouli']"
6615,tropical,"['ylang-ylang', 'carambola (star fruit)', 'mango', 'violet leaves', 'lemon', 'bergamot', 'pink pepper', 'frangipani', 'coconut', 'sea notes', 'cashmeran', 'skin', 'sea salt', 'jasmine', 'saffron', 'clove', 'vanilla', 'musk', 'sandalwood', 'woody notes', 'opoponax', 'amber', 'patchouli', 'vetiver']"
9550,sweet,"['kiwi', 'red litchi', 'quince', 'white chocolate', 'cupcake', 'orchid', 'jasmine', 'musk', 'orris root', 'woodsy notes']"
14467,woody,"['galbanum', 'cassis', 'cassia', 'hiacynth', 'bulgarian rose', 'raspberry', 'bergamot', 'honey', 'narcissus', 'cedar', 'orris root', 'ylang-ylang', 'tuberose', 'jasmine', 'lily-of-the-valley', 'oakmoss', 'spices', 'civet', 'patchouli', 'incense', 'myrrh', 'amber', 'sandalwood', 'vetiver', 'musk']"
12635,mossy,"['apple', 'aldehydes', 'neroli', 'lemon', 'bergamot', 'orris', 'heliotrope', 'carnation', 'jasmine', 'oakmoss', 'musk', 'cedar', 'vetiver', 'spices', 'ambergris', 'patchouli', 'sandalwood']"
10631,floral,"['apple leaf', 'italian mandarin', 'japanese osmanthus', 'yellow freesia', 'magnolia', 'boronia', 'musk', 'white iris']"
18602,amber,"['cardamom', 'green apple', 'green mandarin', 'nutmeg', 'lavender', 'orange blossom', 'tonka bean', 'amber', 'leather']"
11703,woody,"['carnation', 'coriander', 'rose', 'angelica', 'neroli', 'bergamot', 'amalfi lemon', 'patchouli', 'hyacinth', 'jasmine', 'ylang-ylang', 'mimosa', 'oak moss', 'civetta', 'castoreum', 'vetiver', 'sandalwood', 'musk', 'amber']"
4910,caramel,"['caramel', 'milk', 'smoke', 'caramel', 'hinoki incense', 'leather', 'toffee', 'hinoki incense']"
13742,yellow floral,"['mimosa', 'bitter orange', 'coriander', 'jasmine', 'tangerine', 'narcissus', 'black currant', 'amber', 'sandalwood', 'vanille', 'ambrette (musk mallow)']"
10083,cherry,"['cherry', 'pepper', 'lactones', 'oud', 'incense', 'benzoin', 'cypriol oil or nagarmotha', 'labdanum', 'moss']"
11657,aldehydic,"['aldehydes', 'rose', 'oakmoss']"
978,mossy,"['bergamot', 'tropical fruit', 'jasmine', 'juniper berries', 'tincture of rose', 'oak moss', 'sandalwood', 'amber']"
19041,amber,"['leather', 'bergamot', 'amalfi lemon', 'holly', 'rosemary', 'tea', 'styrax', 'lily-of-the-valley', 'tonka bean', 'incense', 'benzoin', 'almond', 'amber']"
21172,woody,"['bergamot', 'iris', 'chestnut', 'whiskey', 'woodsy notes', 'amber']"
21166,citrus,"['calabrian bergamot', 'grapefruit blossom', 'musk']"
4889,mossy,"['fern', 'fig', 'citruses', 'jasmine', 'rose', 'lily-of-the-valley', 'oakmoss', 'musk', 'amber']"
13456,white floral,"['lily', 'citruses', 'lily', 'green lily', 'green notes']"
4549,marine,"['fennel', 'guatemalan cardamom', 'ambrette (musk mallow)', 'tuberose', 'clary sage', 'neroli', 'algae', 'ambergris', 'vetiver']"
7721,floral,"['reed', 'mint', 'green lilac', 'mandarin orange', 'pink pepper', 'water lily', 'pepper', 'violet', 'white peach', 'amaryllis', 'rose', 'cedar', 'white musk', 'vanilla']"
6892,tropical,"['mango', 'bergamot', 'jasmine', 'olibanum', 'vanilla', 'sandalwood']"
1671,citrus,"['orange', 'blood grapefruit', 'indian mandarin', 'bergamot', 'apple', 'plum', 'lily-of-the-valley', 'freesia', 'orchid', 'rose', 'mimosa', 'lily', 'magnolia', 'musk', 'amber']"
21349,coconut,"['mandarin orange', 'sicilian bergamot', 'gardenia', 'magnolia', 'myrrh', 'orange blossom', 'jasmine', 'coconut', 'caramel', 'sandalwood', 'amber', 'vetiver']"
7523,almond,"['almond', 'cinnamon', 'mimosa', 'honey', 'heliotrope', 'black rose', 'labdanum', 'vanilla', 'cacao pod', 'white musk', 'peru balsam', 'agarwood (oud)']"
14136,white floral,"['tiare flower', 'coconut', 'bergamot', 'jasmine', 'ylang-ylang', 'orange blossom', 'vanilla', 'musk']"
20942,lavender,"['lavender', 'tonka bean', 'benzoin', 'ylang-ylang']"
20693,fruity,"['apple', 'bergamot', 'lemon', 'cinnamon', 'watery notes', 'plum', 'cardamon', 'orange blossom', 'ambergris', 'musk', 'patchouli', 'driftwood']"
11092,herbal,"['shiso', 'grass', 'artemisia', 'french labdanum', 'jasmine', 'white tobacco', 'immortelle', 'leather', 'sage', 'liatris', 'vanille']"
18863,coconut,"['bergamot', 'coconut milk', 'musk', 'woody notes']"
18974,amber,"['bulgarian rose', 'coriander', 'peach', 'jasmine', 'mandarin orange', 'cloves', 'rose', 'orange blossom', 'mimosa', 'clover', 'amber', 'sandalwood', 'tonka bean', 'opoponax', 'civet', 'vanilla', 'labdanum']"
3256,sweet,"['coconut', 'strawberry', 'gooseberry', 'black locust', 'pear', 'black currant', 'brazilian rosewood', 'honeysuckle', 'yuzu', 'orange blossom', 'honey', 'milk', 'orchid', 'heliotrope', 'violet', 'osmanthus', 'magnolia', 'jasmine', 'lily-of-the-valley', 'caramel', 'vanilla', 'patchouli', 'toffee', 'incense', 'sandalwood', 'amber', 'tonka bean']"
10704,herbal,"['pink pepper', 'ginger', 'artemisia', 'sage', 'jasmine sambac', 'leather', 'tonka bean', 'vanilla', 'cedar', 'amber', 'patchouli']"
15096,marine,"['sea notes', 'sea salt', 'grapefruit', 'bay leaf', 'geranium', 'spices', 'red amber', 'guaiac wood']"
5458,aromatic,"['lavender', 'lemon', 'bergamot', 'mandarin orange', 'sage', 'juniper berries', 'basil', 'geranium', 'jasmine', 'coriander', 'orange blossom', 'lily-of-the-valley', 'lily', 'sandalwood', 'musk', 'vetiver', 'brazilian rosewood', 'amber']"
17897,yellow floral,"['ylang-ylang', 'cardamom', 'grapefruit', 'lemon', 'ylang-ylang', 'jasmine', 'orange blossom', 'damask rose', 'ylang-ylang', 'vanilla', 'labdanum', 'cedar', 'vetiver', 'field scabious']"
20318,tobacco,"['grapefruit', 'lavender', 'artemisia', 'tobacco', 'spices', 'leather', 'agarwood (oud)', 'dark woodsy notes', 'ambergris']"
15076,woody,"['pink pepper', 'grapefruit', 'hazelnut cocoa spread', 'patchouli', 'vetiver']"
15364,citrus,"['lime', 'lemon', 'bergamot', 'jasmine', 'orange', 'mandarin orange', 'neroli', 'sea notes', 'jasmine', 'calone', 'rosemary', 'peach', 'freesia', 'hiacynth', 'cyclamen', 'violet', 'coriander', 'rose', 'nutmeg', 'mignonette', 'white musk', 'cedar', 'oakmoss', 'patchouli', 'amber']"
14453,yellow floral,"['ylang-ylang', 'carnation', 'jasmine', 'vanilla']"
17028,citrus,"['lemon', 'bergamot', 'star anise', 'olive blossom', 'guaiac wood', 'leather', 'tonka bean', 'tobacco']"
5977,mossy,"['litchi', 'mirabelle', 'citruses', 'freesia', 'rose', 'davana', 'oakmoss']"
14509,warm spicy,"['virginia cedar', 'plum', 'cinnamon', 'peach', 'clove', 'ginger', 'violet', 'ylang-ylang', 'rose', 'african orange flower', 'sandalwood', 'benzoin', 'musk', 'vanilla']"
18638,woody,"['cloves', 'pink pepper', 'orange blossom', 'chestnut', 'guaiac wood', 'juniper', 'vanilla', 'peru balsam', 'cashmeran']"
2483,ozonic,"['watermelon', 'violet', 'floral notes', 'musk', 'patchouli', 'white amber']"
10872,white floral,"['orange blossom', 'cactus flower', 'bergamot', 'mandarin orange', 'lily', 'freesia', 'gardenia', 'jasmine', 'lily-of-the-valley', 'white camelia', 'rose', 'peony', 'musk', 'sandalwood']"
13965,cherry,"['cherry', 'almond', 'pink pepper', 'cherry blossom', 'violet', 'magnolia', 'vanilla', 'tonka bean', 'sandalwood']"
6557,floral,"['pear', 'melon', 'freesia', 'rose', 'musk', 'patchouli', 'rhuburb', 'amber']"
1265,caramel,"['pink pepper', 'litchi', 'co2 extracts', 'sicilian bergamot', 'jasmine sambac', 'rose', 'magnolia', 'popcorn', 'caramel', 'cacao', 'salt', 'labdanum']"
13464,warm spicy,"['peach', 'cardamom', 'lily', 'grapefruit', 'bergamot', 'rose', 'cinnamon', 'apricot', 'brazilian rosewood', 'lily', 'heliotrope', 'magnolia', 'vanilla', 'sandalwood', 'cedar', 'coconut']"
7395,warm spicy,"['cinnamon', 'lavender', 'coriander', 'mandarin orange', 'lime', 'bergamot', 'grapefruit', 'myrhh', 'nutmeg', 'carnation', 'brazilian rosewood', 'pine tree', 'sage', 'jasmine', 'red berries', 'amber', 'vanilla', 'sandalwood', 'musk', 'patchouli', 'vetiver']"
14735,vanilla,"['coconut', 'plum', 'apricot', 'brazilian rosewood', 'jasmine', 'caraway', 'tuberose', 'rose', 'lily-of-the-valley', 'vanilla', 'almond', 'sandalwood', 'musk']"
11904,aromatic,"['mint', 'rose', 'carnation', 'cannabis', 'vetiver', 'amber']"
19755,coconut,"['pineapple', 'orange', 'green notes', 'african orange flower', 'lily-of-the-valley', 'coconut', 'woodsy notes', 'musk', 'amber']"
10921,sweet,"['wild berries', 'mandarin orange', 'gardenia', 'honeysuckle', 'jasmine', 'caramel', 'praline', 'vanilla', 'amber', 'sandalwood']"
20923,aromatic,"['sea notes', 'bergamot', 'rosemary', 'sage', 'geranium', 'incense', 'patchouli']"
15726,lactonic,"['peach', 'black currant', 'orange', 'coconut', 'iris', 'jasmine', 'rose', 'lily-of-the-valley', 'milk', 'vanilla', 'sandalwood', 'amber', 'musk']"
5794,lactonic,"['litchi', 'grapefruit', 'rice', 'rose', 'milk mousse', 'cashmeran']"
11972,tuberose,"['pear', 'juniper', 'pink pepper', 'cinnamon', 'tuberose', 'rose', 'leather', 'ylang-ylang', 'moss', 'patchouli', 'amber']"
12936,ozonic,"['watermelon', 'lavender', 'bergamot', 'lotus', 'jasmine', 'musk', 'sandalwood', 'amber']"
10964,violet,"['geranium', 'citruses', 'violet', 'musk', 'sandalwood', 'cedar']"
13813,soft spicy,"['star anise', 'fennel', 'neroli', 'bergamot', 'frangipani', 'orchid', 'clove', 'tuberose', 'jasmine', 'vanilla', 'tonka bean', 'vetiver', 'amber']"
4935,balsamic,"['jasmine sambac', 'pink grapefruit', 'vanilla flower', 'pink lotus', 'white lotus', 'dragon blood resin', 'sandalwood', 'siam benzoin']"
12421,amber,"['jasmine', 'peach', 'rose', 'amber', 'patchouli']"
9056,caramel,"['caramel', 'bulgarian rose', 'australian sandalwood', 'musk', 'himalayan cedar']"
19939,iris,"['coriander', 'grapefruit', 'calabrian bergamot', 'tuscan iris', 'virginian cedar', 'amber']"
17044,warm spicy,"['ginger', 'blood orange', 'tuberose', 'jasmine', 'pimento leaf', 'sandalwood', 'patchouli', 'vetiver']"
15678,citrus,"['grapefruit', 'green mango', 'tomato', 'carrot', 'lotus', 'bulrush', 'orange', 'hiacynth', 'peony', 'musk', 'iris', 'incense', 'labdanum', 'cinnamon']"
1792,smoky,"['cognac', 'tobacco', 'vanilla', 'cannabis', 'smoke', 'incense', 'agarwood (oud)']"
13809,woody,"['orange', 'elemi resin', 'lemon', 'amber', 'pepper', 'pink pepper', 'violet', 'fir', 'cedar', 'madagascar vetiver', 'oakmoss', 'benzoin']"
7178,vanilla,"['water jasmine', 'green mandarin', 'ginger flower', 'vanilla', 'salt', 'ambergris', 'cashmere wood', 'sandalwood']"
13375,aldehydic,"['yellow mandarin', 'aldehydes', 'cardamom', 'mimosa absolute', 'solar notes', 'violet leaf', 'beeswax', 'musk', 'cedar']"
14119,warm spicy,"['rose', 'clove', 'raspberry', 'black currant', 'cinnamon', 'patchouli', 'incense', 'sandalwood', 'musk', 'benzoin', 'amber']"
16574,amber,"['calabrian bergamot', 'water notes', 'grapefruit', 'fig leaf', 'ambroxan', 'black pepper', 'patchouli', 'violet leaf', 'papyrus', 'incense', 'musk', 'tonka bean', 'saffron']"
19635,leather,"['grass', 'bergamot', 'grapefruit', 'woodsy notes', 'nutmeg', 'violet', 'saffron', 'jasmine', 'sugar', 'leather', 'vanilla', 'suede', 'amber', 'cashmirwood', 'sandalwood', 'oakmoss', 'vetiver']"
3694,smoky,"['black pepper', 'sicilian mandarin', 'cassis', 'indian saffron', 'lotus', 'smoke', 'woody notes', 'leather']"
12801,earthy,"['bergamot', 'rose', 'jasmine', 'citruses', 'peach', 'ylang-ylang', 'rose', 'lilac', 'jasmine', 'oakmoss', 'spices', 'vetiver', 'cinnamon', 'amber']"
17358,fresh,"['aldehydes', 'coriander', 'peach', 'bergamot', 'lemon', 'lilac', 'orris root', 'ylang-ylang', 'lily-of-the-valley', 'rose', 'jasmine', 'civet', 'sandalwood', 'musk', 'benzoin', 'vetiver', 'vanilla', 'peru balsam', 'amber', 'tonka bean']"
8480,tuberose,"['pink pepper', 'bergamot', 'indian tuberose', 'heliotrope', 'cashmeran', 'benzoin']"
9244,ozonic,"['cucumber', 'citruses', 'green notes', 'lotus', 'plum', 'lavender', 'sichuan pepper', 'virginia cedar', 'musk', 'sandalwood', 'patchouli', 'guaiac wood']"
6311,rose,"['pear', 'bergamot', 'pink pepper', 'rose', 'jasmine', 'white musk', 'vanilla', 'patchouli', 'cedar']"
4152,tropical,"['mango', 'pitahaya', 'litchi', 'orchid', 'moroccan rose', 'jasmine sambac', 'vanilla', 'patchouli', 'sandalwood']"
20894,woody,"['coriander', 'cumin', 'petitgrain', 'lavender', 'labdanum', 'birch', 'jasmine', 'geranium', 'amber', 'cedar', 'vetiver', 'patchouli', 'oakmoss']"
1910,earthy,"['pepper', 'truffle', 'lily-of-the-valley', 'pink pepper', 'oakmoss', 'patchouli', 'musk', 'ambrette (musk mallow)']"
7505,powdery,"['mimosa', 'iris', 'rose', 'freesia', 'violet', 'lily-of-the-valley', 'jasmine', 'bergamot', 'chamomile', 'iris', 'narcissus', 'galbanum', 'geranium', 'coriander', 'jasmine', 'brazilian rosewood', 'orange blossom', 'tuberose', 'musk', 'sandalwood', 'cedar', 'vanilla', 'amber']"
21173,fresh,"['aldehydes', 'black currant', 'lavender', 'basil', 'bergamot', 'mandarin orange', 'lemon', 'lily-of-the-valley', 'magnolia', 'iris', 'fir']"
6831,lactonic,"['aqual', 'yuzu', 'hexyl acetate', 'milk', 'skin', 'jasmine', 'mugane', 'orcanox\x99', 'vinyl guaiacol', 'moss']"
19160,caramel,"['gardenia', 'carnation', 'jasmine', 'patchouli', 'flowers', 'sandalwood', 'sea notes', 'caramel', 'coffee']"
5020,violet,"['raspberry', 'mandarin orange', 'bergamot', 'violet', 'rose petals', 'gardenia', 'sandalwood']"
4485,rose,"['geranium', 'bergamot', 'italian mandarin', 'grasse rose', 'damask rose', 'white musk']"
19787,citrus,"['coconut', 'lime', 'white bergamot', 'sicilian mandarin', 'ginger', 'ylang-ylang', 'indian jasmine', 'hibiscus', 'white rum', 'sugar cane', 'musk']"
19259,nutty,"['bitter almond', 'bergamot', 'tagetes', 'chestnut', 'jasmine', 'gardenia', 'woody notes', 'tonka bean', 'musk']"
10598,floral,"['melon', 'peach', 'almond', 'violet', 'black currant', 'anise', 'mimosa', 'lilac', 'lily-of-the-valley', 'peony', 'rose', 'almond blossom', 'hibiscus', 'vanilla', 'almond tree', 'sandalwood', 'benzoin', 'cedar']"
8913,mineral,"['wasabi', 'violet leaf', 'mandarin orange', 'pear', 'pebbles', 'hedione', 'orris root', 'peony', 'rose', 'vetiver', 'white musk', 'incense', 'sandalwood']"
19833,caramel,"['cardamom', 'pimento', 'caramel', 'salt', 'vanilla', 'tobacco', 'cashmeran']"
10630,caramel,"['citruses', 'sweet pea', 'caramel', 'benzoin', 'white musk']"
11559,tropical,"['pitahaya', 'litchi', 'jasmine', 'hibiscus', 'sea notes', 'vanilla', 'musk']"
3886,white floral,"['ginger', 'bitter orange', 'bergamot', 'tuberose', 'orange blossom', 'jasmine', 'sandalwood', 'vanilla']"
14770,tuberose,"['angelica', 'tuberose', 'amber', 'woodsy notes']"
20508,smoky,"['saffron', 'bitter orange', 'leather', 'smoke', 'incense', 'agarwood (oud)']"
15020,green,"['galbanum', 'hiacynth', 'bergamot', 'neroli', 'iris', 'orris root', 'rose', 'lily-of-the-valley', 'narcissus', 'jasmine', 'ylang-ylang', 'oakmoss', 'vetiver', 'leather', 'cedar', 'musk', 'sandalwood']"
12426,leather,"['blackberry', 'rum', 'saffron', 'leather', 'agarwood (oud)', 'clary sage', 'patchouli', 'musk']"
5987,fruity,"['kiwi', 'rhuburb', 'pink pepper', 'watermelon', 'cyclamen', 'jasmine', 'lemon tree', 'musk', 'sandalwood']"
19851,cinnamon,"['bergamot', 'cinnamon', 'juniper berries', 'incense']"
15509,cacao,"['orange', 'cacao', 'carambola (star fruit)', 'vanilla']"
11288,yellow floral,"['anise', 'mandarin orange', 'mimosa', 'rose', 'woody notes']"
13806,powdery,"['ylang-ylang', 'peach', 'bergamot', 'green notes', 'lemon', 'iris', 'jasmine', 'narcissus', 'orris root', 'rose', 'violet', 'sandalwood', 'vanilla', 'iris', 'amber', 'tonka bean', 'musk']"
17993,caramel,"['wild berries', 'gardenia', 'lily of the valley', 'honeysuckle', 'jasmine sambac', 'vanilla orchid', 'caramel', 'vanilla', 'sandalwood', 'praline']"
15048,woody,"['leather', 'cypress', 'patchouli', 'woody notes', 'vetiver']"
16746,citrus,"['lemon', 'pineapple', 'bergamot', 'black currant', 'apple', 'birch', 'jasmine', 'rose', 'musk', 'ambergris', 'patchouli', 'vanilla']"
5972,powdery,"['plum', 'chinese cinnamon wood', 'iris', 'violet', 'lily', 'anise', 'jasmine', 'mimosa', 'cassia', 'ylang-ylang', 'heliotrope', 'orris root', 'orange blossom', 'tahitian tiare flower', 'incense', 'vanilla', 'benzoin', 'sandalwood', 'musk']"
8628,floral,"['pink pepper', 'mandarin orange', 'bergamot', 'lilac', 'peach', 'geranium', 'jasmine', 'black currant', 'patchouli', 'amber', 'white musk', 'vanilla']"
8985,fresh,"['pear', 'citruses', 'cassis', 'lily-of-the-valley', 'jasmine', 'brazil nut', 'sandalwood', 'musk', 'amber']"
20842,iris,"['lavender', 'sage', 'bergamot', 'iris', 'cacao', 'amber', 'cardamom', 'leather', 'tahitian vetiver', 'patchouli']"
14765,cacao,"['mandarin orange', 'coffee', 'osmanthus', 'cacao', 'tonka bean']"
9799,chocolate,"['dark chocolate', 'italian mandarin', 'brazilian orange', 'hazelnut', 'amberwood', 'tahitian vanilla', 'musk', 'ambergris']"
11236,citrus,"['italian orange', 'jasmine', 'bitter orange', 'jasmine', 'orange blossom', 'ginger', 'honey', 'vanilla', 'sandalwood']"
18651,lavender,"['bergamot', 'green notes', 'lavender', 'musk', 'powdery notes', 'sandalwood']"
9563,coffee,"['grapefruit', 'cardamom', 'lavender', 'absinthe', 'coffee', 'vetiver']"
7097,lactonic,"['bergamot', 'lily-of-the-valley', 'green notes', 'rose', 'milk', 'sugar', 'vanilla']"
5970,floral,"['osmanthus', 'jasmine', 'may rose', 'indian tuberose', 'narcissus', 'amber', 'cedar']"
725,vanilla,"['orange blossom', 'mandarin orange', 'bergamot', 'amalfi lemon', 'cinnamon', 'heliotrope', 'jasmine', 'cardamom', 'lily-of-the-valley', 'vanilla', 'tonka bean', 'sandalwood', 'patchouli', 'honey', 'tobacco', 'vetiver']"
9545,citrus,"['lemon', 'rosemary', 'bergamot', 'neroli', 'pineapple', 'jasmine', 'oakmoss', 'cyclamen', 'coriander', 'musk', 'oakmoss', 'cedar', 'sandalwood', 'cardamom', 'brazilian rosewood', 'tonka bean']"
14456,woody,"['apple', 'plum', 'lemon', 'bergamot', 'oakmoss', 'geranium', 'cinnamon', 'mahogany', 'carnation', 'vanilla', 'sandalwood', 'cedar', 'vetiver', 'olive tree']"
15676,citrus,"['clementine', 'bitter orange', 'orange blossom', 'green tea', 'ivy', 'mandarin orange', 'basil', 'chamomile', 'peony', 'sandalwood', 'amber']"
10873,cacao,"['cacao', 'dark chocolate', 'tobacco', 'tonka bean', 'musk', 'woodsy notes']"
16490,rose,"['lime', 'bergamot', 'rose', 'angelica', 'ginger', 'orange blossom', 'saffron', 'nutmeg', 'galbanum', 'musk', 'incense', 'pine tree', 'sandalwood', 'vanilla']"
20558,iris,"['bergamot', 'bergamot leaf', 'iris', 'aldehydes', 'orris', 'clary sage', 'tonka bean', 'cedar']"
11656,violet,"['violet', 'lily-of-the-valley', 'jasmine', 'pelargonium', 'musk', 'vanilla']"
11929,vanilla,"['pink pepper', 'silkwood blossom', 'jasmine sambac', 'whipped cream', 'vanilla', 'chestnut', 'sandalwood', 'cashmere wood']"
12017,tropical,"['mango', 'passionfruit', 'pomelo', 'grapefruit', 'mandarin orange', 'exotic floral notes', 'jasmine', 'vanilla', 'tonka bean', 'musk', 'sandalwood', 'virginia cedar']"
15942,woody,"['bergamot', 'pink pepper', 'elemi', 'atlas cedar', 'cashmere wood', 'patchouli', 'iso e super', 'haitian vetiver', 'white musk']"
7819,coconut,"['coconut nectar', 'boysenberry', 'pomegranate', 'butterfly orchid', 'honeysuckle', 'magnolia', 'amber', 'musk', 'white woods']"
3412,salty,"['salt', 'coconut water', 'frangipani', 'jasmine', 'mineral notes', 'driftwood', 'tonka bean']"
4296,sweet,"['pineapple', 'moroccan lemon', 'grapefruit', 'galbanum leaf', 'peach', 'plum', 'mandarin orange', 'raspberry', 'italian iris', 'brazilian rosewood', 'jasmine', 'lily-of-the-valley', 'egyptian rose', 'coconut', 'vanilla', 'madagascar sandalwood', 'tonka bean', 'musk', 'patchouli', 'amber', 'cedar']"
16173,tuberose,"['green tea', 'tuberose', 'ambergris', 'tobacco', 'agarwood (oud)', 'vanilla']"
10662,warm spicy,"['cloves', 'pepper', 'coriander', 'west indian bay', 'plum', 'jasmine', 'mandarin orange', 'citruses', 'bergamot', 'carnation', 'cinnamon', 'sandalwood', 'patchouli', 'orris root', 'rose', 'peach', 'lily-of-the-valley', 'incense', 'myrrh', 'sandalwood', 'tolu balsam', 'amber', 'opoponax', 'benzoin', 'labdanum', 'vanilla', 'musk', 'castoreum', 'cedar', 'vetiver', 'coconut']"
19942,citrus,"['grapefruit', 'bergamot', 'citron', 'lemon', 'fig nectar', 'jasmine', 'pink pepper', 'fig tree', 'cedar', 'benzoin']"
13514,rose,"['pink pepper', 'pear', 'indonesian nutmeg', 'elemi', 'bergamot', 'rose', 'clove', 'magnolia', 'flax', 'cashmeran', 'haitian vetiver', 'sandalwood', 'sylkolide', 'amber']"
11202,woody,"['juniper', 'lemon', 'bergamot', 'pepper', 'pine needles', 'incense', 'orris root', 'vanilla', 'sandalwood', 'amber']"
13804,vanilla,"['lavender', 'bergamot', 'iris', 'jasmine sambac', 'rose', 'tahitian vanilla', 'coumarin', 'australian sandalwood', 'licorice', 'benzoin', 'patchouli']"
20102,honey,"['rum', 'bergamot', 'tarragon', 'tobacco', 'ginger', 'rose', 'honey', 'beeswax', 'cinnamon', 'tonka bean', 'amberwood', 'leather']"
19225,woody,"['bergamot', 'myrtle', 'hazelnut', 'chocolate', 'roasted coffee beans', 'leather', 'cedar']"
16812,mossy,"['bergamot', 'cassis', 'patchouli', 'rose', 'oakmoss', 'musk', 'amber']"
11644,earthy,"['peach', 'bergamot', 'orange', 'lemon', 'bulgarian rose', 'iris flower', 'jasmine', 'white flowers', 'oakmoss', 'patchouli', 'vetiver', 'musk', 'ambroxan', 'benzoin', 'vanilla']"
12737,white floral,"['african orange flower', 'jasmine', 'white honey', 'patchouli', 'rose', 'virginia cedar']"
10320,lavender,"['floral notes', 'citruses', 'citrus', 'floral notes', 'lavender', 'vanila', 'lily-of-the-valley', 'musk', 'sandalwood', 'amber', 'woody notes']"
1598,mineral,"['metallic notes', 'black pepper', 'elemi resin', 'rose', 'geranium', 'green accord', 'incense', 'mineral notes', 'labdanum', 'ebony wood', 'leather']"
5319,aromatic,"['chamomile', 'aldehydes', 'clary sage', 'coriander', 'geranium', 'lemon verbena', 'brazilian rosewood', 'bergamot', 'carnation', 'rose', 'ylang-ylang', 'orris root', 'jasmine', 'tuberose', 'orange blossom', 'oakmoss', 'patchouli', 'incense', 'vetiver', 'sandalwood', 'musk']"
10550,sweet,"['plum', 'sour cherry', 'raspberry', 'orchid', 'iris', 'freesia', 'vanilla', 'amber', 'musk']"
9094,coconut,"['coconut nectar', 'neroli', 'bergamot', 'mandarin orange', 'monoi oil', 'ylang-ylang', 'orange blossom', 'jasmine', 'coconut milk', 'musk', 'ambrette (musk mallow)']"
17252,citrus,"['bergamot', 'mandarin orange', 'green tea', 'black currant', 'musk', 'sandalwood', 'petitgrain', 'galbanum']"
21117,powdery,"['neroli', 'black pepper', 'cardamom', 'carrot seeds', 'iris', 'violet', 'geranium', 'mate', 'amber', 'cedar', 'sandalwood', 'patchouli']"
16596,soft spicy,"['licorice', 'citruses', 'grapefruit', 'bergamot', 'lavender', 'star anise', 'vanilla', 'almond', 'sandalwood', 'amber', 'cedar']"
7638,herbal,"['rum', 'artemisia', 'patchouli']"
740,fruity,"['melon', 'peach', 'orange blossom', 'lemon', 'mandarin orange', 'bergamot', 'brazilian rosewood', 'cyclamen', 'osmanthus', 'rose', 'jasmine', 'orris root', 'sandalwood', 'musk', 'amber', 'oakmoss', 'cedar']"
19014,woody,"['bitter almond', 'saffron', 'egyptian jasmine', 'cedar', 'ambergris', 'woody notes', 'musk']"
7459,coconut,"['coconut nectar', 'frangipani', 'musk']"
17276,violet,"['violet', 'iris', 'red fruits', 'orange blossom', 'tonka bean', 'vanilla', 'sandalwood']"
1558,soft spicy,"['lime', 'green notes', 'watery notes', 'licorice', 'guaiac wood']"
19794,fresh spicy,"['water notes', 'bergamot', 'grapefruit', 'calone', 'basil', 'floral notes', 'jasmine', 'sage', 'pepper', 'cedar', 'musk', 'vetiver', 'ambergris', 'clary sage', 'amber', 'patchouli']"
2855,smoky,"['smoke', 'gunpowder', 'lime', 'sea water', 'brandy', 'balsam fir', 'cedar', 'amber']"
9301,iris,"['black currant', 'fig', 'orange blossom', 'orange blossom', 'jasmine', 'iris', 'gourmand accord', 'patchouli']"
7765,citrus,"['apple tree blossom', 'mandarin orange', 'camelia', 'black currant', 'lemon', 'honeysuckle', 'grapefruit', 'rose', 'lily', 'mint', 'violet', 'magnolia', 'jasmine', 'cedar', 'sandalwood', 'leather']"
11670,tobacco,"['mineral notes', 'carrot seeds', 'coriander', 'tobacco', 'flint', 'ozonic notes', 'earthy notes', 'benzoin', 'black musk']"
7667,green,"['green notes', 'mandarin orange', 'jasmine', 'peony', 'pear blossom', 'woodsy notes', 'pistachio', 'musk']"
6517,earthy,"['citron', 'calamansi', 'vetiver', 'orris', 'earthy notes', 'styrax']"
2952,tuberose,"['mandarin orange', 'tuberose', 'woodsy notes']"
1889,rose,"['indian saffron', 'magnolia', 'moroccan rose', 'vetiver', 'egyptian jasmine', 'gardenia', 'musk', 'cedar', 'amber']"
10608,rose,"['lavender', 'bergamot', 'bulgarian rose', 'moroccan rose', 'patchouli', 'iso e super', 'geranium', 'white musk', 'ambroxan', 'vanilla']"
6276,floral,"['green notes', 'freesia', 'pink pepper', 'violet', 'violet leaf', 'tuberose', 'red berries', 'lily-of-the-valley', 'peony', 'lilac', 'lily', 'rose', 'jasmine', 'geranium', 'karo karounde', 'musk', 'cedar', 'sandalwood', 'patchouli']"
11587,honey,"['coriander', 'pepper oil', 'nutmeg', 'bergamot', 'lemon', 'mandarin orange', 'may rose', 'mimosa', 'iris', 'jasmine', 'lily-of-the-valley', 'peach', 'honey', 'oakmoss', 'patchouli', 'musk', 'sandalwood']"
18092,honey,"['honey', 'bergamot', 'agarwood (oud)', 'rose', 'patchouli', 'agarwood (oud)', 'amber', 'vanilla', 'musk', 'labdanum']"
1320,coconut,"['bergamot', 'hibiscus', 'cardamom', 'lemon', 'coconut', 'gardenia', 'green notes', 'jasmine', 'ambroxan', 'woodsy notes', 'heliotrope', 'vanilla orchid']"
13106,aromatic,"['bitter orange', 'caraway', 'birch', 'bergamot', 'coriander', 'mandarin orange', 'neroli', 'artemisia', 'guatemalan cardamom', 'pepper', 'ginger', 'iris', 'juniper', 'cinnamon', 'orris root', 'jasmine', 'tahitian vetiver', 'tea', 'cedar', 'leather', 'oakmoss', 'amber']"
9283,white floral,"['orange blossom', 'star anise', 'rose', 'mandarin orange', 'pear', 'bergamot', 'ylang-ylang', 'ginger', 'orchid', 'iris', 'tuberose', 'plum', 'vanilla', 'amber', 'musk', 'cinnamon', 'sandalwood']"
8347,marine,"['grapefruit', 'violet leaf', 'sea notes', 'violet', 'woody notes', 'palisander rosewood', 'ambergris', 'amberwood']"
7671,green,"['lavender', 'green notes', 'bergamot', 'mint', 'juniper', 'mandarin orange', 'green grass', 'peach', 'jasmine', 'freesia', 'magnolia', 'orchid', 'musk', 'sandalwood', 'cedar', 'vanilla', 'amber', 'opoponax']"
19425,mossy,"['kaffir lime', 'basil', 'jasmine', 'ylang-ylang', 'oakmoss', 'civet', 'benzoin', 'spices', 'leather', 'sandalwood']"
12173,rose,"['turkey red rose', 'pink pepper', 'turkey red rose', 'raspberry bloom', 'papyrus', 'amber']"
6069,woody,"['white flowers', 'coriander', 'peony', 'bergamot', 'ambrette (musk mallow)', 'rose', 'jasmine', 'patchouli', 'woody notes', 'incense']"
14829,white floral,"['pistachio', 'bergamot', 'cardamom', 'pink pepper', 'tuberose', 'ylang-ylang', 'jasmine', 'coconut', 'amber', 'tonka bean', 'benzoin']"
20838,woody,"['lemon zest', 'bergamot', 'mint', 'artemisia', 'lavender', 'pineapple', 'geranium', 'green notes', 'sandalwood', 'cedar', 'amberwood', 'iso e super', 'tonka bean']"
13549,powdery,"['heliotrope', 'white violet', 'lilac', 'musk', 'arum lily', 'vanilla', 'amber']"
5925,yellow floral,"['lime (linden) blossom', 'melon', 'bergamot', 'mandarin orange', 'mimosa', 'jasmine', 'ylang-ylang', 'wormwood', 'thyme', 'cedar', 'sandalwood']"
21120,warm spicy,"['cardamom', 'nutmeg', 'saffron', 'mandarin orange', 'neroli', 'kulfi', 'rose', 'mastic or lentisque', 'orange blossom', 'jasmine', 'vanilla', 'amber', 'woody notes', 'sandalwood']"
13579,salty,"['sea salt', 'orange blossom', 'musk']"
15680,yellow floral,"['cardamom', 'mimosa', 'tonka bean']"
20474,oud,"['clary sage', 'lavender', 'bergamot', 'saffron', 'praline', 'agarwood (oud)', 'cedar']"
12183,woody,"['aldehydes', 'ylang-ylang', 'neroli', 'amalfi lemon', 'bergamot', 'iris', 'jasmine', 'rose', 'orris root', 'lily-of-the-valley', 'civetta', 'musk', 'sandalwood', 'oak moss', 'vetiver', 'amber', 'vanille', 'patchouli']"
7393,ozonic,"['ozonic notes', 'grapefruit', 'black currant', 'peony', 'pear', 'lily-of-the-valley', 'musk', 'cedar', 'ambergris']"
18802,warm spicy,"['grapefruit', 'coriander', 'basil', 'ginger', 'cardamom', 'orange blossom', 'amber', 'tobacco', 'cedar']"
9926,aquatic,"['pear', 'calone', 'tangerine', 'watermelon', 'watery notes', 'strawberry', 'apple', 'sea salt', 'tiare flower', 'hedione', 'rose', 'praline', 'musk', 'amber']"
372,coffee,"['sichuan pepper', 'rose', 'tangerine', 'ylang-ylang', 'patchouli', 'tiramisu', 'jasmine', 'coffee', 'cacao', 'whipped cream', 'guaiac wood']"
21729,sweet,"['pineapple', 'iris', 'ginger', 'cypress', 'coconut', 'woodsy notes', 'tonka bean', 'sandalwood', 'amber', 'ambergris']"
4986,cherry,"['rose', 'green notes', 'jasmine', 'sour cherry', 'apple', 'orange blossom', 'black currant', 'white musk', 'patchouli', 'white amber']"
13458,musky,"['pink pepper', 'jasmine', 'iris', 'patchouli', 'musk', 'vanilla']"
2381,almond,"['almond', 'peach', 'almond blossom', 'white flowers', 'tonka bean', 'white musk', 'amber']"
21561,nutty,"['cashew', 'apple', 'bergamot', 'freesia', 'orange blossom', 'rose', 'musk', 'amber', 'coumarin']"
21720,cherry,"['cherry', 'violet leaves', 'chamomile', 'geranium', 'rose', 'mimosa', 'amber', 'blonde woods', 'cedarwood']"
20868,smoky,"['green notes', 'floral notes', 'chrysanthemum', 'violet', 'spices', 'incense', 'ash', 'woodsy notes']"
13517,woody,"['gardenia', 'white rose', 'musk', 'white cedar extract', 'cedar', 'vetiver']"
10971,yellow floral,"['mimosa', 'violet leaf', 'cyclamen', 'bitter orange blossom', 'angelica', 'narcissus', 'orris', 'amber']"
10356,yellow floral,"['bergamot', 'mandarin orange', 'aldehydes', 'fruity notes', 'ylang-ylang', 'mimosa', 'rose', 'jasmine', 'lily-of-the-valley', 'clove', 'cinnamon', 'nutmeg', 'benzoin', 'vanilla', 'tonka bean', 'frankincense', 'patchouli', 'sandalwood', 'tolu balsam', 'amber', 'musk']"
9586,woody,"['lily', 'jasmine', 'magnolia', 'woodsy notes', 'amber', 'ylang-ylang', 'sandalwood', 'white honey', 'pepper', 'mandarin orange']"
4536,tropical,"['green leaves', 'mango', 'passionfruit', 'fir', 'red currant', 'heliotrope', 'hyacinth', 'ylang-ylang', 'hog plum', 'jasmine', 'rose', 'papaya', 'vanilla', 'musk', 'amber', 'princess tree or paulownia', 'allspice']"
17863,aquatic,"['watermelon', 'litchi', 'citruses', 'lotus', 'magnolia', 'freesia', 'creme brulee', 'iris', 'sandalwood']"
14469,oud,"['saffron', 'cinnamon', 'agarwood (oud)', 'rose', 'agarwood (oud)', 'amber', 'cedarwood']"
3903,coffee,"['black currant', 'bergamot', 'peach', 'coffee', 'amber', 'floral notes', 'woody notes', 'sweet notes', 'white musk']"
13109,tuberose,"['bergamot', 'violet leaves', 'mandarin orange', 'tuberose', 'rose', 'jasmine', 'ylang-ylang', 'neroli', 'orris', 'cedar', 'sandalwood']"
2243,ozonic,"['green mandarin', 'italian lemon', 'violet leaf', 'eucalyptus', 'bulgarian rose', 'musk', 'patchouli', 'madagascar vanilla', 'amber']"
2642,sweet,"['sour cherry', 'almond', 'red berries', 'bergamot', 'licorice', 'rose', 'tea', 'taif rose', 'vanilla', 'anise', 'tonka bean', 'patchouli', 'iris']"
21015,leather,"['brazilian orange', 'raspberry', 'sicilian lemon', 'rose', 'petitgrain paraguay', 'red thyme', 'honeysuckle', 'leather', 'guaiac wood', 'atlas cedar']"
18199,oud,"['jasmine', 'neroli', 'rose', 'cinnamon', 'peach', 'agarwood (oud)', 'sandalwood', 'leather', 'amber', 'musk']"
19533,woody,"['grapefruit', 'orange blossom', 'sage', 'nutmeg', 'orris root', 'pimento', 'vetiver', 'woodsy notes', 'oakmoss', 'amber']"
6271,citrus,"['lemon', 'bergamot', 'mint', 'orange peel', 'rhubarb', 'jasmine', 'oakmoss', 'musk', 'fennel', 'carnation', 'white amber', 'green tea', 'jasmine', 'oakmoss', 'musk', 'celery seeds', 'caraway', 'cloves', 'amber']"
14881,honey,"['fruity notes', 'lily', 'tuberose', 'jasmine', 'tincture of rose', 'white honey', 'vanille', 'patchouli', 'woodsy notes']"
9294,warm spicy,"['cloves', 'cumin', 'mandarin orange', 'cardamom', 'caraway', 'licorice', 'mango', 'ylang-ylang', 'heliotrope', 'gardenia', 'vanilla', 'amber', 'patchouli']"
15932,iris,"['galbanum', 'neroli', 'mandarin orange', 'iris', 'jasmine', 'vetiver', 'musk', 'tonka bean']"
15683,vanilla,"['rice', 'white tea', 'frangipani', 'cherry blossom', 'heliotrope', 'vanille', 'incense', 'musk', 'thanaka wood']"
2374,yellow floral,"['cascalone', 'violet leaf', 'orris', 'mimosa', 'pear', 'paradisone', 'heliotrope', 'ambroxan', 'ylang-ylang']"
6841,coconut,"['coconut nectar', 'bergamot', 'water fruit', 'freesia', 'sandalwood', 'tonka bean']"
16676,aldehydic,"['aldehydes', 'bulgarian rose', 'jasmine', 'amber', 'musk', 'vanilla']"
13807,vanilla,"['bergamot', 'orange', 'green notes', 'iris', 'patchouli', 'vetiver', 'rose', 'jasmine', 'vanille', 'caramel', 'tonka bean', 'musk']"
6506,salty,"['acai berry', 'sea salt', 'driftwood']"
5513,white floral,"['rhuburb', 'bergamot', 'datura', 'tuberose', 'tincture of rose', 'patchouli', 'sandalwood']"
10878,powdery,"['pink pepper', 'african orange flower', 'iris', 'lilac', 'hyacinth', 'heliotrope', 'wisteria', 'powdery notes', 'rice', 'musk']"
10232,tuberose,"['black currant', 'davana', 'tuberose', 'vanilla absolute', 'myrrh']"
12511,nutty,"['almond', 'walnut', 'butter', 'fruity notes', 'floral notes', 'woody notes']"
9224,tropical,"['mango', 'spices', 'mandarin orange', 'coconut', 'jasmine', 'rose', 'sandalwood', 'amber', 'musk', 'patchouli']"
2511,sweet,"['black currant', 'pear', 'iris', 'jasmine', 'orange blossom', 'praline', 'vanilla', 'patchouli', 'tonka bean']"
21190,aromatic,"['cardamom', 'lavender', 'virginia cedar', 'bergamot', 'vetiver', 'caraway']"
8997,warm spicy,"['cranberry', 'pink pepper', 'tamarind', 'cacao', 'rose', 'black violet', 'vanilla', 'patchouli', 'massoia wood']"
7570,tropical,"['passionfruit', 'mandarin orange', 'grapefruit', 'mango', 'hibiscus', 'jasmine', 'vanilla', 'tonka bean', 'sandalwood', 'cedar']"
8475,ozonic,"['bamboo', 'tea', 'watermelon', 'juniper berries', 'lotus', 'mint', 'black currant', 'rose', 'jasmine', 'musk']"
1869,iris,"['coriander', 'bergamot', 'iris', 'ambrette (musk mallow)', 'patchouli', 'tonka bean']"
2791,mossy,"['chrysanthemum', 'narcissus', 'violet leaf', 'labdanum', 'carnation', 'ambergris', 'patchouli', 'moss', 'leather', 'musk']"
18204,amber,"['lavender', 'myrrh', 'tonka bean', 'vanilla', 'almond']"
10294,almond,"['damask rose', 'sour cherry', 'almond milk', 'madagascar vanilla', 'woodsy notes']"
10906,violet,"['violet', 'bergamot', 'grapefruit', 'fig leaf', 'iris', 'vanilla', 'vetiver']"
15787,woody,"['black pepper', 'bay leaf', 'bergamot', 'rum', 'woody notes', 'cinnamon', 'clary sage', 'african geranium', 'incense', 'leather', 'benzoin', 'cedar', 'patchouli']"
16501,citrus,"['yuzu', 'lemon', 'bergamot', 'lemon verbena', 'mandarin orange', 'cypress', 'calone', 'coriander', 'tarragon', 'sage', 'blue lotus', 'nutmeg', 'lily-of-the-valley', 'bourbon geranium', 'saffron', 'ceylon cinnamon', 'mignonette', 'tahitian vetiver', 'musk', 'cedar', 'sandalwood', 'amber', 'tobacco']"
20286,cacao,"['bergamot', 'neroli', 'cacao', 'coconut', 'agarwood (oud)', 'musk']"
17029,almond,"['orange blossom', 'jasmine sambac', 'almond milk', 'heliotrope', 'iris', 'suede', 'leather', 'incense', 'patchouli']"
19051,vanilla,"['lavender', 'mandarin orange', 'bergamot', 'lavender', 'tunisian orange blossom', 'jasmine sambac', 'orchid', 'madagascar vanilla', 'tonka bean', 'ambergris', 'vetiver']"
11428,coconut,"['coconut nectar', 'sea notes', 'coconut milk', 'solar notes', 'floral notes', 'musk', 'vanilla']"
11818,mineral,"['mineral notes', 'pink pepper', 'lotus', 'syringa', 'hinoki wood', 'white amber']"
4721,violet,"['raspberry', 'red berries', 'bergamot', 'lemon', 'violet', 'rose', 'orange blossom', 'iris', 'tonka bean', 'resins', 'musk', 'sandalwood']"
15544,honey,"['tobacco blossom', 'ginger', 'bergamot', 'honey', 'vanilla orchid', 'mimosa', 'tonka bean', 'musk', 'papyrus']"
1842,fresh,"['melon', 'lotus', 'lemon', 'pineapple', 'quince', 'calone', 'lily', 'black currant', 'lotus', 'water lily', 'lily-of-the-valley', 'jasmine', 'honey', 'hawthorn', 'rose', 'musk', 'vetiver', 'violet root', 'raspberry', 'blackberry', 'peach', 'sandalwood', 'vanilla']"
6364,lactonic,"['apple', 'sage', 'milk', 'heliotrope', 'lily-of-the-valley', 'violet', 'jasmine', 'musk', 'benzoin', 'vetiver', 'cedar', 'amber']"
21843,soft spicy,"['star anise', 'black currant', 'sichuan pepper', 'galanga', 'bourbon vanilla', 'tolu balsam', 'atlas cedar']"
21536,honey,"['honey', 'agarwood', 'cinnamon', 'bourbon vanilla', 'amber', 'patchouli', 'leather']"
6668,patchouli,"['mandarin orange', 'pink pepper', 'jasmine', 'nutmeg', 'patchouli', 'vetiver']"
15770,mineral,"['galbanum', 'ginger', 'clary sage', 'rose petals', 'mimosa absolute', 'tuberose', 'lily-of-the-valley', 'heliotrope', 'jasmine', 'mineral notes', 'oakmoss', 'hinoki wood', 'musk']"
1038,cacao,"['turkish rose', 'cacao pod', 'tonka bean', 'madagascar vanilla', 'dark chocolate', 'agarwood (oud)', 'patchouli', 'sandalwood']"
7621,animalic,"['black pepper', 'coriander', 'leather', 'carrot seeds', 'jasmine', 'civetta', 'olibanum', 'musk']"
1971,marine,"['sicilian bergamot', 'pink pepper', 'exotic fruits', 'sea notes', 'ambergris', 'woodsy notes', 'indonesian patchouli leaf', 'leather']"
20441,smoky,"['incense', 'black pepper', 'olibanum', 'birch', 'licorice', 'leather', 'pepperwood or hercules club', 'cedar', 'vetiver']"
12487,cacao,"['black currant', 'rose', 'cacao', 'patchouli']"
11249,citrus,"['grapefruit', 'lemon', 'watery notes', 'white flowers', 'gardenia', 'green notes', 'sweet pea', 'musk', 'woody notes']"
14485,musky,"['jasmine', 'bulgarian rose', 'orange blossom', 'musk', 'coumarin', 'cedar', 'vetiver', 'patchouli']"
2624,woody,"['aldehydes', 'ylang-ylang', 'neroli', 'bergamot', 'peach', 'iris', 'jasmine', 'rose', 'lily-of-the-valley', 'sandalwood', 'vanilla', 'oakmoss', 'vetiver', 'patchouli']"
17517,sweet,"['vanilla orchid', 'jasmine', 'brown sugar', 'tonka bean', 'amber', 'amberwood', 'musk', 'patchouli']"
1329,animalic,"['coriander', 'geranium', 'pink pepper', 'jasmine', 'rose', 'violet', 'ylang-ylang', 'animal notes', 'leather', 'musk']"
2231,white floral,"['raspberry', 'neroli', 'amalfi lemon', 'jasmine', 'african orange flower', 'gardenia', 'white honey', 'patchouli', 'amber']"
2158,aldehydic,"['aldehydes', 'green leaves', 'raspberry', 'jasmine', 'lily-of-the-valley', 'rose', 'violet', 'orris root', 'geranium', 'musk', 'tonka bean', 'sandalwood', 'oakmoss', 'cedar', 'amber']"
1300,caramel,"['caramel', 'vanilla', 'patchouli']"
8705,amber,"['mandarin orange', 'bergamot', 'lily-of-the-valley', 'myrhh', 'jasmine', 'opoponax', 'amber', 'patchouli', 'vanille']"
11578,mineral,"['mineral notes', 'spicy notes', 'leather']"
16570,honey,"['apple', 'honeycomb', 'bergamot', 'honey', 'jasmine', 'mahonial', 'rose', 'tonka bean', 'heliotrope', 'musk', 'hawthorn']"
20243,cinnamon,"['cinnamon', 'pomelo', 'neroli', 'tobacco']"
6290,vanilla,"['saffron', 'thyme', 'mandarin orange', 'lily', 'ylang-ylang', 'orchid', 'vanilla', 'tonka bean', 'brazilian rosewood', 'oakmoss']"
19807,coconut,"['bergamot', 'coconut', 'tonka bean']"
9360,warm spicy,"['pepper', 'ginger', 'cardamom', 'coconut', 'gardenia', 'orange blossom', 'peony', 'sandalwood', 'musk', 'amber']"
21558,amber,"['bergamot', 'incense', 'jasmine', 'vanilla', 'benzoin', 'woodsy notes', 'ambroxan']"
7958,citrus,"['pink grapefruit', 'sicilian bergamot', 'red currant leaf', 'cactus', 'orchid', 'vanilla', 'red cedar', 'amber']"
6354,fruity,"['sicilian orange', 'calabrian bergamot', 'sicilian lemon', 'fruits', 'white musk', 'madagascar vanilla', 'amber']"
9575,tuberose,"['bergamot', 'indian tuberose', 'ambergris', 'vanilla']"
2819,tropical,"['mango', 'blackberry', 'black pepper', 'jasmine', 'orris', 'lotus', 'vanilla', 'icing pink', 'patchouli']"
10614,tropical,"['mango', 'coconut', 'passionfruit', 'jasmine', 'heliotrope', 'orange blossom', 'vanilla', 'cashmeran', 'musk']"
2676,fresh,"['calone', 'coconut', 'mint', 'lily-of-the-valley', 'snowdrops', 'iris', 'mate', 'galbanum', 'olibanum', 'white rose', 'musk', 'vanilla', 'oakmoss', 'ambrette (musk mallow)', 'cedar', 'synthetic civet', 'tonka bean']"
18967,tobacco,"['cinnamon', 'lavender', 'bergamot', 'leather', 'mimosa', 'tobacco leaf', 'guaiac wood', 'opoponax', 'oakmoss']"
15472,coffee,"['brandy', 'anise', 'cabreuva', 'coffee', 'orange blossom', 'jasmine', 'vanilla', 'patchouli', 'musk']"
5059,tropical,"['green leaves', 'guava', 'passionfruit', 'papaya', 'grapefruit', 'mango', 'mandarin orange', 'lily-of-the-valley', 'freesia', 'lily', 'marigold', 'neroli', 'jasmine', 'rose', 'oakmoss', 'vetiver', 'orris root', 'sandalwood']"
11327,leather,"['grapefruit', 'pepper', 'green notes', 'mint', 'birch', 'virginia cedar', 'leather', 'amber']"
18044,leather,"['artemisia', 'bergamot', 'patchouli', 'cardamom', 'coriander', 'immortelle', 'leather', 'french labdanum', 'elemi resin', 'birch', 'vanilla', 'virginia cedar']"
14734,fruity,"['strawberry', 'mandarin orange', 'rose', 'jasmine', 'patchouli', 'sandalwood', 'amber', 'oak moss', 'vetiver']"
10594,white floral,"['pear', 'bergamot', 'tuberose', 'orange blossom', 'jasmine sambac', 'patchouli', 'vanilla', 'ambroxan', 'vetiver']"
9318,citrus,"['grapefruit', 'orange', 'lemon', 'red currant', 'sugar cane', 'bulrush', 'lily-of-the-valley', 'tea rose', 'cinnamon', 'musk', 'cedar', 'thanaka wood']"
21521,earthy,"['galbanum', 'aldehydes', 'caraway', 'gardenia', 'bergamot', 'rose', 'carnation', 'iris', 'narcissus', 'jasmine', 'oakmoss', 'leather', 'vetiver', 'amber', 'patchouli', 'coconut']"
6882,citrus,"['amalfi lemon', 'lime', 'granny smith apple', 'praline', 'peony', 'datura', 'apple tree', 'musk', 'virginia cedar']"
14830,cherry,"['sour cherry', 'saffron', 'leather', 'olive', 'chinese osmanthus', 'apricot', 'smoke', 'woody notes', 'cypriol oil or nagarmotha']"
14731,oud,"['labdanum', 'rose', 'patchouli', 'saffron', 'agarwood (oud)', 'sandalwood', 'cedar']"
14843,tropical,"['tangerine', 'bitter orange', 'passionfruit', 'mango', 'peony', 'amber', 'orchid', 'vanilla']"
13212,iris,"['violet leaf', 'pink pepper', 'mandarin orange', 'iris', 'orris root', 'jasmine', 'suede', 'benzoin', 'musk', 'vetiver', 'virginia cedar']"
21254,tobacco,"['cinnamon', 'pepperwood\x99', 'tobacco leaf', 'incense', 'osmanthus', 'labdanum', 'vanilla', 'iso e super', 'cedar', 'musk', 'cypriol oil or nagarmotha', 'vetiver']"
681,marine,"['sea notes', 'sea salt', 'fennel', 'apple blossom', 'osmanthus', 'roasted coffee beans', 'sesame']"
8292,white floral,"['orange blossom', 'peach', 'plum', 'neroli', 'brazilian rosewood', 'mandarin orange', 'violet', 'tuberose', 'mimosa', 'gardenia', 'ylang-ylang', 'jasmine', 'black locust', 'carnation', 'red berries', 'black currant', 'rose', 'cassia', 'orchid', 'sandalwood', 'amber', 'woody notes', 'vanilla', 'musk', 'tonka bean', 'cedar']"
16492,vanilla,"['mandarin orange', 'tarragon', 'rosemary', 'basil', 'anise', 'neroli', 'geranium', 'lily-of-the-valley', 'vanilla', 'almond', 'tonka bean', 'benzoin', 'cedar']"
18177,aromatic,"['lavender', 'rosemary', 'neroli', 'petitgrain', 'geranium', 'clary sage', 'galbanum', 'jasmine', 'oakmoss', 'vetiver', 'cedar', 'sandalwood', 'amber']"
16183,oud,"['tangerine', 'sandalwood', 'starflower', 'white oud', 'amber', 'musk']"
17562,honey,"['honey', 'jasmine sambac', 'calabrian bergamot', 'agarwood (oud)', 'black tea', 'sandalwood', 'amber', 'musk', 'madagascar vanilla']"
20066,aldehydic,"['aldehydes', 'ylang-ylang', 'neroli', 'jasmine', 'rose', 'vanilla', 'sandalwood', 'vetiver']"
14098,citrus,"['lemon', 'mandarin orange', 'peach', 'passionfruit', 'bergamot', 'honeysuckle', 'jasmine', 'magnolia', 'freesia', 'water lily', 'orange blossom', 'peony', 'may rose', 'vanilla', 'sandalwood', 'amber', 'vetiver', 'patchouli']"
2794,floral,"['peony', 'citruses', 'mandarin orange', 'osmanthus', 'rose', 'sandalwood', 'pink pepper', 'patchouli']"
14794,oud,"['saffron', 'cardamom', 'jasmine', 'cashmeran', 'agarwood (oud)', 'amber']"
14087,aquatic,"['grapefruit', 'neroli', 'mandarin orange', 'petitgrain', 'water notes', 'seaweed', 'rosemary', 'virginia cedar', 'amber']"
4241,citrus,"['black currant', 'orange', 'mandarin orange', 'grapefruit', 'cassia', 'bergamot', 'rose', 'apricot', 'jasmine', 'lily', 'lily-of-the-valley', 'vanilla', 'tonka bean', 'musk', 'amber', 'virginia cedar']"
10972,almond,"['pink pepper', 'bergamot', 'indian mandarin', 'rose', 'heliotrope', 'almond']"
4438,violet,"['violet', 'sea notes', 'banana leaf', 'petitgrain', 'violet', 'magnolia', 'lily-of-the-valley', 'tuberose', 'pepper', 'incense', 'sandalwood', 'madagascar vanilla', 'myrrh']"
16776,mossy,"['oakmoss', 'water notes', 'water pepper', 'heather', 'violet', 'beech', 'blackberry', 'water notes', 'portulaca or pigweed']"
11646,lactonic,"['watermelon', 'melon', 'pepper', 'green leaves', 'bergamot', 'milk', 'raspberry', 'rose', 'freesia', 'vanilla', 'iris', 'musk', 'amber', 'sandalwood']"
9553,leather,"['saffron', 'juniper berries', 'chinese grapefruit', 'leather', 'black violet', 'raspberry', 'cashmeran', 'vetiver']"
13724,herbal,"['rose', 'neroli', 'jasmine', 'artemisia', 'caramel', 'vanilla']"
6848,aquatic,"['rain notes', 'lilac', 'watery notes', 'damask rose', 'ambrox super', 'dreamwood', 'virginia cedar']"
5027,fruity,"['blackberry', 'cranberry', 'vinyl', 'damask rose', 'violet', 'peony', 'musk', 'sandalwood', 'vetyver', 'patchouli']"
12194,sweet,"['raspberry', 'neroli', 'mandarin orange', 'orange blossom', 'jasmine', 'marshmallow', 'vanilla', 'sandalwood', 'heliotrope']"
12902,oud,"['agarwood (oud)', 'rose', 'olibanum', 'elemi resin', 'saffron', 'caraway', 'leather', 'labdanum']"
17022,green,"['fig leaf', 'fig', 'green notes', 'coconut', 'fig tree', 'woody notes', 'cedar']"
18208,violet,"['violet leaf', 'saffron', 'bergamot', 'violet', 'black pepper', 'pimento leaf', 'agarwood (oud)', 'musk', 'cistus incanus']"
14556,coffee,"['neroli', 'pink pepper', 'bergamot', 'coffee', 'rose', 'hazelnut', 'orange blossom', 'jasmine', 'vanilla', 'amberwood', 'ambroxan', 'musk']"
19497,aldehydic,"['aldehydes', 'jasmine', 'rose', 'iris', 'vanilla', 'woodsy notes']"
14773,fresh spicy,"['lemon leaf', 'bergamot', 'tamarind', 'elemi', 'white pepper', 'nutmeg', 'cardamom', 'violet', 'cedar', 'musk', 'oakmoss', 'amber']"
10231,patchouli,"['patchouli', 'white peach', 'patchouli', 'orris', 'indonesian patchouli leaf', 'white musk']"
2924,honey,"['apricot', 'kumquat', 'tangerine', 'honey', 'gardenia', 'narcissus', 'patchouli', 'sandalwood', 'musk']"
15647,floral,"['quince', 'grapefruit', 'hyacinth', 'jasmine', 'musk', 'iris', 'virginia cedar', 'amber']"
6622,cherry,"['maraschino cherry', 'coffee', 'musk', 'woody notes']"
9569,woody,"['mirabelle', 'bergamot', 'lemon', 'orange', 'freesia', 'peach', 'jasmine', 'rose', 'oakmoss', 'patchouli', 'amberwood', 'white musk', 'sandalwood']"
11869,white floral,"['casablanca lily', 'gardenia', 'jasmine', 'mandarin orange', 'incense', 'fruity notes', 'white pepper', 'tobacco', 'peach', 'rose', 'sandalwood', 'patchouli', 'amber', 'vanilla']"
19190,smoky,"['chrysanthemum', 'orris', 'elemi', 'rum', 'vetiver', 'rose', 'ash', 'leather', 'labdanum']"
4492,white floral,"['orange blossom', 'bergamot', 'tuberose', 'indian jasmine', 'madagascar vanilla', 'white musk', 'virginian cedar']"
12695,metallic,"['metallic notes', 'green leaves', 'grapefruit', 'pink rose', 'incense', 'ambergris', 'cashmere wood', 'sandalwood']"
13797,fruity,"['almond', 'black currant', 'artemisia', 'osmanthus', 'vanilla', 'magnolia', 'jasmine', 'white tobacco', 'papyrus', 'juniper', 'patchouli']"
21675,mossy,"['bergamot', 'jasmine', 'rose', 'citruses', 'peach', 'jasmine', 'rose', 'lilac', 'ylang-ylang', 'oakmoss', 'spices', 'cinnamon', 'vetiver', 'amber']"
14429,woody,"['lemon', 'cedar', 'citron', 'water hyacinth', 'pink pepper', 'jasmine', 'white musk', 'patchouli', 'vetiver', 'teak wood', 'iris', 'amber']"
3396,coffee,"['angelica', 'pink pepper', 'passionfruit', 'violet leaf', 'bergamot', 'coffee', 'vanilla', 'jasmine', 'cappuccino', 'iris petals', 'cashmere wood', 'sandalwood']"
14936,oud,"['tangerine', 'artemisia', 'rose', 'olibanum', 'narcissus', 'pitosporum', 'agarwood (oud)', 'sweet notes', 'patchouli', 'vanilla']"
15694,vanilla,"['bitter orange', 'bergamot', 'cinnamon', 'immortelle', 'musk', 'vanilla', 'tonka bean', 'sandalwood']"
2648,oud,"['raspberry', 'bergamot', 'agarwood (oud)', 'ambroxan', 'musk']"
4159,sweet,"['raspberry', 'orange', 'bergamot', 'fig leaf', 'cotton candy', 'licorice', 'strawberry', 'red berries', 'lily-of-the-valley', 'caramel', 'vanilla', 'musk', 'tonka bean', 'sandalwood']"
7609,cinnamon,"['bergamot', 'lavender', 'cinnamon', 'leather', 'mimosa', 'guaiac wood', 'tobacco', 'opoponax', 'oakmoss']"
1262,violet,"['blackberry', 'violet leaf', 'freesia', 'violet', 'orchid', 'brazilian rosewood', 'cashmeran', 'orris root', 'amber']"
11815,sweet,"['lavender', 'cinnamon', 'pineapple', 'juniper berries', 'mint', 'bergamot', 'rosemary', 'cardamom', 'coriander', 'orange blossom', 'violet', 'geranium', 'jasmine', 'raspberry', 'vanilla', 'sandalwood', 'dark chocolate', 'musk', 'amber', 'patchouli', 'vetiver', 'oakmoss']"
5773,marine,"['grass', 'grapefruit', 'black currant', 'sea notes', 'sea salt', 'orange blossom', 'driftwood', 'white musk', 'seaweed']"
14781,soft spicy,"['anise', 'cherry', 'violet', 'orris root', 'licorice', 'white musk', 'tonka bean']"
11458,mossy,"['bergamot', 'cedarmoss', 'patchouli']"
10591,animalic,"['jasmine', 'camelia', 'black pepper', 'beeswax', 'leather', 'guaiac wood', 'civet', 'ambergris', 'vetiver']"
18849,marine,"['sea water', 'bergamot', 'rose', 'hibiscus', 'rose', 'lily', 'mango', 'musk', 'amber']"
20327,oud,"['citruses', 'agarwood (oud)', 'coriander', 'amyris', 'leather', 'musk']"
2450,yellow floral,"['lemon', 'bergamot', 'neroli', 'lime (linden) blossom', 'pear', 'ylang-ylang', 'musk', 'sandalwood']"
8975,tuberose,"['cinnamon', 'tuberose', 'osmanthus', 'vanilla', 'musk']"
19968,earthy,"['saffron', 'black rose', 'truffle', 'floral notes', 'patchouli', 'vanilla', 'agarwood (oud)', 'oakmoss']"
15019,almond,"['amaretto', 'bitter almond', 'gardenia', 'neroli', 'cedar', 'iris', 'musk', 'jasmine', 'rose', 'vetiver', 'patchouli', 'benzoin', 'amber', 'cedar', 'dark chocolate', 'caramel']"
2363,fresh spicy,"['nutmeg', 'plum', 'mace', 'rose', 'tuberose', 'jasmine', 'orchid', 'ylang-ylang', 'orange blossom', 'sandalwood', 'amber', 'vanilla', 'cashmere wood', 'cedar', 'wormwood', 'orris']"
14116,leather,"['aldehydes', 'amalfi lemon', 'birch', 'pine tree', 'cypress', 'pepper', 'geranium', 'galbanum', 'suede', 'vanilla', 'iris', 'tonka bean', 'musk', 'vetiver', 'styrax', 'ambergris']"
2365,cherry,"['cherry', 'pink pepper', 'bergamot', 'violet', 'freesia', 'jasmine', 'tonka bean', 'vanilla', 'amber', 'sandalwood']"
15123,floral,"['almond blossom', 'clementine', 'cyclamen', 'jasmine', 'peony', 'amaryllis', 'vanilla', 'amber', 'benzoin', 'white musk']"
4472,floral,"['magnolia', 'pear', 'lotus', 'jasmine', 'tuberose', 'cyclamen', 'musk', 'vanilla', 'white woods', 'sandalwood']"
6825,citrus,"['sicilian lemon', 'apple', 'cedar', 'bellflower', 'bamboo', 'jasmine', 'white rose', 'cedar', 'musk', 'amber']"
15343,honey,"['citruses', 'artemisia', 'honey', 'musk', 'guaiac wood']"
14479,warm spicy,"['cinnamon', 'agarwood (oud)', 'incense', 'saffron', 'nutmeg', 'green apple', 'white pear', 'patchouli', 'jasmine', 'tobacco', 'madagascar vanilla', 'amber', 'sandalwood', 'guaiac wood', 'white musk', 'haitian vetiver']"
13892,lactonic,"['rice', 'anise', 'bourbon pepper', 'coffee', 'orange blossom', 'coriander', 'peony', 'vanilla', 'milk', 'caramel', 'sandalwood', 'white musk']"
13820,mineral,"['mango', 'saffron', 'lemon', 'pink pepper', 'violet leaf', 'ginger', 'osmanthus', 'orange blossom', 'mineral notes', 'suede', 'patchouli', 'amber']"
10376,green,"['green leaves', 'apple', 'lotus', 'mimosa', 'musk', 'cedar', 'oakmoss', 'amber']"
9580,vanilla,"['bitter orange', 'lemon', 'damask rose', 'grasse rose', 'orange blossom', 'vanilla', 'almond', 'tonka bean', 'tolu balsam', 'sandalwood', 'cashmeran', 'heliotrope']"
19677,fresh spicy,"['bergamot', 'pepper', 'lavender', 'metallic notes', 'watery notes', 'coal', 'soil tincture', 'ambroxan', 'patchouli']"
9866,smoky,"['earl grey tea', 'gunpowder', 'rooibos tea', 'hinoki wood', 'ambroxan', 'leather', 'guaiac wood']"
3466,cacao,"['pink pepper', 'lavender', 'cacao']"
15916,smoky,"['galbanum', 'birch', 'chamomile', 'angelica', 'mastic or lentisque', 'incense', 'musk', 'osmanthus', 'magnolia', 'leather', 'guaiac wood', 'oud', 'ambergris', 'vetiver', 'patchouli', 'oakmoss']"
17750,warm spicy,"['lavender', 'tangerine', 'bergamot', 'cinnamon', 'cloves', 'musk', 'vanilla', 'tonka bean', 'amber', 'sandalwood', 'guaiac wood', 'cedar']"
12222,aromatic,"['lavender', 'mint', 'cardamom', 'bergamot', 'artemisia', 'cinnamon', 'orange blossom', 'caraway', 'vanilla', 'tonka bean', 'amber', 'sandalwood', 'cedar']"
8545,herbal,"['orange', 'jasmine', 'artemisia']"
738,aquatic,"['water notes', 'rosemary', 'cardamom', 'sequoia', 'musk', 'patchouli']"
17321,leather,"['fruity notes', 'saffron', 'mate', 'thyme', 'cypress', 'green notes', 'rose', 'orris', 'jasmine', 'leather', 'amber', 'vetiver', 'musk', 'virginia cedar', 'vanille']"
10611,fruity,"['raspberry', 'rose', 'cassis', 'pink pepper', 'peony', 'jasmine', 'vanille', 'musk', 'virginia cedar']"
8912,coca-cola,"['coca-cola', 'grapefruit', 'cassis', 'rose', 'jasmine', 'lily-of-the-valley', 'vanilla', 'musk', 'cedar']"
18590,marine,"['sea salt', 'fruity notes', 'sicilian lemon', 'bergamot', 'iris', 'mandarin orange', 'sea notes', 'musk', 'woody notes']"
20140,balsamic,"['cloves', 'pink pepper', 'orange blossom', 'chestnut', 'guaiac wood', 'juniper', 'vanilla', 'peru balsam', 'cashmeran']"
19495,powdery,"['anise', 'neroli', 'coriander', 'bergamot', 'lemon', 'heliotrope', 'carnation', 'violet', 'cloves', 'neroli', 'ylang-ylang', 'bulgarian rose', 'jasmine', 'orchid', 'tuberose', 'iris', 'vanilla', 'benzoin', 'sandalwood', 'tonka bean', 'musk', 'vetiver']"
15429,almond,"['heliotrope', 'cumin', 'bergamot', 'bitter almond', 'lavender', 'jasmine', 'vanilla', 'sandalwood', 'amber']"
17786,tobacco,"['pink pepper', 'neroli', 'lemon', 'rum', 'java vetiver oil', 'clary sage', 'tobacco leaf', 'vanilla bean', 'styrax']"
8749,anis,"['star anise', 'pomelo', 'black pepper', 'geranium', 'iris', 'incense', 'patchouli', 'haitian vetiver', 'benzoin']"
20198,aromatic,"['mandarin orange', 'mint', 'cypress', 'sage', 'pepper', 'tonka bean', 'musk', 'sandalwood', 'cedar']"
4108,floral,"['yuzu', 'pomegranate', 'ice', 'peony', 'lotus', 'magnolia', 'musk', 'mahogany', 'amber']"
13486,yellow floral,"['mimosa', 'bergamot', 'mimosa', 'lily', 'hiacynth', 'narcissus', 'benzoin', 'jasmine']"
5989,lavender,"['amalfi lemon', 'chamomile', 'mint', 'mandarin orange', 'lavender', 'tea', 'magnolia', 'musk', 'ambrette (musk mallow)', 'birch']"
8611,aromatic,"['amalfi lemon', 'mint', 'water jasmine', 'virginia cedar', 'brown sugar', 'french labdanum']"
